kind,round,arm,phase,case,trial,latency_us,commit_us,rows_per_tx,tps,durable_check
accepted,1,baseline,measured,1,1,3222.0,,1,1345.514727,state_verified
accepted,1,baseline,measured,1,2,988.0,,1,1345.514727,state_verified
accepted,1,baseline,measured,1,3,1140.0,,1,1345.514727,state_verified
accepted,1,baseline,measured,1,4,885.0,,1,1345.514727,state_verified
accepted,1,baseline,measured,1,5,816.0,,1,1345.514727,state_verified
accepted,1,baseline,measured,1,6,686.0,,1,1345.514727,state_verified
accepted,1,baseline,measured,1,7,629.0,,1,1345.514727,state_verified
accepted,1,baseline,measured,1,8,634.0,,1,1345.514727,state_verified
accepted,1,baseline,measured,1,9,635.0,,1,1345.514727,state_verified
accepted,1,baseline,measured,1,10,623.0,,1,1345.514727,state_verified
accepted,1,baseline,measured,1,11,758.0,,1,1345.514727,state_verified
accepted,1,baseline,measured,1,12,748.0,,1,1345.514727,state_verified
accepted,1,baseline,measured,1,13,612.0,,1,1345.514727,state_verified
accepted,1,baseline,measured,1,14,610.0,,1,1345.514727,state_verified
accepted,1,baseline,measured,1,15,728.0,,1,1345.514727,state_verified
accepted,1,baseline,measured,1,16,939.0,,1,1345.514727,state_verified
accepted,1,baseline,measured,1,17,832.0,,1,1345.514727,state_verified
accepted,1,baseline,measured,1,18,785.0,,1,1345.514727,state_verified
accepted,1,baseline,measured,1,19,812.0,,1,1345.514727,state_verified
accepted,1,baseline,measured,1,20,905.0,,1,1345.514727,state_verified
accepted,1,baseline,measured,1,21,864.0,,1,1345.514727,state_verified
accepted,1,baseline,measured,1,22,816.0,,1,1345.514727,state_verified
accepted,1,baseline,measured,1,23,741.0,,1,1345.514727,state_verified
accepted,1,baseline,measured,1,24,711.0,,1,1345.514727,state_verified
accepted,1,baseline,measured,1,25,665.0,,1,1345.514727,state_verified
accepted,1,baseline,measured,1,26,696.0,,1,1345.514727,state_verified
accepted,1,baseline,measured,1,27,716.0,,1,1345.514727,state_verified
accepted,1,baseline,measured,1,28,637.0,,1,1345.514727,state_verified
accepted,1,baseline,measured,1,29,651.0,,1,1345.514727,state_verified
accepted,1,baseline,measured,1,30,634.0,,1,1345.514727,state_verified
accepted,1,baseline,measured,1,31,618.0,,1,1345.514727,state_verified
accepted,1,baseline,measured,1,32,935.0,,1,1345.514727,state_verified
accepted,1,baseline,measured,1,33,958.0,,1,1345.514727,state_verified
accepted,1,baseline,measured,1,34,926.0,,1,1345.514727,state_verified
accepted,1,baseline,measured,1,35,959.0,,1,1345.514727,state_verified
accepted,1,baseline,measured,1,36,679.0,,1,1345.514727,state_verified
accepted,1,baseline,measured,1,37,687.0,,1,1345.514727,state_verified
accepted,1,baseline,measured,1,38,768.0,,1,1345.514727,state_verified
accepted,1,baseline,measured,1,39,702.0,,1,1345.514727,state_verified
accepted,1,baseline,measured,1,40,703.0,,1,1345.514727,state_verified
accepted,1,baseline,measured,1,41,788.0,,1,1345.514727,state_verified
accepted,1,baseline,measured,1,42,734.0,,1,1345.514727,state_verified
accepted,1,baseline,measured,1,43,770.0,,1,1345.514727,state_verified
accepted,1,baseline,measured,1,44,696.0,,1,1345.514727,state_verified
accepted,1,baseline,measured,1,45,616.0,,1,1345.514727,state_verified
accepted,1,baseline,measured,1,46,708.0,,1,1345.514727,state_verified
accepted,1,baseline,measured,1,47,763.0,,1,1345.514727,state_verified
accepted,1,baseline,measured,1,48,677.0,,1,1345.514727,state_verified
accepted,1,baseline,measured,1,49,651.0,,1,1345.514727,state_verified
accepted,1,baseline,measured,1,50,639.0,,1,1345.514727,state_verified
accepted,1,baseline,measured,1,51,611.0,,1,1345.514727,state_verified
accepted,1,baseline,measured,1,52,634.0,,1,1345.514727,state_verified
accepted,1,baseline,measured,1,53,642.0,,1,1345.514727,state_verified
accepted,1,baseline,measured,1,54,639.0,,1,1345.514727,state_verified
accepted,1,baseline,measured,1,55,669.0,,1,1345.514727,state_verified
accepted,1,baseline,measured,1,56,596.0,,1,1345.514727,state_verified
accepted,1,baseline,measured,1,57,657.0,,1,1345.514727,state_verified
accepted,1,baseline,measured,1,58,656.0,,1,1345.514727,state_verified
accepted,1,baseline,measured,1,59,800.0,,1,1345.514727,state_verified
accepted,1,baseline,measured,1,60,621.0,,1,1345.514727,state_verified
accepted,1,baseline,measured,1,61,672.0,,1,1345.514727,state_verified
accepted,1,baseline,measured,1,62,708.0,,1,1345.514727,state_verified
accepted,1,baseline,measured,1,63,640.0,,1,1345.514727,state_verified
accepted,1,baseline,measured,1,64,621.0,,1,1345.514727,state_verified
accepted,1,baseline,measured,1,65,624.0,,1,1345.514727,state_verified
accepted,1,baseline,measured,1,66,621.0,,1,1345.514727,state_verified
accepted,1,baseline,measured,1,67,635.0,,1,1345.514727,state_verified
accepted,1,baseline,measured,1,68,622.0,,1,1345.514727,state_verified
accepted,1,baseline,measured,1,69,621.0,,1,1345.514727,state_verified
accepted,1,baseline,measured,1,70,613.0,,1,1345.514727,state_verified
accepted,1,baseline,measured,1,71,634.0,,1,1345.514727,state_verified
accepted,1,baseline,measured,1,72,681.0,,1,1345.514727,state_verified
accepted,1,baseline,measured,1,73,771.0,,1,1345.514727,state_verified
accepted,1,baseline,measured,1,74,676.0,,1,1345.514727,state_verified
accepted,1,baseline,measured,1,75,662.0,,1,1345.514727,state_verified
accepted,1,baseline,measured,1,76,722.0,,1,1345.514727,state_verified
accepted,1,baseline,measured,1,77,682.0,,1,1345.514727,state_verified
accepted,1,baseline,measured,1,78,646.0,,1,1345.514727,state_verified
accepted,1,baseline,measured,1,79,677.0,,1,1345.514727,state_verified
accepted,1,baseline,measured,1,80,633.0,,1,1345.514727,state_verified
accepted,1,baseline,measured,1,81,626.0,,1,1345.514727,state_verified
accepted,1,baseline,measured,1,82,682.0,,1,1345.514727,state_verified
accepted,1,baseline,measured,1,83,639.0,,1,1345.514727,state_verified
accepted,1,baseline,measured,1,84,600.0,,1,1345.514727,state_verified
accepted,1,baseline,measured,1,85,903.0,,1,1345.514727,state_verified
accepted,1,baseline,measured,1,86,687.0,,1,1345.514727,state_verified
accepted,1,baseline,measured,1,87,723.0,,1,1345.514727,state_verified
accepted,1,baseline,measured,1,88,629.0,,1,1345.514727,state_verified
accepted,1,baseline,measured,1,89,592.0,,1,1345.514727,state_verified
accepted,1,baseline,measured,1,90,665.0,,1,1345.514727,state_verified
accepted,1,baseline,measured,1,91,623.0,,1,1345.514727,state_verified
accepted,1,baseline,measured,1,92,616.0,,1,1345.514727,state_verified
accepted,1,baseline,measured,1,93,607.0,,1,1345.514727,state_verified
accepted,1,baseline,measured,1,94,619.0,,1,1345.514727,state_verified
accepted,1,baseline,measured,1,95,603.0,,1,1345.514727,state_verified
accepted,1,baseline,measured,1,96,961.0,,1,1345.514727,state_verified
accepted,1,baseline,measured,1,97,964.0,,1,1345.514727,state_verified
accepted,1,baseline,measured,1,98,947.0,,1,1345.514727,state_verified
accepted,1,baseline,measured,1,99,975.0,,1,1345.514727,state_verified
accepted,1,baseline,measured,1,100,721.0,,1,1345.514727,state_verified
accepted,1,baseline,measured,1,101,651.0,,1,1345.514727,state_verified
accepted,1,baseline,measured,1,102,653.0,,1,1345.514727,state_verified
accepted,1,baseline,measured,1,103,701.0,,1,1345.514727,state_verified
accepted,1,baseline,measured,1,104,696.0,,1,1345.514727,state_verified
accepted,1,baseline,measured,1,105,636.0,,1,1345.514727,state_verified
accepted,1,baseline,measured,1,106,614.0,,1,1345.514727,state_verified
accepted,1,baseline,measured,1,107,612.0,,1,1345.514727,state_verified
accepted,1,baseline,measured,1,108,618.0,,1,1345.514727,state_verified
accepted,1,baseline,measured,1,109,636.0,,1,1345.514727,state_verified
accepted,1,baseline,measured,1,110,650.0,,1,1345.514727,state_verified
accepted,1,baseline,measured,1,111,677.0,,1,1345.514727,state_verified
accepted,1,baseline,measured,1,112,740.0,,1,1345.514727,state_verified
accepted,1,baseline,measured,1,113,655.0,,1,1345.514727,state_verified
accepted,1,baseline,measured,1,114,644.0,,1,1345.514727,state_verified
accepted,1,baseline,measured,1,115,643.0,,1,1345.514727,state_verified
accepted,1,baseline,measured,1,116,627.0,,1,1345.514727,state_verified
accepted,1,baseline,measured,1,117,651.0,,1,1345.514727,state_verified
accepted,1,baseline,measured,1,118,621.0,,1,1345.514727,state_verified
accepted,1,baseline,measured,1,119,607.0,,1,1345.514727,state_verified
accepted,1,baseline,measured,1,120,692.0,,1,1345.514727,state_verified
accepted,1,baseline,measured,1,121,683.0,,1,1345.514727,state_verified
accepted,1,baseline,measured,1,122,752.0,,1,1345.514727,state_verified
accepted,1,baseline,measured,1,123,650.0,,1,1345.514727,state_verified
accepted,1,baseline,measured,1,124,767.0,,1,1345.514727,state_verified
accepted,1,baseline,measured,1,125,955.0,,1,1345.514727,state_verified
accepted,1,baseline,measured,1,126,736.0,,1,1345.514727,state_verified
accepted,1,baseline,measured,1,127,718.0,,1,1345.514727,state_verified
accepted,1,baseline,measured,1,128,746.0,,1,1345.514727,state_verified
accepted,1,baseline,measured,1,129,665.0,,1,1345.514727,state_verified
accepted,1,baseline,measured,1,130,630.0,,1,1345.514727,state_verified
accepted,1,baseline,measured,1,131,625.0,,1,1345.514727,state_verified
accepted,1,baseline,measured,1,132,649.0,,1,1345.514727,state_verified
accepted,1,baseline,measured,1,133,700.0,,1,1345.514727,state_verified
accepted,1,baseline,measured,1,134,662.0,,1,1345.514727,state_verified
accepted,1,baseline,measured,1,135,672.0,,1,1345.514727,state_verified
accepted,1,baseline,measured,1,136,585.0,,1,1345.514727,state_verified
accepted,1,baseline,measured,1,137,605.0,,1,1345.514727,state_verified
accepted,1,baseline,measured,1,138,614.0,,1,1345.514727,state_verified
accepted,1,baseline,measured,1,139,617.0,,1,1345.514727,state_verified
accepted,1,baseline,measured,1,140,624.0,,1,1345.514727,state_verified
accepted,1,baseline,measured,1,141,579.0,,1,1345.514727,state_verified
accepted,1,baseline,measured,1,142,626.0,,1,1345.514727,state_verified
accepted,1,baseline,measured,1,143,716.0,,1,1345.514727,state_verified
accepted,1,baseline,measured,1,144,699.0,,1,1345.514727,state_verified
accepted,1,baseline,measured,1,145,739.0,,1,1345.514727,state_verified
accepted,1,baseline,measured,1,146,782.0,,1,1345.514727,state_verified
accepted,1,baseline,measured,1,147,797.0,,1,1345.514727,state_verified
accepted,1,baseline,measured,1,148,755.0,,1,1345.514727,state_verified
accepted,1,baseline,measured,1,149,753.0,,1,1345.514727,state_verified
accepted,1,baseline,measured,1,150,676.0,,1,1345.514727,state_verified
accepted,1,baseline,measured,1,151,644.0,,1,1345.514727,state_verified
accepted,1,baseline,measured,1,152,625.0,,1,1345.514727,state_verified
accepted,1,baseline,measured,1,153,630.0,,1,1345.514727,state_verified
accepted,1,baseline,measured,1,154,630.0,,1,1345.514727,state_verified
accepted,1,baseline,measured,1,155,615.0,,1,1345.514727,state_verified
accepted,1,baseline,measured,1,156,594.0,,1,1345.514727,state_verified
accepted,1,baseline,measured,1,157,628.0,,1,1345.514727,state_verified
accepted,1,baseline,measured,1,158,676.0,,1,1345.514727,state_verified
accepted,1,baseline,measured,1,159,675.0,,1,1345.514727,state_verified
accepted,1,baseline,measured,1,160,959.0,,1,1345.514727,state_verified
accepted,1,baseline,measured,1,161,938.0,,1,1345.514727,state_verified
accepted,1,baseline,measured,1,162,931.0,,1,1345.514727,state_verified
accepted,1,baseline,measured,1,163,944.0,,1,1345.514727,state_verified
accepted,1,baseline,measured,1,164,620.0,,1,1345.514727,state_verified
accepted,1,baseline,measured,1,165,697.0,,1,1345.514727,state_verified
accepted,1,baseline,measured,1,166,749.0,,1,1345.514727,state_verified
accepted,1,baseline,measured,1,167,655.0,,1,1345.514727,state_verified
accepted,1,baseline,measured,1,168,614.0,,1,1345.514727,state_verified
accepted,1,baseline,measured,1,169,755.0,,1,1345.514727,state_verified
accepted,1,baseline,measured,1,170,749.0,,1,1345.514727,state_verified
accepted,1,baseline,measured,1,171,750.0,,1,1345.514727,state_verified
accepted,1,baseline,measured,1,172,752.0,,1,1345.514727,state_verified
accepted,1,baseline,measured,1,173,666.0,,1,1345.514727,state_verified
accepted,1,baseline,measured,1,174,682.0,,1,1345.514727,state_verified
accepted,1,baseline,measured,1,175,814.0,,1,1345.514727,state_verified
accepted,1,baseline,measured,1,176,759.0,,1,1345.514727,state_verified
accepted,1,baseline,measured,1,177,675.0,,1,1345.514727,state_verified
accepted,1,baseline,measured,1,178,632.0,,1,1345.514727,state_verified
accepted,1,baseline,measured,1,179,627.0,,1,1345.514727,state_verified
accepted,1,baseline,measured,1,180,663.0,,1,1345.514727,state_verified
accepted,1,baseline,measured,1,181,646.0,,1,1345.514727,state_verified
accepted,1,baseline,measured,1,182,697.0,,1,1345.514727,state_verified
accepted,1,baseline,measured,1,183,638.0,,1,1345.514727,state_verified
accepted,1,baseline,measured,1,184,627.0,,1,1345.514727,state_verified
accepted,1,baseline,measured,1,185,649.0,,1,1345.514727,state_verified
accepted,1,baseline,measured,1,186,1068.0,,1,1345.514727,state_verified
accepted,1,baseline,measured,1,187,1158.0,,1,1345.514727,state_verified
accepted,1,baseline,measured,1,188,851.0,,1,1345.514727,state_verified
accepted,1,baseline,measured,1,189,786.0,,1,1345.514727,state_verified
accepted,1,baseline,measured,1,190,749.0,,1,1345.514727,state_verified
accepted,1,baseline,measured,1,191,703.0,,1,1345.514727,state_verified
accepted,1,baseline,measured,1,192,648.0,,1,1345.514727,state_verified
accepted,1,baseline,measured,1,193,1139.0,,1,1345.514727,state_verified
accepted,1,baseline,measured,1,194,1794.0,,1,1345.514727,state_verified
accepted,1,baseline,measured,1,195,1690.0,,1,1345.514727,state_verified
accepted,1,baseline,measured,1,196,775.0,,1,1345.514727,state_verified
accepted,1,baseline,measured,1,197,712.0,,1,1345.514727,state_verified
accepted,1,baseline,measured,1,198,642.0,,1,1345.514727,state_verified
accepted,1,baseline,measured,1,199,752.0,,1,1345.514727,state_verified
accepted,1,baseline,measured,1,200,821.0,,1,1345.514727,state_verified
accepted,1,protected,measured,1,1,3348.0,,1,1422.090758,state_verified
accepted,1,protected,measured,1,2,1513.0,,1,1422.090758,state_verified
accepted,1,protected,measured,1,3,1153.0,,1,1422.090758,state_verified
accepted,1,protected,measured,1,4,1164.0,,1,1422.090758,state_verified
accepted,1,protected,measured,1,5,879.0,,1,1422.090758,state_verified
accepted,1,protected,measured,1,6,786.0,,1,1422.090758,state_verified
accepted,1,protected,measured,1,7,751.0,,1,1422.090758,state_verified
accepted,1,protected,measured,1,8,734.0,,1,1422.090758,state_verified
accepted,1,protected,measured,1,9,805.0,,1,1422.090758,state_verified
accepted,1,protected,measured,1,10,706.0,,1,1422.090758,state_verified
accepted,1,protected,measured,1,11,633.0,,1,1422.090758,state_verified
accepted,1,protected,measured,1,12,644.0,,1,1422.090758,state_verified
accepted,1,protected,measured,1,13,544.0,,1,1422.090758,state_verified
accepted,1,protected,measured,1,14,572.0,,1,1422.090758,state_verified
accepted,1,protected,measured,1,15,630.0,,1,1422.090758,state_verified
accepted,1,protected,measured,1,16,557.0,,1,1422.090758,state_verified
accepted,1,protected,measured,1,17,561.0,,1,1422.090758,state_verified
accepted,1,protected,measured,1,18,546.0,,1,1422.090758,state_verified
accepted,1,protected,measured,1,19,548.0,,1,1422.090758,state_verified
accepted,1,protected,measured,1,20,560.0,,1,1422.090758,state_verified
accepted,1,protected,measured,1,21,527.0,,1,1422.090758,state_verified
accepted,1,protected,measured,1,22,517.0,,1,1422.090758,state_verified
accepted,1,protected,measured,1,23,556.0,,1,1422.090758,state_verified
accepted,1,protected,measured,1,24,545.0,,1,1422.090758,state_verified
accepted,1,protected,measured,1,25,552.0,,1,1422.090758,state_verified
accepted,1,protected,measured,1,26,757.0,,1,1422.090758,state_verified
accepted,1,protected,measured,1,27,583.0,,1,1422.090758,state_verified
accepted,1,protected,measured,1,28,691.0,,1,1422.090758,state_verified
accepted,1,protected,measured,1,29,809.0,,1,1422.090758,state_verified
accepted,1,protected,measured,1,30,813.0,,1,1422.090758,state_verified
accepted,1,protected,measured,1,31,807.0,,1,1422.090758,state_verified
accepted,1,protected,measured,1,32,875.0,,1,1422.090758,state_verified
accepted,1,protected,measured,1,33,926.0,,1,1422.090758,state_verified
accepted,1,protected,measured,1,34,782.0,,1,1422.090758,state_verified
accepted,1,protected,measured,1,35,775.0,,1,1422.090758,state_verified
accepted,1,protected,measured,1,36,671.0,,1,1422.090758,state_verified
accepted,1,protected,measured,1,37,613.0,,1,1422.090758,state_verified
accepted,1,protected,measured,1,38,623.0,,1,1422.090758,state_verified
accepted,1,protected,measured,1,39,607.0,,1,1422.090758,state_verified
accepted,1,protected,measured,1,40,631.0,,1,1422.090758,state_verified
accepted,1,protected,measured,1,41,634.0,,1,1422.090758,state_verified
accepted,1,protected,measured,1,42,622.0,,1,1422.090758,state_verified
accepted,1,protected,measured,1,43,644.0,,1,1422.090758,state_verified
accepted,1,protected,measured,1,44,655.0,,1,1422.090758,state_verified
accepted,1,protected,measured,1,45,633.0,,1,1422.090758,state_verified
accepted,1,protected,measured,1,46,624.0,,1,1422.090758,state_verified
accepted,1,protected,measured,1,47,649.0,,1,1422.090758,state_verified
accepted,1,protected,measured,1,48,628.0,,1,1422.090758,state_verified
accepted,1,protected,measured,1,49,659.0,,1,1422.090758,state_verified
accepted,1,protected,measured,1,50,619.0,,1,1422.090758,state_verified
accepted,1,protected,measured,1,51,691.0,,1,1422.090758,state_verified
accepted,1,protected,measured,1,52,762.0,,1,1422.090758,state_verified
accepted,1,protected,measured,1,53,818.0,,1,1422.090758,state_verified
accepted,1,protected,measured,1,54,636.0,,1,1422.090758,state_verified
accepted,1,protected,measured,1,55,795.0,,1,1422.090758,state_verified
accepted,1,protected,measured,1,56,742.0,,1,1422.090758,state_verified
accepted,1,protected,measured,1,57,777.0,,1,1422.090758,state_verified
accepted,1,protected,measured,1,58,713.0,,1,1422.090758,state_verified
accepted,1,protected,measured,1,59,606.0,,1,1422.090758,state_verified
accepted,1,protected,measured,1,60,636.0,,1,1422.090758,state_verified
accepted,1,protected,measured,1,61,636.0,,1,1422.090758,state_verified
accepted,1,protected,measured,1,62,703.0,,1,1422.090758,state_verified
accepted,1,protected,measured,1,63,764.0,,1,1422.090758,state_verified
accepted,1,protected,measured,1,64,776.0,,1,1422.090758,state_verified
accepted,1,protected,measured,1,65,960.0,,1,1422.090758,state_verified
accepted,1,protected,measured,1,66,925.0,,1,1422.090758,state_verified
accepted,1,protected,measured,1,67,953.0,,1,1422.090758,state_verified
accepted,1,protected,measured,1,68,925.0,,1,1422.090758,state_verified
accepted,1,protected,measured,1,69,642.0,,1,1422.090758,state_verified
accepted,1,protected,measured,1,70,627.0,,1,1422.090758,state_verified
accepted,1,protected,measured,1,71,630.0,,1,1422.090758,state_verified
accepted,1,protected,measured,1,72,682.0,,1,1422.090758,state_verified
accepted,1,protected,measured,1,73,627.0,,1,1422.090758,state_verified
accepted,1,protected,measured,1,74,710.0,,1,1422.090758,state_verified
accepted,1,protected,measured,1,75,595.0,,1,1422.090758,state_verified
accepted,1,protected,measured,1,76,593.0,,1,1422.090758,state_verified
accepted,1,protected,measured,1,77,623.0,,1,1422.090758,state_verified
accepted,1,protected,measured,1,78,689.0,,1,1422.090758,state_verified
accepted,1,protected,measured,1,79,624.0,,1,1422.090758,state_verified
accepted,1,protected,measured,1,80,623.0,,1,1422.090758,state_verified
accepted,1,protected,measured,1,81,631.0,,1,1422.090758,state_verified
accepted,1,protected,measured,1,82,693.0,,1,1422.090758,state_verified
accepted,1,protected,measured,1,83,654.0,,1,1422.090758,state_verified
accepted,1,protected,measured,1,84,613.0,,1,1422.090758,state_verified
accepted,1,protected,measured,1,85,643.0,,1,1422.090758,state_verified
accepted,1,protected,measured,1,86,672.0,,1,1422.090758,state_verified
accepted,1,protected,measured,1,87,803.0,,1,1422.090758,state_verified
accepted,1,protected,measured,1,88,790.0,,1,1422.090758,state_verified
accepted,1,protected,measured,1,89,760.0,,1,1422.090758,state_verified
accepted,1,protected,measured,1,90,729.0,,1,1422.090758,state_verified
accepted,1,protected,measured,1,91,682.0,,1,1422.090758,state_verified
accepted,1,protected,measured,1,92,655.0,,1,1422.090758,state_verified
accepted,1,protected,measured,1,93,600.0,,1,1422.090758,state_verified
accepted,1,protected,measured,1,94,635.0,,1,1422.090758,state_verified
accepted,1,protected,measured,1,95,776.0,,1,1422.090758,state_verified
accepted,1,protected,measured,1,96,585.0,,1,1422.090758,state_verified
accepted,1,protected,measured,1,97,572.0,,1,1422.090758,state_verified
accepted,1,protected,measured,1,98,614.0,,1,1422.090758,state_verified
accepted,1,protected,measured,1,99,629.0,,1,1422.090758,state_verified
accepted,1,protected,measured,1,100,618.0,,1,1422.090758,state_verified
accepted,1,protected,measured,1,101,627.0,,1,1422.090758,state_verified
accepted,1,protected,measured,1,102,629.0,,1,1422.090758,state_verified
accepted,1,protected,measured,1,103,654.0,,1,1422.090758,state_verified
accepted,1,protected,measured,1,104,693.0,,1,1422.090758,state_verified
accepted,1,protected,measured,1,105,696.0,,1,1422.090758,state_verified
accepted,1,protected,measured,1,106,676.0,,1,1422.090758,state_verified
accepted,1,protected,measured,1,107,620.0,,1,1422.090758,state_verified
accepted,1,protected,measured,1,108,618.0,,1,1422.090758,state_verified
accepted,1,protected,measured,1,109,613.0,,1,1422.090758,state_verified
accepted,1,protected,measured,1,110,643.0,,1,1422.090758,state_verified
accepted,1,protected,measured,1,111,606.0,,1,1422.090758,state_verified
accepted,1,protected,measured,1,112,641.0,,1,1422.090758,state_verified
accepted,1,protected,measured,1,113,621.0,,1,1422.090758,state_verified
accepted,1,protected,measured,1,114,619.0,,1,1422.090758,state_verified
accepted,1,protected,measured,1,115,612.0,,1,1422.090758,state_verified
accepted,1,protected,measured,1,116,646.0,,1,1422.090758,state_verified
accepted,1,protected,measured,1,117,659.0,,1,1422.090758,state_verified
accepted,1,protected,measured,1,118,622.0,,1,1422.090758,state_verified
accepted,1,protected,measured,1,119,625.0,,1,1422.090758,state_verified
accepted,1,protected,measured,1,120,611.0,,1,1422.090758,state_verified
accepted,1,protected,measured,1,121,660.0,,1,1422.090758,state_verified
accepted,1,protected,measured,1,122,738.0,,1,1422.090758,state_verified
accepted,1,protected,measured,1,123,666.0,,1,1422.090758,state_verified
accepted,1,protected,measured,1,124,625.0,,1,1422.090758,state_verified
accepted,1,protected,measured,1,125,628.0,,1,1422.090758,state_verified
accepted,1,protected,measured,1,126,639.0,,1,1422.090758,state_verified
accepted,1,protected,measured,1,127,617.0,,1,1422.090758,state_verified
accepted,1,protected,measured,1,128,613.0,,1,1422.090758,state_verified
accepted,1,protected,measured,1,129,932.0,,1,1422.090758,state_verified
accepted,1,protected,measured,1,130,951.0,,1,1422.090758,state_verified
accepted,1,protected,measured,1,131,972.0,,1,1422.090758,state_verified
accepted,1,protected,measured,1,132,985.0,,1,1422.090758,state_verified
accepted,1,protected,measured,1,133,649.0,,1,1422.090758,state_verified
accepted,1,protected,measured,1,134,644.0,,1,1422.090758,state_verified
accepted,1,protected,measured,1,135,674.0,,1,1422.090758,state_verified
accepted,1,protected,measured,1,136,894.0,,1,1422.090758,state_verified
accepted,1,protected,measured,1,137,624.0,,1,1422.090758,state_verified
accepted,1,protected,measured,1,138,648.0,,1,1422.090758,state_verified
accepted,1,protected,measured,1,139,679.0,,1,1422.090758,state_verified
accepted,1,protected,measured,1,140,662.0,,1,1422.090758,state_verified
accepted,1,protected,measured,1,141,640.0,,1,1422.090758,state_verified
accepted,1,protected,measured,1,142,627.0,,1,1422.090758,state_verified
accepted,1,protected,measured,1,143,594.0,,1,1422.090758,state_verified
accepted,1,protected,measured,1,144,621.0,,1,1422.090758,state_verified
accepted,1,protected,measured,1,145,642.0,,1,1422.090758,state_verified
accepted,1,protected,measured,1,146,638.0,,1,1422.090758,state_verified
accepted,1,protected,measured,1,147,612.0,,1,1422.090758,state_verified
accepted,1,protected,measured,1,148,675.0,,1,1422.090758,state_verified
accepted,1,protected,measured,1,149,695.0,,1,1422.090758,state_verified
accepted,1,protected,measured,1,150,624.0,,1,1422.090758,state_verified
accepted,1,protected,measured,1,151,609.0,,1,1422.090758,state_verified
accepted,1,protected,measured,1,152,616.0,,1,1422.090758,state_verified
accepted,1,protected,measured,1,153,632.0,,1,1422.090758,state_verified
accepted,1,protected,measured,1,154,622.0,,1,1422.090758,state_verified
accepted,1,protected,measured,1,155,611.0,,1,1422.090758,state_verified
accepted,1,protected,measured,1,156,597.0,,1,1422.090758,state_verified
accepted,1,protected,measured,1,157,587.0,,1,1422.090758,state_verified
accepted,1,protected,measured,1,158,641.0,,1,1422.090758,state_verified
accepted,1,protected,measured,1,159,663.0,,1,1422.090758,state_verified
accepted,1,protected,measured,1,160,636.0,,1,1422.090758,state_verified
accepted,1,protected,measured,1,161,705.0,,1,1422.090758,state_verified
accepted,1,protected,measured,1,162,704.0,,1,1422.090758,state_verified
accepted,1,protected,measured,1,163,646.0,,1,1422.090758,state_verified
accepted,1,protected,measured,1,164,605.0,,1,1422.090758,state_verified
accepted,1,protected,measured,1,165,591.0,,1,1422.090758,state_verified
accepted,1,protected,measured,1,166,588.0,,1,1422.090758,state_verified
accepted,1,protected,measured,1,167,658.0,,1,1422.090758,state_verified
accepted,1,protected,measured,1,168,588.0,,1,1422.090758,state_verified
accepted,1,protected,measured,1,169,603.0,,1,1422.090758,state_verified
accepted,1,protected,measured,1,170,584.0,,1,1422.090758,state_verified
accepted,1,protected,measured,1,171,612.0,,1,1422.090758,state_verified
accepted,1,protected,measured,1,172,631.0,,1,1422.090758,state_verified
accepted,1,protected,measured,1,173,639.0,,1,1422.090758,state_verified
accepted,1,protected,measured,1,174,612.0,,1,1422.090758,state_verified
accepted,1,protected,measured,1,175,606.0,,1,1422.090758,state_verified
accepted,1,protected,measured,1,176,616.0,,1,1422.090758,state_verified
accepted,1,protected,measured,1,177,617.0,,1,1422.090758,state_verified
accepted,1,protected,measured,1,178,624.0,,1,1422.090758,state_verified
accepted,1,protected,measured,1,179,602.0,,1,1422.090758,state_verified
accepted,1,protected,measured,1,180,635.0,,1,1422.090758,state_verified
accepted,1,protected,measured,1,181,619.0,,1,1422.090758,state_verified
accepted,1,protected,measured,1,182,591.0,,1,1422.090758,state_verified
accepted,1,protected,measured,1,183,648.0,,1,1422.090758,state_verified
accepted,1,protected,measured,1,184,596.0,,1,1422.090758,state_verified
accepted,1,protected,measured,1,185,651.0,,1,1422.090758,state_verified
accepted,1,protected,measured,1,186,596.0,,1,1422.090758,state_verified
accepted,1,protected,measured,1,187,609.0,,1,1422.090758,state_verified
accepted,1,protected,measured,1,188,652.0,,1,1422.090758,state_verified
accepted,1,protected,measured,1,189,635.0,,1,1422.090758,state_verified
accepted,1,protected,measured,1,190,621.0,,1,1422.090758,state_verified
accepted,1,protected,measured,1,191,656.0,,1,1422.090758,state_verified
accepted,1,protected,measured,1,192,707.0,,1,1422.090758,state_verified
accepted,1,protected,measured,1,193,1009.0,,1,1422.090758,state_verified
accepted,1,protected,measured,1,194,1059.0,,1,1422.090758,state_verified
accepted,1,protected,measured,1,195,953.0,,1,1422.090758,state_verified
accepted,1,protected,measured,1,196,993.0,,1,1422.090758,state_verified
accepted,1,protected,measured,1,197,658.0,,1,1422.090758,state_verified
accepted,1,protected,measured,1,198,615.0,,1,1422.090758,state_verified
accepted,1,protected,measured,1,199,643.0,,1,1422.090758,state_verified
accepted,1,protected,measured,1,200,644.0,,1,1422.090758,state_verified
accepted,1,baseline,measured,5,1,3410.0,,5,1215.524681,state_verified
accepted,1,baseline,measured,5,2,918.0,,5,1215.524681,state_verified
accepted,1,baseline,measured,5,3,722.0,,5,1215.524681,state_verified
accepted,1,baseline,measured,5,4,641.0,,5,1215.524681,state_verified
accepted,1,baseline,measured,5,5,641.0,,5,1215.524681,state_verified
accepted,1,baseline,measured,5,6,709.0,,5,1215.524681,state_verified
accepted,1,baseline,measured,5,7,785.0,,5,1215.524681,state_verified
accepted,1,baseline,measured,5,8,909.0,,5,1215.524681,state_verified
accepted,1,baseline,measured,5,9,755.0,,5,1215.524681,state_verified
accepted,1,baseline,measured,5,10,688.0,,5,1215.524681,state_verified
accepted,1,baseline,measured,5,11,788.0,,5,1215.524681,state_verified
accepted,1,baseline,measured,5,12,965.0,,5,1215.524681,state_verified
accepted,1,baseline,measured,5,13,705.0,,5,1215.524681,state_verified
accepted,1,baseline,measured,5,14,712.0,,5,1215.524681,state_verified
accepted,1,baseline,measured,5,15,746.0,,5,1215.524681,state_verified
accepted,1,baseline,measured,5,16,820.0,,5,1215.524681,state_verified
accepted,1,baseline,measured,5,17,923.0,,5,1215.524681,state_verified
accepted,1,baseline,measured,5,18,817.0,,5,1215.524681,state_verified
accepted,1,baseline,measured,5,19,790.0,,5,1215.524681,state_verified
accepted,1,baseline,measured,5,20,749.0,,5,1215.524681,state_verified
accepted,1,baseline,measured,5,21,723.0,,5,1215.524681,state_verified
accepted,1,baseline,measured,5,22,636.0,,5,1215.524681,state_verified
accepted,1,baseline,measured,5,23,701.0,,5,1215.524681,state_verified
accepted,1,baseline,measured,5,24,755.0,,5,1215.524681,state_verified
accepted,1,baseline,measured,5,25,733.0,,5,1215.524681,state_verified
accepted,1,baseline,measured,5,26,704.0,,5,1215.524681,state_verified
accepted,1,baseline,measured,5,27,651.0,,5,1215.524681,state_verified
accepted,1,baseline,measured,5,28,754.0,,5,1215.524681,state_verified
accepted,1,baseline,measured,5,29,755.0,,5,1215.524681,state_verified
accepted,1,baseline,measured,5,30,748.0,,5,1215.524681,state_verified
accepted,1,baseline,measured,5,31,1105.0,,5,1215.524681,state_verified
accepted,1,baseline,measured,5,32,1072.0,,5,1215.524681,state_verified
accepted,1,baseline,measured,5,33,1028.0,,5,1215.524681,state_verified
accepted,1,baseline,measured,5,34,999.0,,5,1215.524681,state_verified
accepted,1,baseline,measured,5,35,672.0,,5,1215.524681,state_verified
accepted,1,baseline,measured,5,36,727.0,,5,1215.524681,state_verified
accepted,1,baseline,measured,5,37,717.0,,5,1215.524681,state_verified
accepted,1,baseline,measured,5,38,731.0,,5,1215.524681,state_verified
accepted,1,baseline,measured,5,39,971.0,,5,1215.524681,state_verified
accepted,1,baseline,measured,5,40,880.0,,5,1215.524681,state_verified
accepted,1,baseline,measured,5,41,644.0,,5,1215.524681,state_verified
accepted,1,baseline,measured,5,42,564.0,,5,1215.524681,state_verified
accepted,1,baseline,measured,5,43,595.0,,5,1215.524681,state_verified
accepted,1,baseline,measured,5,44,666.0,,5,1215.524681,state_verified
accepted,1,baseline,measured,5,45,675.0,,5,1215.524681,state_verified
accepted,1,baseline,measured,5,46,573.0,,5,1215.524681,state_verified
accepted,1,baseline,measured,5,47,564.0,,5,1215.524681,state_verified
accepted,1,baseline,measured,5,48,596.0,,5,1215.524681,state_verified
accepted,1,baseline,measured,5,49,664.0,,5,1215.524681,state_verified
accepted,1,baseline,measured,5,50,645.0,,5,1215.524681,state_verified
accepted,1,baseline,measured,5,51,826.0,,5,1215.524681,state_verified
accepted,1,baseline,measured,5,52,964.0,,5,1215.524681,state_verified
accepted,1,baseline,measured,5,53,810.0,,5,1215.524681,state_verified
accepted,1,baseline,measured,5,54,829.0,,5,1215.524681,state_verified
accepted,1,baseline,measured,5,55,763.0,,5,1215.524681,state_verified
accepted,1,baseline,measured,5,56,1010.0,,5,1215.524681,state_verified
accepted,1,baseline,measured,5,57,851.0,,5,1215.524681,state_verified
accepted,1,baseline,measured,5,58,808.0,,5,1215.524681,state_verified
accepted,1,baseline,measured,5,59,961.0,,5,1215.524681,state_verified
accepted,1,baseline,measured,5,60,986.0,,5,1215.524681,state_verified
accepted,1,baseline,measured,5,61,837.0,,5,1215.524681,state_verified
accepted,1,baseline,measured,5,62,757.0,,5,1215.524681,state_verified
accepted,1,baseline,measured,5,63,727.0,,5,1215.524681,state_verified
accepted,1,baseline,measured,5,64,1044.0,,5,1215.524681,state_verified
accepted,1,baseline,measured,5,65,1079.0,,5,1215.524681,state_verified
accepted,1,baseline,measured,5,66,843.0,,5,1215.524681,state_verified
accepted,1,baseline,measured,5,67,699.0,,5,1215.524681,state_verified
accepted,1,baseline,measured,5,68,644.0,,5,1215.524681,state_verified
accepted,1,baseline,measured,5,69,663.0,,5,1215.524681,state_verified
accepted,1,baseline,measured,5,70,746.0,,5,1215.524681,state_verified
accepted,1,baseline,measured,5,71,892.0,,5,1215.524681,state_verified
accepted,1,baseline,measured,5,72,789.0,,5,1215.524681,state_verified
accepted,1,baseline,measured,5,73,773.0,,5,1215.524681,state_verified
accepted,1,baseline,measured,5,74,843.0,,5,1215.524681,state_verified
accepted,1,baseline,measured,5,75,863.0,,5,1215.524681,state_verified
accepted,1,baseline,measured,5,76,791.0,,5,1215.524681,state_verified
accepted,1,baseline,measured,5,77,787.0,,5,1215.524681,state_verified
accepted,1,baseline,measured,5,78,796.0,,5,1215.524681,state_verified
accepted,1,baseline,measured,5,79,845.0,,5,1215.524681,state_verified
accepted,1,baseline,measured,5,80,831.0,,5,1215.524681,state_verified
accepted,1,baseline,measured,5,81,1143.0,,5,1215.524681,state_verified
accepted,1,baseline,measured,5,82,953.0,,5,1215.524681,state_verified
accepted,1,baseline,measured,5,83,1023.0,,5,1215.524681,state_verified
accepted,1,baseline,measured,5,84,893.0,,5,1215.524681,state_verified
accepted,1,baseline,measured,5,85,1236.0,,5,1215.524681,state_verified
accepted,1,baseline,measured,5,86,1115.0,,5,1215.524681,state_verified
accepted,1,baseline,measured,5,87,1081.0,,5,1215.524681,state_verified
accepted,1,baseline,measured,5,88,1321.0,,5,1215.524681,state_verified
accepted,1,baseline,measured,5,89,1363.0,,5,1215.524681,state_verified
accepted,1,baseline,measured,5,90,898.0,,5,1215.524681,state_verified
accepted,1,baseline,measured,5,91,817.0,,5,1215.524681,state_verified
accepted,1,baseline,measured,5,92,705.0,,5,1215.524681,state_verified
accepted,1,baseline,measured,5,93,723.0,,5,1215.524681,state_verified
accepted,1,baseline,measured,5,94,639.0,,5,1215.524681,state_verified
accepted,1,baseline,measured,5,95,1137.0,,5,1215.524681,state_verified
accepted,1,baseline,measured,5,96,1073.0,,5,1215.524681,state_verified
accepted,1,baseline,measured,5,97,1179.0,,5,1215.524681,state_verified
accepted,1,baseline,measured,5,98,1162.0,,5,1215.524681,state_verified
accepted,1,baseline,measured,5,99,808.0,,5,1215.524681,state_verified
accepted,1,baseline,measured,5,100,688.0,,5,1215.524681,state_verified
accepted,1,baseline,measured,5,101,701.0,,5,1215.524681,state_verified
accepted,1,baseline,measured,5,102,802.0,,5,1215.524681,state_verified
accepted,1,baseline,measured,5,103,764.0,,5,1215.524681,state_verified
accepted,1,baseline,measured,5,104,707.0,,5,1215.524681,state_verified
accepted,1,baseline,measured,5,105,668.0,,5,1215.524681,state_verified
accepted,1,baseline,measured,5,106,793.0,,5,1215.524681,state_verified
accepted,1,baseline,measured,5,107,1774.0,,5,1215.524681,state_verified
accepted,1,baseline,measured,5,108,823.0,,5,1215.524681,state_verified
accepted,1,baseline,measured,5,109,779.0,,5,1215.524681,state_verified
accepted,1,baseline,measured,5,110,824.0,,5,1215.524681,state_verified
accepted,1,baseline,measured,5,111,861.0,,5,1215.524681,state_verified
accepted,1,baseline,measured,5,112,869.0,,5,1215.524681,state_verified
accepted,1,baseline,measured,5,113,737.0,,5,1215.524681,state_verified
accepted,1,baseline,measured,5,114,876.0,,5,1215.524681,state_verified
accepted,1,baseline,measured,5,115,863.0,,5,1215.524681,state_verified
accepted,1,baseline,measured,5,116,779.0,,5,1215.524681,state_verified
accepted,1,baseline,measured,5,117,749.0,,5,1215.524681,state_verified
accepted,1,baseline,measured,5,118,878.0,,5,1215.524681,state_verified
accepted,1,baseline,measured,5,119,779.0,,5,1215.524681,state_verified
accepted,1,baseline,measured,5,120,717.0,,5,1215.524681,state_verified
accepted,1,baseline,measured,5,121,618.0,,5,1215.524681,state_verified
accepted,1,baseline,measured,5,122,622.0,,5,1215.524681,state_verified
accepted,1,baseline,measured,5,123,667.0,,5,1215.524681,state_verified
accepted,1,baseline,measured,5,124,790.0,,5,1215.524681,state_verified
accepted,1,baseline,measured,5,125,773.0,,5,1215.524681,state_verified
accepted,1,baseline,measured,5,126,906.0,,5,1215.524681,state_verified
accepted,1,baseline,measured,5,127,943.0,,5,1215.524681,state_verified
accepted,1,baseline,measured,5,128,1016.0,,5,1215.524681,state_verified
accepted,1,baseline,measured,5,129,704.0,,5,1215.524681,state_verified
accepted,1,baseline,measured,5,130,586.0,,5,1215.524681,state_verified
accepted,1,baseline,measured,5,131,731.0,,5,1215.524681,state_verified
accepted,1,baseline,measured,5,132,775.0,,5,1215.524681,state_verified
accepted,1,baseline,measured,5,133,729.0,,5,1215.524681,state_verified
accepted,1,baseline,measured,5,134,671.0,,5,1215.524681,state_verified
accepted,1,baseline,measured,5,135,936.0,,5,1215.524681,state_verified
accepted,1,baseline,measured,5,136,827.0,,5,1215.524681,state_verified
accepted,1,baseline,measured,5,137,753.0,,5,1215.524681,state_verified
accepted,1,baseline,measured,5,138,662.0,,5,1215.524681,state_verified
accepted,1,baseline,measured,5,139,769.0,,5,1215.524681,state_verified
accepted,1,baseline,measured,5,140,781.0,,5,1215.524681,state_verified
accepted,1,baseline,measured,5,141,897.0,,5,1215.524681,state_verified
accepted,1,baseline,measured,5,142,823.0,,5,1215.524681,state_verified
accepted,1,baseline,measured,5,143,771.0,,5,1215.524681,state_verified
accepted,1,baseline,measured,5,144,788.0,,5,1215.524681,state_verified
accepted,1,baseline,measured,5,145,711.0,,5,1215.524681,state_verified
accepted,1,baseline,measured,5,146,704.0,,5,1215.524681,state_verified
accepted,1,baseline,measured,5,147,576.0,,5,1215.524681,state_verified
accepted,1,baseline,measured,5,148,561.0,,5,1215.524681,state_verified
accepted,1,baseline,measured,5,149,543.0,,5,1215.524681,state_verified
accepted,1,baseline,measured,5,150,612.0,,5,1215.524681,state_verified
accepted,1,baseline,measured,5,151,616.0,,5,1215.524681,state_verified
accepted,1,baseline,measured,5,152,591.0,,5,1215.524681,state_verified
accepted,1,baseline,measured,5,153,686.0,,5,1215.524681,state_verified
accepted,1,baseline,measured,5,154,691.0,,5,1215.524681,state_verified
accepted,1,baseline,measured,5,155,597.0,,5,1215.524681,state_verified
accepted,1,baseline,measured,5,156,663.0,,5,1215.524681,state_verified
accepted,1,baseline,measured,5,157,667.0,,5,1215.524681,state_verified
accepted,1,baseline,measured,5,158,679.0,,5,1215.524681,state_verified
accepted,1,baseline,measured,5,159,1183.0,,5,1215.524681,state_verified
accepted,1,baseline,measured,5,160,1298.0,,5,1215.524681,state_verified
accepted,1,baseline,measured,5,161,1233.0,,5,1215.524681,state_verified
accepted,1,baseline,measured,5,162,1223.0,,5,1215.524681,state_verified
accepted,1,baseline,measured,5,163,889.0,,5,1215.524681,state_verified
accepted,1,baseline,measured,5,164,945.0,,5,1215.524681,state_verified
accepted,1,baseline,measured,5,165,860.0,,5,1215.524681,state_verified
accepted,1,baseline,measured,5,166,713.0,,5,1215.524681,state_verified
accepted,1,baseline,measured,5,167,685.0,,5,1215.524681,state_verified
accepted,1,baseline,measured,5,168,695.0,,5,1215.524681,state_verified
accepted,1,baseline,measured,5,169,655.0,,5,1215.524681,state_verified
accepted,1,baseline,measured,5,170,628.0,,5,1215.524681,state_verified
accepted,1,baseline,measured,5,171,617.0,,5,1215.524681,state_verified
accepted,1,baseline,measured,5,172,637.0,,5,1215.524681,state_verified
accepted,1,baseline,measured,5,173,629.0,,5,1215.524681,state_verified
accepted,1,baseline,measured,5,174,751.0,,5,1215.524681,state_verified
accepted,1,baseline,measured,5,175,693.0,,5,1215.524681,state_verified
accepted,1,baseline,measured,5,176,822.0,,5,1215.524681,state_verified
accepted,1,baseline,measured,5,177,754.0,,5,1215.524681,state_verified
accepted,1,baseline,measured,5,178,601.0,,5,1215.524681,state_verified
accepted,1,baseline,measured,5,179,741.0,,5,1215.524681,state_verified
accepted,1,baseline,measured,5,180,830.0,,5,1215.524681,state_verified
accepted,1,baseline,measured,5,181,926.0,,5,1215.524681,state_verified
accepted,1,baseline,measured,5,182,938.0,,5,1215.524681,state_verified
accepted,1,baseline,measured,5,183,724.0,,5,1215.524681,state_verified
accepted,1,baseline,measured,5,184,788.0,,5,1215.524681,state_verified
accepted,1,baseline,measured,5,185,874.0,,5,1215.524681,state_verified
accepted,1,baseline,measured,5,186,1066.0,,5,1215.524681,state_verified
accepted,1,baseline,measured,5,187,891.0,,5,1215.524681,state_verified
accepted,1,baseline,measured,5,188,696.0,,5,1215.524681,state_verified
accepted,1,baseline,measured,5,189,597.0,,5,1215.524681,state_verified
accepted,1,baseline,measured,5,190,622.0,,5,1215.524681,state_verified
accepted,1,baseline,measured,5,191,611.0,,5,1215.524681,state_verified
accepted,1,baseline,measured,5,192,617.0,,5,1215.524681,state_verified
accepted,1,baseline,measured,5,193,637.0,,5,1215.524681,state_verified
accepted,1,baseline,measured,5,194,704.0,,5,1215.524681,state_verified
accepted,1,baseline,measured,5,195,755.0,,5,1215.524681,state_verified
accepted,1,baseline,measured,5,196,685.0,,5,1215.524681,state_verified
accepted,1,baseline,measured,5,197,649.0,,5,1215.524681,state_verified
accepted,1,baseline,measured,5,198,622.0,,5,1215.524681,state_verified
accepted,1,baseline,measured,5,199,589.0,,5,1215.524681,state_verified
accepted,1,baseline,measured,5,200,663.0,,5,1215.524681,state_verified
accepted,1,protected,measured,5,1,3036.0,,5,1341.534581,state_verified
accepted,1,protected,measured,5,2,816.0,,5,1341.534581,state_verified
accepted,1,protected,measured,5,3,705.0,,5,1341.534581,state_verified
accepted,1,protected,measured,5,4,694.0,,5,1341.534581,state_verified
accepted,1,protected,measured,5,5,682.0,,5,1341.534581,state_verified
accepted,1,protected,measured,5,6,650.0,,5,1341.534581,state_verified
accepted,1,protected,measured,5,7,572.0,,5,1341.534581,state_verified
accepted,1,protected,measured,5,8,583.0,,5,1341.534581,state_verified
accepted,1,protected,measured,5,9,590.0,,5,1341.534581,state_verified
accepted,1,protected,measured,5,10,613.0,,5,1341.534581,state_verified
accepted,1,protected,measured,5,11,552.0,,5,1341.534581,state_verified
accepted,1,protected,measured,5,12,898.0,,5,1341.534581,state_verified
accepted,1,protected,measured,5,13,875.0,,5,1341.534581,state_verified
accepted,1,protected,measured,5,14,895.0,,5,1341.534581,state_verified
accepted,1,protected,measured,5,15,993.0,,5,1341.534581,state_verified
accepted,1,protected,measured,5,16,625.0,,5,1341.534581,state_verified
accepted,1,protected,measured,5,17,608.0,,5,1341.534581,state_verified
accepted,1,protected,measured,5,18,717.0,,5,1341.534581,state_verified
accepted,1,protected,measured,5,19,610.0,,5,1341.534581,state_verified
accepted,1,protected,measured,5,20,574.0,,5,1341.534581,state_verified
accepted,1,protected,measured,5,21,577.0,,5,1341.534581,state_verified
accepted,1,protected,measured,5,22,610.0,,5,1341.534581,state_verified
accepted,1,protected,measured,5,23,618.0,,5,1341.534581,state_verified
accepted,1,protected,measured,5,24,621.0,,5,1341.534581,state_verified
accepted,1,protected,measured,5,25,626.0,,5,1341.534581,state_verified
accepted,1,protected,measured,5,26,648.0,,5,1341.534581,state_verified
accepted,1,protected,measured,5,27,644.0,,5,1341.534581,state_verified
accepted,1,protected,measured,5,28,580.0,,5,1341.534581,state_verified
accepted,1,protected,measured,5,29,594.0,,5,1341.534581,state_verified
accepted,1,protected,measured,5,30,701.0,,5,1341.534581,state_verified
accepted,1,protected,measured,5,31,693.0,,5,1341.534581,state_verified
accepted,1,protected,measured,5,32,646.0,,5,1341.534581,state_verified
accepted,1,protected,measured,5,33,807.0,,5,1341.534581,state_verified
accepted,1,protected,measured,5,34,704.0,,5,1341.534581,state_verified
accepted,1,protected,measured,5,35,708.0,,5,1341.534581,state_verified
accepted,1,protected,measured,5,36,682.0,,5,1341.534581,state_verified
accepted,1,protected,measured,5,37,665.0,,5,1341.534581,state_verified
accepted,1,protected,measured,5,38,745.0,,5,1341.534581,state_verified
accepted,1,protected,measured,5,39,672.0,,5,1341.534581,state_verified
accepted,1,protected,measured,5,40,705.0,,5,1341.534581,state_verified
accepted,1,protected,measured,5,41,683.0,,5,1341.534581,state_verified
accepted,1,protected,measured,5,42,670.0,,5,1341.534581,state_verified
accepted,1,protected,measured,5,43,753.0,,5,1341.534581,state_verified
accepted,1,protected,measured,5,44,649.0,,5,1341.534581,state_verified
accepted,1,protected,measured,5,45,667.0,,5,1341.534581,state_verified
accepted,1,protected,measured,5,46,709.0,,5,1341.534581,state_verified
accepted,1,protected,measured,5,47,703.0,,5,1341.534581,state_verified
accepted,1,protected,measured,5,48,680.0,,5,1341.534581,state_verified
accepted,1,protected,measured,5,49,684.0,,5,1341.534581,state_verified
accepted,1,protected,measured,5,50,684.0,,5,1341.534581,state_verified
accepted,1,protected,measured,5,51,714.0,,5,1341.534581,state_verified
accepted,1,protected,measured,5,52,681.0,,5,1341.534581,state_verified
accepted,1,protected,measured,5,53,734.0,,5,1341.534581,state_verified
accepted,1,protected,measured,5,54,753.0,,5,1341.534581,state_verified
accepted,1,protected,measured,5,55,707.0,,5,1341.534581,state_verified
accepted,1,protected,measured,5,56,714.0,,5,1341.534581,state_verified
accepted,1,protected,measured,5,57,692.0,,5,1341.534581,state_verified
accepted,1,protected,measured,5,58,679.0,,5,1341.534581,state_verified
accepted,1,protected,measured,5,59,633.0,,5,1341.534581,state_verified
accepted,1,protected,measured,5,60,697.0,,5,1341.534581,state_verified
accepted,1,protected,measured,5,61,666.0,,5,1341.534581,state_verified
accepted,1,protected,measured,5,62,698.0,,5,1341.534581,state_verified
accepted,1,protected,measured,5,63,682.0,,5,1341.534581,state_verified
accepted,1,protected,measured,5,64,761.0,,5,1341.534581,state_verified
accepted,1,protected,measured,5,65,674.0,,5,1341.534581,state_verified
accepted,1,protected,measured,5,66,707.0,,5,1341.534581,state_verified
accepted,1,protected,measured,5,67,683.0,,5,1341.534581,state_verified
accepted,1,protected,measured,5,68,655.0,,5,1341.534581,state_verified
accepted,1,protected,measured,5,69,674.0,,5,1341.534581,state_verified
accepted,1,protected,measured,5,70,724.0,,5,1341.534581,state_verified
accepted,1,protected,measured,5,71,687.0,,5,1341.534581,state_verified
accepted,1,protected,measured,5,72,698.0,,5,1341.534581,state_verified
accepted,1,protected,measured,5,73,671.0,,5,1341.534581,state_verified
accepted,1,protected,measured,5,74,668.0,,5,1341.534581,state_verified
accepted,1,protected,measured,5,75,686.0,,5,1341.534581,state_verified
accepted,1,protected,measured,5,76,1018.0,,5,1341.534581,state_verified
accepted,1,protected,measured,5,77,1012.0,,5,1341.534581,state_verified
accepted,1,protected,measured,5,78,1029.0,,5,1341.534581,state_verified
accepted,1,protected,measured,5,79,1015.0,,5,1341.534581,state_verified
accepted,1,protected,measured,5,80,694.0,,5,1341.534581,state_verified
accepted,1,protected,measured,5,81,715.0,,5,1341.534581,state_verified
accepted,1,protected,measured,5,82,706.0,,5,1341.534581,state_verified
accepted,1,protected,measured,5,83,689.0,,5,1341.534581,state_verified
accepted,1,protected,measured,5,84,627.0,,5,1341.534581,state_verified
accepted,1,protected,measured,5,85,661.0,,5,1341.534581,state_verified
accepted,1,protected,measured,5,86,665.0,,5,1341.534581,state_verified
accepted,1,protected,measured,5,87,622.0,,5,1341.534581,state_verified
accepted,1,protected,measured,5,88,652.0,,5,1341.534581,state_verified
accepted,1,protected,measured,5,89,723.0,,5,1341.534581,state_verified
accepted,1,protected,measured,5,90,644.0,,5,1341.534581,state_verified
accepted,1,protected,measured,5,91,715.0,,5,1341.534581,state_verified
accepted,1,protected,measured,5,92,681.0,,5,1341.534581,state_verified
accepted,1,protected,measured,5,93,671.0,,5,1341.534581,state_verified
accepted,1,protected,measured,5,94,698.0,,5,1341.534581,state_verified
accepted,1,protected,measured,5,95,666.0,,5,1341.534581,state_verified
accepted,1,protected,measured,5,96,648.0,,5,1341.534581,state_verified
accepted,1,protected,measured,5,97,679.0,,5,1341.534581,state_verified
accepted,1,protected,measured,5,98,659.0,,5,1341.534581,state_verified
accepted,1,protected,measured,5,99,699.0,,5,1341.534581,state_verified
accepted,1,protected,measured,5,100,913.0,,5,1341.534581,state_verified
accepted,1,protected,measured,5,101,904.0,,5,1341.534581,state_verified
accepted,1,protected,measured,5,102,687.0,,5,1341.534581,state_verified
accepted,1,protected,measured,5,103,667.0,,5,1341.534581,state_verified
accepted,1,protected,measured,5,104,675.0,,5,1341.534581,state_verified
accepted,1,protected,measured,5,105,662.0,,5,1341.534581,state_verified
accepted,1,protected,measured,5,106,698.0,,5,1341.534581,state_verified
accepted,1,protected,measured,5,107,680.0,,5,1341.534581,state_verified
accepted,1,protected,measured,5,108,730.0,,5,1341.534581,state_verified
accepted,1,protected,measured,5,109,643.0,,5,1341.534581,state_verified
accepted,1,protected,measured,5,110,697.0,,5,1341.534581,state_verified
accepted,1,protected,measured,5,111,663.0,,5,1341.534581,state_verified
accepted,1,protected,measured,5,112,695.0,,5,1341.534581,state_verified
accepted,1,protected,measured,5,113,939.0,,5,1341.534581,state_verified
accepted,1,protected,measured,5,114,962.0,,5,1341.534581,state_verified
accepted,1,protected,measured,5,115,846.0,,5,1341.534581,state_verified
accepted,1,protected,measured,5,116,725.0,,5,1341.534581,state_verified
accepted,1,protected,measured,5,117,745.0,,5,1341.534581,state_verified
accepted,1,protected,measured,5,118,652.0,,5,1341.534581,state_verified
accepted,1,protected,measured,5,119,708.0,,5,1341.534581,state_verified
accepted,1,protected,measured,5,120,724.0,,5,1341.534581,state_verified
accepted,1,protected,measured,5,121,633.0,,5,1341.534581,state_verified
accepted,1,protected,measured,5,122,670.0,,5,1341.534581,state_verified
accepted,1,protected,measured,5,123,684.0,,5,1341.534581,state_verified
accepted,1,protected,measured,5,124,765.0,,5,1341.534581,state_verified
accepted,1,protected,measured,5,125,738.0,,5,1341.534581,state_verified
accepted,1,protected,measured,5,126,704.0,,5,1341.534581,state_verified
accepted,1,protected,measured,5,127,726.0,,5,1341.534581,state_verified
accepted,1,protected,measured,5,128,813.0,,5,1341.534581,state_verified
accepted,1,protected,measured,5,129,700.0,,5,1341.534581,state_verified
accepted,1,protected,measured,5,130,686.0,,5,1341.534581,state_verified
accepted,1,protected,measured,5,131,665.0,,5,1341.534581,state_verified
accepted,1,protected,measured,5,132,655.0,,5,1341.534581,state_verified
accepted,1,protected,measured,5,133,679.0,,5,1341.534581,state_verified
accepted,1,protected,measured,5,134,707.0,,5,1341.534581,state_verified
accepted,1,protected,measured,5,135,660.0,,5,1341.534581,state_verified
accepted,1,protected,measured,5,136,706.0,,5,1341.534581,state_verified
accepted,1,protected,measured,5,137,714.0,,5,1341.534581,state_verified
accepted,1,protected,measured,5,138,656.0,,5,1341.534581,state_verified
accepted,1,protected,measured,5,139,664.0,,5,1341.534581,state_verified
accepted,1,protected,measured,5,140,996.0,,5,1341.534581,state_verified
accepted,1,protected,measured,5,141,1034.0,,5,1341.534581,state_verified
accepted,1,protected,measured,5,142,1143.0,,5,1341.534581,state_verified
accepted,1,protected,measured,5,143,1048.0,,5,1341.534581,state_verified
accepted,1,protected,measured,5,144,750.0,,5,1341.534581,state_verified
accepted,1,protected,measured,5,145,678.0,,5,1341.534581,state_verified
accepted,1,protected,measured,5,146,687.0,,5,1341.534581,state_verified
accepted,1,protected,measured,5,147,698.0,,5,1341.534581,state_verified
accepted,1,protected,measured,5,148,675.0,,5,1341.534581,state_verified
accepted,1,protected,measured,5,149,681.0,,5,1341.534581,state_verified
accepted,1,protected,measured,5,150,664.0,,5,1341.534581,state_verified
accepted,1,protected,measured,5,151,713.0,,5,1341.534581,state_verified
accepted,1,protected,measured,5,152,682.0,,5,1341.534581,state_verified
accepted,1,protected,measured,5,153,686.0,,5,1341.534581,state_verified
accepted,1,protected,measured,5,154,669.0,,5,1341.534581,state_verified
accepted,1,protected,measured,5,155,674.0,,5,1341.534581,state_verified
accepted,1,protected,measured,5,156,654.0,,5,1341.534581,state_verified
accepted,1,protected,measured,5,157,725.0,,5,1341.534581,state_verified
accepted,1,protected,measured,5,158,671.0,,5,1341.534581,state_verified
accepted,1,protected,measured,5,159,715.0,,5,1341.534581,state_verified
accepted,1,protected,measured,5,160,875.0,,5,1341.534581,state_verified
accepted,1,protected,measured,5,161,746.0,,5,1341.534581,state_verified
accepted,1,protected,measured,5,162,857.0,,5,1341.534581,state_verified
accepted,1,protected,measured,5,163,1188.0,,5,1341.534581,state_verified
accepted,1,protected,measured,5,164,742.0,,5,1341.534581,state_verified
accepted,1,protected,measured,5,165,715.0,,5,1341.534581,state_verified
accepted,1,protected,measured,5,166,846.0,,5,1341.534581,state_verified
accepted,1,protected,measured,5,167,717.0,,5,1341.534581,state_verified
accepted,1,protected,measured,5,168,659.0,,5,1341.534581,state_verified
accepted,1,protected,measured,5,169,689.0,,5,1341.534581,state_verified
accepted,1,protected,measured,5,170,862.0,,5,1341.534581,state_verified
accepted,1,protected,measured,5,171,986.0,,5,1341.534581,state_verified
accepted,1,protected,measured,5,172,892.0,,5,1341.534581,state_verified
accepted,1,protected,measured,5,173,760.0,,5,1341.534581,state_verified
accepted,1,protected,measured,5,174,653.0,,5,1341.534581,state_verified
accepted,1,protected,measured,5,175,689.0,,5,1341.534581,state_verified
accepted,1,protected,measured,5,176,695.0,,5,1341.534581,state_verified
accepted,1,protected,measured,5,177,675.0,,5,1341.534581,state_verified
accepted,1,protected,measured,5,178,663.0,,5,1341.534581,state_verified
accepted,1,protected,measured,5,179,670.0,,5,1341.534581,state_verified
accepted,1,protected,measured,5,180,709.0,,5,1341.534581,state_verified
accepted,1,protected,measured,5,181,677.0,,5,1341.534581,state_verified
accepted,1,protected,measured,5,182,692.0,,5,1341.534581,state_verified
accepted,1,protected,measured,5,183,699.0,,5,1341.534581,state_verified
accepted,1,protected,measured,5,184,812.0,,5,1341.534581,state_verified
accepted,1,protected,measured,5,185,670.0,,5,1341.534581,state_verified
accepted,1,protected,measured,5,186,855.0,,5,1341.534581,state_verified
accepted,1,protected,measured,5,187,717.0,,5,1341.534581,state_verified
accepted,1,protected,measured,5,188,818.0,,5,1341.534581,state_verified
accepted,1,protected,measured,5,189,751.0,,5,1341.534581,state_verified
accepted,1,protected,measured,5,190,701.0,,5,1341.534581,state_verified
accepted,1,protected,measured,5,191,688.0,,5,1341.534581,state_verified
accepted,1,protected,measured,5,192,784.0,,5,1341.534581,state_verified
accepted,1,protected,measured,5,193,728.0,,5,1341.534581,state_verified
accepted,1,protected,measured,5,194,686.0,,5,1341.534581,state_verified
accepted,1,protected,measured,5,195,754.0,,5,1341.534581,state_verified
accepted,1,protected,measured,5,196,907.0,,5,1341.534581,state_verified
accepted,1,protected,measured,5,197,943.0,,5,1341.534581,state_verified
accepted,1,protected,measured,5,198,827.0,,5,1341.534581,state_verified
accepted,1,protected,measured,5,199,950.0,,5,1341.534581,state_verified
accepted,1,protected,measured,5,200,869.0,,5,1341.534581,state_verified
accepted,1,baseline,measured,100,1,3407.0,,100,1029.71235,state_verified
accepted,1,baseline,measured,100,2,1037.0,,100,1029.71235,state_verified
accepted,1,baseline,measured,100,3,826.0,,100,1029.71235,state_verified
accepted,1,baseline,measured,100,4,937.0,,100,1029.71235,state_verified
accepted,1,baseline,measured,100,5,876.0,,100,1029.71235,state_verified
accepted,1,baseline,measured,100,6,1298.0,,100,1029.71235,state_verified
accepted,1,baseline,measured,100,7,798.0,,100,1029.71235,state_verified
accepted,1,baseline,measured,100,8,789.0,,100,1029.71235,state_verified
accepted,1,baseline,measured,100,9,856.0,,100,1029.71235,state_verified
accepted,1,baseline,measured,100,10,855.0,,100,1029.71235,state_verified
accepted,1,baseline,measured,100,11,847.0,,100,1029.71235,state_verified
accepted,1,baseline,measured,100,12,810.0,,100,1029.71235,state_verified
accepted,1,baseline,measured,100,13,807.0,,100,1029.71235,state_verified
accepted,1,baseline,measured,100,14,929.0,,100,1029.71235,state_verified
accepted,1,baseline,measured,100,15,951.0,,100,1029.71235,state_verified
accepted,1,baseline,measured,100,16,786.0,,100,1029.71235,state_verified
accepted,1,baseline,measured,100,17,1124.0,,100,1029.71235,state_verified
accepted,1,baseline,measured,100,18,1144.0,,100,1029.71235,state_verified
accepted,1,baseline,measured,100,19,1299.0,,100,1029.71235,state_verified
accepted,1,baseline,measured,100,20,1243.0,,100,1029.71235,state_verified
accepted,1,baseline,measured,100,21,1175.0,,100,1029.71235,state_verified
accepted,1,baseline,measured,100,22,1313.0,,100,1029.71235,state_verified
accepted,1,baseline,measured,100,23,822.0,,100,1029.71235,state_verified
accepted,1,baseline,measured,100,24,706.0,,100,1029.71235,state_verified
accepted,1,baseline,measured,100,25,653.0,,100,1029.71235,state_verified
accepted,1,baseline,measured,100,26,738.0,,100,1029.71235,state_verified
accepted,1,baseline,measured,100,27,731.0,,100,1029.71235,state_verified
accepted,1,baseline,measured,100,28,687.0,,100,1029.71235,state_verified
accepted,1,baseline,measured,100,29,737.0,,100,1029.71235,state_verified
accepted,1,baseline,measured,100,30,984.0,,100,1029.71235,state_verified
accepted,1,baseline,measured,100,31,669.0,,100,1029.71235,state_verified
accepted,1,baseline,measured,100,32,714.0,,100,1029.71235,state_verified
accepted,1,baseline,measured,100,33,741.0,,100,1029.71235,state_verified
accepted,1,baseline,measured,100,34,763.0,,100,1029.71235,state_verified
accepted,1,baseline,measured,100,35,899.0,,100,1029.71235,state_verified
accepted,1,baseline,measured,100,36,816.0,,100,1029.71235,state_verified
accepted,1,baseline,measured,100,37,911.0,,100,1029.71235,state_verified
accepted,1,baseline,measured,100,38,994.0,,100,1029.71235,state_verified
accepted,1,baseline,measured,100,39,980.0,,100,1029.71235,state_verified
accepted,1,baseline,measured,100,40,919.0,,100,1029.71235,state_verified
accepted,1,baseline,measured,100,41,704.0,,100,1029.71235,state_verified
accepted,1,baseline,measured,100,42,664.0,,100,1029.71235,state_verified
accepted,1,baseline,measured,100,43,986.0,,100,1029.71235,state_verified
accepted,1,baseline,measured,100,44,1176.0,,100,1029.71235,state_verified
accepted,1,baseline,measured,100,45,1247.0,,100,1029.71235,state_verified
accepted,1,baseline,measured,100,46,1029.0,,100,1029.71235,state_verified
accepted,1,baseline,measured,100,47,1091.0,,100,1029.71235,state_verified
accepted,1,baseline,measured,100,48,1037.0,,100,1029.71235,state_verified
accepted,1,baseline,measured,100,49,1022.0,,100,1029.71235,state_verified
accepted,1,baseline,measured,100,50,852.0,,100,1029.71235,state_verified
accepted,1,baseline,measured,100,51,1011.0,,100,1029.71235,state_verified
accepted,1,baseline,measured,100,52,2095.0,,100,1029.71235,state_verified
accepted,1,baseline,measured,100,53,1583.0,,100,1029.71235,state_verified
accepted,1,baseline,measured,100,54,1668.0,,100,1029.71235,state_verified
accepted,1,baseline,measured,100,55,1644.0,,100,1029.71235,state_verified
accepted,1,baseline,measured,100,56,921.0,,100,1029.71235,state_verified
accepted,1,baseline,measured,100,57,931.0,,100,1029.71235,state_verified
accepted,1,baseline,measured,100,58,880.0,,100,1029.71235,state_verified
accepted,1,baseline,measured,100,59,903.0,,100,1029.71235,state_verified
accepted,1,baseline,measured,100,60,666.0,,100,1029.71235,state_verified
accepted,1,baseline,measured,100,61,791.0,,100,1029.71235,state_verified
accepted,1,baseline,measured,100,62,859.0,,100,1029.71235,state_verified
accepted,1,baseline,measured,100,63,846.0,,100,1029.71235,state_verified
accepted,1,baseline,measured,100,64,895.0,,100,1029.71235,state_verified
accepted,1,baseline,measured,100,65,1009.0,,100,1029.71235,state_verified
accepted,1,baseline,measured,100,66,1234.0,,100,1029.71235,state_verified
accepted,1,baseline,measured,100,67,1003.0,,100,1029.71235,state_verified
accepted,1,baseline,measured,100,68,917.0,,100,1029.71235,state_verified
accepted,1,baseline,measured,100,69,911.0,,100,1029.71235,state_verified
accepted,1,baseline,measured,100,70,915.0,,100,1029.71235,state_verified
accepted,1,baseline,measured,100,71,933.0,,100,1029.71235,state_verified
accepted,1,baseline,measured,100,72,968.0,,100,1029.71235,state_verified
accepted,1,baseline,measured,100,73,785.0,,100,1029.71235,state_verified
accepted,1,baseline,measured,100,74,848.0,,100,1029.71235,state_verified
accepted,1,baseline,measured,100,75,972.0,,100,1029.71235,state_verified
accepted,1,baseline,measured,100,76,720.0,,100,1029.71235,state_verified
accepted,1,baseline,measured,100,77,890.0,,100,1029.71235,state_verified
accepted,1,baseline,measured,100,78,778.0,,100,1029.71235,state_verified
accepted,1,baseline,measured,100,79,874.0,,100,1029.71235,state_verified
accepted,1,baseline,measured,100,80,778.0,,100,1029.71235,state_verified
accepted,1,baseline,measured,100,81,783.0,,100,1029.71235,state_verified
accepted,1,baseline,measured,100,82,756.0,,100,1029.71235,state_verified
accepted,1,baseline,measured,100,83,839.0,,100,1029.71235,state_verified
accepted,1,baseline,measured,100,84,922.0,,100,1029.71235,state_verified
accepted,1,baseline,measured,100,85,1052.0,,100,1029.71235,state_verified
accepted,1,baseline,measured,100,86,1085.0,,100,1029.71235,state_verified
accepted,1,baseline,measured,100,87,1122.0,,100,1029.71235,state_verified
accepted,1,baseline,measured,100,88,882.0,,100,1029.71235,state_verified
accepted,1,baseline,measured,100,89,883.0,,100,1029.71235,state_verified
accepted,1,baseline,measured,100,90,705.0,,100,1029.71235,state_verified
accepted,1,baseline,measured,100,91,743.0,,100,1029.71235,state_verified
accepted,1,baseline,measured,100,92,860.0,,100,1029.71235,state_verified
accepted,1,baseline,measured,100,93,1100.0,,100,1029.71235,state_verified
accepted,1,baseline,measured,100,94,1064.0,,100,1029.71235,state_verified
accepted,1,baseline,measured,100,95,1314.0,,100,1029.71235,state_verified
accepted,1,baseline,measured,100,96,795.0,,100,1029.71235,state_verified
accepted,1,baseline,measured,100,97,736.0,,100,1029.71235,state_verified
accepted,1,baseline,measured,100,98,708.0,,100,1029.71235,state_verified
accepted,1,baseline,measured,100,99,792.0,,100,1029.71235,state_verified
accepted,1,baseline,measured,100,100,773.0,,100,1029.71235,state_verified
accepted,1,baseline,measured,100,101,910.0,,100,1029.71235,state_verified
accepted,1,baseline,measured,100,102,816.0,,100,1029.71235,state_verified
accepted,1,baseline,measured,100,103,852.0,,100,1029.71235,state_verified
accepted,1,baseline,measured,100,104,944.0,,100,1029.71235,state_verified
accepted,1,baseline,measured,100,105,803.0,,100,1029.71235,state_verified
accepted,1,baseline,measured,100,106,927.0,,100,1029.71235,state_verified
accepted,1,baseline,measured,100,107,804.0,,100,1029.71235,state_verified
accepted,1,baseline,measured,100,108,913.0,,100,1029.71235,state_verified
accepted,1,baseline,measured,100,109,858.0,,100,1029.71235,state_verified
accepted,1,baseline,measured,100,110,786.0,,100,1029.71235,state_verified
accepted,1,baseline,measured,100,111,915.0,,100,1029.71235,state_verified
accepted,1,baseline,measured,100,112,1006.0,,100,1029.71235,state_verified
accepted,1,baseline,measured,100,113,1019.0,,100,1029.71235,state_verified
accepted,1,baseline,measured,100,114,840.0,,100,1029.71235,state_verified
accepted,1,baseline,measured,100,115,884.0,,100,1029.71235,state_verified
accepted,1,baseline,measured,100,116,1183.0,,100,1029.71235,state_verified
accepted,1,baseline,measured,100,117,1234.0,,100,1029.71235,state_verified
accepted,1,baseline,measured,100,118,1276.0,,100,1029.71235,state_verified
accepted,1,baseline,measured,100,119,1279.0,,100,1029.71235,state_verified
accepted,1,baseline,measured,100,120,862.0,,100,1029.71235,state_verified
accepted,1,baseline,measured,100,121,851.0,,100,1029.71235,state_verified
accepted,1,baseline,measured,100,122,943.0,,100,1029.71235,state_verified
accepted,1,baseline,measured,100,123,841.0,,100,1029.71235,state_verified
accepted,1,baseline,measured,100,124,917.0,,100,1029.71235,state_verified
accepted,1,baseline,measured,100,125,797.0,,100,1029.71235,state_verified
accepted,1,baseline,measured,100,126,877.0,,100,1029.71235,state_verified
accepted,1,baseline,measured,100,127,886.0,,100,1029.71235,state_verified
accepted,1,baseline,measured,100,128,822.0,,100,1029.71235,state_verified
accepted,1,baseline,measured,100,129,1045.0,,100,1029.71235,state_verified
accepted,1,baseline,measured,100,130,935.0,,100,1029.71235,state_verified
accepted,1,baseline,measured,100,131,915.0,,100,1029.71235,state_verified
accepted,1,baseline,measured,100,132,929.0,,100,1029.71235,state_verified
accepted,1,baseline,measured,100,133,828.0,,100,1029.71235,state_verified
accepted,1,baseline,measured,100,134,1104.0,,100,1029.71235,state_verified
accepted,1,baseline,measured,100,135,901.0,,100,1029.71235,state_verified
accepted,1,baseline,measured,100,136,880.0,,100,1029.71235,state_verified
accepted,1,baseline,measured,100,137,910.0,,100,1029.71235,state_verified
accepted,1,baseline,measured,100,138,914.0,,100,1029.71235,state_verified
accepted,1,baseline,measured,100,139,1004.0,,100,1029.71235,state_verified
accepted,1,baseline,measured,100,140,826.0,,100,1029.71235,state_verified
accepted,1,baseline,measured,100,141,892.0,,100,1029.71235,state_verified
accepted,1,baseline,measured,100,142,833.0,,100,1029.71235,state_verified
accepted,1,baseline,measured,100,143,940.0,,100,1029.71235,state_verified
accepted,1,baseline,measured,100,144,860.0,,100,1029.71235,state_verified
accepted,1,baseline,measured,100,145,769.0,,100,1029.71235,state_verified
accepted,1,baseline,measured,100,146,1158.0,,100,1029.71235,state_verified
accepted,1,baseline,measured,100,147,899.0,,100,1029.71235,state_verified
accepted,1,baseline,measured,100,148,895.0,,100,1029.71235,state_verified
accepted,1,baseline,measured,100,149,876.0,,100,1029.71235,state_verified
accepted,1,baseline,measured,100,150,886.0,,100,1029.71235,state_verified
accepted,1,baseline,measured,100,151,945.0,,100,1029.71235,state_verified
accepted,1,baseline,measured,100,152,918.0,,100,1029.71235,state_verified
accepted,1,baseline,measured,100,153,1004.0,,100,1029.71235,state_verified
accepted,1,baseline,measured,100,154,958.0,,100,1029.71235,state_verified
accepted,1,baseline,measured,100,155,819.0,,100,1029.71235,state_verified
accepted,1,baseline,measured,100,156,1312.0,,100,1029.71235,state_verified
accepted,1,baseline,measured,100,157,1117.0,,100,1029.71235,state_verified
accepted,1,baseline,measured,100,158,1152.0,,100,1029.71235,state_verified
accepted,1,baseline,measured,100,159,1160.0,,100,1029.71235,state_verified
accepted,1,baseline,measured,100,160,975.0,,100,1029.71235,state_verified
accepted,1,baseline,measured,100,161,947.0,,100,1029.71235,state_verified
accepted,1,baseline,measured,100,162,982.0,,100,1029.71235,state_verified
accepted,1,baseline,measured,100,163,1121.0,,100,1029.71235,state_verified
accepted,1,baseline,measured,100,164,987.0,,100,1029.71235,state_verified
accepted,1,baseline,measured,100,165,1360.0,,100,1029.71235,state_verified
accepted,1,baseline,measured,100,166,1196.0,,100,1029.71235,state_verified
accepted,1,baseline,measured,100,167,1206.0,,100,1029.71235,state_verified
accepted,1,baseline,measured,100,168,1129.0,,100,1029.71235,state_verified
accepted,1,baseline,measured,100,169,828.0,,100,1029.71235,state_verified
accepted,1,baseline,measured,100,170,855.0,,100,1029.71235,state_verified
accepted,1,baseline,measured,100,171,981.0,,100,1029.71235,state_verified
accepted,1,baseline,measured,100,172,871.0,,100,1029.71235,state_verified
accepted,1,baseline,measured,100,173,759.0,,100,1029.71235,state_verified
accepted,1,baseline,measured,100,174,818.0,,100,1029.71235,state_verified
accepted,1,baseline,measured,100,175,1092.0,,100,1029.71235,state_verified
accepted,1,baseline,measured,100,176,1491.0,,100,1029.71235,state_verified
accepted,1,baseline,measured,100,177,1453.0,,100,1029.71235,state_verified
accepted,1,baseline,measured,100,178,1318.0,,100,1029.71235,state_verified
accepted,1,baseline,measured,100,179,1327.0,,100,1029.71235,state_verified
accepted,1,baseline,measured,100,180,852.0,,100,1029.71235,state_verified
accepted,1,baseline,measured,100,181,842.0,,100,1029.71235,state_verified
accepted,1,baseline,measured,100,182,878.0,,100,1029.71235,state_verified
accepted,1,baseline,measured,100,183,743.0,,100,1029.71235,state_verified
accepted,1,baseline,measured,100,184,873.0,,100,1029.71235,state_verified
accepted,1,baseline,measured,100,185,972.0,,100,1029.71235,state_verified
accepted,1,baseline,measured,100,186,875.0,,100,1029.71235,state_verified
accepted,1,baseline,measured,100,187,1062.0,,100,1029.71235,state_verified
accepted,1,baseline,measured,100,188,782.0,,100,1029.71235,state_verified
accepted,1,baseline,measured,100,189,814.0,,100,1029.71235,state_verified
accepted,1,baseline,measured,100,190,857.0,,100,1029.71235,state_verified
accepted,1,baseline,measured,100,191,859.0,,100,1029.71235,state_verified
accepted,1,baseline,measured,100,192,878.0,,100,1029.71235,state_verified
accepted,1,baseline,measured,100,193,894.0,,100,1029.71235,state_verified
accepted,1,baseline,measured,100,194,861.0,,100,1029.71235,state_verified
accepted,1,baseline,measured,100,195,899.0,,100,1029.71235,state_verified
accepted,1,baseline,measured,100,196,852.0,,100,1029.71235,state_verified
accepted,1,baseline,measured,100,197,956.0,,100,1029.71235,state_verified
accepted,1,baseline,measured,100,198,997.0,,100,1029.71235,state_verified
accepted,1,baseline,measured,100,199,993.0,,100,1029.71235,state_verified
accepted,1,baseline,measured,100,200,860.0,,100,1029.71235,state_verified
accepted,1,protected,measured,100,1,4753.0,,100,648.603071,state_verified
accepted,1,protected,measured,100,2,1831.0,,100,648.603071,state_verified
accepted,1,protected,measured,100,3,1765.0,,100,648.603071,state_verified
accepted,1,protected,measured,100,4,1975.0,,100,648.603071,state_verified
accepted,1,protected,measured,100,5,1622.0,,100,648.603071,state_verified
accepted,1,protected,measured,100,6,1866.0,,100,648.603071,state_verified
accepted,1,protected,measured,100,7,1781.0,,100,648.603071,state_verified
accepted,1,protected,measured,100,8,1969.0,,100,648.603071,state_verified
accepted,1,protected,measured,100,9,2003.0,,100,648.603071,state_verified
accepted,1,protected,measured,100,10,2083.0,,100,648.603071,state_verified
accepted,1,protected,measured,100,11,1827.0,,100,648.603071,state_verified
accepted,1,protected,measured,100,12,1945.0,,100,648.603071,state_verified
accepted,1,protected,measured,100,13,1447.0,,100,648.603071,state_verified
accepted,1,protected,measured,100,14,1717.0,,100,648.603071,state_verified
accepted,1,protected,measured,100,15,1791.0,,100,648.603071,state_verified
accepted,1,protected,measured,100,16,1645.0,,100,648.603071,state_verified
accepted,1,protected,measured,100,17,1697.0,,100,648.603071,state_verified
accepted,1,protected,measured,100,18,1467.0,,100,648.603071,state_verified
accepted,1,protected,measured,100,19,1619.0,,100,648.603071,state_verified
accepted,1,protected,measured,100,20,1413.0,,100,648.603071,state_verified
accepted,1,protected,measured,100,21,1637.0,,100,648.603071,state_verified
accepted,1,protected,measured,100,22,1778.0,,100,648.603071,state_verified
accepted,1,protected,measured,100,23,1590.0,,100,648.603071,state_verified
accepted,1,protected,measured,100,24,1486.0,,100,648.603071,state_verified
accepted,1,protected,measured,100,25,1484.0,,100,648.603071,state_verified
accepted,1,protected,measured,100,26,1561.0,,100,648.603071,state_verified
accepted,1,protected,measured,100,27,1472.0,,100,648.603071,state_verified
accepted,1,protected,measured,100,28,1421.0,,100,648.603071,state_verified
accepted,1,protected,measured,100,29,1331.0,,100,648.603071,state_verified
accepted,1,protected,measured,100,30,1618.0,,100,648.603071,state_verified
accepted,1,protected,measured,100,31,1463.0,,100,648.603071,state_verified
accepted,1,protected,measured,100,32,1436.0,,100,648.603071,state_verified
accepted,1,protected,measured,100,33,1283.0,,100,648.603071,state_verified
accepted,1,protected,measured,100,34,1489.0,,100,648.603071,state_verified
accepted,1,protected,measured,100,35,1438.0,,100,648.603071,state_verified
accepted,1,protected,measured,100,36,1273.0,,100,648.603071,state_verified
accepted,1,protected,measured,100,37,1697.0,,100,648.603071,state_verified
accepted,1,protected,measured,100,38,1665.0,,100,648.603071,state_verified
accepted,1,protected,measured,100,39,1688.0,,100,648.603071,state_verified
accepted,1,protected,measured,100,40,1455.0,,100,648.603071,state_verified
accepted,1,protected,measured,100,41,1204.0,,100,648.603071,state_verified
accepted,1,protected,measured,100,42,1391.0,,100,648.603071,state_verified
accepted,1,protected,measured,100,43,1637.0,,100,648.603071,state_verified
accepted,1,protected,measured,100,44,1669.0,,100,648.603071,state_verified
accepted,1,protected,measured,100,45,1513.0,,100,648.603071,state_verified
accepted,1,protected,measured,100,46,1550.0,,100,648.603071,state_verified
accepted,1,protected,measured,100,47,1576.0,,100,648.603071,state_verified
accepted,1,protected,measured,100,48,1748.0,,100,648.603071,state_verified
accepted,1,protected,measured,100,49,1755.0,,100,648.603071,state_verified
accepted,1,protected,measured,100,50,1545.0,,100,648.603071,state_verified
accepted,1,protected,measured,100,51,1467.0,,100,648.603071,state_verified
accepted,1,protected,measured,100,52,1681.0,,100,648.603071,state_verified
accepted,1,protected,measured,100,53,1522.0,,100,648.603071,state_verified
accepted,1,protected,measured,100,54,1715.0,,100,648.603071,state_verified
accepted,1,protected,measured,100,55,1859.0,,100,648.603071,state_verified
accepted,1,protected,measured,100,56,1577.0,,100,648.603071,state_verified
accepted,1,protected,measured,100,57,1508.0,,100,648.603071,state_verified
accepted,1,protected,measured,100,58,1502.0,,100,648.603071,state_verified
accepted,1,protected,measured,100,59,1750.0,,100,648.603071,state_verified
accepted,1,protected,measured,100,60,1575.0,,100,648.603071,state_verified
accepted,1,protected,measured,100,61,1601.0,,100,648.603071,state_verified
accepted,1,protected,measured,100,62,1746.0,,100,648.603071,state_verified
accepted,1,protected,measured,100,63,1655.0,,100,648.603071,state_verified
accepted,1,protected,measured,100,64,1782.0,,100,648.603071,state_verified
accepted,1,protected,measured,100,65,1506.0,,100,648.603071,state_verified
accepted,1,protected,measured,100,66,1520.0,,100,648.603071,state_verified
accepted,1,protected,measured,100,67,1516.0,,100,648.603071,state_verified
accepted,1,protected,measured,100,68,1525.0,,100,648.603071,state_verified
accepted,1,protected,measured,100,69,1624.0,,100,648.603071,state_verified
accepted,1,protected,measured,100,70,1510.0,,100,648.603071,state_verified
accepted,1,protected,measured,100,71,2016.0,,100,648.603071,state_verified
accepted,1,protected,measured,100,72,2038.0,,100,648.603071,state_verified
accepted,1,protected,measured,100,73,1912.0,,100,648.603071,state_verified
accepted,1,protected,measured,100,74,1934.0,,100,648.603071,state_verified
accepted,1,protected,measured,100,75,1699.0,,100,648.603071,state_verified
accepted,1,protected,measured,100,76,1444.0,,100,648.603071,state_verified
accepted,1,protected,measured,100,77,1453.0,,100,648.603071,state_verified
accepted,1,protected,measured,100,78,1289.0,,100,648.603071,state_verified
accepted,1,protected,measured,100,79,1394.0,,100,648.603071,state_verified
accepted,1,protected,measured,100,80,1357.0,,100,648.603071,state_verified
accepted,1,protected,measured,100,81,1432.0,,100,648.603071,state_verified
accepted,1,protected,measured,100,82,1471.0,,100,648.603071,state_verified
accepted,1,protected,measured,100,83,1278.0,,100,648.603071,state_verified
accepted,1,protected,measured,100,84,1321.0,,100,648.603071,state_verified
accepted,1,protected,measured,100,85,1677.0,,100,648.603071,state_verified
accepted,1,protected,measured,100,86,1387.0,,100,648.603071,state_verified
accepted,1,protected,measured,100,87,1487.0,,100,648.603071,state_verified
accepted,1,protected,measured,100,88,1514.0,,100,648.603071,state_verified
accepted,1,protected,measured,100,89,1640.0,,100,648.603071,state_verified
accepted,1,protected,measured,100,90,1338.0,,100,648.603071,state_verified
accepted,1,protected,measured,100,91,1558.0,,100,648.603071,state_verified
accepted,1,protected,measured,100,92,1648.0,,100,648.603071,state_verified
accepted,1,protected,measured,100,93,1450.0,,100,648.603071,state_verified
accepted,1,protected,measured,100,94,1327.0,,100,648.603071,state_verified
accepted,1,protected,measured,100,95,1579.0,,100,648.603071,state_verified
accepted,1,protected,measured,100,96,1240.0,,100,648.603071,state_verified
accepted,1,protected,measured,100,97,1327.0,,100,648.603071,state_verified
accepted,1,protected,measured,100,98,1385.0,,100,648.603071,state_verified
accepted,1,protected,measured,100,99,1343.0,,100,648.603071,state_verified
accepted,1,protected,measured,100,100,1498.0,,100,648.603071,state_verified
accepted,1,protected,measured,100,101,1397.0,,100,648.603071,state_verified
accepted,1,protected,measured,100,102,1552.0,,100,648.603071,state_verified
accepted,1,protected,measured,100,103,1376.0,,100,648.603071,state_verified
accepted,1,protected,measured,100,104,1570.0,,100,648.603071,state_verified
accepted,1,protected,measured,100,105,1219.0,,100,648.603071,state_verified
accepted,1,protected,measured,100,106,1282.0,,100,648.603071,state_verified
accepted,1,protected,measured,100,107,1213.0,,100,648.603071,state_verified
accepted,1,protected,measured,100,108,1566.0,,100,648.603071,state_verified
accepted,1,protected,measured,100,109,1304.0,,100,648.603071,state_verified
accepted,1,protected,measured,100,110,1387.0,,100,648.603071,state_verified
accepted,1,protected,measured,100,111,1477.0,,100,648.603071,state_verified
accepted,1,protected,measured,100,112,1622.0,,100,648.603071,state_verified
accepted,1,protected,measured,100,113,1301.0,,100,648.603071,state_verified
accepted,1,protected,measured,100,114,1215.0,,100,648.603071,state_verified
accepted,1,protected,measured,100,115,1294.0,,100,648.603071,state_verified
accepted,1,protected,measured,100,116,1275.0,,100,648.603071,state_verified
accepted,1,protected,measured,100,117,1345.0,,100,648.603071,state_verified
accepted,1,protected,measured,100,118,1650.0,,100,648.603071,state_verified
accepted,1,protected,measured,100,119,1684.0,,100,648.603071,state_verified
accepted,1,protected,measured,100,120,1421.0,,100,648.603071,state_verified
accepted,1,protected,measured,100,121,1531.0,,100,648.603071,state_verified
accepted,1,protected,measured,100,122,1446.0,,100,648.603071,state_verified
accepted,1,protected,measured,100,123,1296.0,,100,648.603071,state_verified
accepted,1,protected,measured,100,124,1443.0,,100,648.603071,state_verified
accepted,1,protected,measured,100,125,1325.0,,100,648.603071,state_verified
accepted,1,protected,measured,100,126,1304.0,,100,648.603071,state_verified
accepted,1,protected,measured,100,127,1566.0,,100,648.603071,state_verified
accepted,1,protected,measured,100,128,1337.0,,100,648.603071,state_verified
accepted,1,protected,measured,100,129,1564.0,,100,648.603071,state_verified
accepted,1,protected,measured,100,130,1629.0,,100,648.603071,state_verified
accepted,1,protected,measured,100,131,1695.0,,100,648.603071,state_verified
accepted,1,protected,measured,100,132,1735.0,,100,648.603071,state_verified
accepted,1,protected,measured,100,133,1450.0,,100,648.603071,state_verified
accepted,1,protected,measured,100,134,1830.0,,100,648.603071,state_verified
accepted,1,protected,measured,100,135,1809.0,,100,648.603071,state_verified
accepted,1,protected,measured,100,136,1829.0,,100,648.603071,state_verified
accepted,1,protected,measured,100,137,1813.0,,100,648.603071,state_verified
accepted,1,protected,measured,100,138,1647.0,,100,648.603071,state_verified
accepted,1,protected,measured,100,139,1416.0,,100,648.603071,state_verified
accepted,1,protected,measured,100,140,1455.0,,100,648.603071,state_verified
accepted,1,protected,measured,100,141,1512.0,,100,648.603071,state_verified
accepted,1,protected,measured,100,142,1437.0,,100,648.603071,state_verified
accepted,1,protected,measured,100,143,1480.0,,100,648.603071,state_verified
accepted,1,protected,measured,100,144,1387.0,,100,648.603071,state_verified
accepted,1,protected,measured,100,145,1421.0,,100,648.603071,state_verified
accepted,1,protected,measured,100,146,1491.0,,100,648.603071,state_verified
accepted,1,protected,measured,100,147,1473.0,,100,648.603071,state_verified
accepted,1,protected,measured,100,148,1417.0,,100,648.603071,state_verified
accepted,1,protected,measured,100,149,1312.0,,100,648.603071,state_verified
accepted,1,protected,measured,100,150,1664.0,,100,648.603071,state_verified
accepted,1,protected,measured,100,151,1458.0,,100,648.603071,state_verified
accepted,1,protected,measured,100,152,1620.0,,100,648.603071,state_verified
accepted,1,protected,measured,100,153,1474.0,,100,648.603071,state_verified
accepted,1,protected,measured,100,154,1547.0,,100,648.603071,state_verified
accepted,1,protected,measured,100,155,1221.0,,100,648.603071,state_verified
accepted,1,protected,measured,100,156,1546.0,,100,648.603071,state_verified
accepted,1,protected,measured,100,157,1330.0,,100,648.603071,state_verified
accepted,1,protected,measured,100,158,1434.0,,100,648.603071,state_verified
accepted,1,protected,measured,100,159,1384.0,,100,648.603071,state_verified
accepted,1,protected,measured,100,160,1275.0,,100,648.603071,state_verified
accepted,1,protected,measured,100,161,1460.0,,100,648.603071,state_verified
accepted,1,protected,measured,100,162,1572.0,,100,648.603071,state_verified
accepted,1,protected,measured,100,163,1536.0,,100,648.603071,state_verified
accepted,1,protected,measured,100,164,1604.0,,100,648.603071,state_verified
accepted,1,protected,measured,100,165,1253.0,,100,648.603071,state_verified
accepted,1,protected,measured,100,166,1538.0,,100,648.603071,state_verified
accepted,1,protected,measured,100,167,1434.0,,100,648.603071,state_verified
accepted,1,protected,measured,100,168,1196.0,,100,648.603071,state_verified
accepted,1,protected,measured,100,169,1328.0,,100,648.603071,state_verified
accepted,1,protected,measured,100,170,1305.0,,100,648.603071,state_verified
accepted,1,protected,measured,100,171,1245.0,,100,648.603071,state_verified
accepted,1,protected,measured,100,172,1198.0,,100,648.603071,state_verified
accepted,1,protected,measured,100,173,1222.0,,100,648.603071,state_verified
accepted,1,protected,measured,100,174,1265.0,,100,648.603071,state_verified
accepted,1,protected,measured,100,175,1386.0,,100,648.603071,state_verified
accepted,1,protected,measured,100,176,1270.0,,100,648.603071,state_verified
accepted,1,protected,measured,100,177,1488.0,,100,648.603071,state_verified
accepted,1,protected,measured,100,178,1284.0,,100,648.603071,state_verified
accepted,1,protected,measured,100,179,1670.0,,100,648.603071,state_verified
accepted,1,protected,measured,100,180,1457.0,,100,648.603071,state_verified
accepted,1,protected,measured,100,181,1261.0,,100,648.603071,state_verified
accepted,1,protected,measured,100,182,1321.0,,100,648.603071,state_verified
accepted,1,protected,measured,100,183,1204.0,,100,648.603071,state_verified
accepted,1,protected,measured,100,184,1372.0,,100,648.603071,state_verified
accepted,1,protected,measured,100,185,1585.0,,100,648.603071,state_verified
accepted,1,protected,measured,100,186,1616.0,,100,648.603071,state_verified
accepted,1,protected,measured,100,187,1743.0,,100,648.603071,state_verified
accepted,1,protected,measured,100,188,1200.0,,100,648.603071,state_verified
accepted,1,protected,measured,100,189,1367.0,,100,648.603071,state_verified
accepted,1,protected,measured,100,190,1395.0,,100,648.603071,state_verified
accepted,1,protected,measured,100,191,1510.0,,100,648.603071,state_verified
accepted,1,protected,measured,100,192,1228.0,,100,648.603071,state_verified
accepted,1,protected,measured,100,193,1287.0,,100,648.603071,state_verified
accepted,1,protected,measured,100,194,1372.0,,100,648.603071,state_verified
accepted,1,protected,measured,100,195,1333.0,,100,648.603071,state_verified
accepted,1,protected,measured,100,196,1273.0,,100,648.603071,state_verified
accepted,1,protected,measured,100,197,1301.0,,100,648.603071,state_verified
accepted,1,protected,measured,100,198,1544.0,,100,648.603071,state_verified
accepted,1,protected,measured,100,199,1954.0,,100,648.603071,state_verified
accepted,1,protected,measured,100,200,2005.0,,100,648.603071,state_verified
accepted,1,baseline,measured,users,1,2900.0,,1,1560.573667,state_verified
accepted,1,baseline,measured,users,2,739.0,,1,1560.573667,state_verified
accepted,1,baseline,measured,users,3,630.0,,1,1560.573667,state_verified
accepted,1,baseline,measured,users,4,685.0,,1,1560.573667,state_verified
accepted,1,baseline,measured,users,5,700.0,,1,1560.573667,state_verified
accepted,1,baseline,measured,users,6,665.0,,1,1560.573667,state_verified
accepted,1,baseline,measured,users,7,639.0,,1,1560.573667,state_verified
accepted,1,baseline,measured,users,8,762.0,,1,1560.573667,state_verified
accepted,1,baseline,measured,users,9,690.0,,1,1560.573667,state_verified
accepted,1,baseline,measured,users,10,649.0,,1,1560.573667,state_verified
accepted,1,baseline,measured,users,11,607.0,,1,1560.573667,state_verified
accepted,1,baseline,measured,users,12,636.0,,1,1560.573667,state_verified
accepted,1,baseline,measured,users,13,617.0,,1,1560.573667,state_verified
accepted,1,baseline,measured,users,14,618.0,,1,1560.573667,state_verified
accepted,1,baseline,measured,users,15,645.0,,1,1560.573667,state_verified
accepted,1,baseline,measured,users,16,705.0,,1,1560.573667,state_verified
accepted,1,baseline,measured,users,17,724.0,,1,1560.573667,state_verified
accepted,1,baseline,measured,users,18,735.0,,1,1560.573667,state_verified
accepted,1,baseline,measured,users,19,651.0,,1,1560.573667,state_verified
accepted,1,baseline,measured,users,20,613.0,,1,1560.573667,state_verified
accepted,1,baseline,measured,users,21,599.0,,1,1560.573667,state_verified
accepted,1,baseline,measured,users,22,608.0,,1,1560.573667,state_verified
accepted,1,baseline,measured,users,23,627.0,,1,1560.573667,state_verified
accepted,1,baseline,measured,users,24,647.0,,1,1560.573667,state_verified
accepted,1,baseline,measured,users,25,629.0,,1,1560.573667,state_verified
accepted,1,baseline,measured,users,26,620.0,,1,1560.573667,state_verified
accepted,1,baseline,measured,users,27,657.0,,1,1560.573667,state_verified
accepted,1,baseline,measured,users,28,684.0,,1,1560.573667,state_verified
accepted,1,baseline,measured,users,29,719.0,,1,1560.573667,state_verified
accepted,1,baseline,measured,users,30,740.0,,1,1560.573667,state_verified
accepted,1,baseline,measured,users,31,719.0,,1,1560.573667,state_verified
accepted,1,baseline,measured,users,32,692.0,,1,1560.573667,state_verified
accepted,1,baseline,measured,users,33,768.0,,1,1560.573667,state_verified
accepted,1,baseline,measured,users,34,734.0,,1,1560.573667,state_verified
accepted,1,baseline,measured,users,35,663.0,,1,1560.573667,state_verified
accepted,1,baseline,measured,users,36,600.0,,1,1560.573667,state_verified
accepted,1,baseline,measured,users,37,661.0,,1,1560.573667,state_verified
accepted,1,baseline,measured,users,38,675.0,,1,1560.573667,state_verified
accepted,1,baseline,measured,users,39,885.0,,1,1560.573667,state_verified
accepted,1,baseline,measured,users,40,534.0,,1,1560.573667,state_verified
accepted,1,baseline,measured,users,41,515.0,,1,1560.573667,state_verified
accepted,1,baseline,measured,users,42,857.0,,1,1560.573667,state_verified
accepted,1,baseline,measured,users,43,2173.0,,1,1560.573667,state_verified
accepted,1,baseline,measured,users,44,1097.0,,1,1560.573667,state_verified
accepted,1,baseline,measured,users,45,1158.0,,1,1560.573667,state_verified
accepted,1,baseline,measured,users,46,660.0,,1,1560.573667,state_verified
accepted,1,baseline,measured,users,47,700.0,,1,1560.573667,state_verified
accepted,1,baseline,measured,users,48,742.0,,1,1560.573667,state_verified
accepted,1,baseline,measured,users,49,743.0,,1,1560.573667,state_verified
accepted,1,baseline,measured,users,50,754.0,,1,1560.573667,state_verified
accepted,1,baseline,measured,users,51,970.0,,1,1560.573667,state_verified
accepted,1,baseline,measured,users,52,714.0,,1,1560.573667,state_verified
accepted,1,baseline,measured,users,53,682.0,,1,1560.573667,state_verified
accepted,1,baseline,measured,users,54,691.0,,1,1560.573667,state_verified
accepted,1,baseline,measured,users,55,664.0,,1,1560.573667,state_verified
accepted,1,baseline,measured,users,56,636.0,,1,1560.573667,state_verified
accepted,1,baseline,measured,users,57,659.0,,1,1560.573667,state_verified
accepted,1,baseline,measured,users,58,557.0,,1,1560.573667,state_verified
accepted,1,baseline,measured,users,59,501.0,,1,1560.573667,state_verified
accepted,1,baseline,measured,users,60,528.0,,1,1560.573667,state_verified
accepted,1,baseline,measured,users,61,522.0,,1,1560.573667,state_verified
accepted,1,baseline,measured,users,62,588.0,,1,1560.573667,state_verified
accepted,1,baseline,measured,users,63,593.0,,1,1560.573667,state_verified
accepted,1,baseline,measured,users,64,668.0,,1,1560.573667,state_verified
accepted,1,baseline,measured,users,65,656.0,,1,1560.573667,state_verified
accepted,1,baseline,measured,users,66,496.0,,1,1560.573667,state_verified
accepted,1,baseline,measured,users,67,489.0,,1,1560.573667,state_verified
accepted,1,baseline,measured,users,68,498.0,,1,1560.573667,state_verified
accepted,1,baseline,measured,users,69,489.0,,1,1560.573667,state_verified
accepted,1,baseline,measured,users,70,504.0,,1,1560.573667,state_verified
accepted,1,baseline,measured,users,71,519.0,,1,1560.573667,state_verified
accepted,1,baseline,measured,users,72,505.0,,1,1560.573667,state_verified
accepted,1,baseline,measured,users,73,508.0,,1,1560.573667,state_verified
accepted,1,baseline,measured,users,74,503.0,,1,1560.573667,state_verified
accepted,1,baseline,measured,users,75,512.0,,1,1560.573667,state_verified
accepted,1,baseline,measured,users,76,522.0,,1,1560.573667,state_verified
accepted,1,baseline,measured,users,77,627.0,,1,1560.573667,state_verified
accepted,1,baseline,measured,users,78,627.0,,1,1560.573667,state_verified
accepted,1,baseline,measured,users,79,653.0,,1,1560.573667,state_verified
accepted,1,baseline,measured,users,80,649.0,,1,1560.573667,state_verified
accepted,1,baseline,measured,users,81,645.0,,1,1560.573667,state_verified
accepted,1,baseline,measured,users,82,608.0,,1,1560.573667,state_verified
accepted,1,baseline,measured,users,83,605.0,,1,1560.573667,state_verified
accepted,1,baseline,measured,users,84,581.0,,1,1560.573667,state_verified
accepted,1,baseline,measured,users,85,531.0,,1,1560.573667,state_verified
accepted,1,baseline,measured,users,86,526.0,,1,1560.573667,state_verified
accepted,1,baseline,measured,users,87,562.0,,1,1560.573667,state_verified
accepted,1,baseline,measured,users,88,511.0,,1,1560.573667,state_verified
accepted,1,baseline,measured,users,89,515.0,,1,1560.573667,state_verified
accepted,1,baseline,measured,users,90,525.0,,1,1560.573667,state_verified
accepted,1,baseline,measured,users,91,529.0,,1,1560.573667,state_verified
accepted,1,baseline,measured,users,92,588.0,,1,1560.573667,state_verified
accepted,1,baseline,measured,users,93,598.0,,1,1560.573667,state_verified
accepted,1,baseline,measured,users,94,574.0,,1,1560.573667,state_verified
accepted,1,baseline,measured,users,95,544.0,,1,1560.573667,state_verified
accepted,1,baseline,measured,users,96,526.0,,1,1560.573667,state_verified
accepted,1,baseline,measured,users,97,522.0,,1,1560.573667,state_verified
accepted,1,baseline,measured,users,98,515.0,,1,1560.573667,state_verified
accepted,1,baseline,measured,users,99,550.0,,1,1560.573667,state_verified
accepted,1,baseline,measured,users,100,518.0,,1,1560.573667,state_verified
accepted,1,baseline,measured,users,101,547.0,,1,1560.573667,state_verified
accepted,1,baseline,measured,users,102,564.0,,1,1560.573667,state_verified
accepted,1,baseline,measured,users,103,529.0,,1,1560.573667,state_verified
accepted,1,baseline,measured,users,104,533.0,,1,1560.573667,state_verified
accepted,1,baseline,measured,users,105,708.0,,1,1560.573667,state_verified
accepted,1,baseline,measured,users,106,1189.0,,1,1560.573667,state_verified
accepted,1,baseline,measured,users,107,1644.0,,1,1560.573667,state_verified
accepted,1,baseline,measured,users,108,1132.0,,1,1560.573667,state_verified
accepted,1,baseline,measured,users,109,1009.0,,1,1560.573667,state_verified
accepted,1,baseline,measured,users,110,641.0,,1,1560.573667,state_verified
accepted,1,baseline,measured,users,111,529.0,,1,1560.573667,state_verified
accepted,1,baseline,measured,users,112,519.0,,1,1560.573667,state_verified
accepted,1,baseline,measured,users,113,512.0,,1,1560.573667,state_verified
accepted,1,baseline,measured,users,114,535.0,,1,1560.573667,state_verified
accepted,1,baseline,measured,users,115,526.0,,1,1560.573667,state_verified
accepted,1,baseline,measured,users,116,537.0,,1,1560.573667,state_verified
accepted,1,baseline,measured,users,117,507.0,,1,1560.573667,state_verified
accepted,1,baseline,measured,users,118,502.0,,1,1560.573667,state_verified
accepted,1,baseline,measured,users,119,497.0,,1,1560.573667,state_verified
accepted,1,baseline,measured,users,120,502.0,,1,1560.573667,state_verified
accepted,1,baseline,measured,users,121,495.0,,1,1560.573667,state_verified
accepted,1,baseline,measured,users,122,507.0,,1,1560.573667,state_verified
accepted,1,baseline,measured,users,123,513.0,,1,1560.573667,state_verified
accepted,1,baseline,measured,users,124,507.0,,1,1560.573667,state_verified
accepted,1,baseline,measured,users,125,506.0,,1,1560.573667,state_verified
accepted,1,baseline,measured,users,126,508.0,,1,1560.573667,state_verified
accepted,1,baseline,measured,users,127,530.0,,1,1560.573667,state_verified
accepted,1,baseline,measured,users,128,538.0,,1,1560.573667,state_verified
accepted,1,baseline,measured,users,129,624.0,,1,1560.573667,state_verified
accepted,1,baseline,measured,users,130,589.0,,1,1560.573667,state_verified
accepted,1,baseline,measured,users,131,572.0,,1,1560.573667,state_verified
accepted,1,baseline,measured,users,132,643.0,,1,1560.573667,state_verified
accepted,1,baseline,measured,users,133,595.0,,1,1560.573667,state_verified
accepted,1,baseline,measured,users,134,623.0,,1,1560.573667,state_verified
accepted,1,baseline,measured,users,135,599.0,,1,1560.573667,state_verified
accepted,1,baseline,measured,users,136,597.0,,1,1560.573667,state_verified
accepted,1,baseline,measured,users,137,562.0,,1,1560.573667,state_verified
accepted,1,baseline,measured,users,138,555.0,,1,1560.573667,state_verified
accepted,1,baseline,measured,users,139,515.0,,1,1560.573667,state_verified
accepted,1,baseline,measured,users,140,504.0,,1,1560.573667,state_verified
accepted,1,baseline,measured,users,141,506.0,,1,1560.573667,state_verified
accepted,1,baseline,measured,users,142,493.0,,1,1560.573667,state_verified
accepted,1,baseline,measured,users,143,519.0,,1,1560.573667,state_verified
accepted,1,baseline,measured,users,144,497.0,,1,1560.573667,state_verified
accepted,1,baseline,measured,users,145,536.0,,1,1560.573667,state_verified
accepted,1,baseline,measured,users,146,522.0,,1,1560.573667,state_verified
accepted,1,baseline,measured,users,147,510.0,,1,1560.573667,state_verified
accepted,1,baseline,measured,users,148,504.0,,1,1560.573667,state_verified
accepted,1,baseline,measured,users,149,509.0,,1,1560.573667,state_verified
accepted,1,baseline,measured,users,150,515.0,,1,1560.573667,state_verified
accepted,1,baseline,measured,users,151,506.0,,1,1560.573667,state_verified
accepted,1,baseline,measured,users,152,507.0,,1,1560.573667,state_verified
accepted,1,baseline,measured,users,153,513.0,,1,1560.573667,state_verified
accepted,1,baseline,measured,users,154,504.0,,1,1560.573667,state_verified
accepted,1,baseline,measured,users,155,496.0,,1,1560.573667,state_verified
accepted,1,baseline,measured,users,156,519.0,,1,1560.573667,state_verified
accepted,1,baseline,measured,users,157,539.0,,1,1560.573667,state_verified
accepted,1,baseline,measured,users,158,554.0,,1,1560.573667,state_verified
accepted,1,baseline,measured,users,159,746.0,,1,1560.573667,state_verified
accepted,1,baseline,measured,users,160,580.0,,1,1560.573667,state_verified
accepted,1,baseline,measured,users,161,660.0,,1,1560.573667,state_verified
accepted,1,baseline,measured,users,162,609.0,,1,1560.573667,state_verified
accepted,1,baseline,measured,users,163,648.0,,1,1560.573667,state_verified
accepted,1,baseline,measured,users,164,591.0,,1,1560.573667,state_verified
accepted,1,baseline,measured,users,165,571.0,,1,1560.573667,state_verified
accepted,1,baseline,measured,users,166,562.0,,1,1560.573667,state_verified
accepted,1,baseline,measured,users,167,530.0,,1,1560.573667,state_verified
accepted,1,baseline,measured,users,168,519.0,,1,1560.573667,state_verified
accepted,1,baseline,measured,users,169,544.0,,1,1560.573667,state_verified
accepted,1,baseline,measured,users,170,906.0,,1,1560.573667,state_verified
accepted,1,baseline,measured,users,171,812.0,,1,1560.573667,state_verified
accepted,1,baseline,measured,users,172,842.0,,1,1560.573667,state_verified
accepted,1,baseline,measured,users,173,753.0,,1,1560.573667,state_verified
accepted,1,baseline,measured,users,174,519.0,,1,1560.573667,state_verified
accepted,1,baseline,measured,users,175,512.0,,1,1560.573667,state_verified
accepted,1,baseline,measured,users,176,565.0,,1,1560.573667,state_verified
accepted,1,baseline,measured,users,177,525.0,,1,1560.573667,state_verified
accepted,1,baseline,measured,users,178,507.0,,1,1560.573667,state_verified
accepted,1,baseline,measured,users,179,499.0,,1,1560.573667,state_verified
accepted,1,baseline,measured,users,180,506.0,,1,1560.573667,state_verified
accepted,1,baseline,measured,users,181,527.0,,1,1560.573667,state_verified
accepted,1,baseline,measured,users,182,544.0,,1,1560.573667,state_verified
accepted,1,baseline,measured,users,183,730.0,,1,1560.573667,state_verified
accepted,1,baseline,measured,users,184,522.0,,1,1560.573667,state_verified
accepted,1,baseline,measured,users,185,522.0,,1,1560.573667,state_verified
accepted,1,baseline,measured,users,186,503.0,,1,1560.573667,state_verified
accepted,1,baseline,measured,users,187,477.0,,1,1560.573667,state_verified
accepted,1,baseline,measured,users,188,499.0,,1,1560.573667,state_verified
accepted,1,baseline,measured,users,189,513.0,,1,1560.573667,state_verified
accepted,1,baseline,measured,users,190,513.0,,1,1560.573667,state_verified
accepted,1,baseline,measured,users,191,503.0,,1,1560.573667,state_verified
accepted,1,baseline,measured,users,192,523.0,,1,1560.573667,state_verified
accepted,1,baseline,measured,users,193,541.0,,1,1560.573667,state_verified
accepted,1,baseline,measured,users,194,890.0,,1,1560.573667,state_verified
accepted,1,baseline,measured,users,195,734.0,,1,1560.573667,state_verified
accepted,1,baseline,measured,users,196,609.0,,1,1560.573667,state_verified
accepted,1,baseline,measured,users,197,599.0,,1,1560.573667,state_verified
accepted,1,baseline,measured,users,198,716.0,,1,1560.573667,state_verified
accepted,1,baseline,measured,users,199,801.0,,1,1560.573667,state_verified
accepted,1,baseline,measured,users,200,664.0,,1,1560.573667,state_verified
accepted,1,protected,measured,users,1,3038.0,,1,1224.747243,state_verified
accepted,1,protected,measured,users,2,1257.0,,1,1224.747243,state_verified
accepted,1,protected,measured,users,3,1247.0,,1,1224.747243,state_verified
accepted,1,protected,measured,users,4,977.0,,1,1224.747243,state_verified
accepted,1,protected,measured,users,5,959.0,,1,1224.747243,state_verified
accepted,1,protected,measured,users,6,1023.0,,1,1224.747243,state_verified
accepted,1,protected,measured,users,7,856.0,,1,1224.747243,state_verified
accepted,1,protected,measured,users,8,875.0,,1,1224.747243,state_verified
accepted,1,protected,measured,users,9,1018.0,,1,1224.747243,state_verified
accepted,1,protected,measured,users,10,981.0,,1,1224.747243,state_verified
accepted,1,protected,measured,users,11,1015.0,,1,1224.747243,state_verified
accepted,1,protected,measured,users,12,682.0,,1,1224.747243,state_verified
accepted,1,protected,measured,users,13,765.0,,1,1224.747243,state_verified
accepted,1,protected,measured,users,14,771.0,,1,1224.747243,state_verified
accepted,1,protected,measured,users,15,875.0,,1,1224.747243,state_verified
accepted,1,protected,measured,users,16,844.0,,1,1224.747243,state_verified
accepted,1,protected,measured,users,17,740.0,,1,1224.747243,state_verified
accepted,1,protected,measured,users,18,726.0,,1,1224.747243,state_verified
accepted,1,protected,measured,users,19,739.0,,1,1224.747243,state_verified
accepted,1,protected,measured,users,20,757.0,,1,1224.747243,state_verified
accepted,1,protected,measured,users,21,814.0,,1,1224.747243,state_verified
accepted,1,protected,measured,users,22,948.0,,1,1224.747243,state_verified
accepted,1,protected,measured,users,23,1157.0,,1,1224.747243,state_verified
accepted,1,protected,measured,users,24,756.0,,1,1224.747243,state_verified
accepted,1,protected,measured,users,25,669.0,,1,1224.747243,state_verified
accepted,1,protected,measured,users,26,656.0,,1,1224.747243,state_verified
accepted,1,protected,measured,users,27,731.0,,1,1224.747243,state_verified
accepted,1,protected,measured,users,28,789.0,,1,1224.747243,state_verified
accepted,1,protected,measured,users,29,669.0,,1,1224.747243,state_verified
accepted,1,protected,measured,users,30,752.0,,1,1224.747243,state_verified
accepted,1,protected,measured,users,31,894.0,,1,1224.747243,state_verified
accepted,1,protected,measured,users,32,880.0,,1,1224.747243,state_verified
accepted,1,protected,measured,users,33,887.0,,1,1224.747243,state_verified
accepted,1,protected,measured,users,34,992.0,,1,1224.747243,state_verified
accepted,1,protected,measured,users,35,802.0,,1,1224.747243,state_verified
accepted,1,protected,measured,users,36,790.0,,1,1224.747243,state_verified
accepted,1,protected,measured,users,37,1078.0,,1,1224.747243,state_verified
accepted,1,protected,measured,users,38,1065.0,,1,1224.747243,state_verified
accepted,1,protected,measured,users,39,952.0,,1,1224.747243,state_verified
accepted,1,protected,measured,users,40,920.0,,1,1224.747243,state_verified
accepted,1,protected,measured,users,41,827.0,,1,1224.747243,state_verified
accepted,1,protected,measured,users,42,802.0,,1,1224.747243,state_verified
accepted,1,protected,measured,users,43,772.0,,1,1224.747243,state_verified
accepted,1,protected,measured,users,44,743.0,,1,1224.747243,state_verified
accepted,1,protected,measured,users,45,707.0,,1,1224.747243,state_verified
accepted,1,protected,measured,users,46,771.0,,1,1224.747243,state_verified
accepted,1,protected,measured,users,47,731.0,,1,1224.747243,state_verified
accepted,1,protected,measured,users,48,647.0,,1,1224.747243,state_verified
accepted,1,protected,measured,users,49,661.0,,1,1224.747243,state_verified
accepted,1,protected,measured,users,50,661.0,,1,1224.747243,state_verified
accepted,1,protected,measured,users,51,788.0,,1,1224.747243,state_verified
accepted,1,protected,measured,users,52,726.0,,1,1224.747243,state_verified
accepted,1,protected,measured,users,53,595.0,,1,1224.747243,state_verified
accepted,1,protected,measured,users,54,597.0,,1,1224.747243,state_verified
accepted,1,protected,measured,users,55,625.0,,1,1224.747243,state_verified
accepted,1,protected,measured,users,56,715.0,,1,1224.747243,state_verified
accepted,1,protected,measured,users,57,853.0,,1,1224.747243,state_verified
accepted,1,protected,measured,users,58,718.0,,1,1224.747243,state_verified
accepted,1,protected,measured,users,59,862.0,,1,1224.747243,state_verified
accepted,1,protected,measured,users,60,1060.0,,1,1224.747243,state_verified
accepted,1,protected,measured,users,61,967.0,,1,1224.747243,state_verified
accepted,1,protected,measured,users,62,1093.0,,1,1224.747243,state_verified
accepted,1,protected,measured,users,63,999.0,,1,1224.747243,state_verified
accepted,1,protected,measured,users,64,605.0,,1,1224.747243,state_verified
accepted,1,protected,measured,users,65,636.0,,1,1224.747243,state_verified
accepted,1,protected,measured,users,66,649.0,,1,1224.747243,state_verified
accepted,1,protected,measured,users,67,648.0,,1,1224.747243,state_verified
accepted,1,protected,measured,users,68,630.0,,1,1224.747243,state_verified
accepted,1,protected,measured,users,69,731.0,,1,1224.747243,state_verified
accepted,1,protected,measured,users,70,833.0,,1,1224.747243,state_verified
accepted,1,protected,measured,users,71,764.0,,1,1224.747243,state_verified
accepted,1,protected,measured,users,72,840.0,,1,1224.747243,state_verified
accepted,1,protected,measured,users,73,727.0,,1,1224.747243,state_verified
accepted,1,protected,measured,users,74,883.0,,1,1224.747243,state_verified
accepted,1,protected,measured,users,75,850.0,,1,1224.747243,state_verified
accepted,1,protected,measured,users,76,821.0,,1,1224.747243,state_verified
accepted,1,protected,measured,users,77,720.0,,1,1224.747243,state_verified
accepted,1,protected,measured,users,78,747.0,,1,1224.747243,state_verified
accepted,1,protected,measured,users,79,781.0,,1,1224.747243,state_verified
accepted,1,protected,measured,users,80,829.0,,1,1224.747243,state_verified
accepted,1,protected,measured,users,81,681.0,,1,1224.747243,state_verified
accepted,1,protected,measured,users,82,665.0,,1,1224.747243,state_verified
accepted,1,protected,measured,users,83,702.0,,1,1224.747243,state_verified
accepted,1,protected,measured,users,84,750.0,,1,1224.747243,state_verified
accepted,1,protected,measured,users,85,682.0,,1,1224.747243,state_verified
accepted,1,protected,measured,users,86,642.0,,1,1224.747243,state_verified
accepted,1,protected,measured,users,87,671.0,,1,1224.747243,state_verified
accepted,1,protected,measured,users,88,645.0,,1,1224.747243,state_verified
accepted,1,protected,measured,users,89,641.0,,1,1224.747243,state_verified
accepted,1,protected,measured,users,90,851.0,,1,1224.747243,state_verified
accepted,1,protected,measured,users,91,721.0,,1,1224.747243,state_verified
accepted,1,protected,measured,users,92,680.0,,1,1224.747243,state_verified
accepted,1,protected,measured,users,93,674.0,,1,1224.747243,state_verified
accepted,1,protected,measured,users,94,685.0,,1,1224.747243,state_verified
accepted,1,protected,measured,users,95,696.0,,1,1224.747243,state_verified
accepted,1,protected,measured,users,96,728.0,,1,1224.747243,state_verified
accepted,1,protected,measured,users,97,726.0,,1,1224.747243,state_verified
accepted,1,protected,measured,users,98,781.0,,1,1224.747243,state_verified
accepted,1,protected,measured,users,99,785.0,,1,1224.747243,state_verified
accepted,1,protected,measured,users,100,841.0,,1,1224.747243,state_verified
accepted,1,protected,measured,users,101,917.0,,1,1224.747243,state_verified
accepted,1,protected,measured,users,102,1043.0,,1,1224.747243,state_verified
accepted,1,protected,measured,users,103,796.0,,1,1224.747243,state_verified
accepted,1,protected,measured,users,104,878.0,,1,1224.747243,state_verified
accepted,1,protected,measured,users,105,833.0,,1,1224.747243,state_verified
accepted,1,protected,measured,users,106,820.0,,1,1224.747243,state_verified
accepted,1,protected,measured,users,107,970.0,,1,1224.747243,state_verified
accepted,1,protected,measured,users,108,812.0,,1,1224.747243,state_verified
accepted,1,protected,measured,users,109,729.0,,1,1224.747243,state_verified
accepted,1,protected,measured,users,110,975.0,,1,1224.747243,state_verified
accepted,1,protected,measured,users,111,854.0,,1,1224.747243,state_verified
accepted,1,protected,measured,users,112,717.0,,1,1224.747243,state_verified
accepted,1,protected,measured,users,113,987.0,,1,1224.747243,state_verified
accepted,1,protected,measured,users,114,925.0,,1,1224.747243,state_verified
accepted,1,protected,measured,users,115,846.0,,1,1224.747243,state_verified
accepted,1,protected,measured,users,116,917.0,,1,1224.747243,state_verified
accepted,1,protected,measured,users,117,779.0,,1,1224.747243,state_verified
accepted,1,protected,measured,users,118,750.0,,1,1224.747243,state_verified
accepted,1,protected,measured,users,119,717.0,,1,1224.747243,state_verified
accepted,1,protected,measured,users,120,738.0,,1,1224.747243,state_verified
accepted,1,protected,measured,users,121,689.0,,1,1224.747243,state_verified
accepted,1,protected,measured,users,122,659.0,,1,1224.747243,state_verified
accepted,1,protected,measured,users,123,730.0,,1,1224.747243,state_verified
accepted,1,protected,measured,users,124,1008.0,,1,1224.747243,state_verified
accepted,1,protected,measured,users,125,956.0,,1,1224.747243,state_verified
accepted,1,protected,measured,users,126,999.0,,1,1224.747243,state_verified
accepted,1,protected,measured,users,127,1048.0,,1,1224.747243,state_verified
accepted,1,protected,measured,users,128,709.0,,1,1224.747243,state_verified
accepted,1,protected,measured,users,129,771.0,,1,1224.747243,state_verified
accepted,1,protected,measured,users,130,770.0,,1,1224.747243,state_verified
accepted,1,protected,measured,users,131,818.0,,1,1224.747243,state_verified
accepted,1,protected,measured,users,132,786.0,,1,1224.747243,state_verified
accepted,1,protected,measured,users,133,729.0,,1,1224.747243,state_verified
accepted,1,protected,measured,users,134,846.0,,1,1224.747243,state_verified
accepted,1,protected,measured,users,135,977.0,,1,1224.747243,state_verified
accepted,1,protected,measured,users,136,686.0,,1,1224.747243,state_verified
accepted,1,protected,measured,users,137,792.0,,1,1224.747243,state_verified
accepted,1,protected,measured,users,138,766.0,,1,1224.747243,state_verified
accepted,1,protected,measured,users,139,692.0,,1,1224.747243,state_verified
accepted,1,protected,measured,users,140,647.0,,1,1224.747243,state_verified
accepted,1,protected,measured,users,141,589.0,,1,1224.747243,state_verified
accepted,1,protected,measured,users,142,627.0,,1,1224.747243,state_verified
accepted,1,protected,measured,users,143,720.0,,1,1224.747243,state_verified
accepted,1,protected,measured,users,144,657.0,,1,1224.747243,state_verified
accepted,1,protected,measured,users,145,660.0,,1,1224.747243,state_verified
accepted,1,protected,measured,users,146,727.0,,1,1224.747243,state_verified
accepted,1,protected,measured,users,147,674.0,,1,1224.747243,state_verified
accepted,1,protected,measured,users,148,661.0,,1,1224.747243,state_verified
accepted,1,protected,measured,users,149,692.0,,1,1224.747243,state_verified
accepted,1,protected,measured,users,150,726.0,,1,1224.747243,state_verified
accepted,1,protected,measured,users,151,733.0,,1,1224.747243,state_verified
accepted,1,protected,measured,users,152,900.0,,1,1224.747243,state_verified
accepted,1,protected,measured,users,153,1062.0,,1,1224.747243,state_verified
accepted,1,protected,measured,users,154,756.0,,1,1224.747243,state_verified
accepted,1,protected,measured,users,155,781.0,,1,1224.747243,state_verified
accepted,1,protected,measured,users,156,1030.0,,1,1224.747243,state_verified
accepted,1,protected,measured,users,157,800.0,,1,1224.747243,state_verified
accepted,1,protected,measured,users,158,789.0,,1,1224.747243,state_verified
accepted,1,protected,measured,users,159,736.0,,1,1224.747243,state_verified
accepted,1,protected,measured,users,160,845.0,,1,1224.747243,state_verified
accepted,1,protected,measured,users,161,809.0,,1,1224.747243,state_verified
accepted,1,protected,measured,users,162,723.0,,1,1224.747243,state_verified
accepted,1,protected,measured,users,163,708.0,,1,1224.747243,state_verified
accepted,1,protected,measured,users,164,681.0,,1,1224.747243,state_verified
accepted,1,protected,measured,users,165,712.0,,1,1224.747243,state_verified
accepted,1,protected,measured,users,166,727.0,,1,1224.747243,state_verified
accepted,1,protected,measured,users,167,705.0,,1,1224.747243,state_verified
accepted,1,protected,measured,users,168,715.0,,1,1224.747243,state_verified
accepted,1,protected,measured,users,169,805.0,,1,1224.747243,state_verified
accepted,1,protected,measured,users,170,963.0,,1,1224.747243,state_verified
accepted,1,protected,measured,users,171,781.0,,1,1224.747243,state_verified
accepted,1,protected,measured,users,172,718.0,,1,1224.747243,state_verified
accepted,1,protected,measured,users,173,751.0,,1,1224.747243,state_verified
accepted,1,protected,measured,users,174,750.0,,1,1224.747243,state_verified
accepted,1,protected,measured,users,175,742.0,,1,1224.747243,state_verified
accepted,1,protected,measured,users,176,738.0,,1,1224.747243,state_verified
accepted,1,protected,measured,users,177,761.0,,1,1224.747243,state_verified
accepted,1,protected,measured,users,178,779.0,,1,1224.747243,state_verified
accepted,1,protected,measured,users,179,760.0,,1,1224.747243,state_verified
accepted,1,protected,measured,users,180,743.0,,1,1224.747243,state_verified
accepted,1,protected,measured,users,181,691.0,,1,1224.747243,state_verified
accepted,1,protected,measured,users,182,666.0,,1,1224.747243,state_verified
accepted,1,protected,measured,users,183,681.0,,1,1224.747243,state_verified
accepted,1,protected,measured,users,184,661.0,,1,1224.747243,state_verified
accepted,1,protected,measured,users,185,680.0,,1,1224.747243,state_verified
accepted,1,protected,measured,users,186,742.0,,1,1224.747243,state_verified
accepted,1,protected,measured,users,187,711.0,,1,1224.747243,state_verified
accepted,1,protected,measured,users,188,1112.0,,1,1224.747243,state_verified
accepted,1,protected,measured,users,189,1092.0,,1,1224.747243,state_verified
accepted,1,protected,measured,users,190,1098.0,,1,1224.747243,state_verified
accepted,1,protected,measured,users,191,1127.0,,1,1224.747243,state_verified
accepted,1,protected,measured,users,192,773.0,,1,1224.747243,state_verified
accepted,1,protected,measured,users,193,677.0,,1,1224.747243,state_verified
accepted,1,protected,measured,users,194,635.0,,1,1224.747243,state_verified
accepted,1,protected,measured,users,195,667.0,,1,1224.747243,state_verified
accepted,1,protected,measured,users,196,641.0,,1,1224.747243,state_verified
accepted,1,protected,measured,users,197,622.0,,1,1224.747243,state_verified
accepted,1,protected,measured,users,198,703.0,,1,1224.747243,state_verified
accepted,1,protected,measured,users,199,720.0,,1,1224.747243,state_verified
accepted,1,protected,measured,users,200,633.0,,1,1224.747243,state_verified
accepted,1,baseline,measured,refunds,1,3497.0,,1,1474.41521,state_verified
accepted,1,baseline,measured,refunds,2,838.0,,1,1474.41521,state_verified
accepted,1,baseline,measured,refunds,3,875.0,,1,1474.41521,state_verified
accepted,1,baseline,measured,refunds,4,949.0,,1,1474.41521,state_verified
accepted,1,baseline,measured,refunds,5,823.0,,1,1474.41521,state_verified
accepted,1,baseline,measured,refunds,6,789.0,,1,1474.41521,state_verified
accepted,1,baseline,measured,refunds,7,696.0,,1,1474.41521,state_verified
accepted,1,baseline,measured,refunds,8,669.0,,1,1474.41521,state_verified
accepted,1,baseline,measured,refunds,9,626.0,,1,1474.41521,state_verified
accepted,1,baseline,measured,refunds,10,589.0,,1,1474.41521,state_verified
accepted,1,baseline,measured,refunds,11,600.0,,1,1474.41521,state_verified
accepted,1,baseline,measured,refunds,12,664.0,,1,1474.41521,state_verified
accepted,1,baseline,measured,refunds,13,593.0,,1,1474.41521,state_verified
accepted,1,baseline,measured,refunds,14,664.0,,1,1474.41521,state_verified
accepted,1,baseline,measured,refunds,15,578.0,,1,1474.41521,state_verified
accepted,1,baseline,measured,refunds,16,679.0,,1,1474.41521,state_verified
accepted,1,baseline,measured,refunds,17,624.0,,1,1474.41521,state_verified
accepted,1,baseline,measured,refunds,18,646.0,,1,1474.41521,state_verified
accepted,1,baseline,measured,refunds,19,875.0,,1,1474.41521,state_verified
accepted,1,baseline,measured,refunds,20,680.0,,1,1474.41521,state_verified
accepted,1,baseline,measured,refunds,21,693.0,,1,1474.41521,state_verified
accepted,1,baseline,measured,refunds,22,1071.0,,1,1474.41521,state_verified
accepted,1,baseline,measured,refunds,23,961.0,,1,1474.41521,state_verified
accepted,1,baseline,measured,refunds,24,939.0,,1,1474.41521,state_verified
accepted,1,baseline,measured,refunds,25,955.0,,1,1474.41521,state_verified
accepted,1,baseline,measured,refunds,26,635.0,,1,1474.41521,state_verified
accepted,1,baseline,measured,refunds,27,608.0,,1,1474.41521,state_verified
accepted,1,baseline,measured,refunds,28,598.0,,1,1474.41521,state_verified
accepted,1,baseline,measured,refunds,29,635.0,,1,1474.41521,state_verified
accepted,1,baseline,measured,refunds,30,596.0,,1,1474.41521,state_verified
accepted,1,baseline,measured,refunds,31,596.0,,1,1474.41521,state_verified
accepted,1,baseline,measured,refunds,32,664.0,,1,1474.41521,state_verified
accepted,1,baseline,measured,refunds,33,601.0,,1,1474.41521,state_verified
accepted,1,baseline,measured,refunds,34,622.0,,1,1474.41521,state_verified
accepted,1,baseline,measured,refunds,35,560.0,,1,1474.41521,state_verified
accepted,1,baseline,measured,refunds,36,608.0,,1,1474.41521,state_verified
accepted,1,baseline,measured,refunds,37,595.0,,1,1474.41521,state_verified
accepted,1,baseline,measured,refunds,38,597.0,,1,1474.41521,state_verified
accepted,1,baseline,measured,refunds,39,691.0,,1,1474.41521,state_verified
accepted,1,baseline,measured,refunds,40,605.0,,1,1474.41521,state_verified
accepted,1,baseline,measured,refunds,41,604.0,,1,1474.41521,state_verified
accepted,1,baseline,measured,refunds,42,604.0,,1,1474.41521,state_verified
accepted,1,baseline,measured,refunds,43,601.0,,1,1474.41521,state_verified
accepted,1,baseline,measured,refunds,44,620.0,,1,1474.41521,state_verified
accepted,1,baseline,measured,refunds,45,625.0,,1,1474.41521,state_verified
accepted,1,baseline,measured,refunds,46,624.0,,1,1474.41521,state_verified
accepted,1,baseline,measured,refunds,47,600.0,,1,1474.41521,state_verified
accepted,1,baseline,measured,refunds,48,616.0,,1,1474.41521,state_verified
accepted,1,baseline,measured,refunds,49,625.0,,1,1474.41521,state_verified
accepted,1,baseline,measured,refunds,50,640.0,,1,1474.41521,state_verified
accepted,1,baseline,measured,refunds,51,641.0,,1,1474.41521,state_verified
accepted,1,baseline,measured,refunds,52,597.0,,1,1474.41521,state_verified
accepted,1,baseline,measured,refunds,53,613.0,,1,1474.41521,state_verified
accepted,1,baseline,measured,refunds,54,587.0,,1,1474.41521,state_verified
accepted,1,baseline,measured,refunds,55,604.0,,1,1474.41521,state_verified
accepted,1,baseline,measured,refunds,56,560.0,,1,1474.41521,state_verified
accepted,1,baseline,measured,refunds,57,551.0,,1,1474.41521,state_verified
accepted,1,baseline,measured,refunds,58,560.0,,1,1474.41521,state_verified
accepted,1,baseline,measured,refunds,59,576.0,,1,1474.41521,state_verified
accepted,1,baseline,measured,refunds,60,576.0,,1,1474.41521,state_verified
accepted,1,baseline,measured,refunds,61,584.0,,1,1474.41521,state_verified
accepted,1,baseline,measured,refunds,62,578.0,,1,1474.41521,state_verified
accepted,1,baseline,measured,refunds,63,624.0,,1,1474.41521,state_verified
accepted,1,baseline,measured,refunds,64,662.0,,1,1474.41521,state_verified
accepted,1,baseline,measured,refunds,65,638.0,,1,1474.41521,state_verified
accepted,1,baseline,measured,refunds,66,684.0,,1,1474.41521,state_verified
accepted,1,baseline,measured,refunds,67,712.0,,1,1474.41521,state_verified
accepted,1,baseline,measured,refunds,68,693.0,,1,1474.41521,state_verified
accepted,1,baseline,measured,refunds,69,665.0,,1,1474.41521,state_verified
accepted,1,baseline,measured,refunds,70,658.0,,1,1474.41521,state_verified
accepted,1,baseline,measured,refunds,71,680.0,,1,1474.41521,state_verified
accepted,1,baseline,measured,refunds,72,769.0,,1,1474.41521,state_verified
accepted,1,baseline,measured,refunds,73,746.0,,1,1474.41521,state_verified
accepted,1,baseline,measured,refunds,74,643.0,,1,1474.41521,state_verified
accepted,1,baseline,measured,refunds,75,633.0,,1,1474.41521,state_verified
accepted,1,baseline,measured,refunds,76,675.0,,1,1474.41521,state_verified
accepted,1,baseline,measured,refunds,77,613.0,,1,1474.41521,state_verified
accepted,1,baseline,measured,refunds,78,587.0,,1,1474.41521,state_verified
accepted,1,baseline,measured,refunds,79,582.0,,1,1474.41521,state_verified
accepted,1,baseline,measured,refunds,80,680.0,,1,1474.41521,state_verified
accepted,1,baseline,measured,refunds,81,585.0,,1,1474.41521,state_verified
accepted,1,baseline,measured,refunds,82,544.0,,1,1474.41521,state_verified
accepted,1,baseline,measured,refunds,83,607.0,,1,1474.41521,state_verified
accepted,1,baseline,measured,refunds,84,566.0,,1,1474.41521,state_verified
accepted,1,baseline,measured,refunds,85,563.0,,1,1474.41521,state_verified
accepted,1,baseline,measured,refunds,86,928.0,,1,1474.41521,state_verified
accepted,1,baseline,measured,refunds,87,933.0,,1,1474.41521,state_verified
accepted,1,baseline,measured,refunds,88,946.0,,1,1474.41521,state_verified
accepted,1,baseline,measured,refunds,89,924.0,,1,1474.41521,state_verified
accepted,1,baseline,measured,refunds,90,671.0,,1,1474.41521,state_verified
accepted,1,baseline,measured,refunds,91,668.0,,1,1474.41521,state_verified
accepted,1,baseline,measured,refunds,92,709.0,,1,1474.41521,state_verified
accepted,1,baseline,measured,refunds,93,660.0,,1,1474.41521,state_verified
accepted,1,baseline,measured,refunds,94,636.0,,1,1474.41521,state_verified
accepted,1,baseline,measured,refunds,95,630.0,,1,1474.41521,state_verified
accepted,1,baseline,measured,refunds,96,643.0,,1,1474.41521,state_verified
accepted,1,baseline,measured,refunds,97,583.0,,1,1474.41521,state_verified
accepted,1,baseline,measured,refunds,98,644.0,,1,1474.41521,state_verified
accepted,1,baseline,measured,refunds,99,618.0,,1,1474.41521,state_verified
accepted,1,baseline,measured,refunds,100,642.0,,1,1474.41521,state_verified
accepted,1,baseline,measured,refunds,101,585.0,,1,1474.41521,state_verified
accepted,1,baseline,measured,refunds,102,614.0,,1,1474.41521,state_verified
accepted,1,baseline,measured,refunds,103,679.0,,1,1474.41521,state_verified
accepted,1,baseline,measured,refunds,104,619.0,,1,1474.41521,state_verified
accepted,1,baseline,measured,refunds,105,620.0,,1,1474.41521,state_verified
accepted,1,baseline,measured,refunds,106,668.0,,1,1474.41521,state_verified
accepted,1,baseline,measured,refunds,107,602.0,,1,1474.41521,state_verified
accepted,1,baseline,measured,refunds,108,595.0,,1,1474.41521,state_verified
accepted,1,baseline,measured,refunds,109,579.0,,1,1474.41521,state_verified
accepted,1,baseline,measured,refunds,110,561.0,,1,1474.41521,state_verified
accepted,1,baseline,measured,refunds,111,604.0,,1,1474.41521,state_verified
accepted,1,baseline,measured,refunds,112,588.0,,1,1474.41521,state_verified
accepted,1,baseline,measured,refunds,113,594.0,,1,1474.41521,state_verified
accepted,1,baseline,measured,refunds,114,569.0,,1,1474.41521,state_verified
accepted,1,baseline,measured,refunds,115,597.0,,1,1474.41521,state_verified
accepted,1,baseline,measured,refunds,116,678.0,,1,1474.41521,state_verified
accepted,1,baseline,measured,refunds,117,612.0,,1,1474.41521,state_verified
accepted,1,baseline,measured,refunds,118,663.0,,1,1474.41521,state_verified
accepted,1,baseline,measured,refunds,119,653.0,,1,1474.41521,state_verified
accepted,1,baseline,measured,refunds,120,565.0,,1,1474.41521,state_verified
accepted,1,baseline,measured,refunds,121,681.0,,1,1474.41521,state_verified
accepted,1,baseline,measured,refunds,122,601.0,,1,1474.41521,state_verified
accepted,1,baseline,measured,refunds,123,702.0,,1,1474.41521,state_verified
accepted,1,baseline,measured,refunds,124,594.0,,1,1474.41521,state_verified
accepted,1,baseline,measured,refunds,125,614.0,,1,1474.41521,state_verified
accepted,1,baseline,measured,refunds,126,558.0,,1,1474.41521,state_verified
accepted,1,baseline,measured,refunds,127,598.0,,1,1474.41521,state_verified
accepted,1,baseline,measured,refunds,128,576.0,,1,1474.41521,state_verified
accepted,1,baseline,measured,refunds,129,588.0,,1,1474.41521,state_verified
accepted,1,baseline,measured,refunds,130,556.0,,1,1474.41521,state_verified
accepted,1,baseline,measured,refunds,131,569.0,,1,1474.41521,state_verified
accepted,1,baseline,measured,refunds,132,658.0,,1,1474.41521,state_verified
accepted,1,baseline,measured,refunds,133,607.0,,1,1474.41521,state_verified
accepted,1,baseline,measured,refunds,134,581.0,,1,1474.41521,state_verified
accepted,1,baseline,measured,refunds,135,620.0,,1,1474.41521,state_verified
accepted,1,baseline,measured,refunds,136,668.0,,1,1474.41521,state_verified
accepted,1,baseline,measured,refunds,137,712.0,,1,1474.41521,state_verified
accepted,1,baseline,measured,refunds,138,646.0,,1,1474.41521,state_verified
accepted,1,baseline,measured,refunds,139,659.0,,1,1474.41521,state_verified
accepted,1,baseline,measured,refunds,140,688.0,,1,1474.41521,state_verified
accepted,1,baseline,measured,refunds,141,802.0,,1,1474.41521,state_verified
accepted,1,baseline,measured,refunds,142,738.0,,1,1474.41521,state_verified
accepted,1,baseline,measured,refunds,143,639.0,,1,1474.41521,state_verified
accepted,1,baseline,measured,refunds,144,820.0,,1,1474.41521,state_verified
accepted,1,baseline,measured,refunds,145,671.0,,1,1474.41521,state_verified
accepted,1,baseline,measured,refunds,146,645.0,,1,1474.41521,state_verified
accepted,1,baseline,measured,refunds,147,605.0,,1,1474.41521,state_verified
accepted,1,baseline,measured,refunds,148,591.0,,1,1474.41521,state_verified
accepted,1,baseline,measured,refunds,149,562.0,,1,1474.41521,state_verified
accepted,1,baseline,measured,refunds,150,985.0,,1,1474.41521,state_verified
accepted,1,baseline,measured,refunds,151,969.0,,1,1474.41521,state_verified
accepted,1,baseline,measured,refunds,152,973.0,,1,1474.41521,state_verified
accepted,1,baseline,measured,refunds,153,926.0,,1,1474.41521,state_verified
accepted,1,baseline,measured,refunds,154,624.0,,1,1474.41521,state_verified
accepted,1,baseline,measured,refunds,155,633.0,,1,1474.41521,state_verified
accepted,1,baseline,measured,refunds,156,597.0,,1,1474.41521,state_verified
accepted,1,baseline,measured,refunds,157,595.0,,1,1474.41521,state_verified
accepted,1,baseline,measured,refunds,158,655.0,,1,1474.41521,state_verified
accepted,1,baseline,measured,refunds,159,670.0,,1,1474.41521,state_verified
accepted,1,baseline,measured,refunds,160,613.0,,1,1474.41521,state_verified
accepted,1,baseline,measured,refunds,161,645.0,,1,1474.41521,state_verified
accepted,1,baseline,measured,refunds,162,698.0,,1,1474.41521,state_verified
accepted,1,baseline,measured,refunds,163,614.0,,1,1474.41521,state_verified
accepted,1,baseline,measured,refunds,164,641.0,,1,1474.41521,state_verified
accepted,1,baseline,measured,refunds,165,638.0,,1,1474.41521,state_verified
accepted,1,baseline,measured,refunds,166,674.0,,1,1474.41521,state_verified
accepted,1,baseline,measured,refunds,167,549.0,,1,1474.41521,state_verified
accepted,1,baseline,measured,refunds,168,676.0,,1,1474.41521,state_verified
accepted,1,baseline,measured,refunds,169,587.0,,1,1474.41521,state_verified
accepted,1,baseline,measured,refunds,170,619.0,,1,1474.41521,state_verified
accepted,1,baseline,measured,refunds,171,614.0,,1,1474.41521,state_verified
accepted,1,baseline,measured,refunds,172,611.0,,1,1474.41521,state_verified
accepted,1,baseline,measured,refunds,173,745.0,,1,1474.41521,state_verified
accepted,1,baseline,measured,refunds,174,619.0,,1,1474.41521,state_verified
accepted,1,baseline,measured,refunds,175,612.0,,1,1474.41521,state_verified
accepted,1,baseline,measured,refunds,176,618.0,,1,1474.41521,state_verified
accepted,1,baseline,measured,refunds,177,542.0,,1,1474.41521,state_verified
accepted,1,baseline,measured,refunds,178,601.0,,1,1474.41521,state_verified
accepted,1,baseline,measured,refunds,179,566.0,,1,1474.41521,state_verified
accepted,1,baseline,measured,refunds,180,590.0,,1,1474.41521,state_verified
accepted,1,baseline,measured,refunds,181,589.0,,1,1474.41521,state_verified
accepted,1,baseline,measured,refunds,182,657.0,,1,1474.41521,state_verified
accepted,1,baseline,measured,refunds,183,564.0,,1,1474.41521,state_verified
accepted,1,baseline,measured,refunds,184,580.0,,1,1474.41521,state_verified
accepted,1,baseline,measured,refunds,185,597.0,,1,1474.41521,state_verified
accepted,1,baseline,measured,refunds,186,580.0,,1,1474.41521,state_verified
accepted,1,baseline,measured,refunds,187,601.0,,1,1474.41521,state_verified
accepted,1,baseline,measured,refunds,188,706.0,,1,1474.41521,state_verified
accepted,1,baseline,measured,refunds,189,744.0,,1,1474.41521,state_verified
accepted,1,baseline,measured,refunds,190,743.0,,1,1474.41521,state_verified
accepted,1,baseline,measured,refunds,191,765.0,,1,1474.41521,state_verified
accepted,1,baseline,measured,refunds,192,682.0,,1,1474.41521,state_verified
accepted,1,baseline,measured,refunds,193,706.0,,1,1474.41521,state_verified
accepted,1,baseline,measured,refunds,194,665.0,,1,1474.41521,state_verified
accepted,1,baseline,measured,refunds,195,583.0,,1,1474.41521,state_verified
accepted,1,baseline,measured,refunds,196,610.0,,1,1474.41521,state_verified
accepted,1,baseline,measured,refunds,197,689.0,,1,1474.41521,state_verified
accepted,1,baseline,measured,refunds,198,668.0,,1,1474.41521,state_verified
accepted,1,baseline,measured,refunds,199,625.0,,1,1474.41521,state_verified
accepted,1,baseline,measured,refunds,200,621.0,,1,1474.41521,state_verified
accepted,1,protected,measured,refunds,1,3385.0,,1,1454.852296,state_verified
accepted,1,protected,measured,refunds,2,1254.0,,1,1454.852296,state_verified
accepted,1,protected,measured,refunds,3,1155.0,,1,1454.852296,state_verified
accepted,1,protected,measured,refunds,4,1206.0,,1,1454.852296,state_verified
accepted,1,protected,measured,refunds,5,578.0,,1,1454.852296,state_verified
accepted,1,protected,measured,refunds,6,636.0,,1,1454.852296,state_verified
accepted,1,protected,measured,refunds,7,560.0,,1,1454.852296,state_verified
accepted,1,protected,measured,refunds,8,553.0,,1,1454.852296,state_verified
accepted,1,protected,measured,refunds,9,536.0,,1,1454.852296,state_verified
accepted,1,protected,measured,refunds,10,530.0,,1,1454.852296,state_verified
accepted,1,protected,measured,refunds,11,545.0,,1,1454.852296,state_verified
accepted,1,protected,measured,refunds,12,561.0,,1,1454.852296,state_verified
accepted,1,protected,measured,refunds,13,574.0,,1,1454.852296,state_verified
accepted,1,protected,measured,refunds,14,550.0,,1,1454.852296,state_verified
accepted,1,protected,measured,refunds,15,543.0,,1,1454.852296,state_verified
accepted,1,protected,measured,refunds,16,522.0,,1,1454.852296,state_verified
accepted,1,protected,measured,refunds,17,534.0,,1,1454.852296,state_verified
accepted,1,protected,measured,refunds,18,525.0,,1,1454.852296,state_verified
accepted,1,protected,measured,refunds,19,517.0,,1,1454.852296,state_verified
accepted,1,protected,measured,refunds,20,562.0,,1,1454.852296,state_verified
accepted,1,protected,measured,refunds,21,548.0,,1,1454.852296,state_verified
accepted,1,protected,measured,refunds,22,536.0,,1,1454.852296,state_verified
accepted,1,protected,measured,refunds,23,539.0,,1,1454.852296,state_verified
accepted,1,protected,measured,refunds,24,604.0,,1,1454.852296,state_verified
accepted,1,protected,measured,refunds,25,656.0,,1,1454.852296,state_verified
accepted,1,protected,measured,refunds,26,629.0,,1,1454.852296,state_verified
accepted,1,protected,measured,refunds,27,652.0,,1,1454.852296,state_verified
accepted,1,protected,measured,refunds,28,575.0,,1,1454.852296,state_verified
accepted,1,protected,measured,refunds,29,594.0,,1,1454.852296,state_verified
accepted,1,protected,measured,refunds,30,576.0,,1,1454.852296,state_verified
accepted,1,protected,measured,refunds,31,560.0,,1,1454.852296,state_verified
accepted,1,protected,measured,refunds,32,591.0,,1,1454.852296,state_verified
accepted,1,protected,measured,refunds,33,565.0,,1,1454.852296,state_verified
accepted,1,protected,measured,refunds,34,532.0,,1,1454.852296,state_verified
accepted,1,protected,measured,refunds,35,527.0,,1,1454.852296,state_verified
accepted,1,protected,measured,refunds,36,542.0,,1,1454.852296,state_verified
accepted,1,protected,measured,refunds,37,614.0,,1,1454.852296,state_verified
accepted,1,protected,measured,refunds,38,664.0,,1,1454.852296,state_verified
accepted,1,protected,measured,refunds,39,586.0,,1,1454.852296,state_verified
accepted,1,protected,measured,refunds,40,541.0,,1,1454.852296,state_verified
accepted,1,protected,measured,refunds,41,577.0,,1,1454.852296,state_verified
accepted,1,protected,measured,refunds,42,559.0,,1,1454.852296,state_verified
accepted,1,protected,measured,refunds,43,635.0,,1,1454.852296,state_verified
accepted,1,protected,measured,refunds,44,645.0,,1,1454.852296,state_verified
accepted,1,protected,measured,refunds,45,624.0,,1,1454.852296,state_verified
accepted,1,protected,measured,refunds,46,636.0,,1,1454.852296,state_verified
accepted,1,protected,measured,refunds,47,633.0,,1,1454.852296,state_verified
accepted,1,protected,measured,refunds,48,580.0,,1,1454.852296,state_verified
accepted,1,protected,measured,refunds,49,625.0,,1,1454.852296,state_verified
accepted,1,protected,measured,refunds,50,667.0,,1,1454.852296,state_verified
accepted,1,protected,measured,refunds,51,796.0,,1,1454.852296,state_verified
accepted,1,protected,measured,refunds,52,828.0,,1,1454.852296,state_verified
accepted,1,protected,measured,refunds,53,818.0,,1,1454.852296,state_verified
accepted,1,protected,measured,refunds,54,684.0,,1,1454.852296,state_verified
accepted,1,protected,measured,refunds,55,646.0,,1,1454.852296,state_verified
accepted,1,protected,measured,refunds,56,669.0,,1,1454.852296,state_verified
accepted,1,protected,measured,refunds,57,659.0,,1,1454.852296,state_verified
accepted,1,protected,measured,refunds,58,602.0,,1,1454.852296,state_verified
accepted,1,protected,measured,refunds,59,632.0,,1,1454.852296,state_verified
accepted,1,protected,measured,refunds,60,650.0,,1,1454.852296,state_verified
accepted,1,protected,measured,refunds,61,633.0,,1,1454.852296,state_verified
accepted,1,protected,measured,refunds,62,612.0,,1,1454.852296,state_verified
accepted,1,protected,measured,refunds,63,713.0,,1,1454.852296,state_verified
accepted,1,protected,measured,refunds,64,728.0,,1,1454.852296,state_verified
accepted,1,protected,measured,refunds,65,1057.0,,1,1454.852296,state_verified
accepted,1,protected,measured,refunds,66,1001.0,,1,1454.852296,state_verified
accepted,1,protected,measured,refunds,67,1064.0,,1,1454.852296,state_verified
accepted,1,protected,measured,refunds,68,1123.0,,1,1454.852296,state_verified
accepted,1,protected,measured,refunds,69,665.0,,1,1454.852296,state_verified
accepted,1,protected,measured,refunds,70,637.0,,1,1454.852296,state_verified
accepted,1,protected,measured,refunds,71,727.0,,1,1454.852296,state_verified
accepted,1,protected,measured,refunds,72,778.0,,1,1454.852296,state_verified
accepted,1,protected,measured,refunds,73,654.0,,1,1454.852296,state_verified
accepted,1,protected,measured,refunds,74,653.0,,1,1454.852296,state_verified
accepted,1,protected,measured,refunds,75,616.0,,1,1454.852296,state_verified
accepted,1,protected,measured,refunds,76,640.0,,1,1454.852296,state_verified
accepted,1,protected,measured,refunds,77,653.0,,1,1454.852296,state_verified
accepted,1,protected,measured,refunds,78,654.0,,1,1454.852296,state_verified
accepted,1,protected,measured,refunds,79,612.0,,1,1454.852296,state_verified
accepted,1,protected,measured,refunds,80,776.0,,1,1454.852296,state_verified
accepted,1,protected,measured,refunds,81,696.0,,1,1454.852296,state_verified
accepted,1,protected,measured,refunds,82,646.0,,1,1454.852296,state_verified
accepted,1,protected,measured,refunds,83,678.0,,1,1454.852296,state_verified
accepted,1,protected,measured,refunds,84,716.0,,1,1454.852296,state_verified
accepted,1,protected,measured,refunds,85,757.0,,1,1454.852296,state_verified
accepted,1,protected,measured,refunds,86,770.0,,1,1454.852296,state_verified
accepted,1,protected,measured,refunds,87,785.0,,1,1454.852296,state_verified
accepted,1,protected,measured,refunds,88,724.0,,1,1454.852296,state_verified
accepted,1,protected,measured,refunds,89,778.0,,1,1454.852296,state_verified
accepted,1,protected,measured,refunds,90,709.0,,1,1454.852296,state_verified
accepted,1,protected,measured,refunds,91,774.0,,1,1454.852296,state_verified
accepted,1,protected,measured,refunds,92,734.0,,1,1454.852296,state_verified
accepted,1,protected,measured,refunds,93,643.0,,1,1454.852296,state_verified
accepted,1,protected,measured,refunds,94,631.0,,1,1454.852296,state_verified
accepted,1,protected,measured,refunds,95,661.0,,1,1454.852296,state_verified
accepted,1,protected,measured,refunds,96,756.0,,1,1454.852296,state_verified
accepted,1,protected,measured,refunds,97,631.0,,1,1454.852296,state_verified
accepted,1,protected,measured,refunds,98,649.0,,1,1454.852296,state_verified
accepted,1,protected,measured,refunds,99,590.0,,1,1454.852296,state_verified
accepted,1,protected,measured,refunds,100,609.0,,1,1454.852296,state_verified
accepted,1,protected,measured,refunds,101,595.0,,1,1454.852296,state_verified
accepted,1,protected,measured,refunds,102,594.0,,1,1454.852296,state_verified
accepted,1,protected,measured,refunds,103,664.0,,1,1454.852296,state_verified
accepted,1,protected,measured,refunds,104,623.0,,1,1454.852296,state_verified
accepted,1,protected,measured,refunds,105,600.0,,1,1454.852296,state_verified
accepted,1,protected,measured,refunds,106,624.0,,1,1454.852296,state_verified
accepted,1,protected,measured,refunds,107,605.0,,1,1454.852296,state_verified
accepted,1,protected,measured,refunds,108,620.0,,1,1454.852296,state_verified
accepted,1,protected,measured,refunds,109,634.0,,1,1454.852296,state_verified
accepted,1,protected,measured,refunds,110,738.0,,1,1454.852296,state_verified
accepted,1,protected,measured,refunds,111,708.0,,1,1454.852296,state_verified
accepted,1,protected,measured,refunds,112,636.0,,1,1454.852296,state_verified
accepted,1,protected,measured,refunds,113,625.0,,1,1454.852296,state_verified
accepted,1,protected,measured,refunds,114,619.0,,1,1454.852296,state_verified
accepted,1,protected,measured,refunds,115,594.0,,1,1454.852296,state_verified
accepted,1,protected,measured,refunds,116,562.0,,1,1454.852296,state_verified
accepted,1,protected,measured,refunds,117,619.0,,1,1454.852296,state_verified
accepted,1,protected,measured,refunds,118,629.0,,1,1454.852296,state_verified
accepted,1,protected,measured,refunds,119,611.0,,1,1454.852296,state_verified
accepted,1,protected,measured,refunds,120,665.0,,1,1454.852296,state_verified
accepted,1,protected,measured,refunds,121,760.0,,1,1454.852296,state_verified
accepted,1,protected,measured,refunds,122,702.0,,1,1454.852296,state_verified
accepted,1,protected,measured,refunds,123,694.0,,1,1454.852296,state_verified
accepted,1,protected,measured,refunds,124,633.0,,1,1454.852296,state_verified
accepted,1,protected,measured,refunds,125,632.0,,1,1454.852296,state_verified
accepted,1,protected,measured,refunds,126,618.0,,1,1454.852296,state_verified
accepted,1,protected,measured,refunds,127,621.0,,1,1454.852296,state_verified
accepted,1,protected,measured,refunds,128,638.0,,1,1454.852296,state_verified
accepted,1,protected,measured,refunds,129,968.0,,1,1454.852296,state_verified
accepted,1,protected,measured,refunds,130,940.0,,1,1454.852296,state_verified
accepted,1,protected,measured,refunds,131,913.0,,1,1454.852296,state_verified
accepted,1,protected,measured,refunds,132,974.0,,1,1454.852296,state_verified
accepted,1,protected,measured,refunds,133,716.0,,1,1454.852296,state_verified
accepted,1,protected,measured,refunds,134,787.0,,1,1454.852296,state_verified
accepted,1,protected,measured,refunds,135,823.0,,1,1454.852296,state_verified
accepted,1,protected,measured,refunds,136,722.0,,1,1454.852296,state_verified
accepted,1,protected,measured,refunds,137,604.0,,1,1454.852296,state_verified
accepted,1,protected,measured,refunds,138,609.0,,1,1454.852296,state_verified
accepted,1,protected,measured,refunds,139,619.0,,1,1454.852296,state_verified
accepted,1,protected,measured,refunds,140,623.0,,1,1454.852296,state_verified
accepted,1,protected,measured,refunds,141,612.0,,1,1454.852296,state_verified
accepted,1,protected,measured,refunds,142,588.0,,1,1454.852296,state_verified
accepted,1,protected,measured,refunds,143,579.0,,1,1454.852296,state_verified
accepted,1,protected,measured,refunds,144,671.0,,1,1454.852296,state_verified
accepted,1,protected,measured,refunds,145,686.0,,1,1454.852296,state_verified
accepted,1,protected,measured,refunds,146,683.0,,1,1454.852296,state_verified
accepted,1,protected,measured,refunds,147,641.0,,1,1454.852296,state_verified
accepted,1,protected,measured,refunds,148,617.0,,1,1454.852296,state_verified
accepted,1,protected,measured,refunds,149,619.0,,1,1454.852296,state_verified
accepted,1,protected,measured,refunds,150,586.0,,1,1454.852296,state_verified
accepted,1,protected,measured,refunds,151,581.0,,1,1454.852296,state_verified
accepted,1,protected,measured,refunds,152,584.0,,1,1454.852296,state_verified
accepted,1,protected,measured,refunds,153,624.0,,1,1454.852296,state_verified
accepted,1,protected,measured,refunds,154,574.0,,1,1454.852296,state_verified
accepted,1,protected,measured,refunds,155,660.0,,1,1454.852296,state_verified
accepted,1,protected,measured,refunds,156,740.0,,1,1454.852296,state_verified
accepted,1,protected,measured,refunds,157,638.0,,1,1454.852296,state_verified
accepted,1,protected,measured,refunds,158,638.0,,1,1454.852296,state_verified
accepted,1,protected,measured,refunds,159,623.0,,1,1454.852296,state_verified
accepted,1,protected,measured,refunds,160,593.0,,1,1454.852296,state_verified
accepted,1,protected,measured,refunds,161,630.0,,1,1454.852296,state_verified
accepted,1,protected,measured,refunds,162,601.0,,1,1454.852296,state_verified
accepted,1,protected,measured,refunds,163,620.0,,1,1454.852296,state_verified
accepted,1,protected,measured,refunds,164,610.0,,1,1454.852296,state_verified
accepted,1,protected,measured,refunds,165,640.0,,1,1454.852296,state_verified
accepted,1,protected,measured,refunds,166,642.0,,1,1454.852296,state_verified
accepted,1,protected,measured,refunds,167,631.0,,1,1454.852296,state_verified
accepted,1,protected,measured,refunds,168,614.0,,1,1454.852296,state_verified
accepted,1,protected,measured,refunds,169,641.0,,1,1454.852296,state_verified
accepted,1,protected,measured,refunds,170,634.0,,1,1454.852296,state_verified
accepted,1,protected,measured,refunds,171,669.0,,1,1454.852296,state_verified
accepted,1,protected,measured,refunds,172,720.0,,1,1454.852296,state_verified
accepted,1,protected,measured,refunds,173,644.0,,1,1454.852296,state_verified
accepted,1,protected,measured,refunds,174,612.0,,1,1454.852296,state_verified
accepted,1,protected,measured,refunds,175,634.0,,1,1454.852296,state_verified
accepted,1,protected,measured,refunds,176,615.0,,1,1454.852296,state_verified
accepted,1,protected,measured,refunds,177,613.0,,1,1454.852296,state_verified
accepted,1,protected,measured,refunds,178,632.0,,1,1454.852296,state_verified
accepted,1,protected,measured,refunds,179,617.0,,1,1454.852296,state_verified
accepted,1,protected,measured,refunds,180,619.0,,1,1454.852296,state_verified
accepted,1,protected,measured,refunds,181,620.0,,1,1454.852296,state_verified
accepted,1,protected,measured,refunds,182,616.0,,1,1454.852296,state_verified
accepted,1,protected,measured,refunds,183,635.0,,1,1454.852296,state_verified
accepted,1,protected,measured,refunds,184,646.0,,1,1454.852296,state_verified
accepted,1,protected,measured,refunds,185,620.0,,1,1454.852296,state_verified
accepted,1,protected,measured,refunds,186,628.0,,1,1454.852296,state_verified
accepted,1,protected,measured,refunds,187,597.0,,1,1454.852296,state_verified
accepted,1,protected,measured,refunds,188,613.0,,1,1454.852296,state_verified
accepted,1,protected,measured,refunds,189,610.0,,1,1454.852296,state_verified
accepted,1,protected,measured,refunds,190,611.0,,1,1454.852296,state_verified
accepted,1,protected,measured,refunds,191,637.0,,1,1454.852296,state_verified
accepted,1,protected,measured,refunds,192,611.0,,1,1454.852296,state_verified
accepted,1,protected,measured,refunds,193,946.0,,1,1454.852296,state_verified
accepted,1,protected,measured,refunds,194,934.0,,1,1454.852296,state_verified
accepted,1,protected,measured,refunds,195,921.0,,1,1454.852296,state_verified
accepted,1,protected,measured,refunds,196,1000.0,,1,1454.852296,state_verified
accepted,1,protected,measured,refunds,197,674.0,,1,1454.852296,state_verified
accepted,1,protected,measured,refunds,198,630.0,,1,1454.852296,state_verified
accepted,1,protected,measured,refunds,199,630.0,,1,1454.852296,state_verified
accepted,1,protected,measured,refunds,200,629.0,,1,1454.852296,state_verified
accepted,1,baseline,measured,mixed,1,4088.0,,7,863.479564,state_verified
accepted,1,baseline,measured,mixed,2,1072.0,,7,863.479564,state_verified
accepted,1,baseline,measured,mixed,3,1063.0,,7,863.479564,state_verified
accepted,1,baseline,measured,mixed,4,993.0,,7,863.479564,state_verified
accepted,1,baseline,measured,mixed,5,1064.0,,7,863.479564,state_verified
accepted,1,baseline,measured,mixed,6,1012.0,,7,863.479564,state_verified
accepted,1,baseline,measured,mixed,7,917.0,,7,863.479564,state_verified
accepted,1,baseline,measured,mixed,8,917.0,,7,863.479564,state_verified
accepted,1,baseline,measured,mixed,9,917.0,,7,863.479564,state_verified
accepted,1,baseline,measured,mixed,10,888.0,,7,863.479564,state_verified
accepted,1,baseline,measured,mixed,11,881.0,,7,863.479564,state_verified
accepted,1,baseline,measured,mixed,12,927.0,,7,863.479564,state_verified
accepted,1,baseline,measured,mixed,13,993.0,,7,863.479564,state_verified
accepted,1,baseline,measured,mixed,14,983.0,,7,863.479564,state_verified
accepted,1,baseline,measured,mixed,15,1015.0,,7,863.479564,state_verified
accepted,1,baseline,measured,mixed,16,981.0,,7,863.479564,state_verified
accepted,1,baseline,measured,mixed,17,1028.0,,7,863.479564,state_verified
accepted,1,baseline,measured,mixed,18,892.0,,7,863.479564,state_verified
accepted,1,baseline,measured,mixed,19,1084.0,,7,863.479564,state_verified
accepted,1,baseline,measured,mixed,20,939.0,,7,863.479564,state_verified
accepted,1,baseline,measured,mixed,21,1039.0,,7,863.479564,state_verified
accepted,1,baseline,measured,mixed,22,1154.0,,7,863.479564,state_verified
accepted,1,baseline,measured,mixed,23,873.0,,7,863.479564,state_verified
accepted,1,baseline,measured,mixed,24,886.0,,7,863.479564,state_verified
accepted,1,baseline,measured,mixed,25,864.0,,7,863.479564,state_verified
accepted,1,baseline,measured,mixed,26,872.0,,7,863.479564,state_verified
accepted,1,baseline,measured,mixed,27,886.0,,7,863.479564,state_verified
accepted,1,baseline,measured,mixed,28,881.0,,7,863.479564,state_verified
accepted,1,baseline,measured,mixed,29,970.0,,7,863.479564,state_verified
accepted,1,baseline,measured,mixed,30,1022.0,,7,863.479564,state_verified
accepted,1,baseline,measured,mixed,31,996.0,,7,863.479564,state_verified
accepted,1,baseline,measured,mixed,32,1008.0,,7,863.479564,state_verified
accepted,1,baseline,measured,mixed,33,1010.0,,7,863.479564,state_verified
accepted,1,baseline,measured,mixed,34,1051.0,,7,863.479564,state_verified
accepted,1,baseline,measured,mixed,35,968.0,,7,863.479564,state_verified
accepted,1,baseline,measured,mixed,36,897.0,,7,863.479564,state_verified
accepted,1,baseline,measured,mixed,37,1081.0,,7,863.479564,state_verified
accepted,1,baseline,measured,mixed,38,998.0,,7,863.479564,state_verified
accepted,1,baseline,measured,mixed,39,879.0,,7,863.479564,state_verified
accepted,1,baseline,measured,mixed,40,922.0,,7,863.479564,state_verified
accepted,1,baseline,measured,mixed,41,900.0,,7,863.479564,state_verified
accepted,1,baseline,measured,mixed,42,907.0,,7,863.479564,state_verified
accepted,1,baseline,measured,mixed,43,904.0,,7,863.479564,state_verified
accepted,1,baseline,measured,mixed,44,858.0,,7,863.479564,state_verified
accepted,1,baseline,measured,mixed,45,1169.0,,7,863.479564,state_verified
accepted,1,baseline,measured,mixed,46,1194.0,,7,863.479564,state_verified
accepted,1,baseline,measured,mixed,47,1218.0,,7,863.479564,state_verified
accepted,1,baseline,measured,mixed,48,1181.0,,7,863.479564,state_verified
accepted,1,baseline,measured,mixed,49,875.0,,7,863.479564,state_verified
accepted,1,baseline,measured,mixed,50,857.0,,7,863.479564,state_verified
accepted,1,baseline,measured,mixed,51,889.0,,7,863.479564,state_verified
accepted,1,baseline,measured,mixed,52,832.0,,7,863.479564,state_verified
accepted,1,baseline,measured,mixed,53,873.0,,7,863.479564,state_verified
accepted,1,baseline,measured,mixed,54,872.0,,7,863.479564,state_verified
accepted,1,baseline,measured,mixed,55,892.0,,7,863.479564,state_verified
accepted,1,baseline,measured,mixed,56,827.0,,7,863.479564,state_verified
accepted,1,baseline,measured,mixed,57,843.0,,7,863.479564,state_verified
accepted,1,baseline,measured,mixed,58,969.0,,7,863.479564,state_verified
accepted,1,baseline,measured,mixed,59,986.0,,7,863.479564,state_verified
accepted,1,baseline,measured,mixed,60,973.0,,7,863.479564,state_verified
accepted,1,baseline,measured,mixed,61,925.0,,7,863.479564,state_verified
accepted,1,baseline,measured,mixed,62,932.0,,7,863.479564,state_verified
accepted,1,baseline,measured,mixed,63,1082.0,,7,863.479564,state_verified
accepted,1,baseline,measured,mixed,64,978.0,,7,863.479564,state_verified
accepted,1,baseline,measured,mixed,65,966.0,,7,863.479564,state_verified
accepted,1,baseline,measured,mixed,66,1215.0,,7,863.479564,state_verified
accepted,1,baseline,measured,mixed,67,942.0,,7,863.479564,state_verified
accepted,1,baseline,measured,mixed,68,846.0,,7,863.479564,state_verified
accepted,1,baseline,measured,mixed,69,934.0,,7,863.479564,state_verified
accepted,1,baseline,measured,mixed,70,885.0,,7,863.479564,state_verified
accepted,1,baseline,measured,mixed,71,871.0,,7,863.479564,state_verified
accepted,1,baseline,measured,mixed,72,855.0,,7,863.479564,state_verified
accepted,1,baseline,measured,mixed,73,882.0,,7,863.479564,state_verified
accepted,1,baseline,measured,mixed,74,846.0,,7,863.479564,state_verified
accepted,1,baseline,measured,mixed,75,951.0,,7,863.479564,state_verified
accepted,1,baseline,measured,mixed,76,878.0,,7,863.479564,state_verified
accepted,1,baseline,measured,mixed,77,915.0,,7,863.479564,state_verified
accepted,1,baseline,measured,mixed,78,896.0,,7,863.479564,state_verified
accepted,1,baseline,measured,mixed,79,861.0,,7,863.479564,state_verified
accepted,1,baseline,measured,mixed,80,916.0,,7,863.479564,state_verified
accepted,1,baseline,measured,mixed,81,938.0,,7,863.479564,state_verified
accepted,1,baseline,measured,mixed,82,923.0,,7,863.479564,state_verified
accepted,1,baseline,measured,mixed,83,954.0,,7,863.479564,state_verified
accepted,1,baseline,measured,mixed,84,946.0,,7,863.479564,state_verified
accepted,1,baseline,measured,mixed,85,945.0,,7,863.479564,state_verified
accepted,1,baseline,measured,mixed,86,907.0,,7,863.479564,state_verified
accepted,1,baseline,measured,mixed,87,895.0,,7,863.479564,state_verified
accepted,1,baseline,measured,mixed,88,919.0,,7,863.479564,state_verified
accepted,1,baseline,measured,mixed,89,908.0,,7,863.479564,state_verified
accepted,1,baseline,measured,mixed,90,919.0,,7,863.479564,state_verified
accepted,1,baseline,measured,mixed,91,923.0,,7,863.479564,state_verified
accepted,1,baseline,measured,mixed,92,883.0,,7,863.479564,state_verified
accepted,1,baseline,measured,mixed,93,874.0,,7,863.479564,state_verified
accepted,1,baseline,measured,mixed,94,860.0,,7,863.479564,state_verified
accepted,1,baseline,measured,mixed,95,863.0,,7,863.479564,state_verified
accepted,1,baseline,measured,mixed,96,854.0,,7,863.479564,state_verified
accepted,1,baseline,measured,mixed,97,913.0,,7,863.479564,state_verified
accepted,1,baseline,measured,mixed,98,861.0,,7,863.479564,state_verified
accepted,1,baseline,measured,mixed,99,905.0,,7,863.479564,state_verified
accepted,1,baseline,measured,mixed,100,858.0,,7,863.479564,state_verified
accepted,1,baseline,measured,mixed,101,923.0,,7,863.479564,state_verified
accepted,1,baseline,measured,mixed,102,862.0,,7,863.479564,state_verified
accepted,1,baseline,measured,mixed,103,888.0,,7,863.479564,state_verified
accepted,1,baseline,measured,mixed,104,856.0,,7,863.479564,state_verified
accepted,1,baseline,measured,mixed,105,923.0,,7,863.479564,state_verified
accepted,1,baseline,measured,mixed,106,973.0,,7,863.479564,state_verified
accepted,1,baseline,measured,mixed,107,1012.0,,7,863.479564,state_verified
accepted,1,baseline,measured,mixed,108,1003.0,,7,863.479564,state_verified
accepted,1,baseline,measured,mixed,109,1368.0,,7,863.479564,state_verified
accepted,1,baseline,measured,mixed,110,1376.0,,7,863.479564,state_verified
accepted,1,baseline,measured,mixed,111,1310.0,,7,863.479564,state_verified
accepted,1,baseline,measured,mixed,112,1306.0,,7,863.479564,state_verified
accepted,1,baseline,measured,mixed,113,850.0,,7,863.479564,state_verified
accepted,1,baseline,measured,mixed,114,879.0,,7,863.479564,state_verified
accepted,1,baseline,measured,mixed,115,1043.0,,7,863.479564,state_verified
accepted,1,baseline,measured,mixed,116,1161.0,,7,863.479564,state_verified
accepted,1,baseline,measured,mixed,117,889.0,,7,863.479564,state_verified
accepted,1,baseline,measured,mixed,118,920.0,,7,863.479564,state_verified
accepted,1,baseline,measured,mixed,119,903.0,,7,863.479564,state_verified
accepted,1,baseline,measured,mixed,120,817.0,,7,863.479564,state_verified
accepted,1,baseline,measured,mixed,121,892.0,,7,863.479564,state_verified
accepted,1,baseline,measured,mixed,122,894.0,,7,863.479564,state_verified
accepted,1,baseline,measured,mixed,123,1010.0,,7,863.479564,state_verified
accepted,1,baseline,measured,mixed,124,1003.0,,7,863.479564,state_verified
accepted,1,baseline,measured,mixed,125,985.0,,7,863.479564,state_verified
accepted,1,baseline,measured,mixed,126,1034.0,,7,863.479564,state_verified
accepted,1,baseline,measured,mixed,127,1077.0,,7,863.479564,state_verified
accepted,1,baseline,measured,mixed,128,991.0,,7,863.479564,state_verified
accepted,1,baseline,measured,mixed,129,935.0,,7,863.479564,state_verified
accepted,1,baseline,measured,mixed,130,1218.0,,7,863.479564,state_verified
accepted,1,baseline,measured,mixed,131,918.0,,7,863.479564,state_verified
accepted,1,baseline,measured,mixed,132,939.0,,7,863.479564,state_verified
accepted,1,baseline,measured,mixed,133,902.0,,7,863.479564,state_verified
accepted,1,baseline,measured,mixed,134,907.0,,7,863.479564,state_verified
accepted,1,baseline,measured,mixed,135,905.0,,7,863.479564,state_verified
accepted,1,baseline,measured,mixed,136,897.0,,7,863.479564,state_verified
accepted,1,baseline,measured,mixed,137,867.0,,7,863.479564,state_verified
accepted,1,baseline,measured,mixed,138,878.0,,7,863.479564,state_verified
accepted,1,baseline,measured,mixed,139,883.0,,7,863.479564,state_verified
accepted,1,baseline,measured,mixed,140,964.0,,7,863.479564,state_verified
accepted,1,baseline,measured,mixed,141,937.0,,7,863.479564,state_verified
accepted,1,baseline,measured,mixed,142,859.0,,7,863.479564,state_verified
accepted,1,baseline,measured,mixed,143,919.0,,7,863.479564,state_verified
accepted,1,baseline,measured,mixed,144,864.0,,7,863.479564,state_verified
accepted,1,baseline,measured,mixed,145,860.0,,7,863.479564,state_verified
accepted,1,baseline,measured,mixed,146,885.0,,7,863.479564,state_verified
accepted,1,baseline,measured,mixed,147,873.0,,7,863.479564,state_verified
accepted,1,baseline,measured,mixed,148,873.0,,7,863.479564,state_verified
accepted,1,baseline,measured,mixed,149,895.0,,7,863.479564,state_verified
accepted,1,baseline,measured,mixed,150,894.0,,7,863.479564,state_verified
accepted,1,baseline,measured,mixed,151,895.0,,7,863.479564,state_verified
accepted,1,baseline,measured,mixed,152,930.0,,7,863.479564,state_verified
accepted,1,baseline,measured,mixed,153,1004.0,,7,863.479564,state_verified
accepted,1,baseline,measured,mixed,154,1046.0,,7,863.479564,state_verified
accepted,1,baseline,measured,mixed,155,938.0,,7,863.479564,state_verified
accepted,1,baseline,measured,mixed,156,1035.0,,7,863.479564,state_verified
accepted,1,baseline,measured,mixed,157,1016.0,,7,863.479564,state_verified
accepted,1,baseline,measured,mixed,158,952.0,,7,863.479564,state_verified
accepted,1,baseline,measured,mixed,159,945.0,,7,863.479564,state_verified
accepted,1,baseline,measured,mixed,160,1289.0,,7,863.479564,state_verified
accepted,1,baseline,measured,mixed,161,947.0,,7,863.479564,state_verified
accepted,1,baseline,measured,mixed,162,954.0,,7,863.479564,state_verified
accepted,1,baseline,measured,mixed,163,852.0,,7,863.479564,state_verified
accepted,1,baseline,measured,mixed,164,897.0,,7,863.479564,state_verified
accepted,1,baseline,measured,mixed,165,887.0,,7,863.479564,state_verified
accepted,1,baseline,measured,mixed,166,904.0,,7,863.479564,state_verified
accepted,1,baseline,measured,mixed,167,887.0,,7,863.479564,state_verified
accepted,1,baseline,measured,mixed,168,1013.0,,7,863.479564,state_verified
accepted,1,baseline,measured,mixed,169,31661.0,,7,863.479564,state_verified
accepted,1,baseline,measured,mixed,170,7184.0,,7,863.479564,state_verified
accepted,1,baseline,measured,mixed,171,1516.0,,7,863.479564,state_verified
accepted,1,baseline,measured,mixed,172,1340.0,,7,863.479564,state_verified
accepted,1,baseline,measured,mixed,173,952.0,,7,863.479564,state_verified
accepted,1,baseline,measured,mixed,174,880.0,,7,863.479564,state_verified
accepted,1,baseline,measured,mixed,175,888.0,,7,863.479564,state_verified
accepted,1,baseline,measured,mixed,176,872.0,,7,863.479564,state_verified
accepted,1,baseline,measured,mixed,177,842.0,,7,863.479564,state_verified
accepted,1,baseline,measured,mixed,178,1014.0,,7,863.479564,state_verified
accepted,1,baseline,measured,mixed,179,1046.0,,7,863.479564,state_verified
accepted,1,baseline,measured,mixed,180,956.0,,7,863.479564,state_verified
accepted,1,baseline,measured,mixed,181,849.0,,7,863.479564,state_verified
accepted,1,baseline,measured,mixed,182,1056.0,,7,863.479564,state_verified
accepted,1,baseline,measured,mixed,183,962.0,,7,863.479564,state_verified
accepted,1,baseline,measured,mixed,184,825.0,,7,863.479564,state_verified
accepted,1,baseline,measured,mixed,185,917.0,,7,863.479564,state_verified
accepted,1,baseline,measured,mixed,186,1180.0,,7,863.479564,state_verified
accepted,1,baseline,measured,mixed,187,916.0,,7,863.479564,state_verified
accepted,1,baseline,measured,mixed,188,832.0,,7,863.479564,state_verified
accepted,1,baseline,measured,mixed,189,854.0,,7,863.479564,state_verified
accepted,1,baseline,measured,mixed,190,827.0,,7,863.479564,state_verified
accepted,1,baseline,measured,mixed,191,818.0,,7,863.479564,state_verified
accepted,1,baseline,measured,mixed,192,821.0,,7,863.479564,state_verified
accepted,1,baseline,measured,mixed,193,775.0,,7,863.479564,state_verified
accepted,1,baseline,measured,mixed,194,818.0,,7,863.479564,state_verified
accepted,1,baseline,measured,mixed,195,818.0,,7,863.479564,state_verified
accepted,1,baseline,measured,mixed,196,846.0,,7,863.479564,state_verified
accepted,1,baseline,measured,mixed,197,942.0,,7,863.479564,state_verified
accepted,1,baseline,measured,mixed,198,808.0,,7,863.479564,state_verified
accepted,1,baseline,measured,mixed,199,814.0,,7,863.479564,state_verified
accepted,1,baseline,measured,mixed,200,864.0,,7,863.479564,state_verified
accepted,1,protected,measured,mixed,1,11668.0,,7,323.44874,state_verified
accepted,1,protected,measured,mixed,2,8636.0,,7,323.44874,state_verified
accepted,1,protected,measured,mixed,3,1344.0,,7,323.44874,state_verified
accepted,1,protected,measured,mixed,4,1400.0,,7,323.44874,state_verified
accepted,1,protected,measured,mixed,5,1462.0,,7,323.44874,state_verified
accepted,1,protected,measured,mixed,6,7792.0,,7,323.44874,state_verified
accepted,1,protected,measured,mixed,7,2190.0,,7,323.44874,state_verified
accepted,1,protected,measured,mixed,8,1629.0,,7,323.44874,state_verified
accepted,1,protected,measured,mixed,9,1547.0,,7,323.44874,state_verified
accepted,1,protected,measured,mixed,10,7645.0,,7,323.44874,state_verified
accepted,1,protected,measured,mixed,11,1600.0,,7,323.44874,state_verified
accepted,1,protected,measured,mixed,12,1081.0,,7,323.44874,state_verified
accepted,1,protected,measured,mixed,13,951.0,,7,323.44874,state_verified
accepted,1,protected,measured,mixed,14,7711.0,,7,323.44874,state_verified
accepted,1,protected,measured,mixed,15,1654.0,,7,323.44874,state_verified
accepted,1,protected,measured,mixed,16,1051.0,,7,323.44874,state_verified
accepted,1,protected,measured,mixed,17,963.0,,7,323.44874,state_verified
accepted,1,protected,measured,mixed,18,7769.0,,7,323.44874,state_verified
accepted,1,protected,measured,mixed,19,1541.0,,7,323.44874,state_verified
accepted,1,protected,measured,mixed,20,1202.0,,7,323.44874,state_verified
accepted,1,protected,measured,mixed,21,1110.0,,7,323.44874,state_verified
accepted,1,protected,measured,mixed,22,9617.0,,7,323.44874,state_verified
accepted,1,protected,measured,mixed,23,1108.0,,7,323.44874,state_verified
accepted,1,protected,measured,mixed,24,1265.0,,7,323.44874,state_verified
accepted,1,protected,measured,mixed,25,1100.0,,7,323.44874,state_verified
accepted,1,protected,measured,mixed,26,7737.0,,7,323.44874,state_verified
accepted,1,protected,measured,mixed,27,1479.0,,7,323.44874,state_verified
accepted,1,protected,measured,mixed,28,977.0,,7,323.44874,state_verified
accepted,1,protected,measured,mixed,29,1017.0,,7,323.44874,state_verified
accepted,1,protected,measured,mixed,30,7701.0,,7,323.44874,state_verified
accepted,1,protected,measured,mixed,31,1308.0,,7,323.44874,state_verified
accepted,1,protected,measured,mixed,32,1063.0,,7,323.44874,state_verified
accepted,1,protected,measured,mixed,33,1097.0,,7,323.44874,state_verified
accepted,1,protected,measured,mixed,34,7848.0,,7,323.44874,state_verified
accepted,1,protected,measured,mixed,35,1626.0,,7,323.44874,state_verified
accepted,1,protected,measured,mixed,36,1301.0,,7,323.44874,state_verified
accepted,1,protected,measured,mixed,37,983.0,,7,323.44874,state_verified
accepted,1,protected,measured,mixed,38,7729.0,,7,323.44874,state_verified
accepted,1,protected,measured,mixed,39,1128.0,,7,323.44874,state_verified
accepted,1,protected,measured,mixed,40,1033.0,,7,323.44874,state_verified
accepted,1,protected,measured,mixed,41,1190.0,,7,323.44874,state_verified
accepted,1,protected,measured,mixed,42,9112.0,,7,323.44874,state_verified
accepted,1,protected,measured,mixed,43,1235.0,,7,323.44874,state_verified
accepted,1,protected,measured,mixed,44,1404.0,,7,323.44874,state_verified
accepted,1,protected,measured,mixed,45,1037.0,,7,323.44874,state_verified
accepted,1,protected,measured,mixed,46,7653.0,,7,323.44874,state_verified
accepted,1,protected,measured,mixed,47,1626.0,,7,323.44874,state_verified
accepted,1,protected,measured,mixed,48,1400.0,,7,323.44874,state_verified
accepted,1,protected,measured,mixed,49,1283.0,,7,323.44874,state_verified
accepted,1,protected,measured,mixed,50,9815.0,,7,323.44874,state_verified
accepted,1,protected,measured,mixed,51,1736.0,,7,323.44874,state_verified
accepted,1,protected,measured,mixed,52,1354.0,,7,323.44874,state_verified
accepted,1,protected,measured,mixed,53,1005.0,,7,323.44874,state_verified
accepted,1,protected,measured,mixed,54,7707.0,,7,323.44874,state_verified
accepted,1,protected,measured,mixed,55,1551.0,,7,323.44874,state_verified
accepted,1,protected,measured,mixed,56,1108.0,,7,323.44874,state_verified
accepted,1,protected,measured,mixed,57,989.0,,7,323.44874,state_verified
accepted,1,protected,measured,mixed,58,7724.0,,7,323.44874,state_verified
accepted,1,protected,measured,mixed,59,1569.0,,7,323.44874,state_verified
accepted,1,protected,measured,mixed,60,945.0,,7,323.44874,state_verified
accepted,1,protected,measured,mixed,61,931.0,,7,323.44874,state_verified
accepted,1,protected,measured,mixed,62,9106.0,,7,323.44874,state_verified
accepted,1,protected,measured,mixed,63,1513.0,,7,323.44874,state_verified
accepted,1,protected,measured,mixed,64,1125.0,,7,323.44874,state_verified
accepted,1,protected,measured,mixed,65,952.0,,7,323.44874,state_verified
accepted,1,protected,measured,mixed,66,7663.0,,7,323.44874,state_verified
accepted,1,protected,measured,mixed,67,1679.0,,7,323.44874,state_verified
accepted,1,protected,measured,mixed,68,1530.0,,7,323.44874,state_verified
accepted,1,protected,measured,mixed,69,1043.0,,7,323.44874,state_verified
accepted,1,protected,measured,mixed,70,7802.0,,7,323.44874,state_verified
accepted,1,protected,measured,mixed,71,1812.0,,7,323.44874,state_verified
accepted,1,protected,measured,mixed,72,1569.0,,7,323.44874,state_verified
accepted,1,protected,measured,mixed,73,1222.0,,7,323.44874,state_verified
accepted,1,protected,measured,mixed,74,7708.0,,7,323.44874,state_verified
accepted,1,protected,measured,mixed,75,1429.0,,7,323.44874,state_verified
accepted,1,protected,measured,mixed,76,1052.0,,7,323.44874,state_verified
accepted,1,protected,measured,mixed,77,948.0,,7,323.44874,state_verified
accepted,1,protected,measured,mixed,78,7738.0,,7,323.44874,state_verified
accepted,1,protected,measured,mixed,79,1486.0,,7,323.44874,state_verified
accepted,1,protected,measured,mixed,80,1257.0,,7,323.44874,state_verified
accepted,1,protected,measured,mixed,81,957.0,,7,323.44874,state_verified
accepted,1,protected,measured,mixed,82,8967.0,,7,323.44874,state_verified
accepted,1,protected,measured,mixed,83,1674.0,,7,323.44874,state_verified
accepted,1,protected,measured,mixed,84,1437.0,,7,323.44874,state_verified
accepted,1,protected,measured,mixed,85,1016.0,,7,323.44874,state_verified
accepted,1,protected,measured,mixed,86,8474.0,,7,323.44874,state_verified
accepted,1,protected,measured,mixed,87,1529.0,,7,323.44874,state_verified
accepted,1,protected,measured,mixed,88,1030.0,,7,323.44874,state_verified
accepted,1,protected,measured,mixed,89,982.0,,7,323.44874,state_verified
accepted,1,protected,measured,mixed,90,7754.0,,7,323.44874,state_verified
accepted,1,protected,measured,mixed,91,1659.0,,7,323.44874,state_verified
accepted,1,protected,measured,mixed,92,1442.0,,7,323.44874,state_verified
accepted,1,protected,measured,mixed,93,1058.0,,7,323.44874,state_verified
accepted,1,protected,measured,mixed,94,7768.0,,7,323.44874,state_verified
accepted,1,protected,measured,mixed,95,1531.0,,7,323.44874,state_verified
accepted,1,protected,measured,mixed,96,1056.0,,7,323.44874,state_verified
accepted,1,protected,measured,mixed,97,957.0,,7,323.44874,state_verified
accepted,1,protected,measured,mixed,98,7804.0,,7,323.44874,state_verified
accepted,1,protected,measured,mixed,99,1477.0,,7,323.44874,state_verified
accepted,1,protected,measured,mixed,100,1225.0,,7,323.44874,state_verified
accepted,1,protected,measured,mixed,101,908.0,,7,323.44874,state_verified
accepted,1,protected,measured,mixed,102,8950.0,,7,323.44874,state_verified
accepted,1,protected,measured,mixed,103,1321.0,,7,323.44874,state_verified
accepted,1,protected,measured,mixed,104,998.0,,7,323.44874,state_verified
accepted,1,protected,measured,mixed,105,901.0,,7,323.44874,state_verified
accepted,1,protected,measured,mixed,106,7815.0,,7,323.44874,state_verified
accepted,1,protected,measured,mixed,107,1211.0,,7,323.44874,state_verified
accepted,1,protected,measured,mixed,108,1139.0,,7,323.44874,state_verified
accepted,1,protected,measured,mixed,109,1288.0,,7,323.44874,state_verified
accepted,1,protected,measured,mixed,110,7606.0,,7,323.44874,state_verified
accepted,1,protected,measured,mixed,111,1533.0,,7,323.44874,state_verified
accepted,1,protected,measured,mixed,112,1427.0,,7,323.44874,state_verified
accepted,1,protected,measured,mixed,113,969.0,,7,323.44874,state_verified
accepted,1,protected,measured,mixed,114,7761.0,,7,323.44874,state_verified
accepted,1,protected,measured,mixed,115,1277.0,,7,323.44874,state_verified
accepted,1,protected,measured,mixed,116,1102.0,,7,323.44874,state_verified
accepted,1,protected,measured,mixed,117,907.0,,7,323.44874,state_verified
accepted,1,protected,measured,mixed,118,7726.0,,7,323.44874,state_verified
accepted,1,protected,measured,mixed,119,1706.0,,7,323.44874,state_verified
accepted,1,protected,measured,mixed,120,1330.0,,7,323.44874,state_verified
accepted,1,protected,measured,mixed,121,1032.0,,7,323.44874,state_verified
accepted,1,protected,measured,mixed,122,8847.0,,7,323.44874,state_verified
accepted,1,protected,measured,mixed,123,1522.0,,7,323.44874,state_verified
accepted,1,protected,measured,mixed,124,1119.0,,7,323.44874,state_verified
accepted,1,protected,measured,mixed,125,1038.0,,7,323.44874,state_verified
accepted,1,protected,measured,mixed,126,9206.0,,7,323.44874,state_verified
accepted,1,protected,measured,mixed,127,1685.0,,7,323.44874,state_verified
accepted,1,protected,measured,mixed,128,1130.0,,7,323.44874,state_verified
accepted,1,protected,measured,mixed,129,1081.0,,7,323.44874,state_verified
accepted,1,protected,measured,mixed,130,7781.0,,7,323.44874,state_verified
accepted,1,protected,measured,mixed,131,1283.0,,7,323.44874,state_verified
accepted,1,protected,measured,mixed,132,982.0,,7,323.44874,state_verified
accepted,1,protected,measured,mixed,133,948.0,,7,323.44874,state_verified
accepted,1,protected,measured,mixed,134,7801.0,,7,323.44874,state_verified
accepted,1,protected,measured,mixed,135,1773.0,,7,323.44874,state_verified
accepted,1,protected,measured,mixed,136,1531.0,,7,323.44874,state_verified
accepted,1,protected,measured,mixed,137,1210.0,,7,323.44874,state_verified
accepted,1,protected,measured,mixed,138,7803.0,,7,323.44874,state_verified
accepted,1,protected,measured,mixed,139,1638.0,,7,323.44874,state_verified
accepted,1,protected,measured,mixed,140,1072.0,,7,323.44874,state_verified
accepted,1,protected,measured,mixed,141,980.0,,7,323.44874,state_verified
accepted,1,protected,measured,mixed,142,8962.0,,7,323.44874,state_verified
accepted,1,protected,measured,mixed,143,1412.0,,7,323.44874,state_verified
accepted,1,protected,measured,mixed,144,1443.0,,7,323.44874,state_verified
accepted,1,protected,measured,mixed,145,1277.0,,7,323.44874,state_verified
accepted,1,protected,measured,mixed,146,7834.0,,7,323.44874,state_verified
accepted,1,protected,measured,mixed,147,1523.0,,7,323.44874,state_verified
accepted,1,protected,measured,mixed,148,1426.0,,7,323.44874,state_verified
accepted,1,protected,measured,mixed,149,958.0,,7,323.44874,state_verified
accepted,1,protected,measured,mixed,150,8509.0,,7,323.44874,state_verified
accepted,1,protected,measured,mixed,151,1631.0,,7,323.44874,state_verified
accepted,1,protected,measured,mixed,152,1317.0,,7,323.44874,state_verified
accepted,1,protected,measured,mixed,153,1131.0,,7,323.44874,state_verified
accepted,1,protected,measured,mixed,154,7740.0,,7,323.44874,state_verified
accepted,1,protected,measured,mixed,155,1178.0,,7,323.44874,state_verified
accepted,1,protected,measured,mixed,156,957.0,,7,323.44874,state_verified
accepted,1,protected,measured,mixed,157,955.0,,7,323.44874,state_verified
accepted,1,protected,measured,mixed,158,7783.0,,7,323.44874,state_verified
accepted,1,protected,measured,mixed,159,1328.0,,7,323.44874,state_verified
accepted,1,protected,measured,mixed,160,1056.0,,7,323.44874,state_verified
accepted,1,protected,measured,mixed,161,928.0,,7,323.44874,state_verified
accepted,1,protected,measured,mixed,162,10885.0,,7,323.44874,state_verified
accepted,1,protected,measured,mixed,163,1245.0,,7,323.44874,state_verified
accepted,1,protected,measured,mixed,164,1275.0,,7,323.44874,state_verified
accepted,1,protected,measured,mixed,165,1132.0,,7,323.44874,state_verified
accepted,1,protected,measured,mixed,166,11417.0,,7,323.44874,state_verified
accepted,1,protected,measured,mixed,167,1306.0,,7,323.44874,state_verified
accepted,1,protected,measured,mixed,168,1629.0,,7,323.44874,state_verified
accepted,1,protected,measured,mixed,169,1631.0,,7,323.44874,state_verified
accepted,1,protected,measured,mixed,170,8354.0,,7,323.44874,state_verified
accepted,1,protected,measured,mixed,171,1242.0,,7,323.44874,state_verified
accepted,1,protected,measured,mixed,172,1222.0,,7,323.44874,state_verified
accepted,1,protected,measured,mixed,173,1192.0,,7,323.44874,state_verified
accepted,1,protected,measured,mixed,174,8184.0,,7,323.44874,state_verified
accepted,1,protected,measured,mixed,175,1146.0,,7,323.44874,state_verified
accepted,1,protected,measured,mixed,176,1177.0,,7,323.44874,state_verified
accepted,1,protected,measured,mixed,177,925.0,,7,323.44874,state_verified
accepted,1,protected,measured,mixed,178,7765.0,,7,323.44874,state_verified
accepted,1,protected,measured,mixed,179,1137.0,,7,323.44874,state_verified
accepted,1,protected,measured,mixed,180,1084.0,,7,323.44874,state_verified
accepted,1,protected,measured,mixed,181,1043.0,,7,323.44874,state_verified
accepted,1,protected,measured,mixed,182,7760.0,,7,323.44874,state_verified
accepted,1,protected,measured,mixed,183,1223.0,,7,323.44874,state_verified
accepted,1,protected,measured,mixed,184,976.0,,7,323.44874,state_verified
accepted,1,protected,measured,mixed,185,932.0,,7,323.44874,state_verified
accepted,1,protected,measured,mixed,186,7796.0,,7,323.44874,state_verified
accepted,1,protected,measured,mixed,187,1391.0,,7,323.44874,state_verified
accepted,1,protected,measured,mixed,188,1179.0,,7,323.44874,state_verified
accepted,1,protected,measured,mixed,189,1198.0,,7,323.44874,state_verified
accepted,1,protected,measured,mixed,190,9263.0,,7,323.44874,state_verified
accepted,1,protected,measured,mixed,191,1844.0,,7,323.44874,state_verified
accepted,1,protected,measured,mixed,192,1218.0,,7,323.44874,state_verified
accepted,1,protected,measured,mixed,193,1073.0,,7,323.44874,state_verified
accepted,1,protected,measured,mixed,194,10431.0,,7,323.44874,state_verified
accepted,1,protected,measured,mixed,195,1131.0,,7,323.44874,state_verified
accepted,1,protected,measured,mixed,196,1337.0,,7,323.44874,state_verified
accepted,1,protected,measured,mixed,197,1297.0,,7,323.44874,state_verified
accepted,1,protected,measured,mixed,198,9125.0,,7,323.44874,state_verified
accepted,1,protected,measured,mixed,199,1821.0,,7,323.44874,state_verified
accepted,1,protected,measured,mixed,200,1339.0,,7,323.44874,state_verified
accepted,2,protected,measured,1,1,3599.0,,1,374.432968,state_verified
accepted,2,protected,measured,1,2,824.0,,1,374.432968,state_verified
accepted,2,protected,measured,1,3,802.0,,1,374.432968,state_verified
accepted,2,protected,measured,1,4,844.0,,1,374.432968,state_verified
accepted,2,protected,measured,1,5,8021.0,,1,374.432968,state_verified
accepted,2,protected,measured,1,6,1276.0,,1,374.432968,state_verified
accepted,2,protected,measured,1,7,1134.0,,1,374.432968,state_verified
accepted,2,protected,measured,1,8,901.0,,1,374.432968,state_verified
accepted,2,protected,measured,1,9,8550.0,,1,374.432968,state_verified
accepted,2,protected,measured,1,10,1021.0,,1,374.432968,state_verified
accepted,2,protected,measured,1,11,791.0,,1,374.432968,state_verified
accepted,2,protected,measured,1,12,794.0,,1,374.432968,state_verified
accepted,2,protected,measured,1,13,8023.0,,1,374.432968,state_verified
accepted,2,protected,measured,1,14,1108.0,,1,374.432968,state_verified
accepted,2,protected,measured,1,15,1034.0,,1,374.432968,state_verified
accepted,2,protected,measured,1,16,1047.0,,1,374.432968,state_verified
accepted,2,protected,measured,1,17,7769.0,,1,374.432968,state_verified
accepted,2,protected,measured,1,18,1080.0,,1,374.432968,state_verified
accepted,2,protected,measured,1,19,1388.0,,1,374.432968,state_verified
accepted,2,protected,measured,1,20,1097.0,,1,374.432968,state_verified
accepted,2,protected,measured,1,21,7750.0,,1,374.432968,state_verified
accepted,2,protected,measured,1,22,994.0,,1,374.432968,state_verified
accepted,2,protected,measured,1,23,912.0,,1,374.432968,state_verified
accepted,2,protected,measured,1,24,933.0,,1,374.432968,state_verified
accepted,2,protected,measured,1,25,7885.0,,1,374.432968,state_verified
accepted,2,protected,measured,1,26,978.0,,1,374.432968,state_verified
accepted,2,protected,measured,1,27,936.0,,1,374.432968,state_verified
accepted,2,protected,measured,1,28,877.0,,1,374.432968,state_verified
accepted,2,protected,measured,1,29,8560.0,,1,374.432968,state_verified
accepted,2,protected,measured,1,30,1046.0,,1,374.432968,state_verified
accepted,2,protected,measured,1,31,1707.0,,1,374.432968,state_verified
accepted,2,protected,measured,1,32,1046.0,,1,374.432968,state_verified
accepted,2,protected,measured,1,33,7722.0,,1,374.432968,state_verified
accepted,2,protected,measured,1,34,907.0,,1,374.432968,state_verified
accepted,2,protected,measured,1,35,906.0,,1,374.432968,state_verified
accepted,2,protected,measured,1,36,822.0,,1,374.432968,state_verified
accepted,2,protected,measured,1,37,7890.0,,1,374.432968,state_verified
accepted,2,protected,measured,1,38,864.0,,1,374.432968,state_verified
accepted,2,protected,measured,1,39,814.0,,1,374.432968,state_verified
accepted,2,protected,measured,1,40,887.0,,1,374.432968,state_verified
accepted,2,protected,measured,1,41,8240.0,,1,374.432968,state_verified
accepted,2,protected,measured,1,42,1077.0,,1,374.432968,state_verified
accepted,2,protected,measured,1,43,1127.0,,1,374.432968,state_verified
accepted,2,protected,measured,1,44,815.0,,1,374.432968,state_verified
accepted,2,protected,measured,1,45,7940.0,,1,374.432968,state_verified
accepted,2,protected,measured,1,46,1296.0,,1,374.432968,state_verified
accepted,2,protected,measured,1,47,1457.0,,1,374.432968,state_verified
accepted,2,protected,measured,1,48,1441.0,,1,374.432968,state_verified
accepted,2,protected,measured,1,49,7848.0,,1,374.432968,state_verified
accepted,2,protected,measured,1,50,916.0,,1,374.432968,state_verified
accepted,2,protected,measured,1,51,891.0,,1,374.432968,state_verified
accepted,2,protected,measured,1,52,849.0,,1,374.432968,state_verified
accepted,2,protected,measured,1,53,8205.0,,1,374.432968,state_verified
accepted,2,protected,measured,1,54,1113.0,,1,374.432968,state_verified
accepted,2,protected,measured,1,55,737.0,,1,374.432968,state_verified
accepted,2,protected,measured,1,56,807.0,,1,374.432968,state_verified
accepted,2,protected,measured,1,57,7972.0,,1,374.432968,state_verified
accepted,2,protected,measured,1,58,884.0,,1,374.432968,state_verified
accepted,2,protected,measured,1,59,860.0,,1,374.432968,state_verified
accepted,2,protected,measured,1,60,815.0,,1,374.432968,state_verified
accepted,2,protected,measured,1,61,7841.0,,1,374.432968,state_verified
accepted,2,protected,measured,1,62,1123.0,,1,374.432968,state_verified
accepted,2,protected,measured,1,63,1132.0,,1,374.432968,state_verified
accepted,2,protected,measured,1,64,980.0,,1,374.432968,state_verified
accepted,2,protected,measured,1,65,7714.0,,1,374.432968,state_verified
accepted,2,protected,measured,1,66,1140.0,,1,374.432968,state_verified
accepted,2,protected,measured,1,67,1144.0,,1,374.432968,state_verified
accepted,2,protected,measured,1,68,994.0,,1,374.432968,state_verified
accepted,2,protected,measured,1,69,8019.0,,1,374.432968,state_verified
accepted,2,protected,measured,1,70,800.0,,1,374.432968,state_verified
accepted,2,protected,measured,1,71,735.0,,1,374.432968,state_verified
accepted,2,protected,measured,1,72,708.0,,1,374.432968,state_verified
accepted,2,protected,measured,1,73,8680.0,,1,374.432968,state_verified
accepted,2,protected,measured,1,74,1086.0,,1,374.432968,state_verified
accepted,2,protected,measured,1,75,1021.0,,1,374.432968,state_verified
accepted,2,protected,measured,1,76,680.0,,1,374.432968,state_verified
accepted,2,protected,measured,1,77,7854.0,,1,374.432968,state_verified
accepted,2,protected,measured,1,78,1137.0,,1,374.432968,state_verified
accepted,2,protected,measured,1,79,1139.0,,1,374.432968,state_verified
accepted,2,protected,measured,1,80,950.0,,1,374.432968,state_verified
accepted,2,protected,measured,1,81,7831.0,,1,374.432968,state_verified
accepted,2,protected,measured,1,82,842.0,,1,374.432968,state_verified
accepted,2,protected,measured,1,83,765.0,,1,374.432968,state_verified
accepted,2,protected,measured,1,84,715.0,,1,374.432968,state_verified
accepted,2,protected,measured,1,85,7814.0,,1,374.432968,state_verified
accepted,2,protected,measured,1,86,1062.0,,1,374.432968,state_verified
accepted,2,protected,measured,1,87,815.0,,1,374.432968,state_verified
accepted,2,protected,measured,1,88,698.0,,1,374.432968,state_verified
accepted,2,protected,measured,1,89,7721.0,,1,374.432968,state_verified
accepted,2,protected,measured,1,90,912.0,,1,374.432968,state_verified
accepted,2,protected,measured,1,91,711.0,,1,374.432968,state_verified
accepted,2,protected,measured,1,92,727.0,,1,374.432968,state_verified
accepted,2,protected,measured,1,93,7679.0,,1,374.432968,state_verified
accepted,2,protected,measured,1,94,1030.0,,1,374.432968,state_verified
accepted,2,protected,measured,1,95,780.0,,1,374.432968,state_verified
accepted,2,protected,measured,1,96,741.0,,1,374.432968,state_verified
accepted,2,protected,measured,1,97,7725.0,,1,374.432968,state_verified
accepted,2,protected,measured,1,98,1067.0,,1,374.432968,state_verified
accepted,2,protected,measured,1,99,981.0,,1,374.432968,state_verified
accepted,2,protected,measured,1,100,709.0,,1,374.432968,state_verified
accepted,2,protected,measured,1,101,7624.0,,1,374.432968,state_verified
accepted,2,protected,measured,1,102,1098.0,,1,374.432968,state_verified
accepted,2,protected,measured,1,103,1054.0,,1,374.432968,state_verified
accepted,2,protected,measured,1,104,846.0,,1,374.432968,state_verified
accepted,2,protected,measured,1,105,7742.0,,1,374.432968,state_verified
accepted,2,protected,measured,1,106,802.0,,1,374.432968,state_verified
accepted,2,protected,measured,1,107,754.0,,1,374.432968,state_verified
accepted,2,protected,measured,1,108,711.0,,1,374.432968,state_verified
accepted,2,protected,measured,1,109,7795.0,,1,374.432968,state_verified
accepted,2,protected,measured,1,110,1364.0,,1,374.432968,state_verified
accepted,2,protected,measured,1,111,1215.0,,1,374.432968,state_verified
accepted,2,protected,measured,1,112,1083.0,,1,374.432968,state_verified
accepted,2,protected,measured,1,113,7747.0,,1,374.432968,state_verified
accepted,2,protected,measured,1,114,1222.0,,1,374.432968,state_verified
accepted,2,protected,measured,1,115,762.0,,1,374.432968,state_verified
accepted,2,protected,measured,1,116,735.0,,1,374.432968,state_verified
accepted,2,protected,measured,1,117,7724.0,,1,374.432968,state_verified
accepted,2,protected,measured,1,118,1202.0,,1,374.432968,state_verified
accepted,2,protected,measured,1,119,1057.0,,1,374.432968,state_verified
accepted,2,protected,measured,1,120,759.0,,1,374.432968,state_verified
accepted,2,protected,measured,1,121,7720.0,,1,374.432968,state_verified
accepted,2,protected,measured,1,122,1137.0,,1,374.432968,state_verified
accepted,2,protected,measured,1,123,1079.0,,1,374.432968,state_verified
accepted,2,protected,measured,1,124,1028.0,,1,374.432968,state_verified
accepted,2,protected,measured,1,125,7695.0,,1,374.432968,state_verified
accepted,2,protected,measured,1,126,1038.0,,1,374.432968,state_verified
accepted,2,protected,measured,1,127,804.0,,1,374.432968,state_verified
accepted,2,protected,measured,1,128,799.0,,1,374.432968,state_verified
accepted,2,protected,measured,1,129,7619.0,,1,374.432968,state_verified
accepted,2,protected,measured,1,130,1085.0,,1,374.432968,state_verified
accepted,2,protected,measured,1,131,998.0,,1,374.432968,state_verified
accepted,2,protected,measured,1,132,861.0,,1,374.432968,state_verified
accepted,2,protected,measured,1,133,7671.0,,1,374.432968,state_verified
accepted,2,protected,measured,1,134,1076.0,,1,374.432968,state_verified
accepted,2,protected,measured,1,135,956.0,,1,374.432968,state_verified
accepted,2,protected,measured,1,136,905.0,,1,374.432968,state_verified
accepted,2,protected,measured,1,137,8430.0,,1,374.432968,state_verified
accepted,2,protected,measured,1,138,896.0,,1,374.432968,state_verified
accepted,2,protected,measured,1,139,779.0,,1,374.432968,state_verified
accepted,2,protected,measured,1,140,733.0,,1,374.432968,state_verified
accepted,2,protected,measured,1,141,7774.0,,1,374.432968,state_verified
accepted,2,protected,measured,1,142,1098.0,,1,374.432968,state_verified
accepted,2,protected,measured,1,143,915.0,,1,374.432968,state_verified
accepted,2,protected,measured,1,144,717.0,,1,374.432968,state_verified
accepted,2,protected,measured,1,145,7821.0,,1,374.432968,state_verified
accepted,2,protected,measured,1,146,927.0,,1,374.432968,state_verified
accepted,2,protected,measured,1,147,783.0,,1,374.432968,state_verified
accepted,2,protected,measured,1,148,827.0,,1,374.432968,state_verified
accepted,2,protected,measured,1,149,7818.0,,1,374.432968,state_verified
accepted,2,protected,measured,1,150,829.0,,1,374.432968,state_verified
accepted,2,protected,measured,1,151,863.0,,1,374.432968,state_verified
accepted,2,protected,measured,1,152,845.0,,1,374.432968,state_verified
accepted,2,protected,measured,1,153,7844.0,,1,374.432968,state_verified
accepted,2,protected,measured,1,154,1055.0,,1,374.432968,state_verified
accepted,2,protected,measured,1,155,814.0,,1,374.432968,state_verified
accepted,2,protected,measured,1,156,776.0,,1,374.432968,state_verified
accepted,2,protected,measured,1,157,7815.0,,1,374.432968,state_verified
accepted,2,protected,measured,1,158,863.0,,1,374.432968,state_verified
accepted,2,protected,measured,1,159,871.0,,1,374.432968,state_verified
accepted,2,protected,measured,1,160,689.0,,1,374.432968,state_verified
accepted,2,protected,measured,1,161,7825.0,,1,374.432968,state_verified
accepted,2,protected,measured,1,162,807.0,,1,374.432968,state_verified
accepted,2,protected,measured,1,163,863.0,,1,374.432968,state_verified
accepted,2,protected,measured,1,164,687.0,,1,374.432968,state_verified
accepted,2,protected,measured,1,165,7854.0,,1,374.432968,state_verified
accepted,2,protected,measured,1,166,1021.0,,1,374.432968,state_verified
accepted,2,protected,measured,1,167,996.0,,1,374.432968,state_verified
accepted,2,protected,measured,1,168,918.0,,1,374.432968,state_verified
accepted,2,protected,measured,1,169,7765.0,,1,374.432968,state_verified
accepted,2,protected,measured,1,170,950.0,,1,374.432968,state_verified
accepted,2,protected,measured,1,171,760.0,,1,374.432968,state_verified
accepted,2,protected,measured,1,172,768.0,,1,374.432968,state_verified
accepted,2,protected,measured,1,173,7908.0,,1,374.432968,state_verified
accepted,2,protected,measured,1,174,1405.0,,1,374.432968,state_verified
accepted,2,protected,measured,1,175,1064.0,,1,374.432968,state_verified
accepted,2,protected,measured,1,176,1237.0,,1,374.432968,state_verified
accepted,2,protected,measured,1,177,7777.0,,1,374.432968,state_verified
accepted,2,protected,measured,1,178,994.0,,1,374.432968,state_verified
accepted,2,protected,measured,1,179,802.0,,1,374.432968,state_verified
accepted,2,protected,measured,1,180,706.0,,1,374.432968,state_verified
accepted,2,protected,measured,1,181,7884.0,,1,374.432968,state_verified
accepted,2,protected,measured,1,182,1150.0,,1,374.432968,state_verified
accepted,2,protected,measured,1,183,806.0,,1,374.432968,state_verified
accepted,2,protected,measured,1,184,950.0,,1,374.432968,state_verified
accepted,2,protected,measured,1,185,7767.0,,1,374.432968,state_verified
accepted,2,protected,measured,1,186,1045.0,,1,374.432968,state_verified
accepted,2,protected,measured,1,187,891.0,,1,374.432968,state_verified
accepted,2,protected,measured,1,188,697.0,,1,374.432968,state_verified
accepted,2,protected,measured,1,189,7847.0,,1,374.432968,state_verified
accepted,2,protected,measured,1,190,816.0,,1,374.432968,state_verified
accepted,2,protected,measured,1,191,706.0,,1,374.432968,state_verified
accepted,2,protected,measured,1,192,850.0,,1,374.432968,state_verified
accepted,2,protected,measured,1,193,7832.0,,1,374.432968,state_verified
accepted,2,protected,measured,1,194,1157.0,,1,374.432968,state_verified
accepted,2,protected,measured,1,195,939.0,,1,374.432968,state_verified
accepted,2,protected,measured,1,196,990.0,,1,374.432968,state_verified
accepted,2,protected,measured,1,197,7791.0,,1,374.432968,state_verified
accepted,2,protected,measured,1,198,1234.0,,1,374.432968,state_verified
accepted,2,protected,measured,1,199,851.0,,1,374.432968,state_verified
accepted,2,protected,measured,1,200,727.0,,1,374.432968,state_verified
accepted,2,baseline,measured,1,1,4758.0,,1,378.734799,state_verified
accepted,2,baseline,measured,1,2,1076.0,,1,378.734799,state_verified
accepted,2,baseline,measured,1,3,7611.0,,1,378.734799,state_verified
accepted,2,baseline,measured,1,4,1266.0,,1,378.734799,state_verified
accepted,2,baseline,measured,1,5,1197.0,,1,378.734799,state_verified
accepted,2,baseline,measured,1,6,805.0,,1,378.734799,state_verified
accepted,2,baseline,measured,1,7,7521.0,,1,378.734799,state_verified
accepted,2,baseline,measured,1,8,768.0,,1,378.734799,state_verified
accepted,2,baseline,measured,1,9,972.0,,1,378.734799,state_verified
accepted,2,baseline,measured,1,10,926.0,,1,378.734799,state_verified
accepted,2,baseline,measured,1,11,7671.0,,1,378.734799,state_verified
accepted,2,baseline,measured,1,12,841.0,,1,378.734799,state_verified
accepted,2,baseline,measured,1,13,867.0,,1,378.734799,state_verified
accepted,2,baseline,measured,1,14,1081.0,,1,378.734799,state_verified
accepted,2,baseline,measured,1,15,7608.0,,1,378.734799,state_verified
accepted,2,baseline,measured,1,16,965.0,,1,378.734799,state_verified
accepted,2,baseline,measured,1,17,985.0,,1,378.734799,state_verified
accepted,2,baseline,measured,1,18,701.0,,1,378.734799,state_verified
accepted,2,baseline,measured,1,19,7576.0,,1,378.734799,state_verified
accepted,2,baseline,measured,1,20,959.0,,1,378.734799,state_verified
accepted,2,baseline,measured,1,21,1016.0,,1,378.734799,state_verified
accepted,2,baseline,measured,1,22,895.0,,1,378.734799,state_verified
accepted,2,baseline,measured,1,23,7896.0,,1,378.734799,state_verified
accepted,2,baseline,measured,1,24,1115.0,,1,378.734799,state_verified
accepted,2,baseline,measured,1,25,1156.0,,1,378.734799,state_verified
accepted,2,baseline,measured,1,26,1043.0,,1,378.734799,state_verified
accepted,2,baseline,measured,1,27,7561.0,,1,378.734799,state_verified
accepted,2,baseline,measured,1,28,798.0,,1,378.734799,state_verified
accepted,2,baseline,measured,1,29,949.0,,1,378.734799,state_verified
accepted,2,baseline,measured,1,30,852.0,,1,378.734799,state_verified
accepted,2,baseline,measured,1,31,7645.0,,1,378.734799,state_verified
accepted,2,baseline,measured,1,32,843.0,,1,378.734799,state_verified
accepted,2,baseline,measured,1,33,780.0,,1,378.734799,state_verified
accepted,2,baseline,measured,1,34,724.0,,1,378.734799,state_verified
accepted,2,baseline,measured,1,35,7606.0,,1,378.734799,state_verified
accepted,2,baseline,measured,1,36,971.0,,1,378.734799,state_verified
accepted,2,baseline,measured,1,37,1357.0,,1,378.734799,state_verified
accepted,2,baseline,measured,1,38,783.0,,1,378.734799,state_verified
accepted,2,baseline,measured,1,39,7634.0,,1,378.734799,state_verified
accepted,2,baseline,measured,1,40,982.0,,1,378.734799,state_verified
accepted,2,baseline,measured,1,41,774.0,,1,378.734799,state_verified
accepted,2,baseline,measured,1,42,730.0,,1,378.734799,state_verified
accepted,2,baseline,measured,1,43,7619.0,,1,378.734799,state_verified
accepted,2,baseline,measured,1,44,1033.0,,1,378.734799,state_verified
accepted,2,baseline,measured,1,45,1294.0,,1,378.734799,state_verified
accepted,2,baseline,measured,1,46,1124.0,,1,378.734799,state_verified
accepted,2,baseline,measured,1,47,7649.0,,1,378.734799,state_verified
accepted,2,baseline,measured,1,48,918.0,,1,378.734799,state_verified
accepted,2,baseline,measured,1,49,922.0,,1,378.734799,state_verified
accepted,2,baseline,measured,1,50,802.0,,1,378.734799,state_verified
accepted,2,baseline,measured,1,51,7622.0,,1,378.734799,state_verified
accepted,2,baseline,measured,1,52,784.0,,1,378.734799,state_verified
accepted,2,baseline,measured,1,53,801.0,,1,378.734799,state_verified
accepted,2,baseline,measured,1,54,1257.0,,1,378.734799,state_verified
accepted,2,baseline,measured,1,55,7613.0,,1,378.734799,state_verified
accepted,2,baseline,measured,1,56,813.0,,1,378.734799,state_verified
accepted,2,baseline,measured,1,57,652.0,,1,378.734799,state_verified
accepted,2,baseline,measured,1,58,652.0,,1,378.734799,state_verified
accepted,2,baseline,measured,1,59,8342.0,,1,378.734799,state_verified
accepted,2,baseline,measured,1,60,1054.0,,1,378.734799,state_verified
accepted,2,baseline,measured,1,61,951.0,,1,378.734799,state_verified
accepted,2,baseline,measured,1,62,802.0,,1,378.734799,state_verified
accepted,2,baseline,measured,1,63,7585.0,,1,378.734799,state_verified
accepted,2,baseline,measured,1,64,802.0,,1,378.734799,state_verified
accepted,2,baseline,measured,1,65,731.0,,1,378.734799,state_verified
accepted,2,baseline,measured,1,66,684.0,,1,378.734799,state_verified
accepted,2,baseline,measured,1,67,7667.0,,1,378.734799,state_verified
accepted,2,baseline,measured,1,68,1215.0,,1,378.734799,state_verified
accepted,2,baseline,measured,1,69,1281.0,,1,378.734799,state_verified
accepted,2,baseline,measured,1,70,1167.0,,1,378.734799,state_verified
accepted,2,baseline,measured,1,71,7575.0,,1,378.734799,state_verified
accepted,2,baseline,measured,1,72,1094.0,,1,378.734799,state_verified
accepted,2,baseline,measured,1,73,827.0,,1,378.734799,state_verified
accepted,2,baseline,measured,1,74,826.0,,1,378.734799,state_verified
accepted,2,baseline,measured,1,75,7690.0,,1,378.734799,state_verified
accepted,2,baseline,measured,1,76,1107.0,,1,378.734799,state_verified
accepted,2,baseline,measured,1,77,733.0,,1,378.734799,state_verified
accepted,2,baseline,measured,1,78,683.0,,1,378.734799,state_verified
accepted,2,baseline,measured,1,79,7652.0,,1,378.734799,state_verified
accepted,2,baseline,measured,1,80,1057.0,,1,378.734799,state_verified
accepted,2,baseline,measured,1,81,1030.0,,1,378.734799,state_verified
accepted,2,baseline,measured,1,82,1063.0,,1,378.734799,state_verified
accepted,2,baseline,measured,1,83,7576.0,,1,378.734799,state_verified
accepted,2,baseline,measured,1,84,1120.0,,1,378.734799,state_verified
accepted,2,baseline,measured,1,85,947.0,,1,378.734799,state_verified
accepted,2,baseline,measured,1,86,800.0,,1,378.734799,state_verified
accepted,2,baseline,measured,1,87,7873.0,,1,378.734799,state_verified
accepted,2,baseline,measured,1,88,1046.0,,1,378.734799,state_verified
accepted,2,baseline,measured,1,89,958.0,,1,378.734799,state_verified
accepted,2,baseline,measured,1,90,960.0,,1,378.734799,state_verified
accepted,2,baseline,measured,1,91,7644.0,,1,378.734799,state_verified
accepted,2,baseline,measured,1,92,885.0,,1,378.734799,state_verified
accepted,2,baseline,measured,1,93,670.0,,1,378.734799,state_verified
accepted,2,baseline,measured,1,94,977.0,,1,378.734799,state_verified
accepted,2,baseline,measured,1,95,7572.0,,1,378.734799,state_verified
accepted,2,baseline,measured,1,96,1341.0,,1,378.734799,state_verified
accepted,2,baseline,measured,1,97,891.0,,1,378.734799,state_verified
accepted,2,baseline,measured,1,98,934.0,,1,378.734799,state_verified
accepted,2,baseline,measured,1,99,7560.0,,1,378.734799,state_verified
accepted,2,baseline,measured,1,100,917.0,,1,378.734799,state_verified
accepted,2,baseline,measured,1,101,897.0,,1,378.734799,state_verified
accepted,2,baseline,measured,1,102,995.0,,1,378.734799,state_verified
accepted,2,baseline,measured,1,103,7577.0,,1,378.734799,state_verified
accepted,2,baseline,measured,1,104,1069.0,,1,378.734799,state_verified
accepted,2,baseline,measured,1,105,972.0,,1,378.734799,state_verified
accepted,2,baseline,measured,1,106,1044.0,,1,378.734799,state_verified
accepted,2,baseline,measured,1,107,7568.0,,1,378.734799,state_verified
accepted,2,baseline,measured,1,108,840.0,,1,378.734799,state_verified
accepted,2,baseline,measured,1,109,956.0,,1,378.734799,state_verified
accepted,2,baseline,measured,1,110,1078.0,,1,378.734799,state_verified
accepted,2,baseline,measured,1,111,7529.0,,1,378.734799,state_verified
accepted,2,baseline,measured,1,112,944.0,,1,378.734799,state_verified
accepted,2,baseline,measured,1,113,996.0,,1,378.734799,state_verified
accepted,2,baseline,measured,1,114,923.0,,1,378.734799,state_verified
accepted,2,baseline,measured,1,115,7528.0,,1,378.734799,state_verified
accepted,2,baseline,measured,1,116,936.0,,1,378.734799,state_verified
accepted,2,baseline,measured,1,117,923.0,,1,378.734799,state_verified
accepted,2,baseline,measured,1,118,911.0,,1,378.734799,state_verified
accepted,2,baseline,measured,1,119,7603.0,,1,378.734799,state_verified
accepted,2,baseline,measured,1,120,893.0,,1,378.734799,state_verified
accepted,2,baseline,measured,1,121,842.0,,1,378.734799,state_verified
accepted,2,baseline,measured,1,122,975.0,,1,378.734799,state_verified
accepted,2,baseline,measured,1,123,8289.0,,1,378.734799,state_verified
accepted,2,baseline,measured,1,124,938.0,,1,378.734799,state_verified
accepted,2,baseline,measured,1,125,1022.0,,1,378.734799,state_verified
accepted,2,baseline,measured,1,126,1143.0,,1,378.734799,state_verified
accepted,2,baseline,measured,1,127,7633.0,,1,378.734799,state_verified
accepted,2,baseline,measured,1,128,896.0,,1,378.734799,state_verified
accepted,2,baseline,measured,1,129,843.0,,1,378.734799,state_verified
accepted,2,baseline,measured,1,130,882.0,,1,378.734799,state_verified
accepted,2,baseline,measured,1,131,7682.0,,1,378.734799,state_verified
accepted,2,baseline,measured,1,132,797.0,,1,378.734799,state_verified
accepted,2,baseline,measured,1,133,760.0,,1,378.734799,state_verified
accepted,2,baseline,measured,1,134,720.0,,1,378.734799,state_verified
accepted,2,baseline,measured,1,135,7677.0,,1,378.734799,state_verified
accepted,2,baseline,measured,1,136,827.0,,1,378.734799,state_verified
accepted,2,baseline,measured,1,137,812.0,,1,378.734799,state_verified
accepted,2,baseline,measured,1,138,942.0,,1,378.734799,state_verified
accepted,2,baseline,measured,1,139,7630.0,,1,378.734799,state_verified
accepted,2,baseline,measured,1,140,800.0,,1,378.734799,state_verified
accepted,2,baseline,measured,1,141,675.0,,1,378.734799,state_verified
accepted,2,baseline,measured,1,142,718.0,,1,378.734799,state_verified
accepted,2,baseline,measured,1,143,7779.0,,1,378.734799,state_verified
accepted,2,baseline,measured,1,144,955.0,,1,378.734799,state_verified
accepted,2,baseline,measured,1,145,924.0,,1,378.734799,state_verified
accepted,2,baseline,measured,1,146,1163.0,,1,378.734799,state_verified
accepted,2,baseline,measured,1,147,7550.0,,1,378.734799,state_verified
accepted,2,baseline,measured,1,148,788.0,,1,378.734799,state_verified
accepted,2,baseline,measured,1,149,711.0,,1,378.734799,state_verified
accepted,2,baseline,measured,1,150,815.0,,1,378.734799,state_verified
accepted,2,baseline,measured,1,151,7761.0,,1,378.734799,state_verified
accepted,2,baseline,measured,1,152,1183.0,,1,378.734799,state_verified
accepted,2,baseline,measured,1,153,1124.0,,1,378.734799,state_verified
accepted,2,baseline,measured,1,154,944.0,,1,378.734799,state_verified
accepted,2,baseline,measured,1,155,7726.0,,1,378.734799,state_verified
accepted,2,baseline,measured,1,156,773.0,,1,378.734799,state_verified
accepted,2,baseline,measured,1,157,709.0,,1,378.734799,state_verified
accepted,2,baseline,measured,1,158,912.0,,1,378.734799,state_verified
accepted,2,baseline,measured,1,159,7650.0,,1,378.734799,state_verified
accepted,2,baseline,measured,1,160,1000.0,,1,378.734799,state_verified
accepted,2,baseline,measured,1,161,836.0,,1,378.734799,state_verified
accepted,2,baseline,measured,1,162,955.0,,1,378.734799,state_verified
accepted,2,baseline,measured,1,163,7696.0,,1,378.734799,state_verified
accepted,2,baseline,measured,1,164,919.0,,1,378.734799,state_verified
accepted,2,baseline,measured,1,165,788.0,,1,378.734799,state_verified
accepted,2,baseline,measured,1,166,729.0,,1,378.734799,state_verified
accepted,2,baseline,measured,1,167,7605.0,,1,378.734799,state_verified
accepted,2,baseline,measured,1,168,770.0,,1,378.734799,state_verified
accepted,2,baseline,measured,1,169,685.0,,1,378.734799,state_verified
accepted,2,baseline,measured,1,170,721.0,,1,378.734799,state_verified
accepted,2,baseline,measured,1,171,7715.0,,1,378.734799,state_verified
accepted,2,baseline,measured,1,172,1177.0,,1,378.734799,state_verified
accepted,2,baseline,measured,1,173,1115.0,,1,378.734799,state_verified
accepted,2,baseline,measured,1,174,1147.0,,1,378.734799,state_verified
accepted,2,baseline,measured,1,175,7666.0,,1,378.734799,state_verified
accepted,2,baseline,measured,1,176,1342.0,,1,378.734799,state_verified
accepted,2,baseline,measured,1,177,845.0,,1,378.734799,state_verified
accepted,2,baseline,measured,1,178,695.0,,1,378.734799,state_verified
accepted,2,baseline,measured,1,179,7718.0,,1,378.734799,state_verified
accepted,2,baseline,measured,1,180,874.0,,1,378.734799,state_verified
accepted,2,baseline,measured,1,181,798.0,,1,378.734799,state_verified
accepted,2,baseline,measured,1,182,778.0,,1,378.734799,state_verified
accepted,2,baseline,measured,1,183,7733.0,,1,378.734799,state_verified
accepted,2,baseline,measured,1,184,1012.0,,1,378.734799,state_verified
accepted,2,baseline,measured,1,185,776.0,,1,378.734799,state_verified
accepted,2,baseline,measured,1,186,775.0,,1,378.734799,state_verified
accepted,2,baseline,measured,1,187,8343.0,,1,378.734799,state_verified
accepted,2,baseline,measured,1,188,887.0,,1,378.734799,state_verified
accepted,2,baseline,measured,1,189,1067.0,,1,378.734799,state_verified
accepted,2,baseline,measured,1,190,766.0,,1,378.734799,state_verified
accepted,2,baseline,measured,1,191,7535.0,,1,378.734799,state_verified
accepted,2,baseline,measured,1,192,1007.0,,1,378.734799,state_verified
accepted,2,baseline,measured,1,193,927.0,,1,378.734799,state_verified
accepted,2,baseline,measured,1,194,632.0,,1,378.734799,state_verified
accepted,2,baseline,measured,1,195,7524.0,,1,378.734799,state_verified
accepted,2,baseline,measured,1,196,769.0,,1,378.734799,state_verified
accepted,2,baseline,measured,1,197,721.0,,1,378.734799,state_verified
accepted,2,baseline,measured,1,198,703.0,,1,378.734799,state_verified
accepted,2,baseline,measured,1,199,7622.0,,1,378.734799,state_verified
accepted,2,baseline,measured,1,200,985.0,,1,378.734799,state_verified
accepted,2,protected,measured,5,1,6576.0,,5,341.506728,state_verified
accepted,2,protected,measured,5,2,1487.0,,5,341.506728,state_verified
accepted,2,protected,measured,5,3,8980.0,,5,341.506728,state_verified
accepted,2,protected,measured,5,4,1420.0,,5,341.506728,state_verified
accepted,2,protected,measured,5,5,1348.0,,5,341.506728,state_verified
accepted,2,protected,measured,5,6,996.0,,5,341.506728,state_verified
accepted,2,protected,measured,5,7,8307.0,,5,341.506728,state_verified
accepted,2,protected,measured,5,8,1010.0,,5,341.506728,state_verified
accepted,2,protected,measured,5,9,1352.0,,5,341.506728,state_verified
accepted,2,protected,measured,5,10,1702.0,,5,341.506728,state_verified
accepted,2,protected,measured,5,11,8212.0,,5,341.506728,state_verified
accepted,2,protected,measured,5,12,1158.0,,5,341.506728,state_verified
accepted,2,protected,measured,5,13,845.0,,5,341.506728,state_verified
accepted,2,protected,measured,5,14,719.0,,5,341.506728,state_verified
accepted,2,protected,measured,5,15,8400.0,,5,341.506728,state_verified
accepted,2,protected,measured,5,16,1257.0,,5,341.506728,state_verified
accepted,2,protected,measured,5,17,825.0,,5,341.506728,state_verified
accepted,2,protected,measured,5,18,845.0,,5,341.506728,state_verified
accepted,2,protected,measured,5,19,8364.0,,5,341.506728,state_verified
accepted,2,protected,measured,5,20,1012.0,,5,341.506728,state_verified
accepted,2,protected,measured,5,21,1045.0,,5,341.506728,state_verified
accepted,2,protected,measured,5,22,1019.0,,5,341.506728,state_verified
accepted,2,protected,measured,5,23,8276.0,,5,341.506728,state_verified
accepted,2,protected,measured,5,24,973.0,,5,341.506728,state_verified
accepted,2,protected,measured,5,25,873.0,,5,341.506728,state_verified
accepted,2,protected,measured,5,26,863.0,,5,341.506728,state_verified
accepted,2,protected,measured,5,27,8347.0,,5,341.506728,state_verified
accepted,2,protected,measured,5,28,1016.0,,5,341.506728,state_verified
accepted,2,protected,measured,5,29,929.0,,5,341.506728,state_verified
accepted,2,protected,measured,5,30,813.0,,5,341.506728,state_verified
accepted,2,protected,measured,5,31,8456.0,,5,341.506728,state_verified
accepted,2,protected,measured,5,32,879.0,,5,341.506728,state_verified
accepted,2,protected,measured,5,33,862.0,,5,341.506728,state_verified
accepted,2,protected,measured,5,34,785.0,,5,341.506728,state_verified
accepted,2,protected,measured,5,35,8399.0,,5,341.506728,state_verified
accepted,2,protected,measured,5,36,1198.0,,5,341.506728,state_verified
accepted,2,protected,measured,5,37,1153.0,,5,341.506728,state_verified
accepted,2,protected,measured,5,38,1011.0,,5,341.506728,state_verified
accepted,2,protected,measured,5,39,8341.0,,5,341.506728,state_verified
accepted,2,protected,measured,5,40,1691.0,,5,341.506728,state_verified
accepted,2,protected,measured,5,41,1369.0,,5,341.506728,state_verified
accepted,2,protected,measured,5,42,1175.0,,5,341.506728,state_verified
accepted,2,protected,measured,5,43,8271.0,,5,341.506728,state_verified
accepted,2,protected,measured,5,44,831.0,,5,341.506728,state_verified
accepted,2,protected,measured,5,45,944.0,,5,341.506728,state_verified
accepted,2,protected,measured,5,46,1099.0,,5,341.506728,state_verified
accepted,2,protected,measured,5,47,8603.0,,5,341.506728,state_verified
accepted,2,protected,measured,5,48,1127.0,,5,341.506728,state_verified
accepted,2,protected,measured,5,49,1064.0,,5,341.506728,state_verified
accepted,2,protected,measured,5,50,1047.0,,5,341.506728,state_verified
accepted,2,protected,measured,5,51,8411.0,,5,341.506728,state_verified
accepted,2,protected,measured,5,52,1094.0,,5,341.506728,state_verified
accepted,2,protected,measured,5,53,997.0,,5,341.506728,state_verified
accepted,2,protected,measured,5,54,957.0,,5,341.506728,state_verified
accepted,2,protected,measured,5,55,8313.0,,5,341.506728,state_verified
accepted,2,protected,measured,5,56,1135.0,,5,341.506728,state_verified
accepted,2,protected,measured,5,57,769.0,,5,341.506728,state_verified
accepted,2,protected,measured,5,58,739.0,,5,341.506728,state_verified
accepted,2,protected,measured,5,59,8453.0,,5,341.506728,state_verified
accepted,2,protected,measured,5,60,1046.0,,5,341.506728,state_verified
accepted,2,protected,measured,5,61,721.0,,5,341.506728,state_verified
accepted,2,protected,measured,5,62,733.0,,5,341.506728,state_verified
accepted,2,protected,measured,5,63,8413.0,,5,341.506728,state_verified
accepted,2,protected,measured,5,64,976.0,,5,341.506728,state_verified
accepted,2,protected,measured,5,65,1089.0,,5,341.506728,state_verified
accepted,2,protected,measured,5,66,728.0,,5,341.506728,state_verified
accepted,2,protected,measured,5,67,9087.0,,5,341.506728,state_verified
accepted,2,protected,measured,5,68,983.0,,5,341.506728,state_verified
accepted,2,protected,measured,5,69,904.0,,5,341.506728,state_verified
accepted,2,protected,measured,5,70,796.0,,5,341.506728,state_verified
accepted,2,protected,measured,5,71,8324.0,,5,341.506728,state_verified
accepted,2,protected,measured,5,72,1141.0,,5,341.506728,state_verified
accepted,2,protected,measured,5,73,1085.0,,5,341.506728,state_verified
accepted,2,protected,measured,5,74,951.0,,5,341.506728,state_verified
accepted,2,protected,measured,5,75,8167.0,,5,341.506728,state_verified
accepted,2,protected,measured,5,76,913.0,,5,341.506728,state_verified
accepted,2,protected,measured,5,77,748.0,,5,341.506728,state_verified
accepted,2,protected,measured,5,78,754.0,,5,341.506728,state_verified
accepted,2,protected,measured,5,79,8275.0,,5,341.506728,state_verified
accepted,2,protected,measured,5,80,826.0,,5,341.506728,state_verified
accepted,2,protected,measured,5,81,759.0,,5,341.506728,state_verified
accepted,2,protected,measured,5,82,790.0,,5,341.506728,state_verified
accepted,2,protected,measured,5,83,8255.0,,5,341.506728,state_verified
accepted,2,protected,measured,5,84,1105.0,,5,341.506728,state_verified
accepted,2,protected,measured,5,85,986.0,,5,341.506728,state_verified
accepted,2,protected,measured,5,86,952.0,,5,341.506728,state_verified
accepted,2,protected,measured,5,87,8211.0,,5,341.506728,state_verified
accepted,2,protected,measured,5,88,1058.0,,5,341.506728,state_verified
accepted,2,protected,measured,5,89,953.0,,5,341.506728,state_verified
accepted,2,protected,measured,5,90,735.0,,5,341.506728,state_verified
accepted,2,protected,measured,5,91,8317.0,,5,341.506728,state_verified
accepted,2,protected,measured,5,92,1080.0,,5,341.506728,state_verified
accepted,2,protected,measured,5,93,820.0,,5,341.506728,state_verified
accepted,2,protected,measured,5,94,961.0,,5,341.506728,state_verified
accepted,2,protected,measured,5,95,8302.0,,5,341.506728,state_verified
accepted,2,protected,measured,5,96,840.0,,5,341.506728,state_verified
accepted,2,protected,measured,5,97,802.0,,5,341.506728,state_verified
accepted,2,protected,measured,5,98,1071.0,,5,341.506728,state_verified
accepted,2,protected,measured,5,99,8202.0,,5,341.506728,state_verified
accepted,2,protected,measured,5,100,1163.0,,5,341.506728,state_verified
accepted,2,protected,measured,5,101,1182.0,,5,341.506728,state_verified
accepted,2,protected,measured,5,102,1058.0,,5,341.506728,state_verified
accepted,2,protected,measured,5,103,8238.0,,5,341.506728,state_verified
accepted,2,protected,measured,5,104,1080.0,,5,341.506728,state_verified
accepted,2,protected,measured,5,105,870.0,,5,341.506728,state_verified
accepted,2,protected,measured,5,106,795.0,,5,341.506728,state_verified
accepted,2,protected,measured,5,107,8324.0,,5,341.506728,state_verified
accepted,2,protected,measured,5,108,1055.0,,5,341.506728,state_verified
accepted,2,protected,measured,5,109,804.0,,5,341.506728,state_verified
accepted,2,protected,measured,5,110,774.0,,5,341.506728,state_verified
accepted,2,protected,measured,5,111,8635.0,,5,341.506728,state_verified
accepted,2,protected,measured,5,112,1268.0,,5,341.506728,state_verified
accepted,2,protected,measured,5,113,1049.0,,5,341.506728,state_verified
accepted,2,protected,measured,5,114,1078.0,,5,341.506728,state_verified
accepted,2,protected,measured,5,115,8230.0,,5,341.506728,state_verified
accepted,2,protected,measured,5,116,1384.0,,5,341.506728,state_verified
accepted,2,protected,measured,5,117,1025.0,,5,341.506728,state_verified
accepted,2,protected,measured,5,118,747.0,,5,341.506728,state_verified
accepted,2,protected,measured,5,119,8248.0,,5,341.506728,state_verified
accepted,2,protected,measured,5,120,944.0,,5,341.506728,state_verified
accepted,2,protected,measured,5,121,994.0,,5,341.506728,state_verified
accepted,2,protected,measured,5,122,857.0,,5,341.506728,state_verified
accepted,2,protected,measured,5,123,8280.0,,5,341.506728,state_verified
accepted,2,protected,measured,5,124,905.0,,5,341.506728,state_verified
accepted,2,protected,measured,5,125,753.0,,5,341.506728,state_verified
accepted,2,protected,measured,5,126,743.0,,5,341.506728,state_verified
accepted,2,protected,measured,5,127,8273.0,,5,341.506728,state_verified
accepted,2,protected,measured,5,128,1095.0,,5,341.506728,state_verified
accepted,2,protected,measured,5,129,1439.0,,5,341.506728,state_verified
accepted,2,protected,measured,5,130,907.0,,5,341.506728,state_verified
accepted,2,protected,measured,5,131,10181.0,,5,341.506728,state_verified
accepted,2,protected,measured,5,132,1025.0,,5,341.506728,state_verified
accepted,2,protected,measured,5,133,883.0,,5,341.506728,state_verified
accepted,2,protected,measured,5,134,1135.0,,5,341.506728,state_verified
accepted,2,protected,measured,5,135,9067.0,,5,341.506728,state_verified
accepted,2,protected,measured,5,136,1054.0,,5,341.506728,state_verified
accepted,2,protected,measured,5,137,1248.0,,5,341.506728,state_verified
accepted,2,protected,measured,5,138,1044.0,,5,341.506728,state_verified
accepted,2,protected,measured,5,139,8362.0,,5,341.506728,state_verified
accepted,2,protected,measured,5,140,1012.0,,5,341.506728,state_verified
accepted,2,protected,measured,5,141,765.0,,5,341.506728,state_verified
accepted,2,protected,measured,5,142,720.0,,5,341.506728,state_verified
accepted,2,protected,measured,5,143,8496.0,,5,341.506728,state_verified
accepted,2,protected,measured,5,144,883.0,,5,341.506728,state_verified
accepted,2,protected,measured,5,145,1130.0,,5,341.506728,state_verified
accepted,2,protected,measured,5,146,865.0,,5,341.506728,state_verified
accepted,2,protected,measured,5,147,8434.0,,5,341.506728,state_verified
accepted,2,protected,measured,5,148,1204.0,,5,341.506728,state_verified
accepted,2,protected,measured,5,149,937.0,,5,341.506728,state_verified
accepted,2,protected,measured,5,150,782.0,,5,341.506728,state_verified
accepted,2,protected,measured,5,151,8748.0,,5,341.506728,state_verified
accepted,2,protected,measured,5,152,1042.0,,5,341.506728,state_verified
accepted,2,protected,measured,5,153,1079.0,,5,341.506728,state_verified
accepted,2,protected,measured,5,154,833.0,,5,341.506728,state_verified
accepted,2,protected,measured,5,155,8722.0,,5,341.506728,state_verified
accepted,2,protected,measured,5,156,1245.0,,5,341.506728,state_verified
accepted,2,protected,measured,5,157,1252.0,,5,341.506728,state_verified
accepted,2,protected,measured,5,158,969.0,,5,341.506728,state_verified
accepted,2,protected,measured,5,159,8589.0,,5,341.506728,state_verified
accepted,2,protected,measured,5,160,1222.0,,5,341.506728,state_verified
accepted,2,protected,measured,5,161,1207.0,,5,341.506728,state_verified
accepted,2,protected,measured,5,162,873.0,,5,341.506728,state_verified
accepted,2,protected,measured,5,163,8755.0,,5,341.506728,state_verified
accepted,2,protected,measured,5,164,1243.0,,5,341.506728,state_verified
accepted,2,protected,measured,5,165,1363.0,,5,341.506728,state_verified
accepted,2,protected,measured,5,166,820.0,,5,341.506728,state_verified
accepted,2,protected,measured,5,167,8872.0,,5,341.506728,state_verified
accepted,2,protected,measured,5,168,1245.0,,5,341.506728,state_verified
accepted,2,protected,measured,5,169,1086.0,,5,341.506728,state_verified
accepted,2,protected,measured,5,170,760.0,,5,341.506728,state_verified
accepted,2,protected,measured,5,171,8662.0,,5,341.506728,state_verified
accepted,2,protected,measured,5,172,887.0,,5,341.506728,state_verified
accepted,2,protected,measured,5,173,897.0,,5,341.506728,state_verified
accepted,2,protected,measured,5,174,763.0,,5,341.506728,state_verified
accepted,2,protected,measured,5,175,9177.0,,5,341.506728,state_verified
accepted,2,protected,measured,5,176,1475.0,,5,341.506728,state_verified
accepted,2,protected,measured,5,177,1285.0,,5,341.506728,state_verified
accepted,2,protected,measured,5,178,1013.0,,5,341.506728,state_verified
accepted,2,protected,measured,5,179,8448.0,,5,341.506728,state_verified
accepted,2,protected,measured,5,180,1081.0,,5,341.506728,state_verified
accepted,2,protected,measured,5,181,936.0,,5,341.506728,state_verified
accepted,2,protected,measured,5,182,770.0,,5,341.506728,state_verified
accepted,2,protected,measured,5,183,8751.0,,5,341.506728,state_verified
accepted,2,protected,measured,5,184,1024.0,,5,341.506728,state_verified
accepted,2,protected,measured,5,185,982.0,,5,341.506728,state_verified
accepted,2,protected,measured,5,186,1013.0,,5,341.506728,state_verified
accepted,2,protected,measured,5,187,8670.0,,5,341.506728,state_verified
accepted,2,protected,measured,5,188,848.0,,5,341.506728,state_verified
accepted,2,protected,measured,5,189,907.0,,5,341.506728,state_verified
accepted,2,protected,measured,5,190,736.0,,5,341.506728,state_verified
accepted,2,protected,measured,5,191,8610.0,,5,341.506728,state_verified
accepted,2,protected,measured,5,192,862.0,,5,341.506728,state_verified
accepted,2,protected,measured,5,193,785.0,,5,341.506728,state_verified
accepted,2,protected,measured,5,194,724.0,,5,341.506728,state_verified
accepted,2,protected,measured,5,195,9078.0,,5,341.506728,state_verified
accepted,2,protected,measured,5,196,1179.0,,5,341.506728,state_verified
accepted,2,protected,measured,5,197,1680.0,,5,341.506728,state_verified
accepted,2,protected,measured,5,198,998.0,,5,341.506728,state_verified
accepted,2,protected,measured,5,199,8329.0,,5,341.506728,state_verified
accepted,2,protected,measured,5,200,1096.0,,5,341.506728,state_verified
accepted,2,baseline,measured,5,1,6212.0,,5,363.481058,state_verified
accepted,2,baseline,measured,5,2,1352.0,,5,363.481058,state_verified
accepted,2,baseline,measured,5,3,1202.0,,5,363.481058,state_verified
accepted,2,baseline,measured,5,4,896.0,,5,363.481058,state_verified
accepted,2,baseline,measured,5,5,8865.0,,5,363.481058,state_verified
accepted,2,baseline,measured,5,6,1304.0,,5,363.481058,state_verified
accepted,2,baseline,measured,5,7,1305.0,,5,363.481058,state_verified
accepted,2,baseline,measured,5,8,1095.0,,5,363.481058,state_verified
accepted,2,baseline,measured,5,9,7770.0,,5,363.481058,state_verified
accepted,2,baseline,measured,5,10,1027.0,,5,363.481058,state_verified
accepted,2,baseline,measured,5,11,986.0,,5,363.481058,state_verified
accepted,2,baseline,measured,5,12,858.0,,5,363.481058,state_verified
accepted,2,baseline,measured,5,13,7813.0,,5,363.481058,state_verified
accepted,2,baseline,measured,5,14,885.0,,5,363.481058,state_verified
accepted,2,baseline,measured,5,15,785.0,,5,363.481058,state_verified
accepted,2,baseline,measured,5,16,857.0,,5,363.481058,state_verified
accepted,2,baseline,measured,5,17,7835.0,,5,363.481058,state_verified
accepted,2,baseline,measured,5,18,1043.0,,5,363.481058,state_verified
accepted,2,baseline,measured,5,19,1067.0,,5,363.481058,state_verified
accepted,2,baseline,measured,5,20,802.0,,5,363.481058,state_verified
accepted,2,baseline,measured,5,21,7813.0,,5,363.481058,state_verified
accepted,2,baseline,measured,5,22,922.0,,5,363.481058,state_verified
accepted,2,baseline,measured,5,23,880.0,,5,363.481058,state_verified
accepted,2,baseline,measured,5,24,921.0,,5,363.481058,state_verified
accepted,2,baseline,measured,5,25,7762.0,,5,363.481058,state_verified
accepted,2,baseline,measured,5,26,962.0,,5,363.481058,state_verified
accepted,2,baseline,measured,5,27,857.0,,5,363.481058,state_verified
accepted,2,baseline,measured,5,28,863.0,,5,363.481058,state_verified
accepted,2,baseline,measured,5,29,7776.0,,5,363.481058,state_verified
accepted,2,baseline,measured,5,30,788.0,,5,363.481058,state_verified
accepted,2,baseline,measured,5,31,596.0,,5,363.481058,state_verified
accepted,2,baseline,measured,5,32,618.0,,5,363.481058,state_verified
accepted,2,baseline,measured,5,33,7827.0,,5,363.481058,state_verified
accepted,2,baseline,measured,5,34,974.0,,5,363.481058,state_verified
accepted,2,baseline,measured,5,35,859.0,,5,363.481058,state_verified
accepted,2,baseline,measured,5,36,970.0,,5,363.481058,state_verified
accepted,2,baseline,measured,5,37,7660.0,,5,363.481058,state_verified
accepted,2,baseline,measured,5,38,893.0,,5,363.481058,state_verified
accepted,2,baseline,measured,5,39,726.0,,5,363.481058,state_verified
accepted,2,baseline,measured,5,40,864.0,,5,363.481058,state_verified
accepted,2,baseline,measured,5,41,7942.0,,5,363.481058,state_verified
accepted,2,baseline,measured,5,42,763.0,,5,363.481058,state_verified
accepted,2,baseline,measured,5,43,807.0,,5,363.481058,state_verified
accepted,2,baseline,measured,5,44,596.0,,5,363.481058,state_verified
accepted,2,baseline,measured,5,45,8152.0,,5,363.481058,state_verified
accepted,2,baseline,measured,5,46,947.0,,5,363.481058,state_verified
accepted,2,baseline,measured,5,47,908.0,,5,363.481058,state_verified
accepted,2,baseline,measured,5,48,666.0,,5,363.481058,state_verified
accepted,2,baseline,measured,5,49,8025.0,,5,363.481058,state_verified
accepted,2,baseline,measured,5,50,1034.0,,5,363.481058,state_verified
accepted,2,baseline,measured,5,51,1075.0,,5,363.481058,state_verified
accepted,2,baseline,measured,5,52,824.0,,5,363.481058,state_verified
accepted,2,baseline,measured,5,53,7958.0,,5,363.481058,state_verified
accepted,2,baseline,measured,5,54,1049.0,,5,363.481058,state_verified
accepted,2,baseline,measured,5,55,988.0,,5,363.481058,state_verified
accepted,2,baseline,measured,5,56,755.0,,5,363.481058,state_verified
accepted,2,baseline,measured,5,57,7857.0,,5,363.481058,state_verified
accepted,2,baseline,measured,5,58,1043.0,,5,363.481058,state_verified
accepted,2,baseline,measured,5,59,759.0,,5,363.481058,state_verified
accepted,2,baseline,measured,5,60,720.0,,5,363.481058,state_verified
accepted,2,baseline,measured,5,61,7762.0,,5,363.481058,state_verified
accepted,2,baseline,measured,5,62,911.0,,5,363.481058,state_verified
accepted,2,baseline,measured,5,63,721.0,,5,363.481058,state_verified
accepted,2,baseline,measured,5,64,678.0,,5,363.481058,state_verified
accepted,2,baseline,measured,5,65,7839.0,,5,363.481058,state_verified
accepted,2,baseline,measured,5,66,1081.0,,5,363.481058,state_verified
accepted,2,baseline,measured,5,67,918.0,,5,363.481058,state_verified
accepted,2,baseline,measured,5,68,770.0,,5,363.481058,state_verified
accepted,2,baseline,measured,5,69,8959.0,,5,363.481058,state_verified
accepted,2,baseline,measured,5,70,1254.0,,5,363.481058,state_verified
accepted,2,baseline,measured,5,71,1421.0,,5,363.481058,state_verified
accepted,2,baseline,measured,5,72,1527.0,,5,363.481058,state_verified
accepted,2,baseline,measured,5,73,9037.0,,5,363.481058,state_verified
accepted,2,baseline,measured,5,74,1101.0,,5,363.481058,state_verified
accepted,2,baseline,measured,5,75,1036.0,,5,363.481058,state_verified
accepted,2,baseline,measured,5,76,1097.0,,5,363.481058,state_verified
accepted,2,baseline,measured,5,77,9062.0,,5,363.481058,state_verified
accepted,2,baseline,measured,5,78,1889.0,,5,363.481058,state_verified
accepted,2,baseline,measured,5,79,981.0,,5,363.481058,state_verified
accepted,2,baseline,measured,5,80,1141.0,,5,363.481058,state_verified
accepted,2,baseline,measured,5,81,7769.0,,5,363.481058,state_verified
accepted,2,baseline,measured,5,82,1165.0,,5,363.481058,state_verified
accepted,2,baseline,measured,5,83,1644.0,,5,363.481058,state_verified
accepted,2,baseline,measured,5,84,976.0,,5,363.481058,state_verified
accepted,2,baseline,measured,5,85,8018.0,,5,363.481058,state_verified
accepted,2,baseline,measured,5,86,1075.0,,5,363.481058,state_verified
accepted,2,baseline,measured,5,87,993.0,,5,363.481058,state_verified
accepted,2,baseline,measured,5,88,1397.0,,5,363.481058,state_verified
accepted,2,baseline,measured,5,89,8700.0,,5,363.481058,state_verified
accepted,2,baseline,measured,5,90,1629.0,,5,363.481058,state_verified
accepted,2,baseline,measured,5,91,1382.0,,5,363.481058,state_verified
accepted,2,baseline,measured,5,92,1287.0,,5,363.481058,state_verified
accepted,2,baseline,measured,5,93,7962.0,,5,363.481058,state_verified
accepted,2,baseline,measured,5,94,1060.0,,5,363.481058,state_verified
accepted,2,baseline,measured,5,95,1713.0,,5,363.481058,state_verified
accepted,2,baseline,measured,5,96,1552.0,,5,363.481058,state_verified
accepted,2,baseline,measured,5,97,8002.0,,5,363.481058,state_verified
accepted,2,baseline,measured,5,98,1710.0,,5,363.481058,state_verified
accepted,2,baseline,measured,5,99,2129.0,,5,363.481058,state_verified
accepted,2,baseline,measured,5,100,2006.0,,5,363.481058,state_verified
accepted,2,baseline,measured,5,101,7750.0,,5,363.481058,state_verified
accepted,2,baseline,measured,5,102,971.0,,5,363.481058,state_verified
accepted,2,baseline,measured,5,103,2037.0,,5,363.481058,state_verified
accepted,2,baseline,measured,5,104,934.0,,5,363.481058,state_verified
accepted,2,baseline,measured,5,105,7995.0,,5,363.481058,state_verified
accepted,2,baseline,measured,5,106,1167.0,,5,363.481058,state_verified
accepted,2,baseline,measured,5,107,1327.0,,5,363.481058,state_verified
accepted,2,baseline,measured,5,108,1161.0,,5,363.481058,state_verified
accepted,2,baseline,measured,5,109,7814.0,,5,363.481058,state_verified
accepted,2,baseline,measured,5,110,1058.0,,5,363.481058,state_verified
accepted,2,baseline,measured,5,111,847.0,,5,363.481058,state_verified
accepted,2,baseline,measured,5,112,913.0,,5,363.481058,state_verified
accepted,2,baseline,measured,5,113,7908.0,,5,363.481058,state_verified
accepted,2,baseline,measured,5,114,896.0,,5,363.481058,state_verified
accepted,2,baseline,measured,5,115,817.0,,5,363.481058,state_verified
accepted,2,baseline,measured,5,116,845.0,,5,363.481058,state_verified
accepted,2,baseline,measured,5,117,8022.0,,5,363.481058,state_verified
accepted,2,baseline,measured,5,118,1407.0,,5,363.481058,state_verified
accepted,2,baseline,measured,5,119,1193.0,,5,363.481058,state_verified
accepted,2,baseline,measured,5,120,1157.0,,5,363.481058,state_verified
accepted,2,baseline,measured,5,121,7842.0,,5,363.481058,state_verified
accepted,2,baseline,measured,5,122,1020.0,,5,363.481058,state_verified
accepted,2,baseline,measured,5,123,778.0,,5,363.481058,state_verified
accepted,2,baseline,measured,5,124,715.0,,5,363.481058,state_verified
accepted,2,baseline,measured,5,125,7988.0,,5,363.481058,state_verified
accepted,2,baseline,measured,5,126,1097.0,,5,363.481058,state_verified
accepted,2,baseline,measured,5,127,822.0,,5,363.481058,state_verified
accepted,2,baseline,measured,5,128,802.0,,5,363.481058,state_verified
accepted,2,baseline,measured,5,129,7964.0,,5,363.481058,state_verified
accepted,2,baseline,measured,5,130,1089.0,,5,363.481058,state_verified
accepted,2,baseline,measured,5,131,822.0,,5,363.481058,state_verified
accepted,2,baseline,measured,5,132,1045.0,,5,363.481058,state_verified
accepted,2,baseline,measured,5,133,8702.0,,5,363.481058,state_verified
accepted,2,baseline,measured,5,134,1619.0,,5,363.481058,state_verified
accepted,2,baseline,measured,5,135,1299.0,,5,363.481058,state_verified
accepted,2,baseline,measured,5,136,1124.0,,5,363.481058,state_verified
accepted,2,baseline,measured,5,137,7635.0,,5,363.481058,state_verified
accepted,2,baseline,measured,5,138,941.0,,5,363.481058,state_verified
accepted,2,baseline,measured,5,139,896.0,,5,363.481058,state_verified
accepted,2,baseline,measured,5,140,867.0,,5,363.481058,state_verified
accepted,2,baseline,measured,5,141,7629.0,,5,363.481058,state_verified
accepted,2,baseline,measured,5,142,962.0,,5,363.481058,state_verified
accepted,2,baseline,measured,5,143,745.0,,5,363.481058,state_verified
accepted,2,baseline,measured,5,144,697.0,,5,363.481058,state_verified
accepted,2,baseline,measured,5,145,7639.0,,5,363.481058,state_verified
accepted,2,baseline,measured,5,146,883.0,,5,363.481058,state_verified
accepted,2,baseline,measured,5,147,736.0,,5,363.481058,state_verified
accepted,2,baseline,measured,5,148,751.0,,5,363.481058,state_verified
accepted,2,baseline,measured,5,149,7616.0,,5,363.481058,state_verified
accepted,2,baseline,measured,5,150,1174.0,,5,363.481058,state_verified
accepted,2,baseline,measured,5,151,841.0,,5,363.481058,state_verified
accepted,2,baseline,measured,5,152,705.0,,5,363.481058,state_verified
accepted,2,baseline,measured,5,153,7596.0,,5,363.481058,state_verified
accepted,2,baseline,measured,5,154,928.0,,5,363.481058,state_verified
accepted,2,baseline,measured,5,155,824.0,,5,363.481058,state_verified
accepted,2,baseline,measured,5,156,665.0,,5,363.481058,state_verified
accepted,2,baseline,measured,5,157,7638.0,,5,363.481058,state_verified
accepted,2,baseline,measured,5,158,1038.0,,5,363.481058,state_verified
accepted,2,baseline,measured,5,159,832.0,,5,363.481058,state_verified
accepted,2,baseline,measured,5,160,765.0,,5,363.481058,state_verified
accepted,2,baseline,measured,5,161,7645.0,,5,363.481058,state_verified
accepted,2,baseline,measured,5,162,1061.0,,5,363.481058,state_verified
accepted,2,baseline,measured,5,163,918.0,,5,363.481058,state_verified
accepted,2,baseline,measured,5,164,793.0,,5,363.481058,state_verified
accepted,2,baseline,measured,5,165,7631.0,,5,363.481058,state_verified
accepted,2,baseline,measured,5,166,912.0,,5,363.481058,state_verified
accepted,2,baseline,measured,5,167,666.0,,5,363.481058,state_verified
accepted,2,baseline,measured,5,168,621.0,,5,363.481058,state_verified
accepted,2,baseline,measured,5,169,8004.0,,5,363.481058,state_verified
accepted,2,baseline,measured,5,170,935.0,,5,363.481058,state_verified
accepted,2,baseline,measured,5,171,908.0,,5,363.481058,state_verified
accepted,2,baseline,measured,5,172,847.0,,5,363.481058,state_verified
accepted,2,baseline,measured,5,173,7565.0,,5,363.481058,state_verified
accepted,2,baseline,measured,5,174,973.0,,5,363.481058,state_verified
accepted,2,baseline,measured,5,175,957.0,,5,363.481058,state_verified
accepted,2,baseline,measured,5,176,1004.0,,5,363.481058,state_verified
accepted,2,baseline,measured,5,177,7572.0,,5,363.481058,state_verified
accepted,2,baseline,measured,5,178,925.0,,5,363.481058,state_verified
accepted,2,baseline,measured,5,179,745.0,,5,363.481058,state_verified
accepted,2,baseline,measured,5,180,774.0,,5,363.481058,state_verified
accepted,2,baseline,measured,5,181,7660.0,,5,363.481058,state_verified
accepted,2,baseline,measured,5,182,1139.0,,5,363.481058,state_verified
accepted,2,baseline,measured,5,183,1056.0,,5,363.481058,state_verified
accepted,2,baseline,measured,5,184,830.0,,5,363.481058,state_verified
accepted,2,baseline,measured,5,185,7623.0,,5,363.481058,state_verified
accepted,2,baseline,measured,5,186,854.0,,5,363.481058,state_verified
accepted,2,baseline,measured,5,187,759.0,,5,363.481058,state_verified
accepted,2,baseline,measured,5,188,790.0,,5,363.481058,state_verified
accepted,2,baseline,measured,5,189,7709.0,,5,363.481058,state_verified
accepted,2,baseline,measured,5,190,1061.0,,5,363.481058,state_verified
accepted,2,baseline,measured,5,191,1083.0,,5,363.481058,state_verified
accepted,2,baseline,measured,5,192,764.0,,5,363.481058,state_verified
accepted,2,baseline,measured,5,193,7625.0,,5,363.481058,state_verified
accepted,2,baseline,measured,5,194,1100.0,,5,363.481058,state_verified
accepted,2,baseline,measured,5,195,944.0,,5,363.481058,state_verified
accepted,2,baseline,measured,5,196,775.0,,5,363.481058,state_verified
accepted,2,baseline,measured,5,197,8722.0,,5,363.481058,state_verified
accepted,2,baseline,measured,5,198,1489.0,,5,363.481058,state_verified
accepted,2,baseline,measured,5,199,1282.0,,5,363.481058,state_verified
accepted,2,baseline,measured,5,200,1043.0,,5,363.481058,state_verified
accepted,2,protected,measured,100,1,7256.0,,100,289.856753,state_verified
accepted,2,protected,measured,100,2,2410.0,,100,289.856753,state_verified
accepted,2,protected,measured,100,3,1985.0,,100,289.856753,state_verified
accepted,2,protected,measured,100,4,9986.0,,100,289.856753,state_verified
accepted,2,protected,measured,100,5,2645.0,,100,289.856753,state_verified
accepted,2,protected,measured,100,6,2017.0,,100,289.856753,state_verified
accepted,2,protected,measured,100,7,1894.0,,100,289.856753,state_verified
accepted,2,protected,measured,100,8,7476.0,,100,289.856753,state_verified
accepted,2,protected,measured,100,9,2591.0,,100,289.856753,state_verified
accepted,2,protected,measured,100,10,1868.0,,100,289.856753,state_verified
accepted,2,protected,measured,100,11,1866.0,,100,289.856753,state_verified
accepted,2,protected,measured,100,12,7424.0,,100,289.856753,state_verified
accepted,2,protected,measured,100,13,1510.0,,100,289.856753,state_verified
accepted,2,protected,measured,100,14,1723.0,,100,289.856753,state_verified
accepted,2,protected,measured,100,15,1940.0,,100,289.856753,state_verified
accepted,2,protected,measured,100,16,7486.0,,100,289.856753,state_verified
accepted,2,protected,measured,100,17,1883.0,,100,289.856753,state_verified
accepted,2,protected,measured,100,18,1607.0,,100,289.856753,state_verified
accepted,2,protected,measured,100,19,1578.0,,100,289.856753,state_verified
accepted,2,protected,measured,100,20,7854.0,,100,289.856753,state_verified
accepted,2,protected,measured,100,21,8124.0,,100,289.856753,state_verified
accepted,2,protected,measured,100,22,8546.0,,100,289.856753,state_verified
accepted,2,protected,measured,100,23,1653.0,,100,289.856753,state_verified
accepted,2,protected,measured,100,24,1510.0,,100,289.856753,state_verified
accepted,2,protected,measured,100,25,7550.0,,100,289.856753,state_verified
accepted,2,protected,measured,100,26,2195.0,,100,289.856753,state_verified
accepted,2,protected,measured,100,27,1690.0,,100,289.856753,state_verified
accepted,2,protected,measured,100,28,1745.0,,100,289.856753,state_verified
accepted,2,protected,measured,100,29,7621.0,,100,289.856753,state_verified
accepted,2,protected,measured,100,30,2408.0,,100,289.856753,state_verified
accepted,2,protected,measured,100,31,1926.0,,100,289.856753,state_verified
accepted,2,protected,measured,100,32,2067.0,,100,289.856753,state_verified
accepted,2,protected,measured,100,33,7506.0,,100,289.856753,state_verified
accepted,2,protected,measured,100,34,2146.0,,100,289.856753,state_verified
accepted,2,protected,measured,100,35,1317.0,,100,289.856753,state_verified
accepted,2,protected,measured,100,36,1210.0,,100,289.856753,state_verified
accepted,2,protected,measured,100,37,9679.0,,100,289.856753,state_verified
accepted,2,protected,measured,100,38,2451.0,,100,289.856753,state_verified
accepted,2,protected,measured,100,39,1882.0,,100,289.856753,state_verified
accepted,2,protected,measured,100,40,1364.0,,100,289.856753,state_verified
accepted,2,protected,measured,100,41,7781.0,,100,289.856753,state_verified
accepted,2,protected,measured,100,42,2531.0,,100,289.856753,state_verified
accepted,2,protected,measured,100,43,1908.0,,100,289.856753,state_verified
accepted,2,protected,measured,100,44,1981.0,,100,289.856753,state_verified
accepted,2,protected,measured,100,45,7506.0,,100,289.856753,state_verified
accepted,2,protected,measured,100,46,2422.0,,100,289.856753,state_verified
accepted,2,protected,measured,100,47,1403.0,,100,289.856753,state_verified
accepted,2,protected,measured,100,48,1410.0,,100,289.856753,state_verified
accepted,2,protected,measured,100,49,8705.0,,100,289.856753,state_verified
accepted,2,protected,measured,100,50,1426.0,,100,289.856753,state_verified
accepted,2,protected,measured,100,51,1516.0,,100,289.856753,state_verified
accepted,2,protected,measured,100,52,1623.0,,100,289.856753,state_verified
accepted,2,protected,measured,100,53,7645.0,,100,289.856753,state_verified
accepted,2,protected,measured,100,54,2334.0,,100,289.856753,state_verified
accepted,2,protected,measured,100,55,1914.0,,100,289.856753,state_verified
accepted,2,protected,measured,100,56,1543.0,,100,289.856753,state_verified
accepted,2,protected,measured,100,57,7525.0,,100,289.856753,state_verified
accepted,2,protected,measured,100,58,1571.0,,100,289.856753,state_verified
accepted,2,protected,measured,100,59,1626.0,,100,289.856753,state_verified
accepted,2,protected,measured,100,60,8379.0,,100,289.856753,state_verified
accepted,2,protected,measured,100,61,2258.0,,100,289.856753,state_verified
accepted,2,protected,measured,100,62,1630.0,,100,289.856753,state_verified
accepted,2,protected,measured,100,63,1494.0,,100,289.856753,state_verified
accepted,2,protected,measured,100,64,7684.0,,100,289.856753,state_verified
accepted,2,protected,measured,100,65,2377.0,,100,289.856753,state_verified
accepted,2,protected,measured,100,66,1773.0,,100,289.856753,state_verified
accepted,2,protected,measured,100,67,1757.0,,100,289.856753,state_verified
accepted,2,protected,measured,100,68,8929.0,,100,289.856753,state_verified
accepted,2,protected,measured,100,69,1721.0,,100,289.856753,state_verified
accepted,2,protected,measured,100,70,1649.0,,100,289.856753,state_verified
accepted,2,protected,measured,100,71,1564.0,,100,289.856753,state_verified
accepted,2,protected,measured,100,72,7764.0,,100,289.856753,state_verified
accepted,2,protected,measured,100,73,1490.0,,100,289.856753,state_verified
accepted,2,protected,measured,100,74,1570.0,,100,289.856753,state_verified
accepted,2,protected,measured,100,75,1560.0,,100,289.856753,state_verified
accepted,2,protected,measured,100,76,7876.0,,100,289.856753,state_verified
accepted,2,protected,measured,100,77,2080.0,,100,289.856753,state_verified
accepted,2,protected,measured,100,78,1342.0,,100,289.856753,state_verified
accepted,2,protected,measured,100,79,1332.0,,100,289.856753,state_verified
accepted,2,protected,measured,100,80,7646.0,,100,289.856753,state_verified
accepted,2,protected,measured,100,81,2423.0,,100,289.856753,state_verified
accepted,2,protected,measured,100,82,1446.0,,100,289.856753,state_verified
accepted,2,protected,measured,100,83,1468.0,,100,289.856753,state_verified
accepted,2,protected,measured,100,84,7647.0,,100,289.856753,state_verified
accepted,2,protected,measured,100,85,2680.0,,100,289.856753,state_verified
accepted,2,protected,measured,100,86,1627.0,,100,289.856753,state_verified
accepted,2,protected,measured,100,87,1340.0,,100,289.856753,state_verified
accepted,2,protected,measured,100,88,8577.0,,100,289.856753,state_verified
accepted,2,protected,measured,100,89,2091.0,,100,289.856753,state_verified
accepted,2,protected,measured,100,90,1640.0,,100,289.856753,state_verified
accepted,2,protected,measured,100,91,1510.0,,100,289.856753,state_verified
accepted,2,protected,measured,100,92,7556.0,,100,289.856753,state_verified
accepted,2,protected,measured,100,93,2404.0,,100,289.856753,state_verified
accepted,2,protected,measured,100,94,1470.0,,100,289.856753,state_verified
accepted,2,protected,measured,100,95,1342.0,,100,289.856753,state_verified
accepted,2,protected,measured,100,96,7538.0,,100,289.856753,state_verified
accepted,2,protected,measured,100,97,1982.0,,100,289.856753,state_verified
accepted,2,protected,measured,100,98,1554.0,,100,289.856753,state_verified
accepted,2,protected,measured,100,99,1586.0,,100,289.856753,state_verified
accepted,2,protected,measured,100,100,7597.0,,100,289.856753,state_verified
accepted,2,protected,measured,100,101,2058.0,,100,289.856753,state_verified
accepted,2,protected,measured,100,102,1437.0,,100,289.856753,state_verified
accepted,2,protected,measured,100,103,1480.0,,100,289.856753,state_verified
accepted,2,protected,measured,100,104,7685.0,,100,289.856753,state_verified
accepted,2,protected,measured,100,105,2774.0,,100,289.856753,state_verified
accepted,2,protected,measured,100,106,2099.0,,100,289.856753,state_verified
accepted,2,protected,measured,100,107,1930.0,,100,289.856753,state_verified
accepted,2,protected,measured,100,108,7531.0,,100,289.856753,state_verified
accepted,2,protected,measured,100,109,2223.0,,100,289.856753,state_verified
accepted,2,protected,measured,100,110,1533.0,,100,289.856753,state_verified
accepted,2,protected,measured,100,111,1539.0,,100,289.856753,state_verified
accepted,2,protected,measured,100,112,7626.0,,100,289.856753,state_verified
accepted,2,protected,measured,100,113,2351.0,,100,289.856753,state_verified
accepted,2,protected,measured,100,114,1502.0,,100,289.856753,state_verified
accepted,2,protected,measured,100,115,1593.0,,100,289.856753,state_verified
accepted,2,protected,measured,100,116,7551.0,,100,289.856753,state_verified
accepted,2,protected,measured,100,117,2613.0,,100,289.856753,state_verified
accepted,2,protected,measured,100,118,1432.0,,100,289.856753,state_verified
accepted,2,protected,measured,100,119,1963.0,,100,289.856753,state_verified
accepted,2,protected,measured,100,120,8030.0,,100,289.856753,state_verified
accepted,2,protected,measured,100,121,1627.0,,100,289.856753,state_verified
accepted,2,protected,measured,100,122,1579.0,,100,289.856753,state_verified
accepted,2,protected,measured,100,123,8344.0,,100,289.856753,state_verified
accepted,2,protected,measured,100,124,2102.0,,100,289.856753,state_verified
accepted,2,protected,measured,100,125,1477.0,,100,289.856753,state_verified
accepted,2,protected,measured,100,126,1543.0,,100,289.856753,state_verified
accepted,2,protected,measured,100,127,7776.0,,100,289.856753,state_verified
accepted,2,protected,measured,100,128,1920.0,,100,289.856753,state_verified
accepted,2,protected,measured,100,129,1990.0,,100,289.856753,state_verified
accepted,2,protected,measured,100,130,1960.0,,100,289.856753,state_verified
accepted,2,protected,measured,100,131,7500.0,,100,289.856753,state_verified
accepted,2,protected,measured,100,132,2616.0,,100,289.856753,state_verified
accepted,2,protected,measured,100,133,2022.0,,100,289.856753,state_verified
accepted,2,protected,measured,100,134,2347.0,,100,289.856753,state_verified
accepted,2,protected,measured,100,135,7608.0,,100,289.856753,state_verified
accepted,2,protected,measured,100,136,1977.0,,100,289.856753,state_verified
accepted,2,protected,measured,100,137,2003.0,,100,289.856753,state_verified
accepted,2,protected,measured,100,138,1896.0,,100,289.856753,state_verified
accepted,2,protected,measured,100,139,7588.0,,100,289.856753,state_verified
accepted,2,protected,measured,100,140,1703.0,,100,289.856753,state_verified
accepted,2,protected,measured,100,141,1547.0,,100,289.856753,state_verified
accepted,2,protected,measured,100,142,1689.0,,100,289.856753,state_verified
accepted,2,protected,measured,100,143,7518.0,,100,289.856753,state_verified
accepted,2,protected,measured,100,144,1515.0,,100,289.856753,state_verified
accepted,2,protected,measured,100,145,1270.0,,100,289.856753,state_verified
accepted,2,protected,measured,100,146,1747.0,,100,289.856753,state_verified
accepted,2,protected,measured,100,147,7616.0,,100,289.856753,state_verified
accepted,2,protected,measured,100,148,1876.0,,100,289.856753,state_verified
accepted,2,protected,measured,100,149,2189.0,,100,289.856753,state_verified
accepted,2,protected,measured,100,150,2446.0,,100,289.856753,state_verified
accepted,2,protected,measured,100,151,7560.0,,100,289.856753,state_verified
accepted,2,protected,measured,100,152,1908.0,,100,289.856753,state_verified
accepted,2,protected,measured,100,153,2274.0,,100,289.856753,state_verified
accepted,2,protected,measured,100,154,2269.0,,100,289.856753,state_verified
accepted,2,protected,measured,100,155,7679.0,,100,289.856753,state_verified
accepted,2,protected,measured,100,156,2030.0,,100,289.856753,state_verified
accepted,2,protected,measured,100,157,1931.0,,100,289.856753,state_verified
accepted,2,protected,measured,100,158,1605.0,,100,289.856753,state_verified
accepted,2,protected,measured,100,159,7626.0,,100,289.856753,state_verified
accepted,2,protected,measured,100,160,2112.0,,100,289.856753,state_verified
accepted,2,protected,measured,100,161,1787.0,,100,289.856753,state_verified
accepted,2,protected,measured,100,162,1644.0,,100,289.856753,state_verified
accepted,2,protected,measured,100,163,7578.0,,100,289.856753,state_verified
accepted,2,protected,measured,100,164,1866.0,,100,289.856753,state_verified
accepted,2,protected,measured,100,165,1705.0,,100,289.856753,state_verified
accepted,2,protected,measured,100,166,1836.0,,100,289.856753,state_verified
accepted,2,protected,measured,100,167,7732.0,,100,289.856753,state_verified
accepted,2,protected,measured,100,168,1998.0,,100,289.856753,state_verified
accepted,2,protected,measured,100,169,2062.0,,100,289.856753,state_verified
accepted,2,protected,measured,100,170,2249.0,,100,289.856753,state_verified
accepted,2,protected,measured,100,171,7691.0,,100,289.856753,state_verified
accepted,2,protected,measured,100,172,2465.0,,100,289.856753,state_verified
accepted,2,protected,measured,100,173,1755.0,,100,289.856753,state_verified
accepted,2,protected,measured,100,174,1479.0,,100,289.856753,state_verified
accepted,2,protected,measured,100,175,7627.0,,100,289.856753,state_verified
accepted,2,protected,measured,100,176,1697.0,,100,289.856753,state_verified
accepted,2,protected,measured,100,177,1863.0,,100,289.856753,state_verified
accepted,2,protected,measured,100,178,1693.0,,100,289.856753,state_verified
accepted,2,protected,measured,100,179,7647.0,,100,289.856753,state_verified
accepted,2,protected,measured,100,180,1922.0,,100,289.856753,state_verified
accepted,2,protected,measured,100,181,1603.0,,100,289.856753,state_verified
accepted,2,protected,measured,100,182,7631.0,,100,289.856753,state_verified
accepted,2,protected,measured,100,183,2223.0,,100,289.856753,state_verified
accepted,2,protected,measured,100,184,1892.0,,100,289.856753,state_verified
accepted,2,protected,measured,100,185,1954.0,,100,289.856753,state_verified
accepted,2,protected,measured,100,186,8535.0,,100,289.856753,state_verified
accepted,2,protected,measured,100,187,2676.0,,100,289.856753,state_verified
accepted,2,protected,measured,100,188,1609.0,,100,289.856753,state_verified
accepted,2,protected,measured,100,189,1789.0,,100,289.856753,state_verified
accepted,2,protected,measured,100,190,7658.0,,100,289.856753,state_verified
accepted,2,protected,measured,100,191,1564.0,,100,289.856753,state_verified
accepted,2,protected,measured,100,192,1514.0,,100,289.856753,state_verified
accepted,2,protected,measured,100,193,1625.0,,100,289.856753,state_verified
accepted,2,protected,measured,100,194,7694.0,,100,289.856753,state_verified
accepted,2,protected,measured,100,195,1868.0,,100,289.856753,state_verified
accepted,2,protected,measured,100,196,1677.0,,100,289.856753,state_verified
accepted,2,protected,measured,100,197,1533.0,,100,289.856753,state_verified
accepted,2,protected,measured,100,198,7874.0,,100,289.856753,state_verified
accepted,2,protected,measured,100,199,2238.0,,100,289.856753,state_verified
accepted,2,protected,measured,100,200,1682.0,,100,289.856753,state_verified
accepted,2,baseline,measured,100,1,7682.0,,100,174.274777,state_verified
accepted,2,baseline,measured,100,2,7469.0,,100,174.274777,state_verified
accepted,2,baseline,measured,100,3,1233.0,,100,174.274777,state_verified
accepted,2,baseline,measured,100,4,993.0,,100,174.274777,state_verified
accepted,2,baseline,measured,100,5,881.0,,100,174.274777,state_verified
accepted,2,baseline,measured,100,6,7678.0,,100,174.274777,state_verified
accepted,2,baseline,measured,100,7,1167.0,,100,174.274777,state_verified
accepted,2,baseline,measured,100,8,941.0,,100,174.274777,state_verified
accepted,2,baseline,measured,100,9,1181.0,,100,174.274777,state_verified
accepted,2,baseline,measured,100,10,7657.0,,100,174.274777,state_verified
accepted,2,baseline,measured,100,11,2191.0,,100,174.274777,state_verified
accepted,2,baseline,measured,100,12,1359.0,,100,174.274777,state_verified
accepted,2,baseline,measured,100,13,840.0,,100,174.274777,state_verified
accepted,2,baseline,measured,100,14,7558.0,,100,174.274777,state_verified
accepted,2,baseline,measured,100,15,1627.0,,100,174.274777,state_verified
accepted,2,baseline,measured,100,16,1274.0,,100,174.274777,state_verified
accepted,2,baseline,measured,100,17,931.0,,100,174.274777,state_verified
accepted,2,baseline,measured,100,18,7644.0,,100,174.274777,state_verified
accepted,2,baseline,measured,100,19,1372.0,,100,174.274777,state_verified
accepted,2,baseline,measured,100,20,1357.0,,100,174.274777,state_verified
accepted,2,baseline,measured,100,21,924.0,,100,174.274777,state_verified
accepted,2,baseline,measured,100,22,8491.0,,100,174.274777,state_verified
accepted,2,baseline,measured,100,23,1051.0,,100,174.274777,state_verified
accepted,2,baseline,measured,100,24,783.0,,100,174.274777,state_verified
accepted,2,baseline,measured,100,25,717.0,,100,174.274777,state_verified
accepted,2,baseline,measured,100,26,7771.0,,100,174.274777,state_verified
accepted,2,baseline,measured,100,27,1292.0,,100,174.274777,state_verified
accepted,2,baseline,measured,100,28,1181.0,,100,174.274777,state_verified
accepted,2,baseline,measured,100,29,1108.0,,100,174.274777,state_verified
accepted,2,baseline,measured,100,30,7700.0,,100,174.274777,state_verified
accepted,2,baseline,measured,100,31,1218.0,,100,174.274777,state_verified
accepted,2,baseline,measured,100,32,1358.0,,100,174.274777,state_verified
accepted,2,baseline,measured,100,33,1330.0,,100,174.274777,state_verified
accepted,2,baseline,measured,100,34,555633.0,,100,174.274777,state_verified
accepted,2,baseline,measured,100,35,2499.0,,100,174.274777,state_verified
accepted,2,baseline,measured,100,36,2572.0,,100,174.274777,state_verified
accepted,2,baseline,measured,100,37,7516.0,,100,174.274777,state_verified
accepted,2,baseline,measured,100,38,1350.0,,100,174.274777,state_verified
accepted,2,baseline,measured,100,39,1165.0,,100,174.274777,state_verified
accepted,2,baseline,measured,100,40,1634.0,,100,174.274777,state_verified
accepted,2,baseline,measured,100,41,7842.0,,100,174.274777,state_verified
accepted,2,baseline,measured,100,42,1197.0,,100,174.274777,state_verified
accepted,2,baseline,measured,100,43,1261.0,,100,174.274777,state_verified
accepted,2,baseline,measured,100,44,7862.0,,100,174.274777,state_verified
accepted,2,baseline,measured,100,45,1500.0,,100,174.274777,state_verified
accepted,2,baseline,measured,100,46,1277.0,,100,174.274777,state_verified
accepted,2,baseline,measured,100,47,7957.0,,100,174.274777,state_verified
accepted,2,baseline,measured,100,48,1676.0,,100,174.274777,state_verified
accepted,2,baseline,measured,100,49,1397.0,,100,174.274777,state_verified
accepted,2,baseline,measured,100,50,8775.0,,100,174.274777,state_verified
accepted,2,baseline,measured,100,51,1269.0,,100,174.274777,state_verified
accepted,2,baseline,measured,100,52,1310.0,,100,174.274777,state_verified
accepted,2,baseline,measured,100,53,7708.0,,100,174.274777,state_verified
accepted,2,baseline,measured,100,54,1198.0,,100,174.274777,state_verified
accepted,2,baseline,measured,100,55,1233.0,,100,174.274777,state_verified
accepted,2,baseline,measured,100,56,7674.0,,100,174.274777,state_verified
accepted,2,baseline,measured,100,57,1236.0,,100,174.274777,state_verified
accepted,2,baseline,measured,100,58,8489.0,,100,174.274777,state_verified
accepted,2,baseline,measured,100,59,1236.0,,100,174.274777,state_verified
accepted,2,baseline,measured,100,60,1229.0,,100,174.274777,state_verified
accepted,2,baseline,measured,100,61,8820.0,,100,174.274777,state_verified
accepted,2,baseline,measured,100,62,1300.0,,100,174.274777,state_verified
accepted,2,baseline,measured,100,63,1568.0,,100,174.274777,state_verified
accepted,2,baseline,measured,100,64,7488.0,,100,174.274777,state_verified
accepted,2,baseline,measured,100,65,1244.0,,100,174.274777,state_verified
accepted,2,baseline,measured,100,66,1426.0,,100,174.274777,state_verified
accepted,2,baseline,measured,100,67,7643.0,,100,174.274777,state_verified
accepted,2,baseline,measured,100,68,1170.0,,100,174.274777,state_verified
accepted,2,baseline,measured,100,69,1049.0,,100,174.274777,state_verified
accepted,2,baseline,measured,100,70,1161.0,,100,174.274777,state_verified
accepted,2,baseline,measured,100,71,7750.0,,100,174.274777,state_verified
accepted,2,baseline,measured,100,72,1499.0,,100,174.274777,state_verified
accepted,2,baseline,measured,100,73,7592.0,,100,174.274777,state_verified
accepted,2,baseline,measured,100,74,1112.0,,100,174.274777,state_verified
accepted,2,baseline,measured,100,75,1232.0,,100,174.274777,state_verified
accepted,2,baseline,measured,100,76,1337.0,,100,174.274777,state_verified
accepted,2,baseline,measured,100,77,7612.0,,100,174.274777,state_verified
accepted,2,baseline,measured,100,78,1301.0,,100,174.274777,state_verified
accepted,2,baseline,measured,100,79,1226.0,,100,174.274777,state_verified
accepted,2,baseline,measured,100,80,1036.0,,100,174.274777,state_verified
accepted,2,baseline,measured,100,81,7724.0,,100,174.274777,state_verified
accepted,2,baseline,measured,100,82,1264.0,,100,174.274777,state_verified
accepted,2,baseline,measured,100,83,1108.0,,100,174.274777,state_verified
accepted,2,baseline,measured,100,84,918.0,,100,174.274777,state_verified
accepted,2,baseline,measured,100,85,7678.0,,100,174.274777,state_verified
accepted,2,baseline,measured,100,86,1220.0,,100,174.274777,state_verified
accepted,2,baseline,measured,100,87,1076.0,,100,174.274777,state_verified
accepted,2,baseline,measured,100,88,1244.0,,100,174.274777,state_verified
accepted,2,baseline,measured,100,89,7614.0,,100,174.274777,state_verified
accepted,2,baseline,measured,100,90,1101.0,,100,174.274777,state_verified
accepted,2,baseline,measured,100,91,1017.0,,100,174.274777,state_verified
accepted,2,baseline,measured,100,92,1129.0,,100,174.274777,state_verified
accepted,2,baseline,measured,100,93,7674.0,,100,174.274777,state_verified
accepted,2,baseline,measured,100,94,964.0,,100,174.274777,state_verified
accepted,2,baseline,measured,100,95,964.0,,100,174.274777,state_verified
accepted,2,baseline,measured,100,96,826.0,,100,174.274777,state_verified
accepted,2,baseline,measured,100,97,7910.0,,100,174.274777,state_verified
accepted,2,baseline,measured,100,98,1270.0,,100,174.274777,state_verified
accepted,2,baseline,measured,100,99,1253.0,,100,174.274777,state_verified
accepted,2,baseline,measured,100,100,1159.0,,100,174.274777,state_verified
accepted,2,baseline,measured,100,101,7822.0,,100,174.274777,state_verified
accepted,2,baseline,measured,100,102,1525.0,,100,174.274777,state_verified
accepted,2,baseline,measured,100,103,1189.0,,100,174.274777,state_verified
accepted,2,baseline,measured,100,104,1066.0,,100,174.274777,state_verified
accepted,2,baseline,measured,100,105,7651.0,,100,174.274777,state_verified
accepted,2,baseline,measured,100,106,1322.0,,100,174.274777,state_verified
accepted,2,baseline,measured,100,107,973.0,,100,174.274777,state_verified
accepted,2,baseline,measured,100,108,1087.0,,100,174.274777,state_verified
accepted,2,baseline,measured,100,109,7670.0,,100,174.274777,state_verified
accepted,2,baseline,measured,100,110,1348.0,,100,174.274777,state_verified
accepted,2,baseline,measured,100,111,925.0,,100,174.274777,state_verified
accepted,2,baseline,measured,100,112,971.0,,100,174.274777,state_verified
accepted,2,baseline,measured,100,113,7783.0,,100,174.274777,state_verified
accepted,2,baseline,measured,100,114,1223.0,,100,174.274777,state_verified
accepted,2,baseline,measured,100,115,1291.0,,100,174.274777,state_verified
accepted,2,baseline,measured,100,116,1004.0,,100,174.274777,state_verified
accepted,2,baseline,measured,100,117,7636.0,,100,174.274777,state_verified
accepted,2,baseline,measured,100,118,1495.0,,100,174.274777,state_verified
accepted,2,baseline,measured,100,119,1408.0,,100,174.274777,state_verified
accepted,2,baseline,measured,100,120,1307.0,,100,174.274777,state_verified
accepted,2,baseline,measured,100,121,8247.0,,100,174.274777,state_verified
accepted,2,baseline,measured,100,122,1420.0,,100,174.274777,state_verified
accepted,2,baseline,measured,100,123,1487.0,,100,174.274777,state_verified
accepted,2,baseline,measured,100,124,1267.0,,100,174.274777,state_verified
accepted,2,baseline,measured,100,125,7514.0,,100,174.274777,state_verified
accepted,2,baseline,measured,100,126,1062.0,,100,174.274777,state_verified
accepted,2,baseline,measured,100,127,1005.0,,100,174.274777,state_verified
accepted,2,baseline,measured,100,128,799.0,,100,174.274777,state_verified
accepted,2,baseline,measured,100,129,7599.0,,100,174.274777,state_verified
accepted,2,baseline,measured,100,130,1112.0,,100,174.274777,state_verified
accepted,2,baseline,measured,100,131,1207.0,,100,174.274777,state_verified
accepted,2,baseline,measured,100,132,1135.0,,100,174.274777,state_verified
accepted,2,baseline,measured,100,133,7593.0,,100,174.274777,state_verified
accepted,2,baseline,measured,100,134,1542.0,,100,174.274777,state_verified
accepted,2,baseline,measured,100,135,1283.0,,100,174.274777,state_verified
accepted,2,baseline,measured,100,136,1125.0,,100,174.274777,state_verified
accepted,2,baseline,measured,100,137,7631.0,,100,174.274777,state_verified
accepted,2,baseline,measured,100,138,1229.0,,100,174.274777,state_verified
accepted,2,baseline,measured,100,139,1187.0,,100,174.274777,state_verified
accepted,2,baseline,measured,100,140,1085.0,,100,174.274777,state_verified
accepted,2,baseline,measured,100,141,7541.0,,100,174.274777,state_verified
accepted,2,baseline,measured,100,142,1279.0,,100,174.274777,state_verified
accepted,2,baseline,measured,100,143,1344.0,,100,174.274777,state_verified
accepted,2,baseline,measured,100,144,1097.0,,100,174.274777,state_verified
accepted,2,baseline,measured,100,145,7600.0,,100,174.274777,state_verified
accepted,2,baseline,measured,100,146,1746.0,,100,174.274777,state_verified
accepted,2,baseline,measured,100,147,1225.0,,100,174.274777,state_verified
accepted,2,baseline,measured,100,148,1078.0,,100,174.274777,state_verified
accepted,2,baseline,measured,100,149,7561.0,,100,174.274777,state_verified
accepted,2,baseline,measured,100,150,1508.0,,100,174.274777,state_verified
accepted,2,baseline,measured,100,151,1228.0,,100,174.274777,state_verified
accepted,2,baseline,measured,100,152,1205.0,,100,174.274777,state_verified
accepted,2,baseline,measured,100,153,7596.0,,100,174.274777,state_verified
accepted,2,baseline,measured,100,154,1295.0,,100,174.274777,state_verified
accepted,2,baseline,measured,100,155,930.0,,100,174.274777,state_verified
accepted,2,baseline,measured,100,156,1039.0,,100,174.274777,state_verified
accepted,2,baseline,measured,100,157,7610.0,,100,174.274777,state_verified
accepted,2,baseline,measured,100,158,1159.0,,100,174.274777,state_verified
accepted,2,baseline,measured,100,159,1110.0,,100,174.274777,state_verified
accepted,2,baseline,measured,100,160,884.0,,100,174.274777,state_verified
accepted,2,baseline,measured,100,161,7863.0,,100,174.274777,state_verified
accepted,2,baseline,measured,100,162,1459.0,,100,174.274777,state_verified
accepted,2,baseline,measured,100,163,1583.0,,100,174.274777,state_verified
accepted,2,baseline,measured,100,164,1658.0,,100,174.274777,state_verified
accepted,2,baseline,measured,100,165,7542.0,,100,174.274777,state_verified
accepted,2,baseline,measured,100,166,1274.0,,100,174.274777,state_verified
accepted,2,baseline,measured,100,167,1096.0,,100,174.274777,state_verified
accepted,2,baseline,measured,100,168,1264.0,,100,174.274777,state_verified
accepted,2,baseline,measured,100,169,7536.0,,100,174.274777,state_verified
accepted,2,baseline,measured,100,170,1479.0,,100,174.274777,state_verified
accepted,2,baseline,measured,100,171,1291.0,,100,174.274777,state_verified
accepted,2,baseline,measured,100,172,799.0,,100,174.274777,state_verified
accepted,2,baseline,measured,100,173,7649.0,,100,174.274777,state_verified
accepted,2,baseline,measured,100,174,1350.0,,100,174.274777,state_verified
accepted,2,baseline,measured,100,175,956.0,,100,174.274777,state_verified
accepted,2,baseline,measured,100,176,878.0,,100,174.274777,state_verified
accepted,2,baseline,measured,100,177,7621.0,,100,174.274777,state_verified
accepted,2,baseline,measured,100,178,1433.0,,100,174.274777,state_verified
accepted,2,baseline,measured,100,179,1041.0,,100,174.274777,state_verified
accepted,2,baseline,measured,100,180,872.0,,100,174.274777,state_verified
accepted,2,baseline,measured,100,181,7600.0,,100,174.274777,state_verified
accepted,2,baseline,measured,100,182,1403.0,,100,174.274777,state_verified
accepted,2,baseline,measured,100,183,1111.0,,100,174.274777,state_verified
accepted,2,baseline,measured,100,184,894.0,,100,174.274777,state_verified
accepted,2,baseline,measured,100,185,8435.0,,100,174.274777,state_verified
accepted,2,baseline,measured,100,186,1049.0,,100,174.274777,state_verified
accepted,2,baseline,measured,100,187,1140.0,,100,174.274777,state_verified
accepted,2,baseline,measured,100,188,839.0,,100,174.274777,state_verified
accepted,2,baseline,measured,100,189,7636.0,,100,174.274777,state_verified
accepted,2,baseline,measured,100,190,1414.0,,100,174.274777,state_verified
accepted,2,baseline,measured,100,191,1164.0,,100,174.274777,state_verified
accepted,2,baseline,measured,100,192,965.0,,100,174.274777,state_verified
accepted,2,baseline,measured,100,193,7687.0,,100,174.274777,state_verified
accepted,2,baseline,measured,100,194,1318.0,,100,174.274777,state_verified
accepted,2,baseline,measured,100,195,1212.0,,100,174.274777,state_verified
accepted,2,baseline,measured,100,196,977.0,,100,174.274777,state_verified
accepted,2,baseline,measured,100,197,7676.0,,100,174.274777,state_verified
accepted,2,baseline,measured,100,198,1385.0,,100,174.274777,state_verified
accepted,2,baseline,measured,100,199,1166.0,,100,174.274777,state_verified
accepted,2,baseline,measured,100,200,844.0,,100,174.274777,state_verified
accepted,2,protected,measured,users,1,4251.0,,1,353.807589,state_verified
accepted,2,protected,measured,users,2,1045.0,,1,353.807589,state_verified
accepted,2,protected,measured,users,3,992.0,,1,353.807589,state_verified
accepted,2,protected,measured,users,4,8277.0,,1,353.807589,state_verified
accepted,2,protected,measured,users,5,1203.0,,1,353.807589,state_verified
accepted,2,protected,measured,users,6,898.0,,1,353.807589,state_verified
accepted,2,protected,measured,users,7,722.0,,1,353.807589,state_verified
accepted,2,protected,measured,users,8,8609.0,,1,353.807589,state_verified
accepted,2,protected,measured,users,9,1348.0,,1,353.807589,state_verified
accepted,2,protected,measured,users,10,1299.0,,1,353.807589,state_verified
accepted,2,protected,measured,users,11,1013.0,,1,353.807589,state_verified
accepted,2,protected,measured,users,12,8307.0,,1,353.807589,state_verified
accepted,2,protected,measured,users,13,854.0,,1,353.807589,state_verified
accepted,2,protected,measured,users,14,843.0,,1,353.807589,state_verified
accepted,2,protected,measured,users,15,784.0,,1,353.807589,state_verified
accepted,2,protected,measured,users,16,8375.0,,1,353.807589,state_verified
accepted,2,protected,measured,users,17,1204.0,,1,353.807589,state_verified
accepted,2,protected,measured,users,18,1083.0,,1,353.807589,state_verified
accepted,2,protected,measured,users,19,1280.0,,1,353.807589,state_verified
accepted,2,protected,measured,users,20,8111.0,,1,353.807589,state_verified
accepted,2,protected,measured,users,21,1113.0,,1,353.807589,state_verified
accepted,2,protected,measured,users,22,1029.0,,1,353.807589,state_verified
accepted,2,protected,measured,users,23,1095.0,,1,353.807589,state_verified
accepted,2,protected,measured,users,24,8891.0,,1,353.807589,state_verified
accepted,2,protected,measured,users,25,1002.0,,1,353.807589,state_verified
accepted,2,protected,measured,users,26,920.0,,1,353.807589,state_verified
accepted,2,protected,measured,users,27,933.0,,1,353.807589,state_verified
accepted,2,protected,measured,users,28,8231.0,,1,353.807589,state_verified
accepted,2,protected,measured,users,29,968.0,,1,353.807589,state_verified
accepted,2,protected,measured,users,30,675.0,,1,353.807589,state_verified
accepted,2,protected,measured,users,31,702.0,,1,353.807589,state_verified
accepted,2,protected,measured,users,32,8291.0,,1,353.807589,state_verified
accepted,2,protected,measured,users,33,1084.0,,1,353.807589,state_verified
accepted,2,protected,measured,users,34,915.0,,1,353.807589,state_verified
accepted,2,protected,measured,users,35,905.0,,1,353.807589,state_verified
accepted,2,protected,measured,users,36,8198.0,,1,353.807589,state_verified
accepted,2,protected,measured,users,37,1072.0,,1,353.807589,state_verified
accepted,2,protected,measured,users,38,943.0,,1,353.807589,state_verified
accepted,2,protected,measured,users,39,733.0,,1,353.807589,state_verified
accepted,2,protected,measured,users,40,8237.0,,1,353.807589,state_verified
accepted,2,protected,measured,users,41,1053.0,,1,353.807589,state_verified
accepted,2,protected,measured,users,42,827.0,,1,353.807589,state_verified
accepted,2,protected,measured,users,43,720.0,,1,353.807589,state_verified
accepted,2,protected,measured,users,44,8288.0,,1,353.807589,state_verified
accepted,2,protected,measured,users,45,1067.0,,1,353.807589,state_verified
accepted,2,protected,measured,users,46,844.0,,1,353.807589,state_verified
accepted,2,protected,measured,users,47,867.0,,1,353.807589,state_verified
accepted,2,protected,measured,users,48,8191.0,,1,353.807589,state_verified
accepted,2,protected,measured,users,49,781.0,,1,353.807589,state_verified
accepted,2,protected,measured,users,50,672.0,,1,353.807589,state_verified
accepted,2,protected,measured,users,51,732.0,,1,353.807589,state_verified
accepted,2,protected,measured,users,52,8232.0,,1,353.807589,state_verified
accepted,2,protected,measured,users,53,985.0,,1,353.807589,state_verified
accepted,2,protected,measured,users,54,784.0,,1,353.807589,state_verified
accepted,2,protected,measured,users,55,783.0,,1,353.807589,state_verified
accepted,2,protected,measured,users,56,8181.0,,1,353.807589,state_verified
accepted,2,protected,measured,users,57,1071.0,,1,353.807589,state_verified
accepted,2,protected,measured,users,58,1124.0,,1,353.807589,state_verified
accepted,2,protected,measured,users,59,740.0,,1,353.807589,state_verified
accepted,2,protected,measured,users,60,8188.0,,1,353.807589,state_verified
accepted,2,protected,measured,users,61,888.0,,1,353.807589,state_verified
accepted,2,protected,measured,users,62,857.0,,1,353.807589,state_verified
accepted,2,protected,measured,users,63,886.0,,1,353.807589,state_verified
accepted,2,protected,measured,users,64,8235.0,,1,353.807589,state_verified
accepted,2,protected,measured,users,65,1188.0,,1,353.807589,state_verified
accepted,2,protected,measured,users,66,1037.0,,1,353.807589,state_verified
accepted,2,protected,measured,users,67,847.0,,1,353.807589,state_verified
accepted,2,protected,measured,users,68,8206.0,,1,353.807589,state_verified
accepted,2,protected,measured,users,69,918.0,,1,353.807589,state_verified
accepted,2,protected,measured,users,70,732.0,,1,353.807589,state_verified
accepted,2,protected,measured,users,71,682.0,,1,353.807589,state_verified
accepted,2,protected,measured,users,72,8451.0,,1,353.807589,state_verified
accepted,2,protected,measured,users,73,1257.0,,1,353.807589,state_verified
accepted,2,protected,measured,users,74,1323.0,,1,353.807589,state_verified
accepted,2,protected,measured,users,75,1168.0,,1,353.807589,state_verified
accepted,2,protected,measured,users,76,8102.0,,1,353.807589,state_verified
accepted,2,protected,measured,users,77,1057.0,,1,353.807589,state_verified
accepted,2,protected,measured,users,78,1031.0,,1,353.807589,state_verified
accepted,2,protected,measured,users,79,928.0,,1,353.807589,state_verified
accepted,2,protected,measured,users,80,8235.0,,1,353.807589,state_verified
accepted,2,protected,measured,users,81,1038.0,,1,353.807589,state_verified
accepted,2,protected,measured,users,82,803.0,,1,353.807589,state_verified
accepted,2,protected,measured,users,83,738.0,,1,353.807589,state_verified
accepted,2,protected,measured,users,84,8238.0,,1,353.807589,state_verified
accepted,2,protected,measured,users,85,1019.0,,1,353.807589,state_verified
accepted,2,protected,measured,users,86,675.0,,1,353.807589,state_verified
accepted,2,protected,measured,users,87,707.0,,1,353.807589,state_verified
accepted,2,protected,measured,users,88,9077.0,,1,353.807589,state_verified
accepted,2,protected,measured,users,89,948.0,,1,353.807589,state_verified
accepted,2,protected,measured,users,90,911.0,,1,353.807589,state_verified
accepted,2,protected,measured,users,91,849.0,,1,353.807589,state_verified
accepted,2,protected,measured,users,92,8263.0,,1,353.807589,state_verified
accepted,2,protected,measured,users,93,841.0,,1,353.807589,state_verified
accepted,2,protected,measured,users,94,817.0,,1,353.807589,state_verified
accepted,2,protected,measured,users,95,936.0,,1,353.807589,state_verified
accepted,2,protected,measured,users,96,8383.0,,1,353.807589,state_verified
accepted,2,protected,measured,users,97,1142.0,,1,353.807589,state_verified
accepted,2,protected,measured,users,98,1197.0,,1,353.807589,state_verified
accepted,2,protected,measured,users,99,914.0,,1,353.807589,state_verified
accepted,2,protected,measured,users,100,8368.0,,1,353.807589,state_verified
accepted,2,protected,measured,users,101,810.0,,1,353.807589,state_verified
accepted,2,protected,measured,users,102,760.0,,1,353.807589,state_verified
accepted,2,protected,measured,users,103,737.0,,1,353.807589,state_verified
accepted,2,protected,measured,users,104,8454.0,,1,353.807589,state_verified
accepted,2,protected,measured,users,105,1155.0,,1,353.807589,state_verified
accepted,2,protected,measured,users,106,1056.0,,1,353.807589,state_verified
accepted,2,protected,measured,users,107,892.0,,1,353.807589,state_verified
accepted,2,protected,measured,users,108,8352.0,,1,353.807589,state_verified
accepted,2,protected,measured,users,109,1058.0,,1,353.807589,state_verified
accepted,2,protected,measured,users,110,1008.0,,1,353.807589,state_verified
accepted,2,protected,measured,users,111,924.0,,1,353.807589,state_verified
accepted,2,protected,measured,users,112,8390.0,,1,353.807589,state_verified
accepted,2,protected,measured,users,113,958.0,,1,353.807589,state_verified
accepted,2,protected,measured,users,114,1135.0,,1,353.807589,state_verified
accepted,2,protected,measured,users,115,750.0,,1,353.807589,state_verified
accepted,2,protected,measured,users,116,8369.0,,1,353.807589,state_verified
accepted,2,protected,measured,users,117,1028.0,,1,353.807589,state_verified
accepted,2,protected,measured,users,118,940.0,,1,353.807589,state_verified
accepted,2,protected,measured,users,119,739.0,,1,353.807589,state_verified
accepted,2,protected,measured,users,120,8360.0,,1,353.807589,state_verified
accepted,2,protected,measured,users,121,953.0,,1,353.807589,state_verified
accepted,2,protected,measured,users,122,886.0,,1,353.807589,state_verified
accepted,2,protected,measured,users,123,831.0,,1,353.807589,state_verified
accepted,2,protected,measured,users,124,8356.0,,1,353.807589,state_verified
accepted,2,protected,measured,users,125,1053.0,,1,353.807589,state_verified
accepted,2,protected,measured,users,126,1095.0,,1,353.807589,state_verified
accepted,2,protected,measured,users,127,785.0,,1,353.807589,state_verified
accepted,2,protected,measured,users,128,8425.0,,1,353.807589,state_verified
accepted,2,protected,measured,users,129,1098.0,,1,353.807589,state_verified
accepted,2,protected,measured,users,130,1111.0,,1,353.807589,state_verified
accepted,2,protected,measured,users,131,1038.0,,1,353.807589,state_verified
accepted,2,protected,measured,users,132,8371.0,,1,353.807589,state_verified
accepted,2,protected,measured,users,133,1013.0,,1,353.807589,state_verified
accepted,2,protected,measured,users,134,836.0,,1,353.807589,state_verified
accepted,2,protected,measured,users,135,681.0,,1,353.807589,state_verified
accepted,2,protected,measured,users,136,8671.0,,1,353.807589,state_verified
accepted,2,protected,measured,users,137,1615.0,,1,353.807589,state_verified
accepted,2,protected,measured,users,138,1296.0,,1,353.807589,state_verified
accepted,2,protected,measured,users,139,1324.0,,1,353.807589,state_verified
accepted,2,protected,measured,users,140,8311.0,,1,353.807589,state_verified
accepted,2,protected,measured,users,141,1018.0,,1,353.807589,state_verified
accepted,2,protected,measured,users,142,842.0,,1,353.807589,state_verified
accepted,2,protected,measured,users,143,672.0,,1,353.807589,state_verified
accepted,2,protected,measured,users,144,8365.0,,1,353.807589,state_verified
accepted,2,protected,measured,users,145,1011.0,,1,353.807589,state_verified
accepted,2,protected,measured,users,146,790.0,,1,353.807589,state_verified
accepted,2,protected,measured,users,147,703.0,,1,353.807589,state_verified
accepted,2,protected,measured,users,148,8287.0,,1,353.807589,state_verified
accepted,2,protected,measured,users,149,756.0,,1,353.807589,state_verified
accepted,2,protected,measured,users,150,834.0,,1,353.807589,state_verified
accepted,2,protected,measured,users,151,752.0,,1,353.807589,state_verified
accepted,2,protected,measured,users,152,9055.0,,1,353.807589,state_verified
accepted,2,protected,measured,users,153,871.0,,1,353.807589,state_verified
accepted,2,protected,measured,users,154,909.0,,1,353.807589,state_verified
accepted,2,protected,measured,users,155,858.0,,1,353.807589,state_verified
accepted,2,protected,measured,users,156,8324.0,,1,353.807589,state_verified
accepted,2,protected,measured,users,157,1001.0,,1,353.807589,state_verified
accepted,2,protected,measured,users,158,1025.0,,1,353.807589,state_verified
accepted,2,protected,measured,users,159,965.0,,1,353.807589,state_verified
accepted,2,protected,measured,users,160,8271.0,,1,353.807589,state_verified
accepted,2,protected,measured,users,161,1059.0,,1,353.807589,state_verified
accepted,2,protected,measured,users,162,1034.0,,1,353.807589,state_verified
accepted,2,protected,measured,users,163,919.0,,1,353.807589,state_verified
accepted,2,protected,measured,users,164,8293.0,,1,353.807589,state_verified
accepted,2,protected,measured,users,165,1029.0,,1,353.807589,state_verified
accepted,2,protected,measured,users,166,928.0,,1,353.807589,state_verified
accepted,2,protected,measured,users,167,968.0,,1,353.807589,state_verified
accepted,2,protected,measured,users,168,8491.0,,1,353.807589,state_verified
accepted,2,protected,measured,users,169,1326.0,,1,353.807589,state_verified
accepted,2,protected,measured,users,170,970.0,,1,353.807589,state_verified
accepted,2,protected,measured,users,171,942.0,,1,353.807589,state_verified
accepted,2,protected,measured,users,172,8224.0,,1,353.807589,state_verified
accepted,2,protected,measured,users,173,916.0,,1,353.807589,state_verified
accepted,2,protected,measured,users,174,709.0,,1,353.807589,state_verified
accepted,2,protected,measured,users,175,609.0,,1,353.807589,state_verified
accepted,2,protected,measured,users,176,8292.0,,1,353.807589,state_verified
accepted,2,protected,measured,users,177,926.0,,1,353.807589,state_verified
accepted,2,protected,measured,users,178,793.0,,1,353.807589,state_verified
accepted,2,protected,measured,users,179,881.0,,1,353.807589,state_verified
accepted,2,protected,measured,users,180,8311.0,,1,353.807589,state_verified
accepted,2,protected,measured,users,181,1001.0,,1,353.807589,state_verified
accepted,2,protected,measured,users,182,745.0,,1,353.807589,state_verified
accepted,2,protected,measured,users,183,688.0,,1,353.807589,state_verified
accepted,2,protected,measured,users,184,8427.0,,1,353.807589,state_verified
accepted,2,protected,measured,users,185,1098.0,,1,353.807589,state_verified
accepted,2,protected,measured,users,186,1005.0,,1,353.807589,state_verified
accepted,2,protected,measured,users,187,825.0,,1,353.807589,state_verified
accepted,2,protected,measured,users,188,8280.0,,1,353.807589,state_verified
accepted,2,protected,measured,users,189,866.0,,1,353.807589,state_verified
accepted,2,protected,measured,users,190,762.0,,1,353.807589,state_verified
accepted,2,protected,measured,users,191,1071.0,,1,353.807589,state_verified
accepted,2,protected,measured,users,192,8215.0,,1,353.807589,state_verified
accepted,2,protected,measured,users,193,898.0,,1,353.807589,state_verified
accepted,2,protected,measured,users,194,800.0,,1,353.807589,state_verified
accepted,2,protected,measured,users,195,1000.0,,1,353.807589,state_verified
accepted,2,protected,measured,users,196,8532.0,,1,353.807589,state_verified
accepted,2,protected,measured,users,197,1181.0,,1,353.807589,state_verified
accepted,2,protected,measured,users,198,829.0,,1,353.807589,state_verified
accepted,2,protected,measured,users,199,721.0,,1,353.807589,state_verified
accepted,2,protected,measured,users,200,8586.0,,1,353.807589,state_verified
accepted,2,baseline,measured,users,1,4831.0,,1,362.426518,state_verified
accepted,2,baseline,measured,users,2,5349.0,,1,362.426518,state_verified
accepted,2,baseline,measured,users,3,883.0,,1,362.426518,state_verified
accepted,2,baseline,measured,users,4,640.0,,1,362.426518,state_verified
accepted,2,baseline,measured,users,5,619.0,,1,362.426518,state_verified
accepted,2,baseline,measured,users,6,8982.0,,1,362.426518,state_verified
accepted,2,baseline,measured,users,7,796.0,,1,362.426518,state_verified
accepted,2,baseline,measured,users,8,764.0,,1,362.426518,state_verified
accepted,2,baseline,measured,users,9,690.0,,1,362.426518,state_verified
accepted,2,baseline,measured,users,10,8613.0,,1,362.426518,state_verified
accepted,2,baseline,measured,users,11,1125.0,,1,362.426518,state_verified
accepted,2,baseline,measured,users,12,1134.0,,1,362.426518,state_verified
accepted,2,baseline,measured,users,13,910.0,,1,362.426518,state_verified
accepted,2,baseline,measured,users,14,8241.0,,1,362.426518,state_verified
accepted,2,baseline,measured,users,15,1149.0,,1,362.426518,state_verified
accepted,2,baseline,measured,users,16,953.0,,1,362.426518,state_verified
accepted,2,baseline,measured,users,17,873.0,,1,362.426518,state_verified
accepted,2,baseline,measured,users,18,8250.0,,1,362.426518,state_verified
accepted,2,baseline,measured,users,19,803.0,,1,362.426518,state_verified
accepted,2,baseline,measured,users,20,720.0,,1,362.426518,state_verified
accepted,2,baseline,measured,users,21,661.0,,1,362.426518,state_verified
accepted,2,baseline,measured,users,22,8284.0,,1,362.426518,state_verified
accepted,2,baseline,measured,users,23,1121.0,,1,362.426518,state_verified
accepted,2,baseline,measured,users,24,884.0,,1,362.426518,state_verified
accepted,2,baseline,measured,users,25,720.0,,1,362.426518,state_verified
accepted,2,baseline,measured,users,26,8187.0,,1,362.426518,state_verified
accepted,2,baseline,measured,users,27,945.0,,1,362.426518,state_verified
accepted,2,baseline,measured,users,28,963.0,,1,362.426518,state_verified
accepted,2,baseline,measured,users,29,884.0,,1,362.426518,state_verified
accepted,2,baseline,measured,users,30,8240.0,,1,362.426518,state_verified
accepted,2,baseline,measured,users,31,968.0,,1,362.426518,state_verified
accepted,2,baseline,measured,users,32,886.0,,1,362.426518,state_verified
accepted,2,baseline,measured,users,33,806.0,,1,362.426518,state_verified
accepted,2,baseline,measured,users,34,8217.0,,1,362.426518,state_verified
accepted,2,baseline,measured,users,35,974.0,,1,362.426518,state_verified
accepted,2,baseline,measured,users,36,794.0,,1,362.426518,state_verified
accepted,2,baseline,measured,users,37,744.0,,1,362.426518,state_verified
accepted,2,baseline,measured,users,38,8254.0,,1,362.426518,state_verified
accepted,2,baseline,measured,users,39,1126.0,,1,362.426518,state_verified
accepted,2,baseline,measured,users,40,911.0,,1,362.426518,state_verified
accepted,2,baseline,measured,users,41,744.0,,1,362.426518,state_verified
accepted,2,baseline,measured,users,42,8342.0,,1,362.426518,state_verified
accepted,2,baseline,measured,users,43,1208.0,,1,362.426518,state_verified
accepted,2,baseline,measured,users,44,1220.0,,1,362.426518,state_verified
accepted,2,baseline,measured,users,45,1148.0,,1,362.426518,state_verified
accepted,2,baseline,measured,users,46,8181.0,,1,362.426518,state_verified
accepted,2,baseline,measured,users,47,975.0,,1,362.426518,state_verified
accepted,2,baseline,measured,users,48,930.0,,1,362.426518,state_verified
accepted,2,baseline,measured,users,49,673.0,,1,362.426518,state_verified
accepted,2,baseline,measured,users,50,8184.0,,1,362.426518,state_verified
accepted,2,baseline,measured,users,51,987.0,,1,362.426518,state_verified
accepted,2,baseline,measured,users,52,871.0,,1,362.426518,state_verified
accepted,2,baseline,measured,users,53,1034.0,,1,362.426518,state_verified
accepted,2,baseline,measured,users,54,8237.0,,1,362.426518,state_verified
accepted,2,baseline,measured,users,55,1024.0,,1,362.426518,state_verified
accepted,2,baseline,measured,users,56,986.0,,1,362.426518,state_verified
accepted,2,baseline,measured,users,57,788.0,,1,362.426518,state_verified
accepted,2,baseline,measured,users,58,8255.0,,1,362.426518,state_verified
accepted,2,baseline,measured,users,59,1184.0,,1,362.426518,state_verified
accepted,2,baseline,measured,users,60,826.0,,1,362.426518,state_verified
accepted,2,baseline,measured,users,61,685.0,,1,362.426518,state_verified
accepted,2,baseline,measured,users,62,8236.0,,1,362.426518,state_verified
accepted,2,baseline,measured,users,63,816.0,,1,362.426518,state_verified
accepted,2,baseline,measured,users,64,689.0,,1,362.426518,state_verified
accepted,2,baseline,measured,users,65,668.0,,1,362.426518,state_verified
accepted,2,baseline,measured,users,66,8198.0,,1,362.426518,state_verified
accepted,2,baseline,measured,users,67,1037.0,,1,362.426518,state_verified
accepted,2,baseline,measured,users,68,972.0,,1,362.426518,state_verified
accepted,2,baseline,measured,users,69,870.0,,1,362.426518,state_verified
accepted,2,baseline,measured,users,70,9181.0,,1,362.426518,state_verified
accepted,2,baseline,measured,users,71,984.0,,1,362.426518,state_verified
accepted,2,baseline,measured,users,72,1023.0,,1,362.426518,state_verified
accepted,2,baseline,measured,users,73,1057.0,,1,362.426518,state_verified
accepted,2,baseline,measured,users,74,8470.0,,1,362.426518,state_verified
accepted,2,baseline,measured,users,75,995.0,,1,362.426518,state_verified
accepted,2,baseline,measured,users,76,758.0,,1,362.426518,state_verified
accepted,2,baseline,measured,users,77,664.0,,1,362.426518,state_verified
accepted,2,baseline,measured,users,78,8472.0,,1,362.426518,state_verified
accepted,2,baseline,measured,users,79,998.0,,1,362.426518,state_verified
accepted,2,baseline,measured,users,80,748.0,,1,362.426518,state_verified
accepted,2,baseline,measured,users,81,696.0,,1,362.426518,state_verified
accepted,2,baseline,measured,users,82,8520.0,,1,362.426518,state_verified
accepted,2,baseline,measured,users,83,1071.0,,1,362.426518,state_verified
accepted,2,baseline,measured,users,84,1133.0,,1,362.426518,state_verified
accepted,2,baseline,measured,users,85,898.0,,1,362.426518,state_verified
accepted,2,baseline,measured,users,86,8448.0,,1,362.426518,state_verified
accepted,2,baseline,measured,users,87,1084.0,,1,362.426518,state_verified
accepted,2,baseline,measured,users,88,1007.0,,1,362.426518,state_verified
accepted,2,baseline,measured,users,89,1023.0,,1,362.426518,state_verified
accepted,2,baseline,measured,users,90,8455.0,,1,362.426518,state_verified
accepted,2,baseline,measured,users,91,1013.0,,1,362.426518,state_verified
accepted,2,baseline,measured,users,92,713.0,,1,362.426518,state_verified
accepted,2,baseline,measured,users,93,806.0,,1,362.426518,state_verified
accepted,2,baseline,measured,users,94,8550.0,,1,362.426518,state_verified
accepted,2,baseline,measured,users,95,1359.0,,1,362.426518,state_verified
accepted,2,baseline,measured,users,96,1269.0,,1,362.426518,state_verified
accepted,2,baseline,measured,users,97,1412.0,,1,362.426518,state_verified
accepted,2,baseline,measured,users,98,8351.0,,1,362.426518,state_verified
accepted,2,baseline,measured,users,99,840.0,,1,362.426518,state_verified
accepted,2,baseline,measured,users,100,758.0,,1,362.426518,state_verified
accepted,2,baseline,measured,users,101,704.0,,1,362.426518,state_verified
accepted,2,baseline,measured,users,102,8561.0,,1,362.426518,state_verified
accepted,2,baseline,measured,users,103,1051.0,,1,362.426518,state_verified
accepted,2,baseline,measured,users,104,654.0,,1,362.426518,state_verified
accepted,2,baseline,measured,users,105,588.0,,1,362.426518,state_verified
accepted,2,baseline,measured,users,106,8546.0,,1,362.426518,state_verified
accepted,2,baseline,measured,users,107,1210.0,,1,362.426518,state_verified
accepted,2,baseline,measured,users,108,1268.0,,1,362.426518,state_verified
accepted,2,baseline,measured,users,109,1270.0,,1,362.426518,state_verified
accepted,2,baseline,measured,users,110,8422.0,,1,362.426518,state_verified
accepted,2,baseline,measured,users,111,968.0,,1,362.426518,state_verified
accepted,2,baseline,measured,users,112,998.0,,1,362.426518,state_verified
accepted,2,baseline,measured,users,113,729.0,,1,362.426518,state_verified
accepted,2,baseline,measured,users,114,8388.0,,1,362.426518,state_verified
accepted,2,baseline,measured,users,115,978.0,,1,362.426518,state_verified
accepted,2,baseline,measured,users,116,976.0,,1,362.426518,state_verified
accepted,2,baseline,measured,users,117,769.0,,1,362.426518,state_verified
accepted,2,baseline,measured,users,118,8524.0,,1,362.426518,state_verified
accepted,2,baseline,measured,users,119,909.0,,1,362.426518,state_verified
accepted,2,baseline,measured,users,120,733.0,,1,362.426518,state_verified
accepted,2,baseline,measured,users,121,732.0,,1,362.426518,state_verified
accepted,2,baseline,measured,users,122,8450.0,,1,362.426518,state_verified
accepted,2,baseline,measured,users,123,789.0,,1,362.426518,state_verified
accepted,2,baseline,measured,users,124,757.0,,1,362.426518,state_verified
accepted,2,baseline,measured,users,125,1097.0,,1,362.426518,state_verified
accepted,2,baseline,measured,users,126,8448.0,,1,362.426518,state_verified
accepted,2,baseline,measured,users,127,882.0,,1,362.426518,state_verified
accepted,2,baseline,measured,users,128,785.0,,1,362.426518,state_verified
accepted,2,baseline,measured,users,129,712.0,,1,362.426518,state_verified
accepted,2,baseline,measured,users,130,8460.0,,1,362.426518,state_verified
accepted,2,baseline,measured,users,131,921.0,,1,362.426518,state_verified
accepted,2,baseline,measured,users,132,761.0,,1,362.426518,state_verified
accepted,2,baseline,measured,users,133,672.0,,1,362.426518,state_verified
accepted,2,baseline,measured,users,134,8641.0,,1,362.426518,state_verified
accepted,2,baseline,measured,users,135,964.0,,1,362.426518,state_verified
accepted,2,baseline,measured,users,136,844.0,,1,362.426518,state_verified
accepted,2,baseline,measured,users,137,689.0,,1,362.426518,state_verified
accepted,2,baseline,measured,users,138,8026.0,,1,362.426518,state_verified
accepted,2,baseline,measured,users,139,900.0,,1,362.426518,state_verified
accepted,2,baseline,measured,users,140,701.0,,1,362.426518,state_verified
accepted,2,baseline,measured,users,141,608.0,,1,362.426518,state_verified
accepted,2,baseline,measured,users,142,7912.0,,1,362.426518,state_verified
accepted,2,baseline,measured,users,143,975.0,,1,362.426518,state_verified
accepted,2,baseline,measured,users,144,909.0,,1,362.426518,state_verified
accepted,2,baseline,measured,users,145,804.0,,1,362.426518,state_verified
accepted,2,baseline,measured,users,146,7982.0,,1,362.426518,state_verified
accepted,2,baseline,measured,users,147,921.0,,1,362.426518,state_verified
accepted,2,baseline,measured,users,148,928.0,,1,362.426518,state_verified
accepted,2,baseline,measured,users,149,742.0,,1,362.426518,state_verified
accepted,2,baseline,measured,users,150,8010.0,,1,362.426518,state_verified
accepted,2,baseline,measured,users,151,1006.0,,1,362.426518,state_verified
accepted,2,baseline,measured,users,152,880.0,,1,362.426518,state_verified
accepted,2,baseline,measured,users,153,788.0,,1,362.426518,state_verified
accepted,2,baseline,measured,users,154,8010.0,,1,362.426518,state_verified
accepted,2,baseline,measured,users,155,983.0,,1,362.426518,state_verified
accepted,2,baseline,measured,users,156,919.0,,1,362.426518,state_verified
accepted,2,baseline,measured,users,157,774.0,,1,362.426518,state_verified
accepted,2,baseline,measured,users,158,8010.0,,1,362.426518,state_verified
accepted,2,baseline,measured,users,159,931.0,,1,362.426518,state_verified
accepted,2,baseline,measured,users,160,780.0,,1,362.426518,state_verified
accepted,2,baseline,measured,users,161,967.0,,1,362.426518,state_verified
accepted,2,baseline,measured,users,162,8047.0,,1,362.426518,state_verified
accepted,2,baseline,measured,users,163,863.0,,1,362.426518,state_verified
accepted,2,baseline,measured,users,164,765.0,,1,362.426518,state_verified
accepted,2,baseline,measured,users,165,732.0,,1,362.426518,state_verified
accepted,2,baseline,measured,users,166,7907.0,,1,362.426518,state_verified
accepted,2,baseline,measured,users,167,857.0,,1,362.426518,state_verified
accepted,2,baseline,measured,users,168,653.0,,1,362.426518,state_verified
accepted,2,baseline,measured,users,169,818.0,,1,362.426518,state_verified
accepted,2,baseline,measured,users,170,8176.0,,1,362.426518,state_verified
accepted,2,baseline,measured,users,171,1078.0,,1,362.426518,state_verified
accepted,2,baseline,measured,users,172,1046.0,,1,362.426518,state_verified
accepted,2,baseline,measured,users,173,912.0,,1,362.426518,state_verified
accepted,2,baseline,measured,users,174,8008.0,,1,362.426518,state_verified
accepted,2,baseline,measured,users,175,888.0,,1,362.426518,state_verified
accepted,2,baseline,measured,users,176,715.0,,1,362.426518,state_verified
accepted,2,baseline,measured,users,177,742.0,,1,362.426518,state_verified
accepted,2,baseline,measured,users,178,7882.0,,1,362.426518,state_verified
accepted,2,baseline,measured,users,179,1044.0,,1,362.426518,state_verified
accepted,2,baseline,measured,users,180,983.0,,1,362.426518,state_verified
accepted,2,baseline,measured,users,181,710.0,,1,362.426518,state_verified
accepted,2,baseline,measured,users,182,7999.0,,1,362.426518,state_verified
accepted,2,baseline,measured,users,183,945.0,,1,362.426518,state_verified
accepted,2,baseline,measured,users,184,875.0,,1,362.426518,state_verified
accepted,2,baseline,measured,users,185,653.0,,1,362.426518,state_verified
accepted,2,baseline,measured,users,186,7957.0,,1,362.426518,state_verified
accepted,2,baseline,measured,users,187,979.0,,1,362.426518,state_verified
accepted,2,baseline,measured,users,188,859.0,,1,362.426518,state_verified
accepted,2,baseline,measured,users,189,736.0,,1,362.426518,state_verified
accepted,2,baseline,measured,users,190,7854.0,,1,362.426518,state_verified
accepted,2,baseline,measured,users,191,872.0,,1,362.426518,state_verified
accepted,2,baseline,measured,users,192,776.0,,1,362.426518,state_verified
accepted,2,baseline,measured,users,193,787.0,,1,362.426518,state_verified
accepted,2,baseline,measured,users,194,7844.0,,1,362.426518,state_verified
accepted,2,baseline,measured,users,195,1007.0,,1,362.426518,state_verified
accepted,2,baseline,measured,users,196,1083.0,,1,362.426518,state_verified
accepted,2,baseline,measured,users,197,911.0,,1,362.426518,state_verified
accepted,2,baseline,measured,users,198,8761.0,,1,362.426518,state_verified
accepted,2,baseline,measured,users,199,971.0,,1,362.426518,state_verified
accepted,2,baseline,measured,users,200,893.0,,1,362.426518,state_verified
accepted,2,protected,measured,refunds,1,3381.0,,1,340.896114,state_verified
accepted,2,protected,measured,refunds,2,1126.0,,1,340.896114,state_verified
accepted,2,protected,measured,refunds,3,1229.0,,1,340.896114,state_verified
accepted,2,protected,measured,refunds,4,7766.0,,1,340.896114,state_verified
accepted,2,protected,measured,refunds,5,1222.0,,1,340.896114,state_verified
accepted,2,protected,measured,refunds,6,1157.0,,1,340.896114,state_verified
accepted,2,protected,measured,refunds,7,1054.0,,1,340.896114,state_verified
accepted,2,protected,measured,refunds,8,8075.0,,1,340.896114,state_verified
accepted,2,protected,measured,refunds,9,1075.0,,1,340.896114,state_verified
accepted,2,protected,measured,refunds,10,900.0,,1,340.896114,state_verified
accepted,2,protected,measured,refunds,11,871.0,,1,340.896114,state_verified
accepted,2,protected,measured,refunds,12,7839.0,,1,340.896114,state_verified
accepted,2,protected,measured,refunds,13,1209.0,,1,340.896114,state_verified
accepted,2,protected,measured,refunds,14,1166.0,,1,340.896114,state_verified
accepted,2,protected,measured,refunds,15,1208.0,,1,340.896114,state_verified
accepted,2,protected,measured,refunds,16,7783.0,,1,340.896114,state_verified
accepted,2,protected,measured,refunds,17,984.0,,1,340.896114,state_verified
accepted,2,protected,measured,refunds,18,796.0,,1,340.896114,state_verified
accepted,2,protected,measured,refunds,19,695.0,,1,340.896114,state_verified
accepted,2,protected,measured,refunds,20,8143.0,,1,340.896114,state_verified
accepted,2,protected,measured,refunds,21,1175.0,,1,340.896114,state_verified
accepted,2,protected,measured,refunds,22,1093.0,,1,340.896114,state_verified
accepted,2,protected,measured,refunds,23,1136.0,,1,340.896114,state_verified
accepted,2,protected,measured,refunds,24,7813.0,,1,340.896114,state_verified
accepted,2,protected,measured,refunds,25,1280.0,,1,340.896114,state_verified
accepted,2,protected,measured,refunds,26,987.0,,1,340.896114,state_verified
accepted,2,protected,measured,refunds,27,17236.0,,1,340.896114,state_verified
accepted,2,protected,measured,refunds,28,8665.0,,1,340.896114,state_verified
accepted,2,protected,measured,refunds,29,937.0,,1,340.896114,state_verified
accepted,2,protected,measured,refunds,30,817.0,,1,340.896114,state_verified
accepted,2,protected,measured,refunds,31,7842.0,,1,340.896114,state_verified
accepted,2,protected,measured,refunds,32,1004.0,,1,340.896114,state_verified
accepted,2,protected,measured,refunds,33,1060.0,,1,340.896114,state_verified
accepted,2,protected,measured,refunds,34,1002.0,,1,340.896114,state_verified
accepted,2,protected,measured,refunds,35,7883.0,,1,340.896114,state_verified
accepted,2,protected,measured,refunds,36,985.0,,1,340.896114,state_verified
accepted,2,protected,measured,refunds,37,924.0,,1,340.896114,state_verified
accepted,2,protected,measured,refunds,38,708.0,,1,340.896114,state_verified
accepted,2,protected,measured,refunds,39,7880.0,,1,340.896114,state_verified
accepted,2,protected,measured,refunds,40,1101.0,,1,340.896114,state_verified
accepted,2,protected,measured,refunds,41,1056.0,,1,340.896114,state_verified
accepted,2,protected,measured,refunds,42,812.0,,1,340.896114,state_verified
accepted,2,protected,measured,refunds,43,7824.0,,1,340.896114,state_verified
accepted,2,protected,measured,refunds,44,1052.0,,1,340.896114,state_verified
accepted,2,protected,measured,refunds,45,1025.0,,1,340.896114,state_verified
accepted,2,protected,measured,refunds,46,957.0,,1,340.896114,state_verified
accepted,2,protected,measured,refunds,47,7793.0,,1,340.896114,state_verified
accepted,2,protected,measured,refunds,48,1017.0,,1,340.896114,state_verified
accepted,2,protected,measured,refunds,49,977.0,,1,340.896114,state_verified
accepted,2,protected,measured,refunds,50,783.0,,1,340.896114,state_verified
accepted,2,protected,measured,refunds,51,7857.0,,1,340.896114,state_verified
accepted,2,protected,measured,refunds,52,1100.0,,1,340.896114,state_verified
accepted,2,protected,measured,refunds,53,980.0,,1,340.896114,state_verified
accepted,2,protected,measured,refunds,54,8769.0,,1,340.896114,state_verified
accepted,2,protected,measured,refunds,55,8457.0,,1,340.896114,state_verified
accepted,2,protected,measured,refunds,56,8708.0,,1,340.896114,state_verified
accepted,2,protected,measured,refunds,57,1050.0,,1,340.896114,state_verified
accepted,2,protected,measured,refunds,58,7766.0,,1,340.896114,state_verified
accepted,2,protected,measured,refunds,59,966.0,,1,340.896114,state_verified
accepted,2,protected,measured,refunds,60,1066.0,,1,340.896114,state_verified
accepted,2,protected,measured,refunds,61,961.0,,1,340.896114,state_verified
accepted,2,protected,measured,refunds,62,7905.0,,1,340.896114,state_verified
accepted,2,protected,measured,refunds,63,990.0,,1,340.896114,state_verified
accepted,2,protected,measured,refunds,64,947.0,,1,340.896114,state_verified
accepted,2,protected,measured,refunds,65,852.0,,1,340.896114,state_verified
accepted,2,protected,measured,refunds,66,8071.0,,1,340.896114,state_verified
accepted,2,protected,measured,refunds,67,1308.0,,1,340.896114,state_verified
accepted,2,protected,measured,refunds,68,1203.0,,1,340.896114,state_verified
accepted,2,protected,measured,refunds,69,1031.0,,1,340.896114,state_verified
accepted,2,protected,measured,refunds,70,7803.0,,1,340.896114,state_verified
accepted,2,protected,measured,refunds,71,1004.0,,1,340.896114,state_verified
accepted,2,protected,measured,refunds,72,1048.0,,1,340.896114,state_verified
accepted,2,protected,measured,refunds,73,767.0,,1,340.896114,state_verified
accepted,2,protected,measured,refunds,74,7809.0,,1,340.896114,state_verified
accepted,2,protected,measured,refunds,75,975.0,,1,340.896114,state_verified
accepted,2,protected,measured,refunds,76,1038.0,,1,340.896114,state_verified
accepted,2,protected,measured,refunds,77,966.0,,1,340.896114,state_verified
accepted,2,protected,measured,refunds,78,8208.0,,1,340.896114,state_verified
accepted,2,protected,measured,refunds,79,1119.0,,1,340.896114,state_verified
accepted,2,protected,measured,refunds,80,964.0,,1,340.896114,state_verified
accepted,2,protected,measured,refunds,81,688.0,,1,340.896114,state_verified
accepted,2,protected,measured,refunds,82,8767.0,,1,340.896114,state_verified
accepted,2,protected,measured,refunds,83,1086.0,,1,340.896114,state_verified
accepted,2,protected,measured,refunds,84,1180.0,,1,340.896114,state_verified
accepted,2,protected,measured,refunds,85,845.0,,1,340.896114,state_verified
accepted,2,protected,measured,refunds,86,8171.0,,1,340.896114,state_verified
accepted,2,protected,measured,refunds,87,1046.0,,1,340.896114,state_verified
accepted,2,protected,measured,refunds,88,758.0,,1,340.896114,state_verified
accepted,2,protected,measured,refunds,89,933.0,,1,340.896114,state_verified
accepted,2,protected,measured,refunds,90,8107.0,,1,340.896114,state_verified
accepted,2,protected,measured,refunds,91,1018.0,,1,340.896114,state_verified
accepted,2,protected,measured,refunds,92,914.0,,1,340.896114,state_verified
accepted,2,protected,measured,refunds,93,851.0,,1,340.896114,state_verified
accepted,2,protected,measured,refunds,94,8246.0,,1,340.896114,state_verified
accepted,2,protected,measured,refunds,95,815.0,,1,340.896114,state_verified
accepted,2,protected,measured,refunds,96,723.0,,1,340.896114,state_verified
accepted,2,protected,measured,refunds,97,699.0,,1,340.896114,state_verified
accepted,2,protected,measured,refunds,98,8188.0,,1,340.896114,state_verified
accepted,2,protected,measured,refunds,99,1069.0,,1,340.896114,state_verified
accepted,2,protected,measured,refunds,100,960.0,,1,340.896114,state_verified
accepted,2,protected,measured,refunds,101,818.0,,1,340.896114,state_verified
accepted,2,protected,measured,refunds,102,8167.0,,1,340.896114,state_verified
accepted,2,protected,measured,refunds,103,1011.0,,1,340.896114,state_verified
accepted,2,protected,measured,refunds,104,991.0,,1,340.896114,state_verified
accepted,2,protected,measured,refunds,105,797.0,,1,340.896114,state_verified
accepted,2,protected,measured,refunds,106,8156.0,,1,340.896114,state_verified
accepted,2,protected,measured,refunds,107,1101.0,,1,340.896114,state_verified
accepted,2,protected,measured,refunds,108,1128.0,,1,340.896114,state_verified
accepted,2,protected,measured,refunds,109,901.0,,1,340.896114,state_verified
accepted,2,protected,measured,refunds,110,8197.0,,1,340.896114,state_verified
accepted,2,protected,measured,refunds,111,807.0,,1,340.896114,state_verified
accepted,2,protected,measured,refunds,112,847.0,,1,340.896114,state_verified
accepted,2,protected,measured,refunds,113,897.0,,1,340.896114,state_verified
accepted,2,protected,measured,refunds,114,8185.0,,1,340.896114,state_verified
accepted,2,protected,measured,refunds,115,1062.0,,1,340.896114,state_verified
accepted,2,protected,measured,refunds,116,1100.0,,1,340.896114,state_verified
accepted,2,protected,measured,refunds,117,946.0,,1,340.896114,state_verified
accepted,2,protected,measured,refunds,118,8150.0,,1,340.896114,state_verified
accepted,2,protected,measured,refunds,119,947.0,,1,340.896114,state_verified
accepted,2,protected,measured,refunds,120,972.0,,1,340.896114,state_verified
accepted,2,protected,measured,refunds,121,775.0,,1,340.896114,state_verified
accepted,2,protected,measured,refunds,122,8232.0,,1,340.896114,state_verified
accepted,2,protected,measured,refunds,123,1039.0,,1,340.896114,state_verified
accepted,2,protected,measured,refunds,124,869.0,,1,340.896114,state_verified
accepted,2,protected,measured,refunds,125,1067.0,,1,340.896114,state_verified
accepted,2,protected,measured,refunds,126,8168.0,,1,340.896114,state_verified
accepted,2,protected,measured,refunds,127,936.0,,1,340.896114,state_verified
accepted,2,protected,measured,refunds,128,845.0,,1,340.896114,state_verified
accepted,2,protected,measured,refunds,129,838.0,,1,340.896114,state_verified
accepted,2,protected,measured,refunds,130,8497.0,,1,340.896114,state_verified
accepted,2,protected,measured,refunds,131,1355.0,,1,340.896114,state_verified
accepted,2,protected,measured,refunds,132,1173.0,,1,340.896114,state_verified
accepted,2,protected,measured,refunds,133,1019.0,,1,340.896114,state_verified
accepted,2,protected,measured,refunds,134,8239.0,,1,340.896114,state_verified
accepted,2,protected,measured,refunds,135,972.0,,1,340.896114,state_verified
accepted,2,protected,measured,refunds,136,778.0,,1,340.896114,state_verified
accepted,2,protected,measured,refunds,137,752.0,,1,340.896114,state_verified
accepted,2,protected,measured,refunds,138,8148.0,,1,340.896114,state_verified
accepted,2,protected,measured,refunds,139,907.0,,1,340.896114,state_verified
accepted,2,protected,measured,refunds,140,1031.0,,1,340.896114,state_verified
accepted,2,protected,measured,refunds,141,845.0,,1,340.896114,state_verified
accepted,2,protected,measured,refunds,142,7965.0,,1,340.896114,state_verified
accepted,2,protected,measured,refunds,143,1110.0,,1,340.896114,state_verified
accepted,2,protected,measured,refunds,144,966.0,,1,340.896114,state_verified
accepted,2,protected,measured,refunds,145,776.0,,1,340.896114,state_verified
accepted,2,protected,measured,refunds,146,8443.0,,1,340.896114,state_verified
accepted,2,protected,measured,refunds,147,1082.0,,1,340.896114,state_verified
accepted,2,protected,measured,refunds,148,943.0,,1,340.896114,state_verified
accepted,2,protected,measured,refunds,149,926.0,,1,340.896114,state_verified
accepted,2,protected,measured,refunds,150,7918.0,,1,340.896114,state_verified
accepted,2,protected,measured,refunds,151,1163.0,,1,340.896114,state_verified
accepted,2,protected,measured,refunds,152,920.0,,1,340.896114,state_verified
accepted,2,protected,measured,refunds,153,959.0,,1,340.896114,state_verified
accepted,2,protected,measured,refunds,154,7912.0,,1,340.896114,state_verified
accepted,2,protected,measured,refunds,155,1050.0,,1,340.896114,state_verified
accepted,2,protected,measured,refunds,156,1112.0,,1,340.896114,state_verified
accepted,2,protected,measured,refunds,157,843.0,,1,340.896114,state_verified
accepted,2,protected,measured,refunds,158,8003.0,,1,340.896114,state_verified
accepted,2,protected,measured,refunds,159,1171.0,,1,340.896114,state_verified
accepted,2,protected,measured,refunds,160,992.0,,1,340.896114,state_verified
accepted,2,protected,measured,refunds,161,840.0,,1,340.896114,state_verified
accepted,2,protected,measured,refunds,162,7879.0,,1,340.896114,state_verified
accepted,2,protected,measured,refunds,163,856.0,,1,340.896114,state_verified
accepted,2,protected,measured,refunds,164,730.0,,1,340.896114,state_verified
accepted,2,protected,measured,refunds,165,709.0,,1,340.896114,state_verified
accepted,2,protected,measured,refunds,166,7862.0,,1,340.896114,state_verified
accepted,2,protected,measured,refunds,167,1091.0,,1,340.896114,state_verified
accepted,2,protected,measured,refunds,168,1132.0,,1,340.896114,state_verified
accepted,2,protected,measured,refunds,169,931.0,,1,340.896114,state_verified
accepted,2,protected,measured,refunds,170,7878.0,,1,340.896114,state_verified
accepted,2,protected,measured,refunds,171,1125.0,,1,340.896114,state_verified
accepted,2,protected,measured,refunds,172,943.0,,1,340.896114,state_verified
accepted,2,protected,measured,refunds,173,845.0,,1,340.896114,state_verified
accepted,2,protected,measured,refunds,174,7983.0,,1,340.896114,state_verified
accepted,2,protected,measured,refunds,175,1061.0,,1,340.896114,state_verified
accepted,2,protected,measured,refunds,176,816.0,,1,340.896114,state_verified
accepted,2,protected,measured,refunds,177,785.0,,1,340.896114,state_verified
accepted,2,protected,measured,refunds,178,7896.0,,1,340.896114,state_verified
accepted,2,protected,measured,refunds,179,899.0,,1,340.896114,state_verified
accepted,2,protected,measured,refunds,180,829.0,,1,340.896114,state_verified
accepted,2,protected,measured,refunds,181,737.0,,1,340.896114,state_verified
accepted,2,protected,measured,refunds,182,7871.0,,1,340.896114,state_verified
accepted,2,protected,measured,refunds,183,1212.0,,1,340.896114,state_verified
accepted,2,protected,measured,refunds,184,1143.0,,1,340.896114,state_verified
accepted,2,protected,measured,refunds,185,1048.0,,1,340.896114,state_verified
accepted,2,protected,measured,refunds,186,7877.0,,1,340.896114,state_verified
accepted,2,protected,measured,refunds,187,1128.0,,1,340.896114,state_verified
accepted,2,protected,measured,refunds,188,748.0,,1,340.896114,state_verified
accepted,2,protected,measured,refunds,189,896.0,,1,340.896114,state_verified
accepted,2,protected,measured,refunds,190,7898.0,,1,340.896114,state_verified
accepted,2,protected,measured,refunds,191,1032.0,,1,340.896114,state_verified
accepted,2,protected,measured,refunds,192,1195.0,,1,340.896114,state_verified
accepted,2,protected,measured,refunds,193,1014.0,,1,340.896114,state_verified
accepted,2,protected,measured,refunds,194,8164.0,,1,340.896114,state_verified
accepted,2,protected,measured,refunds,195,1390.0,,1,340.896114,state_verified
accepted,2,protected,measured,refunds,196,1142.0,,1,340.896114,state_verified
accepted,2,protected,measured,refunds,197,1184.0,,1,340.896114,state_verified
accepted,2,protected,measured,refunds,198,7840.0,,1,340.896114,state_verified
accepted,2,protected,measured,refunds,199,1111.0,,1,340.896114,state_verified
accepted,2,protected,measured,refunds,200,964.0,,1,340.896114,state_verified
accepted,2,baseline,measured,refunds,1,9704.0,,1,355.9802,state_verified
accepted,2,baseline,measured,refunds,2,1137.0,,1,355.9802,state_verified
accepted,2,baseline,measured,refunds,3,7916.0,,1,355.9802,state_verified
accepted,2,baseline,measured,refunds,4,1055.0,,1,355.9802,state_verified
accepted,2,baseline,measured,refunds,5,997.0,,1,355.9802,state_verified
accepted,2,baseline,measured,refunds,6,874.0,,1,355.9802,state_verified
accepted,2,baseline,measured,refunds,7,7952.0,,1,355.9802,state_verified
accepted,2,baseline,measured,refunds,8,1099.0,,1,355.9802,state_verified
accepted,2,baseline,measured,refunds,9,847.0,,1,355.9802,state_verified
accepted,2,baseline,measured,refunds,10,677.0,,1,355.9802,state_verified
accepted,2,baseline,measured,refunds,11,7875.0,,1,355.9802,state_verified
accepted,2,baseline,measured,refunds,12,932.0,,1,355.9802,state_verified
accepted,2,baseline,measured,refunds,13,914.0,,1,355.9802,state_verified
accepted,2,baseline,measured,refunds,14,687.0,,1,355.9802,state_verified
accepted,2,baseline,measured,refunds,15,7994.0,,1,355.9802,state_verified
accepted,2,baseline,measured,refunds,16,796.0,,1,355.9802,state_verified
accepted,2,baseline,measured,refunds,17,637.0,,1,355.9802,state_verified
accepted,2,baseline,measured,refunds,18,611.0,,1,355.9802,state_verified
accepted,2,baseline,measured,refunds,19,8640.0,,1,355.9802,state_verified
accepted,2,baseline,measured,refunds,20,978.0,,1,355.9802,state_verified
accepted,2,baseline,measured,refunds,21,949.0,,1,355.9802,state_verified
accepted,2,baseline,measured,refunds,22,843.0,,1,355.9802,state_verified
accepted,2,baseline,measured,refunds,23,8109.0,,1,355.9802,state_verified
accepted,2,baseline,measured,refunds,24,1159.0,,1,355.9802,state_verified
accepted,2,baseline,measured,refunds,25,1115.0,,1,355.9802,state_verified
accepted,2,baseline,measured,refunds,26,981.0,,1,355.9802,state_verified
accepted,2,baseline,measured,refunds,27,7948.0,,1,355.9802,state_verified
accepted,2,baseline,measured,refunds,28,1019.0,,1,355.9802,state_verified
accepted,2,baseline,measured,refunds,29,906.0,,1,355.9802,state_verified
accepted,2,baseline,measured,refunds,30,785.0,,1,355.9802,state_verified
accepted,2,baseline,measured,refunds,31,7942.0,,1,355.9802,state_verified
accepted,2,baseline,measured,refunds,32,1011.0,,1,355.9802,state_verified
accepted,2,baseline,measured,refunds,33,732.0,,1,355.9802,state_verified
accepted,2,baseline,measured,refunds,34,653.0,,1,355.9802,state_verified
accepted,2,baseline,measured,refunds,35,7943.0,,1,355.9802,state_verified
accepted,2,baseline,measured,refunds,36,851.0,,1,355.9802,state_verified
accepted,2,baseline,measured,refunds,37,773.0,,1,355.9802,state_verified
accepted,2,baseline,measured,refunds,38,650.0,,1,355.9802,state_verified
accepted,2,baseline,measured,refunds,39,7950.0,,1,355.9802,state_verified
accepted,2,baseline,measured,refunds,40,984.0,,1,355.9802,state_verified
accepted,2,baseline,measured,refunds,41,746.0,,1,355.9802,state_verified
accepted,2,baseline,measured,refunds,42,755.0,,1,355.9802,state_verified
accepted,2,baseline,measured,refunds,43,7888.0,,1,355.9802,state_verified
accepted,2,baseline,measured,refunds,44,907.0,,1,355.9802,state_verified
accepted,2,baseline,measured,refunds,45,837.0,,1,355.9802,state_verified
accepted,2,baseline,measured,refunds,46,653.0,,1,355.9802,state_verified
accepted,2,baseline,measured,refunds,47,7961.0,,1,355.9802,state_verified
accepted,2,baseline,measured,refunds,48,1070.0,,1,355.9802,state_verified
accepted,2,baseline,measured,refunds,49,667.0,,1,355.9802,state_verified
accepted,2,baseline,measured,refunds,50,632.0,,1,355.9802,state_verified
accepted,2,baseline,measured,refunds,51,7886.0,,1,355.9802,state_verified
accepted,2,baseline,measured,refunds,52,878.0,,1,355.9802,state_verified
accepted,2,baseline,measured,refunds,53,831.0,,1,355.9802,state_verified
accepted,2,baseline,measured,refunds,54,769.0,,1,355.9802,state_verified
accepted,2,baseline,measured,refunds,55,7928.0,,1,355.9802,state_verified
accepted,2,baseline,measured,refunds,56,994.0,,1,355.9802,state_verified
accepted,2,baseline,measured,refunds,57,956.0,,1,355.9802,state_verified
accepted,2,baseline,measured,refunds,58,605.0,,1,355.9802,state_verified
accepted,2,baseline,measured,refunds,59,8019.0,,1,355.9802,state_verified
accepted,2,baseline,measured,refunds,60,823.0,,1,355.9802,state_verified
accepted,2,baseline,measured,refunds,61,728.0,,1,355.9802,state_verified
accepted,2,baseline,measured,refunds,62,655.0,,1,355.9802,state_verified
accepted,2,baseline,measured,refunds,63,7941.0,,1,355.9802,state_verified
accepted,2,baseline,measured,refunds,64,1044.0,,1,355.9802,state_verified
accepted,2,baseline,measured,refunds,65,876.0,,1,355.9802,state_verified
accepted,2,baseline,measured,refunds,66,722.0,,1,355.9802,state_verified
accepted,2,baseline,measured,refunds,67,7944.0,,1,355.9802,state_verified
accepted,2,baseline,measured,refunds,68,967.0,,1,355.9802,state_verified
accepted,2,baseline,measured,refunds,69,904.0,,1,355.9802,state_verified
accepted,2,baseline,measured,refunds,70,796.0,,1,355.9802,state_verified
accepted,2,baseline,measured,refunds,71,8013.0,,1,355.9802,state_verified
accepted,2,baseline,measured,refunds,72,1310.0,,1,355.9802,state_verified
accepted,2,baseline,measured,refunds,73,672.0,,1,355.9802,state_verified
accepted,2,baseline,measured,refunds,74,561.0,,1,355.9802,state_verified
accepted,2,baseline,measured,refunds,75,7861.0,,1,355.9802,state_verified
accepted,2,baseline,measured,refunds,76,777.0,,1,355.9802,state_verified
accepted,2,baseline,measured,refunds,77,717.0,,1,355.9802,state_verified
accepted,2,baseline,measured,refunds,78,913.0,,1,355.9802,state_verified
accepted,2,baseline,measured,refunds,79,7983.0,,1,355.9802,state_verified
accepted,2,baseline,measured,refunds,80,917.0,,1,355.9802,state_verified
accepted,2,baseline,measured,refunds,81,818.0,,1,355.9802,state_verified
accepted,2,baseline,measured,refunds,82,701.0,,1,355.9802,state_verified
accepted,2,baseline,measured,refunds,83,8816.0,,1,355.9802,state_verified
accepted,2,baseline,measured,refunds,84,874.0,,1,355.9802,state_verified
accepted,2,baseline,measured,refunds,85,656.0,,1,355.9802,state_verified
accepted,2,baseline,measured,refunds,86,581.0,,1,355.9802,state_verified
accepted,2,baseline,measured,refunds,87,8192.0,,1,355.9802,state_verified
accepted,2,baseline,measured,refunds,88,1233.0,,1,355.9802,state_verified
accepted,2,baseline,measured,refunds,89,8987.0,,1,355.9802,state_verified
accepted,2,baseline,measured,refunds,90,978.0,,1,355.9802,state_verified
accepted,2,baseline,measured,refunds,91,8299.0,,1,355.9802,state_verified
accepted,2,baseline,measured,refunds,92,8489.0,,1,355.9802,state_verified
accepted,2,baseline,measured,refunds,93,1146.0,,1,355.9802,state_verified
accepted,2,baseline,measured,refunds,94,8266.0,,1,355.9802,state_verified
accepted,2,baseline,measured,refunds,95,8983.0,,1,355.9802,state_verified
accepted,2,baseline,measured,refunds,96,1138.0,,1,355.9802,state_verified
accepted,2,baseline,measured,refunds,97,850.0,,1,355.9802,state_verified
accepted,2,baseline,measured,refunds,98,7964.0,,1,355.9802,state_verified
accepted,2,baseline,measured,refunds,99,884.0,,1,355.9802,state_verified
accepted,2,baseline,measured,refunds,100,727.0,,1,355.9802,state_verified
accepted,2,baseline,measured,refunds,101,665.0,,1,355.9802,state_verified
accepted,2,baseline,measured,refunds,102,7942.0,,1,355.9802,state_verified
accepted,2,baseline,measured,refunds,103,865.0,,1,355.9802,state_verified
accepted,2,baseline,measured,refunds,104,892.0,,1,355.9802,state_verified
accepted,2,baseline,measured,refunds,105,843.0,,1,355.9802,state_verified
accepted,2,baseline,measured,refunds,106,7963.0,,1,355.9802,state_verified
accepted,2,baseline,measured,refunds,107,900.0,,1,355.9802,state_verified
accepted,2,baseline,measured,refunds,108,815.0,,1,355.9802,state_verified
accepted,2,baseline,measured,refunds,109,728.0,,1,355.9802,state_verified
accepted,2,baseline,measured,refunds,110,7937.0,,1,355.9802,state_verified
accepted,2,baseline,measured,refunds,111,941.0,,1,355.9802,state_verified
accepted,2,baseline,measured,refunds,112,808.0,,1,355.9802,state_verified
accepted,2,baseline,measured,refunds,113,685.0,,1,355.9802,state_verified
accepted,2,baseline,measured,refunds,114,7949.0,,1,355.9802,state_verified
accepted,2,baseline,measured,refunds,115,859.0,,1,355.9802,state_verified
accepted,2,baseline,measured,refunds,116,786.0,,1,355.9802,state_verified
accepted,2,baseline,measured,refunds,117,721.0,,1,355.9802,state_verified
accepted,2,baseline,measured,refunds,118,7964.0,,1,355.9802,state_verified
accepted,2,baseline,measured,refunds,119,963.0,,1,355.9802,state_verified
accepted,2,baseline,measured,refunds,120,954.0,,1,355.9802,state_verified
accepted,2,baseline,measured,refunds,121,844.0,,1,355.9802,state_verified
accepted,2,baseline,measured,refunds,122,7902.0,,1,355.9802,state_verified
accepted,2,baseline,measured,refunds,123,917.0,,1,355.9802,state_verified
accepted,2,baseline,measured,refunds,124,923.0,,1,355.9802,state_verified
accepted,2,baseline,measured,refunds,125,783.0,,1,355.9802,state_verified
accepted,2,baseline,measured,refunds,126,7862.0,,1,355.9802,state_verified
accepted,2,baseline,measured,refunds,127,875.0,,1,355.9802,state_verified
accepted,2,baseline,measured,refunds,128,873.0,,1,355.9802,state_verified
accepted,2,baseline,measured,refunds,129,785.0,,1,355.9802,state_verified
accepted,2,baseline,measured,refunds,130,7711.0,,1,355.9802,state_verified
accepted,2,baseline,measured,refunds,131,800.0,,1,355.9802,state_verified
accepted,2,baseline,measured,refunds,132,693.0,,1,355.9802,state_verified
accepted,2,baseline,measured,refunds,133,739.0,,1,355.9802,state_verified
accepted,2,baseline,measured,refunds,134,8509.0,,1,355.9802,state_verified
accepted,2,baseline,measured,refunds,135,1072.0,,1,355.9802,state_verified
accepted,2,baseline,measured,refunds,136,944.0,,1,355.9802,state_verified
accepted,2,baseline,measured,refunds,137,718.0,,1,355.9802,state_verified
accepted,2,baseline,measured,refunds,138,7886.0,,1,355.9802,state_verified
accepted,2,baseline,measured,refunds,139,1198.0,,1,355.9802,state_verified
accepted,2,baseline,measured,refunds,140,1091.0,,1,355.9802,state_verified
accepted,2,baseline,measured,refunds,141,895.0,,1,355.9802,state_verified
accepted,2,baseline,measured,refunds,142,7781.0,,1,355.9802,state_verified
accepted,2,baseline,measured,refunds,143,1006.0,,1,355.9802,state_verified
accepted,2,baseline,measured,refunds,144,662.0,,1,355.9802,state_verified
accepted,2,baseline,measured,refunds,145,594.0,,1,355.9802,state_verified
accepted,2,baseline,measured,refunds,146,7711.0,,1,355.9802,state_verified
accepted,2,baseline,measured,refunds,147,960.0,,1,355.9802,state_verified
accepted,2,baseline,measured,refunds,148,889.0,,1,355.9802,state_verified
accepted,2,baseline,measured,refunds,149,773.0,,1,355.9802,state_verified
accepted,2,baseline,measured,refunds,150,7721.0,,1,355.9802,state_verified
accepted,2,baseline,measured,refunds,151,954.0,,1,355.9802,state_verified
accepted,2,baseline,measured,refunds,152,848.0,,1,355.9802,state_verified
accepted,2,baseline,measured,refunds,153,801.0,,1,355.9802,state_verified
accepted,2,baseline,measured,refunds,154,7708.0,,1,355.9802,state_verified
accepted,2,baseline,measured,refunds,155,955.0,,1,355.9802,state_verified
accepted,2,baseline,measured,refunds,156,785.0,,1,355.9802,state_verified
accepted,2,baseline,measured,refunds,157,806.0,,1,355.9802,state_verified
accepted,2,baseline,measured,refunds,158,7724.0,,1,355.9802,state_verified
accepted,2,baseline,measured,refunds,159,1054.0,,1,355.9802,state_verified
accepted,2,baseline,measured,refunds,160,1021.0,,1,355.9802,state_verified
accepted,2,baseline,measured,refunds,161,708.0,,1,355.9802,state_verified
accepted,2,baseline,measured,refunds,162,7758.0,,1,355.9802,state_verified
accepted,2,baseline,measured,refunds,163,824.0,,1,355.9802,state_verified
accepted,2,baseline,measured,refunds,164,918.0,,1,355.9802,state_verified
accepted,2,baseline,measured,refunds,165,825.0,,1,355.9802,state_verified
accepted,2,baseline,measured,refunds,166,7776.0,,1,355.9802,state_verified
accepted,2,baseline,measured,refunds,167,961.0,,1,355.9802,state_verified
accepted,2,baseline,measured,refunds,168,768.0,,1,355.9802,state_verified
accepted,2,baseline,measured,refunds,169,651.0,,1,355.9802,state_verified
accepted,2,baseline,measured,refunds,170,7736.0,,1,355.9802,state_verified
accepted,2,baseline,measured,refunds,171,1093.0,,1,355.9802,state_verified
accepted,2,baseline,measured,refunds,172,1010.0,,1,355.9802,state_verified
accepted,2,baseline,measured,refunds,173,910.0,,1,355.9802,state_verified
accepted,2,baseline,measured,refunds,174,7728.0,,1,355.9802,state_verified
accepted,2,baseline,measured,refunds,175,1002.0,,1,355.9802,state_verified
accepted,2,baseline,measured,refunds,176,918.0,,1,355.9802,state_verified
accepted,2,baseline,measured,refunds,177,737.0,,1,355.9802,state_verified
accepted,2,baseline,measured,refunds,178,7724.0,,1,355.9802,state_verified
accepted,2,baseline,measured,refunds,179,937.0,,1,355.9802,state_verified
accepted,2,baseline,measured,refunds,180,1141.0,,1,355.9802,state_verified
accepted,2,baseline,measured,refunds,181,684.0,,1,355.9802,state_verified
accepted,2,baseline,measured,refunds,182,7672.0,,1,355.9802,state_verified
accepted,2,baseline,measured,refunds,183,1010.0,,1,355.9802,state_verified
accepted,2,baseline,measured,refunds,184,1099.0,,1,355.9802,state_verified
accepted,2,baseline,measured,refunds,185,851.0,,1,355.9802,state_verified
accepted,2,baseline,measured,refunds,186,7664.0,,1,355.9802,state_verified
accepted,2,baseline,measured,refunds,187,960.0,,1,355.9802,state_verified
accepted,2,baseline,measured,refunds,188,903.0,,1,355.9802,state_verified
accepted,2,baseline,measured,refunds,189,687.0,,1,355.9802,state_verified
accepted,2,baseline,measured,refunds,190,7697.0,,1,355.9802,state_verified
accepted,2,baseline,measured,refunds,191,914.0,,1,355.9802,state_verified
accepted,2,baseline,measured,refunds,192,844.0,,1,355.9802,state_verified
accepted,2,baseline,measured,refunds,193,706.0,,1,355.9802,state_verified
accepted,2,baseline,measured,refunds,194,7704.0,,1,355.9802,state_verified
accepted,2,baseline,measured,refunds,195,1008.0,,1,355.9802,state_verified
accepted,2,baseline,measured,refunds,196,740.0,,1,355.9802,state_verified
accepted,2,baseline,measured,refunds,197,760.0,,1,355.9802,state_verified
accepted,2,baseline,measured,refunds,198,8526.0,,1,355.9802,state_verified
accepted,2,baseline,measured,refunds,199,1040.0,,1,355.9802,state_verified
accepted,2,baseline,measured,refunds,200,796.0,,1,355.9802,state_verified
accepted,2,protected,measured,mixed,1,8193.0,,7,339.047987,state_verified
accepted,2,protected,measured,mixed,2,7452.0,,7,339.047987,state_verified
accepted,2,protected,measured,mixed,3,1846.0,,7,339.047987,state_verified
accepted,2,protected,measured,mixed,4,1543.0,,7,339.047987,state_verified
accepted,2,protected,measured,mixed,5,1137.0,,7,339.047987,state_verified
accepted,2,protected,measured,mixed,6,7645.0,,7,339.047987,state_verified
accepted,2,protected,measured,mixed,7,1202.0,,7,339.047987,state_verified
accepted,2,protected,measured,mixed,8,1243.0,,7,339.047987,state_verified
accepted,2,protected,measured,mixed,9,1203.0,,7,339.047987,state_verified
accepted,2,protected,measured,mixed,10,7691.0,,7,339.047987,state_verified
accepted,2,protected,measured,mixed,11,1870.0,,7,339.047987,state_verified
accepted,2,protected,measured,mixed,12,1455.0,,7,339.047987,state_verified
accepted,2,protected,measured,mixed,13,953.0,,7,339.047987,state_verified
accepted,2,protected,measured,mixed,14,7571.0,,7,339.047987,state_verified
accepted,2,protected,measured,mixed,15,1505.0,,7,339.047987,state_verified
accepted,2,protected,measured,mixed,16,1415.0,,7,339.047987,state_verified
accepted,2,protected,measured,mixed,17,935.0,,7,339.047987,state_verified
accepted,2,protected,measured,mixed,18,7531.0,,7,339.047987,state_verified
accepted,2,protected,measured,mixed,19,1409.0,,7,339.047987,state_verified
accepted,2,protected,measured,mixed,20,1384.0,,7,339.047987,state_verified
accepted,2,protected,measured,mixed,21,1021.0,,7,339.047987,state_verified
accepted,2,protected,measured,mixed,22,7550.0,,7,339.047987,state_verified
accepted,2,protected,measured,mixed,23,1453.0,,7,339.047987,state_verified
accepted,2,protected,measured,mixed,24,1438.0,,7,339.047987,state_verified
accepted,2,protected,measured,mixed,25,1212.0,,7,339.047987,state_verified
accepted,2,protected,measured,mixed,26,7558.0,,7,339.047987,state_verified
accepted,2,protected,measured,mixed,27,1406.0,,7,339.047987,state_verified
accepted,2,protected,measured,mixed,28,1476.0,,7,339.047987,state_verified
accepted,2,protected,measured,mixed,29,974.0,,7,339.047987,state_verified
accepted,2,protected,measured,mixed,30,7599.0,,7,339.047987,state_verified
accepted,2,protected,measured,mixed,31,1417.0,,7,339.047987,state_verified
accepted,2,protected,measured,mixed,32,1304.0,,7,339.047987,state_verified
accepted,2,protected,measured,mixed,33,942.0,,7,339.047987,state_verified
accepted,2,protected,measured,mixed,34,8230.0,,7,339.047987,state_verified
accepted,2,protected,measured,mixed,35,972.0,,7,339.047987,state_verified
accepted,2,protected,measured,mixed,36,903.0,,7,339.047987,state_verified
accepted,2,protected,measured,mixed,37,914.0,,7,339.047987,state_verified
accepted,2,protected,measured,mixed,38,7581.0,,7,339.047987,state_verified
accepted,2,protected,measured,mixed,39,1472.0,,7,339.047987,state_verified
accepted,2,protected,measured,mixed,40,1395.0,,7,339.047987,state_verified
accepted,2,protected,measured,mixed,41,973.0,,7,339.047987,state_verified
accepted,2,protected,measured,mixed,42,7521.0,,7,339.047987,state_verified
accepted,2,protected,measured,mixed,43,1494.0,,7,339.047987,state_verified
accepted,2,protected,measured,mixed,44,1361.0,,7,339.047987,state_verified
accepted,2,protected,measured,mixed,45,953.0,,7,339.047987,state_verified
accepted,2,protected,measured,mixed,46,7612.0,,7,339.047987,state_verified
accepted,2,protected,measured,mixed,47,1258.0,,7,339.047987,state_verified
accepted,2,protected,measured,mixed,48,1078.0,,7,339.047987,state_verified
accepted,2,protected,measured,mixed,49,951.0,,7,339.047987,state_verified
accepted,2,protected,measured,mixed,50,7595.0,,7,339.047987,state_verified
accepted,2,protected,measured,mixed,51,1504.0,,7,339.047987,state_verified
accepted,2,protected,measured,mixed,52,894.0,,7,339.047987,state_verified
accepted,2,protected,measured,mixed,53,917.0,,7,339.047987,state_verified
accepted,2,protected,measured,mixed,54,7840.0,,7,339.047987,state_verified
accepted,2,protected,measured,mixed,55,1784.0,,7,339.047987,state_verified
accepted,2,protected,measured,mixed,56,1593.0,,7,339.047987,state_verified
accepted,2,protected,measured,mixed,57,1220.0,,7,339.047987,state_verified
accepted,2,protected,measured,mixed,58,7510.0,,7,339.047987,state_verified
accepted,2,protected,measured,mixed,59,1544.0,,7,339.047987,state_verified
accepted,2,protected,measured,mixed,60,1371.0,,7,339.047987,state_verified
accepted,2,protected,measured,mixed,61,1045.0,,7,339.047987,state_verified
accepted,2,protected,measured,mixed,62,7585.0,,7,339.047987,state_verified
accepted,2,protected,measured,mixed,63,1484.0,,7,339.047987,state_verified
accepted,2,protected,measured,mixed,64,1373.0,,7,339.047987,state_verified
accepted,2,protected,measured,mixed,65,933.0,,7,339.047987,state_verified
accepted,2,protected,measured,mixed,66,7572.0,,7,339.047987,state_verified
accepted,2,protected,measured,mixed,67,1582.0,,7,339.047987,state_verified
accepted,2,protected,measured,mixed,68,1450.0,,7,339.047987,state_verified
accepted,2,protected,measured,mixed,69,1015.0,,7,339.047987,state_verified
accepted,2,protected,measured,mixed,70,7569.0,,7,339.047987,state_verified
accepted,2,protected,measured,mixed,71,1544.0,,7,339.047987,state_verified
accepted,2,protected,measured,mixed,72,1182.0,,7,339.047987,state_verified
accepted,2,protected,measured,mixed,73,986.0,,7,339.047987,state_verified
accepted,2,protected,measured,mixed,74,7566.0,,7,339.047987,state_verified
accepted,2,protected,measured,mixed,75,1518.0,,7,339.047987,state_verified
accepted,2,protected,measured,mixed,76,1619.0,,7,339.047987,state_verified
accepted,2,protected,measured,mixed,77,1130.0,,7,339.047987,state_verified
accepted,2,protected,measured,mixed,78,7555.0,,7,339.047987,state_verified
accepted,2,protected,measured,mixed,79,1513.0,,7,339.047987,state_verified
accepted,2,protected,measured,mixed,80,1340.0,,7,339.047987,state_verified
accepted,2,protected,measured,mixed,81,1036.0,,7,339.047987,state_verified
accepted,2,protected,measured,mixed,82,7479.0,,7,339.047987,state_verified
accepted,2,protected,measured,mixed,83,1517.0,,7,339.047987,state_verified
accepted,2,protected,measured,mixed,84,1191.0,,7,339.047987,state_verified
accepted,2,protected,measured,mixed,85,954.0,,7,339.047987,state_verified
accepted,2,protected,measured,mixed,86,7530.0,,7,339.047987,state_verified
accepted,2,protected,measured,mixed,87,1805.0,,7,339.047987,state_verified
accepted,2,protected,measured,mixed,88,1506.0,,7,339.047987,state_verified
accepted,2,protected,measured,mixed,89,1096.0,,7,339.047987,state_verified
accepted,2,protected,measured,mixed,90,7574.0,,7,339.047987,state_verified
accepted,2,protected,measured,mixed,91,1117.0,,7,339.047987,state_verified
accepted,2,protected,measured,mixed,92,949.0,,7,339.047987,state_verified
accepted,2,protected,measured,mixed,93,1033.0,,7,339.047987,state_verified
accepted,2,protected,measured,mixed,94,7564.0,,7,339.047987,state_verified
accepted,2,protected,measured,mixed,95,1636.0,,7,339.047987,state_verified
accepted,2,protected,measured,mixed,96,1144.0,,7,339.047987,state_verified
accepted,2,protected,measured,mixed,97,943.0,,7,339.047987,state_verified
accepted,2,protected,measured,mixed,98,8337.0,,7,339.047987,state_verified
accepted,2,protected,measured,mixed,99,1587.0,,7,339.047987,state_verified
accepted,2,protected,measured,mixed,100,1466.0,,7,339.047987,state_verified
accepted,2,protected,measured,mixed,101,1276.0,,7,339.047987,state_verified
accepted,2,protected,measured,mixed,102,7614.0,,7,339.047987,state_verified
accepted,2,protected,measured,mixed,103,1186.0,,7,339.047987,state_verified
accepted,2,protected,measured,mixed,104,1172.0,,7,339.047987,state_verified
accepted,2,protected,measured,mixed,105,1226.0,,7,339.047987,state_verified
accepted,2,protected,measured,mixed,106,7578.0,,7,339.047987,state_verified
accepted,2,protected,measured,mixed,107,1560.0,,7,339.047987,state_verified
accepted,2,protected,measured,mixed,108,1435.0,,7,339.047987,state_verified
accepted,2,protected,measured,mixed,109,1016.0,,7,339.047987,state_verified
accepted,2,protected,measured,mixed,110,7589.0,,7,339.047987,state_verified
accepted,2,protected,measured,mixed,111,1425.0,,7,339.047987,state_verified
accepted,2,protected,measured,mixed,112,1361.0,,7,339.047987,state_verified
accepted,2,protected,measured,mixed,113,963.0,,7,339.047987,state_verified
accepted,2,protected,measured,mixed,114,7679.0,,7,339.047987,state_verified
accepted,2,protected,measured,mixed,115,1515.0,,7,339.047987,state_verified
accepted,2,protected,measured,mixed,116,1107.0,,7,339.047987,state_verified
accepted,2,protected,measured,mixed,117,939.0,,7,339.047987,state_verified
accepted,2,protected,measured,mixed,118,7905.0,,7,339.047987,state_verified
accepted,2,protected,measured,mixed,119,1926.0,,7,339.047987,state_verified
accepted,2,protected,measured,mixed,120,1865.0,,7,339.047987,state_verified
accepted,2,protected,measured,mixed,121,1382.0,,7,339.047987,state_verified
accepted,2,protected,measured,mixed,122,7568.0,,7,339.047987,state_verified
accepted,2,protected,measured,mixed,123,1510.0,,7,339.047987,state_verified
accepted,2,protected,measured,mixed,124,1312.0,,7,339.047987,state_verified
accepted,2,protected,measured,mixed,125,989.0,,7,339.047987,state_verified
accepted,2,protected,measured,mixed,126,7637.0,,7,339.047987,state_verified
accepted,2,protected,measured,mixed,127,1561.0,,7,339.047987,state_verified
accepted,2,protected,measured,mixed,128,1195.0,,7,339.047987,state_verified
accepted,2,protected,measured,mixed,129,1004.0,,7,339.047987,state_verified
accepted,2,protected,measured,mixed,130,7568.0,,7,339.047987,state_verified
accepted,2,protected,measured,mixed,131,1557.0,,7,339.047987,state_verified
accepted,2,protected,measured,mixed,132,1407.0,,7,339.047987,state_verified
accepted,2,protected,measured,mixed,133,976.0,,7,339.047987,state_verified
accepted,2,protected,measured,mixed,134,7700.0,,7,339.047987,state_verified
accepted,2,protected,measured,mixed,135,1414.0,,7,339.047987,state_verified
accepted,2,protected,measured,mixed,136,1025.0,,7,339.047987,state_verified
accepted,2,protected,measured,mixed,137,1012.0,,7,339.047987,state_verified
accepted,2,protected,measured,mixed,138,7577.0,,7,339.047987,state_verified
accepted,2,protected,measured,mixed,139,1666.0,,7,339.047987,state_verified
accepted,2,protected,measured,mixed,140,1373.0,,7,339.047987,state_verified
accepted,2,protected,measured,mixed,141,1262.0,,7,339.047987,state_verified
accepted,2,protected,measured,mixed,142,7674.0,,7,339.047987,state_verified
accepted,2,protected,measured,mixed,143,1737.0,,7,339.047987,state_verified
accepted,2,protected,measured,mixed,144,1440.0,,7,339.047987,state_verified
accepted,2,protected,measured,mixed,145,1029.0,,7,339.047987,state_verified
accepted,2,protected,measured,mixed,146,7638.0,,7,339.047987,state_verified
accepted,2,protected,measured,mixed,147,1604.0,,7,339.047987,state_verified
accepted,2,protected,measured,mixed,148,1095.0,,7,339.047987,state_verified
accepted,2,protected,measured,mixed,149,1100.0,,7,339.047987,state_verified
accepted,2,protected,measured,mixed,150,7692.0,,7,339.047987,state_verified
accepted,2,protected,measured,mixed,151,1639.0,,7,339.047987,state_verified
accepted,2,protected,measured,mixed,152,1198.0,,7,339.047987,state_verified
accepted,2,protected,measured,mixed,153,1032.0,,7,339.047987,state_verified
accepted,2,protected,measured,mixed,154,7573.0,,7,339.047987,state_verified
accepted,2,protected,measured,mixed,155,1584.0,,7,339.047987,state_verified
accepted,2,protected,measured,mixed,156,1629.0,,7,339.047987,state_verified
accepted,2,protected,measured,mixed,157,1142.0,,7,339.047987,state_verified
accepted,2,protected,measured,mixed,158,7670.0,,7,339.047987,state_verified
accepted,2,protected,measured,mixed,159,1618.0,,7,339.047987,state_verified
accepted,2,protected,measured,mixed,160,1489.0,,7,339.047987,state_verified
accepted,2,protected,measured,mixed,161,1113.0,,7,339.047987,state_verified
accepted,2,protected,measured,mixed,162,8450.0,,7,339.047987,state_verified
accepted,2,protected,measured,mixed,163,1276.0,,7,339.047987,state_verified
accepted,2,protected,measured,mixed,164,1558.0,,7,339.047987,state_verified
accepted,2,protected,measured,mixed,165,1093.0,,7,339.047987,state_verified
accepted,2,protected,measured,mixed,166,7700.0,,7,339.047987,state_verified
accepted,2,protected,measured,mixed,167,1565.0,,7,339.047987,state_verified
accepted,2,protected,measured,mixed,168,1127.0,,7,339.047987,state_verified
accepted,2,protected,measured,mixed,169,1056.0,,7,339.047987,state_verified
accepted,2,protected,measured,mixed,170,7693.0,,7,339.047987,state_verified
accepted,2,protected,measured,mixed,171,1640.0,,7,339.047987,state_verified
accepted,2,protected,measured,mixed,172,1232.0,,7,339.047987,state_verified
accepted,2,protected,measured,mixed,173,1094.0,,7,339.047987,state_verified
accepted,2,protected,measured,mixed,174,7708.0,,7,339.047987,state_verified
accepted,2,protected,measured,mixed,175,1670.0,,7,339.047987,state_verified
accepted,2,protected,measured,mixed,176,1334.0,,7,339.047987,state_verified
accepted,2,protected,measured,mixed,177,1147.0,,7,339.047987,state_verified
accepted,2,protected,measured,mixed,178,7741.0,,7,339.047987,state_verified
accepted,2,protected,measured,mixed,179,1749.0,,7,339.047987,state_verified
accepted,2,protected,measured,mixed,180,1304.0,,7,339.047987,state_verified
accepted,2,protected,measured,mixed,181,967.0,,7,339.047987,state_verified
accepted,2,protected,measured,mixed,182,7869.0,,7,339.047987,state_verified
accepted,2,protected,measured,mixed,183,1836.0,,7,339.047987,state_verified
accepted,2,protected,measured,mixed,184,1638.0,,7,339.047987,state_verified
accepted,2,protected,measured,mixed,185,1288.0,,7,339.047987,state_verified
accepted,2,protected,measured,mixed,186,7707.0,,7,339.047987,state_verified
accepted,2,protected,measured,mixed,187,1578.0,,7,339.047987,state_verified
accepted,2,protected,measured,mixed,188,2333.0,,7,339.047987,state_verified
accepted,2,protected,measured,mixed,189,1163.0,,7,339.047987,state_verified
accepted,2,protected,measured,mixed,190,7765.0,,7,339.047987,state_verified
accepted,2,protected,measured,mixed,191,1369.0,,7,339.047987,state_verified
accepted,2,protected,measured,mixed,192,1009.0,,7,339.047987,state_verified
accepted,2,protected,measured,mixed,193,922.0,,7,339.047987,state_verified
accepted,2,protected,measured,mixed,194,7653.0,,7,339.047987,state_verified
accepted,2,protected,measured,mixed,195,1544.0,,7,339.047987,state_verified
accepted,2,protected,measured,mixed,196,1490.0,,7,339.047987,state_verified
accepted,2,protected,measured,mixed,197,1094.0,,7,339.047987,state_verified
accepted,2,protected,measured,mixed,198,7626.0,,7,339.047987,state_verified
accepted,2,protected,measured,mixed,199,1559.0,,7,339.047987,state_verified
accepted,2,protected,measured,mixed,200,987.0,,7,339.047987,state_verified
accepted,2,baseline,measured,mixed,1,11490.0,,7,238.768622,state_verified
accepted,2,baseline,measured,mixed,2,1769.0,,7,238.768622,state_verified
accepted,2,baseline,measured,mixed,3,1253.0,,7,238.768622,state_verified
accepted,2,baseline,measured,mixed,4,8458.0,,7,238.768622,state_verified
accepted,2,baseline,measured,mixed,5,1726.0,,7,238.768622,state_verified
accepted,2,baseline,measured,mixed,6,1249.0,,7,238.768622,state_verified
accepted,2,baseline,measured,mixed,7,1126.0,,7,238.768622,state_verified
accepted,2,baseline,measured,mixed,8,8442.0,,7,238.768622,state_verified
accepted,2,baseline,measured,mixed,9,1444.0,,7,238.768622,state_verified
accepted,2,baseline,measured,mixed,10,1321.0,,7,238.768622,state_verified
accepted,2,baseline,measured,mixed,11,1056.0,,7,238.768622,state_verified
accepted,2,baseline,measured,mixed,12,8426.0,,7,238.768622,state_verified
accepted,2,baseline,measured,mixed,13,1378.0,,7,238.768622,state_verified
accepted,2,baseline,measured,mixed,14,904.0,,7,238.768622,state_verified
accepted,2,baseline,measured,mixed,15,1015.0,,7,238.768622,state_verified
accepted,2,baseline,measured,mixed,16,8500.0,,7,238.768622,state_verified
accepted,2,baseline,measured,mixed,17,1030.0,,7,238.768622,state_verified
accepted,2,baseline,measured,mixed,18,1031.0,,7,238.768622,state_verified
accepted,2,baseline,measured,mixed,19,1086.0,,7,238.768622,state_verified
accepted,2,baseline,measured,mixed,20,8463.0,,7,238.768622,state_verified
accepted,2,baseline,measured,mixed,21,1576.0,,7,238.768622,state_verified
accepted,2,baseline,measured,mixed,22,1326.0,,7,238.768622,state_verified
accepted,2,baseline,measured,mixed,23,1003.0,,7,238.768622,state_verified
accepted,2,baseline,measured,mixed,24,8489.0,,7,238.768622,state_verified
accepted,2,baseline,measured,mixed,25,1508.0,,7,238.768622,state_verified
accepted,2,baseline,measured,mixed,26,1239.0,,7,238.768622,state_verified
accepted,2,baseline,measured,mixed,27,883.0,,7,238.768622,state_verified
accepted,2,baseline,measured,mixed,28,8490.0,,7,238.768622,state_verified
accepted,2,baseline,measured,mixed,29,1235.0,,7,238.768622,state_verified
accepted,2,baseline,measured,mixed,30,1061.0,,7,238.768622,state_verified
accepted,2,baseline,measured,mixed,31,922.0,,7,238.768622,state_verified
accepted,2,baseline,measured,mixed,32,8720.0,,7,238.768622,state_verified
accepted,2,baseline,measured,mixed,33,1596.0,,7,238.768622,state_verified
accepted,2,baseline,measured,mixed,34,1586.0,,7,238.768622,state_verified
accepted,2,baseline,measured,mixed,35,1238.0,,7,238.768622,state_verified
accepted,2,baseline,measured,mixed,36,8443.0,,7,238.768622,state_verified
accepted,2,baseline,measured,mixed,37,1367.0,,7,238.768622,state_verified
accepted,2,baseline,measured,mixed,38,1061.0,,7,238.768622,state_verified
accepted,2,baseline,measured,mixed,39,863.0,,7,238.768622,state_verified
accepted,2,baseline,measured,mixed,40,8472.0,,7,238.768622,state_verified
accepted,2,baseline,measured,mixed,41,1435.0,,7,238.768622,state_verified
accepted,2,baseline,measured,mixed,42,1153.0,,7,238.768622,state_verified
accepted,2,baseline,measured,mixed,43,1178.0,,7,238.768622,state_verified
accepted,2,baseline,measured,mixed,44,8353.0,,7,238.768622,state_verified
accepted,2,baseline,measured,mixed,45,1318.0,,7,238.768622,state_verified
accepted,2,baseline,measured,mixed,46,1074.0,,7,238.768622,state_verified
accepted,2,baseline,measured,mixed,47,1009.0,,7,238.768622,state_verified
accepted,2,baseline,measured,mixed,48,8432.0,,7,238.768622,state_verified
accepted,2,baseline,measured,mixed,49,1309.0,,7,238.768622,state_verified
accepted,2,baseline,measured,mixed,50,1162.0,,7,238.768622,state_verified
accepted,2,baseline,measured,mixed,51,857.0,,7,238.768622,state_verified
accepted,2,baseline,measured,mixed,52,8466.0,,7,238.768622,state_verified
accepted,2,baseline,measured,mixed,53,1204.0,,7,238.768622,state_verified
accepted,2,baseline,measured,mixed,54,1189.0,,7,238.768622,state_verified
accepted,2,baseline,measured,mixed,55,833.0,,7,238.768622,state_verified
accepted,2,baseline,measured,mixed,56,10046.0,,7,238.768622,state_verified
accepted,2,baseline,measured,mixed,57,1568.0,,7,238.768622,state_verified
accepted,2,baseline,measured,mixed,58,1101.0,,7,238.768622,state_verified
accepted,2,baseline,measured,mixed,59,897.0,,7,238.768622,state_verified
accepted,2,baseline,measured,mixed,60,12899.0,,7,238.768622,state_verified
accepted,2,baseline,measured,mixed,61,1536.0,,7,238.768622,state_verified
accepted,2,baseline,measured,mixed,62,1004.0,,7,238.768622,state_verified
accepted,2,baseline,measured,mixed,63,906.0,,7,238.768622,state_verified
accepted,2,baseline,measured,mixed,64,12607.0,,7,238.768622,state_verified
accepted,2,baseline,measured,mixed,65,1390.0,,7,238.768622,state_verified
accepted,2,baseline,measured,mixed,66,1189.0,,7,238.768622,state_verified
accepted,2,baseline,measured,mixed,67,878.0,,7,238.768622,state_verified
accepted,2,baseline,measured,mixed,68,12680.0,,7,238.768622,state_verified
accepted,2,baseline,measured,mixed,69,1015.0,,7,238.768622,state_verified
accepted,2,baseline,measured,mixed,70,881.0,,7,238.768622,state_verified
accepted,2,baseline,measured,mixed,71,1099.0,,7,238.768622,state_verified
accepted,2,baseline,measured,mixed,72,12669.0,,7,238.768622,state_verified
accepted,2,baseline,measured,mixed,73,1038.0,,7,238.768622,state_verified
accepted,2,baseline,measured,mixed,74,989.0,,7,238.768622,state_verified
accepted,2,baseline,measured,mixed,75,849.0,,7,238.768622,state_verified
accepted,2,baseline,measured,mixed,76,12673.0,,7,238.768622,state_verified
accepted,2,baseline,measured,mixed,77,991.0,,7,238.768622,state_verified
accepted,2,baseline,measured,mixed,78,983.0,,7,238.768622,state_verified
accepted,2,baseline,measured,mixed,79,876.0,,7,238.768622,state_verified
accepted,2,baseline,measured,mixed,80,12665.0,,7,238.768622,state_verified
accepted,2,baseline,measured,mixed,81,989.0,,7,238.768622,state_verified
accepted,2,baseline,measured,mixed,82,882.0,,7,238.768622,state_verified
accepted,2,baseline,measured,mixed,83,917.0,,7,238.768622,state_verified
accepted,2,baseline,measured,mixed,84,12696.0,,7,238.768622,state_verified
accepted,2,baseline,measured,mixed,85,976.0,,7,238.768622,state_verified
accepted,2,baseline,measured,mixed,86,884.0,,7,238.768622,state_verified
accepted,2,baseline,measured,mixed,87,824.0,,7,238.768622,state_verified
accepted,2,baseline,measured,mixed,88,12586.0,,7,238.768622,state_verified
accepted,2,baseline,measured,mixed,89,1262.0,,7,238.768622,state_verified
accepted,2,baseline,measured,mixed,90,1054.0,,7,238.768622,state_verified
accepted,2,baseline,measured,mixed,91,815.0,,7,238.768622,state_verified
accepted,2,baseline,measured,mixed,92,12633.0,,7,238.768622,state_verified
accepted,2,baseline,measured,mixed,93,1245.0,,7,238.768622,state_verified
accepted,2,baseline,measured,mixed,94,1307.0,,7,238.768622,state_verified
accepted,2,baseline,measured,mixed,95,874.0,,7,238.768622,state_verified
accepted,2,baseline,measured,mixed,96,12864.0,,7,238.768622,state_verified
accepted,2,baseline,measured,mixed,97,1441.0,,7,238.768622,state_verified
accepted,2,baseline,measured,mixed,98,1472.0,,7,238.768622,state_verified
accepted,2,baseline,measured,mixed,99,1108.0,,7,238.768622,state_verified
accepted,2,baseline,measured,mixed,100,12740.0,,7,238.768622,state_verified
accepted,2,baseline,measured,mixed,101,1528.0,,7,238.768622,state_verified
accepted,2,baseline,measured,mixed,102,1254.0,,7,238.768622,state_verified
accepted,2,baseline,measured,mixed,103,811.0,,7,238.768622,state_verified
accepted,2,baseline,measured,mixed,104,12699.0,,7,238.768622,state_verified
accepted,2,baseline,measured,mixed,105,1381.0,,7,238.768622,state_verified
accepted,2,baseline,measured,mixed,106,1236.0,,7,238.768622,state_verified
accepted,2,baseline,measured,mixed,107,889.0,,7,238.768622,state_verified
accepted,2,baseline,measured,mixed,108,12629.0,,7,238.768622,state_verified
accepted,2,baseline,measured,mixed,109,1348.0,,7,238.768622,state_verified
accepted,2,baseline,measured,mixed,110,1300.0,,7,238.768622,state_verified
accepted,2,baseline,measured,mixed,111,910.0,,7,238.768622,state_verified
accepted,2,baseline,measured,mixed,112,12580.0,,7,238.768622,state_verified
accepted,2,baseline,measured,mixed,113,1354.0,,7,238.768622,state_verified
accepted,2,baseline,measured,mixed,114,1242.0,,7,238.768622,state_verified
accepted,2,baseline,measured,mixed,115,1018.0,,7,238.768622,state_verified
accepted,2,baseline,measured,mixed,116,12620.0,,7,238.768622,state_verified
accepted,2,baseline,measured,mixed,117,1478.0,,7,238.768622,state_verified
accepted,2,baseline,measured,mixed,118,1304.0,,7,238.768622,state_verified
accepted,2,baseline,measured,mixed,119,1067.0,,7,238.768622,state_verified
accepted,2,baseline,measured,mixed,120,12722.0,,7,238.768622,state_verified
accepted,2,baseline,measured,mixed,121,1263.0,,7,238.768622,state_verified
accepted,2,baseline,measured,mixed,122,1313.0,,7,238.768622,state_verified
accepted,2,baseline,measured,mixed,123,1146.0,,7,238.768622,state_verified
accepted,2,baseline,measured,mixed,124,16590.0,,7,238.768622,state_verified
accepted,2,baseline,measured,mixed,125,1563.0,,7,238.768622,state_verified
accepted,2,baseline,measured,mixed,126,1186.0,,7,238.768622,state_verified
accepted,2,baseline,measured,mixed,127,864.0,,7,238.768622,state_verified
accepted,2,baseline,measured,mixed,128,16633.0,,7,238.768622,state_verified
accepted,2,baseline,measured,mixed,129,979.0,,7,238.768622,state_verified
accepted,2,baseline,measured,mixed,130,1219.0,,7,238.768622,state_verified
accepted,2,baseline,measured,mixed,131,961.0,,7,238.768622,state_verified
accepted,2,baseline,measured,mixed,132,16576.0,,7,238.768622,state_verified
accepted,2,baseline,measured,mixed,133,1112.0,,7,238.768622,state_verified
accepted,2,baseline,measured,mixed,134,1143.0,,7,238.768622,state_verified
accepted,2,baseline,measured,mixed,135,1233.0,,7,238.768622,state_verified
accepted,2,baseline,measured,mixed,136,16607.0,,7,238.768622,state_verified
accepted,2,baseline,measured,mixed,137,1369.0,,7,238.768622,state_verified
accepted,2,baseline,measured,mixed,138,1083.0,,7,238.768622,state_verified
accepted,2,baseline,measured,mixed,139,1082.0,,7,238.768622,state_verified
accepted,2,baseline,measured,mixed,140,16527.0,,7,238.768622,state_verified
accepted,2,baseline,measured,mixed,141,1412.0,,7,238.768622,state_verified
accepted,2,baseline,measured,mixed,142,1368.0,,7,238.768622,state_verified
accepted,2,baseline,measured,mixed,143,1060.0,,7,238.768622,state_verified
accepted,2,baseline,measured,mixed,144,16525.0,,7,238.768622,state_verified
accepted,2,baseline,measured,mixed,145,1361.0,,7,238.768622,state_verified
accepted,2,baseline,measured,mixed,146,1130.0,,7,238.768622,state_verified
accepted,2,baseline,measured,mixed,147,871.0,,7,238.768622,state_verified
accepted,2,baseline,measured,mixed,148,16567.0,,7,238.768622,state_verified
accepted,2,baseline,measured,mixed,149,1393.0,,7,238.768622,state_verified
accepted,2,baseline,measured,mixed,150,1068.0,,7,238.768622,state_verified
accepted,2,baseline,measured,mixed,151,903.0,,7,238.768622,state_verified
accepted,2,baseline,measured,mixed,152,13071.0,,7,238.768622,state_verified
accepted,2,baseline,measured,mixed,153,1609.0,,7,238.768622,state_verified
accepted,2,baseline,measured,mixed,154,1259.0,,7,238.768622,state_verified
accepted,2,baseline,measured,mixed,155,928.0,,7,238.768622,state_verified
accepted,2,baseline,measured,mixed,156,5716.0,,7,238.768622,state_verified
accepted,2,baseline,measured,mixed,157,1380.0,,7,238.768622,state_verified
accepted,2,baseline,measured,mixed,158,980.0,,7,238.768622,state_verified
accepted,2,baseline,measured,mixed,159,877.0,,7,238.768622,state_verified
accepted,2,baseline,measured,mixed,160,9023.0,,7,238.768622,state_verified
accepted,2,baseline,measured,mixed,161,1757.0,,7,238.768622,state_verified
accepted,2,baseline,measured,mixed,162,1414.0,,7,238.768622,state_verified
accepted,2,baseline,measured,mixed,163,1132.0,,7,238.768622,state_verified
accepted,2,baseline,measured,mixed,164,5709.0,,7,238.768622,state_verified
accepted,2,baseline,measured,mixed,165,1331.0,,7,238.768622,state_verified
accepted,2,baseline,measured,mixed,166,1301.0,,7,238.768622,state_verified
accepted,2,baseline,measured,mixed,167,1141.0,,7,238.768622,state_verified
accepted,2,baseline,measured,mixed,168,8686.0,,7,238.768622,state_verified
accepted,2,baseline,measured,mixed,169,1314.0,,7,238.768622,state_verified
accepted,2,baseline,measured,mixed,170,1333.0,,7,238.768622,state_verified
accepted,2,baseline,measured,mixed,171,918.0,,7,238.768622,state_verified
accepted,2,baseline,measured,mixed,172,5683.0,,7,238.768622,state_verified
accepted,2,baseline,measured,mixed,173,1132.0,,7,238.768622,state_verified
accepted,2,baseline,measured,mixed,174,1224.0,,7,238.768622,state_verified
accepted,2,baseline,measured,mixed,175,916.0,,7,238.768622,state_verified
accepted,2,baseline,measured,mixed,176,8685.0,,7,238.768622,state_verified
accepted,2,baseline,measured,mixed,177,1413.0,,7,238.768622,state_verified
accepted,2,baseline,measured,mixed,178,1138.0,,7,238.768622,state_verified
accepted,2,baseline,measured,mixed,179,880.0,,7,238.768622,state_verified
accepted,2,baseline,measured,mixed,180,5749.0,,7,238.768622,state_verified
accepted,2,baseline,measured,mixed,181,1310.0,,7,238.768622,state_verified
accepted,2,baseline,measured,mixed,182,920.0,,7,238.768622,state_verified
accepted,2,baseline,measured,mixed,183,919.0,,7,238.768622,state_verified
accepted,2,baseline,measured,mixed,184,8716.0,,7,238.768622,state_verified
accepted,2,baseline,measured,mixed,185,1558.0,,7,238.768622,state_verified
accepted,2,baseline,measured,mixed,186,6932.0,,7,238.768622,state_verified
accepted,2,baseline,measured,mixed,187,21840.0,,7,238.768622,state_verified
accepted,2,baseline,measured,mixed,188,1388.0,,7,238.768622,state_verified
accepted,2,baseline,measured,mixed,189,11568.0,,7,238.768622,state_verified
accepted,2,baseline,measured,mixed,190,11933.0,,7,238.768622,state_verified
accepted,2,baseline,measured,mixed,191,1537.0,,7,238.768622,state_verified
accepted,2,baseline,measured,mixed,192,20399.0,,7,238.768622,state_verified
accepted,2,baseline,measured,mixed,193,1412.0,,7,238.768622,state_verified
accepted,2,baseline,measured,mixed,194,944.0,,7,238.768622,state_verified
accepted,2,baseline,measured,mixed,195,1035.0,,7,238.768622,state_verified
accepted,2,baseline,measured,mixed,196,51970.0,,7,238.768622,state_verified
accepted,2,baseline,measured,mixed,197,1564.0,,7,238.768622,state_verified
accepted,2,baseline,measured,mixed,198,1478.0,,7,238.768622,state_verified
accepted,2,baseline,measured,mixed,199,1142.0,,7,238.768622,state_verified
accepted,2,baseline,measured,mixed,200,17370.0,,7,238.768622,state_verified
accepted,3,baseline,measured,1,1,16052.0,,1,100.826525,state_verified
accepted,3,baseline,measured,1,2,31650.0,,1,100.826525,state_verified
accepted,3,baseline,measured,1,3,907.0,,1,100.826525,state_verified
accepted,3,baseline,measured,1,4,1021.0,,1,100.826525,state_verified
accepted,3,baseline,measured,1,5,971.0,,1,100.826525,state_verified
accepted,3,baseline,measured,1,6,31265.0,,1,100.826525,state_verified
accepted,3,baseline,measured,1,7,977.0,,1,100.826525,state_verified
accepted,3,baseline,measured,1,8,1545.0,,1,100.826525,state_verified
accepted,3,baseline,measured,1,9,996.0,,1,100.826525,state_verified
accepted,3,baseline,measured,1,10,32693.0,,1,100.826525,state_verified
accepted,3,baseline,measured,1,11,1064.0,,1,100.826525,state_verified
accepted,3,baseline,measured,1,12,883.0,,1,100.826525,state_verified
accepted,3,baseline,measured,1,13,956.0,,1,100.826525,state_verified
accepted,3,baseline,measured,1,14,31807.0,,1,100.826525,state_verified
accepted,3,baseline,measured,1,15,1283.0,,1,100.826525,state_verified
accepted,3,baseline,measured,1,16,913.0,,1,100.826525,state_verified
accepted,3,baseline,measured,1,17,1022.0,,1,100.826525,state_verified
accepted,3,baseline,measured,1,18,31986.0,,1,100.826525,state_verified
accepted,3,baseline,measured,1,19,1175.0,,1,100.826525,state_verified
accepted,3,baseline,measured,1,20,1204.0,,1,100.826525,state_verified
accepted,3,baseline,measured,1,21,1250.0,,1,100.826525,state_verified
accepted,3,baseline,measured,1,22,31803.0,,1,100.826525,state_verified
accepted,3,baseline,measured,1,23,939.0,,1,100.826525,state_verified
accepted,3,baseline,measured,1,24,1021.0,,1,100.826525,state_verified
accepted,3,baseline,measured,1,25,1022.0,,1,100.826525,state_verified
accepted,3,baseline,measured,1,26,32638.0,,1,100.826525,state_verified
accepted,3,baseline,measured,1,27,813.0,,1,100.826525,state_verified
accepted,3,baseline,measured,1,28,824.0,,1,100.826525,state_verified
accepted,3,baseline,measured,1,29,879.0,,1,100.826525,state_verified
accepted,3,baseline,measured,1,30,31954.0,,1,100.826525,state_verified
accepted,3,baseline,measured,1,31,948.0,,1,100.826525,state_verified
accepted,3,baseline,measured,1,32,773.0,,1,100.826525,state_verified
accepted,3,baseline,measured,1,33,807.0,,1,100.826525,state_verified
accepted,3,baseline,measured,1,34,31932.0,,1,100.826525,state_verified
accepted,3,baseline,measured,1,35,1041.0,,1,100.826525,state_verified
accepted,3,baseline,measured,1,36,985.0,,1,100.826525,state_verified
accepted,3,baseline,measured,1,37,797.0,,1,100.826525,state_verified
accepted,3,baseline,measured,1,38,31970.0,,1,100.826525,state_verified
accepted,3,baseline,measured,1,39,895.0,,1,100.826525,state_verified
accepted,3,baseline,measured,1,40,843.0,,1,100.826525,state_verified
accepted,3,baseline,measured,1,41,765.0,,1,100.826525,state_verified
accepted,3,baseline,measured,1,42,34062.0,,1,100.826525,state_verified
accepted,3,baseline,measured,1,43,856.0,,1,100.826525,state_verified
accepted,3,baseline,measured,1,44,938.0,,1,100.826525,state_verified
accepted,3,baseline,measured,1,45,780.0,,1,100.826525,state_verified
accepted,3,baseline,measured,1,46,34178.0,,1,100.826525,state_verified
accepted,3,baseline,measured,1,47,1025.0,,1,100.826525,state_verified
accepted,3,baseline,measured,1,48,781.0,,1,100.826525,state_verified
accepted,3,baseline,measured,1,49,732.0,,1,100.826525,state_verified
accepted,3,baseline,measured,1,50,34185.0,,1,100.826525,state_verified
accepted,3,baseline,measured,1,51,1147.0,,1,100.826525,state_verified
accepted,3,baseline,measured,1,52,1054.0,,1,100.826525,state_verified
accepted,3,baseline,measured,1,53,793.0,,1,100.826525,state_verified
accepted,3,baseline,measured,1,54,33260.0,,1,100.826525,state_verified
accepted,3,baseline,measured,1,55,1057.0,,1,100.826525,state_verified
accepted,3,baseline,measured,1,56,989.0,,1,100.826525,state_verified
accepted,3,baseline,measured,1,57,858.0,,1,100.826525,state_verified
accepted,3,baseline,measured,1,58,33782.0,,1,100.826525,state_verified
accepted,3,baseline,measured,1,59,1051.0,,1,100.826525,state_verified
accepted,3,baseline,measured,1,60,878.0,,1,100.826525,state_verified
accepted,3,baseline,measured,1,61,939.0,,1,100.826525,state_verified
accepted,3,baseline,measured,1,62,33077.0,,1,100.826525,state_verified
accepted,3,baseline,measured,1,63,872.0,,1,100.826525,state_verified
accepted,3,baseline,measured,1,64,695.0,,1,100.826525,state_verified
accepted,3,baseline,measured,1,65,2673.0,,1,100.826525,state_verified
accepted,3,baseline,measured,1,66,31309.0,,1,100.826525,state_verified
accepted,3,baseline,measured,1,67,1175.0,,1,100.826525,state_verified
accepted,3,baseline,measured,1,68,3002.0,,1,100.826525,state_verified
accepted,3,baseline,measured,1,69,1008.0,,1,100.826525,state_verified
accepted,3,baseline,measured,1,70,33151.0,,1,100.826525,state_verified
accepted,3,baseline,measured,1,71,1146.0,,1,100.826525,state_verified
accepted,3,baseline,measured,1,72,983.0,,1,100.826525,state_verified
accepted,3,baseline,measured,1,73,893.0,,1,100.826525,state_verified
accepted,3,baseline,measured,1,74,33872.0,,1,100.826525,state_verified
accepted,3,baseline,measured,1,75,1132.0,,1,100.826525,state_verified
accepted,3,baseline,measured,1,76,1085.0,,1,100.826525,state_verified
accepted,3,baseline,measured,1,77,1024.0,,1,100.826525,state_verified
accepted,3,baseline,measured,1,78,32947.0,,1,100.826525,state_verified
accepted,3,baseline,measured,1,79,810.0,,1,100.826525,state_verified
accepted,3,baseline,measured,1,80,877.0,,1,100.826525,state_verified
accepted,3,baseline,measured,1,81,705.0,,1,100.826525,state_verified
accepted,3,baseline,measured,1,82,33359.0,,1,100.826525,state_verified
accepted,3,baseline,measured,1,83,1121.0,,1,100.826525,state_verified
accepted,3,baseline,measured,1,84,967.0,,1,100.826525,state_verified
accepted,3,baseline,measured,1,85,1073.0,,1,100.826525,state_verified
accepted,3,baseline,measured,1,86,33084.0,,1,100.826525,state_verified
accepted,3,baseline,measured,1,87,1022.0,,1,100.826525,state_verified
accepted,3,baseline,measured,1,88,722.0,,1,100.826525,state_verified
accepted,3,baseline,measured,1,89,755.0,,1,100.826525,state_verified
accepted,3,baseline,measured,1,90,33934.0,,1,100.826525,state_verified
accepted,3,baseline,measured,1,91,1021.0,,1,100.826525,state_verified
accepted,3,baseline,measured,1,92,800.0,,1,100.826525,state_verified
accepted,3,baseline,measured,1,93,866.0,,1,100.826525,state_verified
accepted,3,baseline,measured,1,94,33308.0,,1,100.826525,state_verified
accepted,3,baseline,measured,1,95,1121.0,,1,100.826525,state_verified
accepted,3,baseline,measured,1,96,1040.0,,1,100.826525,state_verified
accepted,3,baseline,measured,1,97,918.0,,1,100.826525,state_verified
accepted,3,baseline,measured,1,98,33329.0,,1,100.826525,state_verified
accepted,3,baseline,measured,1,99,1304.0,,1,100.826525,state_verified
accepted,3,baseline,measured,1,100,1117.0,,1,100.826525,state_verified
accepted,3,baseline,measured,1,101,852.0,,1,100.826525,state_verified
accepted,3,baseline,measured,1,102,33405.0,,1,100.826525,state_verified
accepted,3,baseline,measured,1,103,1089.0,,1,100.826525,state_verified
accepted,3,baseline,measured,1,104,969.0,,1,100.826525,state_verified
accepted,3,baseline,measured,1,105,924.0,,1,100.826525,state_verified
accepted,3,baseline,measured,1,106,33842.0,,1,100.826525,state_verified
accepted,3,baseline,measured,1,107,1117.0,,1,100.826525,state_verified
accepted,3,baseline,measured,1,108,979.0,,1,100.826525,state_verified
accepted,3,baseline,measured,1,109,852.0,,1,100.826525,state_verified
accepted,3,baseline,measured,1,110,33213.0,,1,100.826525,state_verified
accepted,3,baseline,measured,1,111,875.0,,1,100.826525,state_verified
accepted,3,baseline,measured,1,112,746.0,,1,100.826525,state_verified
accepted,3,baseline,measured,1,113,750.0,,1,100.826525,state_verified
accepted,3,baseline,measured,1,114,33196.0,,1,100.826525,state_verified
accepted,3,baseline,measured,1,115,1219.0,,1,100.826525,state_verified
accepted,3,baseline,measured,1,116,78987.0,,1,100.826525,state_verified
accepted,3,baseline,measured,1,117,1152.0,,1,100.826525,state_verified
accepted,3,baseline,measured,1,118,803.0,,1,100.826525,state_verified
accepted,3,baseline,measured,1,119,48855.0,,1,100.826525,state_verified
accepted,3,baseline,measured,1,120,916.0,,1,100.826525,state_verified
accepted,3,baseline,measured,1,121,819.0,,1,100.826525,state_verified
accepted,3,baseline,measured,1,122,675.0,,1,100.826525,state_verified
accepted,3,baseline,measured,1,123,48845.0,,1,100.826525,state_verified
accepted,3,baseline,measured,1,124,944.0,,1,100.826525,state_verified
accepted,3,baseline,measured,1,125,912.0,,1,100.826525,state_verified
accepted,3,baseline,measured,1,126,874.0,,1,100.826525,state_verified
accepted,3,baseline,measured,1,127,48720.0,,1,100.826525,state_verified
accepted,3,baseline,measured,1,128,850.0,,1,100.826525,state_verified
accepted,3,baseline,measured,1,129,721.0,,1,100.826525,state_verified
accepted,3,baseline,measured,1,130,779.0,,1,100.826525,state_verified
accepted,3,baseline,measured,1,131,44004.0,,1,100.826525,state_verified
accepted,3,baseline,measured,1,132,840.0,,1,100.826525,state_verified
accepted,3,baseline,measured,1,133,809.0,,1,100.826525,state_verified
accepted,3,baseline,measured,1,134,874.0,,1,100.826525,state_verified
accepted,3,baseline,measured,1,135,52796.0,,1,100.826525,state_verified
accepted,3,baseline,measured,1,136,1153.0,,1,100.826525,state_verified
accepted,3,baseline,measured,1,137,786.0,,1,100.826525,state_verified
accepted,3,baseline,measured,1,138,653.0,,1,100.826525,state_verified
accepted,3,baseline,measured,1,139,44203.0,,1,100.826525,state_verified
accepted,3,baseline,measured,1,140,1130.0,,1,100.826525,state_verified
accepted,3,baseline,measured,1,141,1027.0,,1,100.826525,state_verified
accepted,3,baseline,measured,1,142,1004.0,,1,100.826525,state_verified
accepted,3,baseline,measured,1,143,47246.0,,1,100.826525,state_verified
accepted,3,baseline,measured,1,144,1300.0,,1,100.826525,state_verified
accepted,3,baseline,measured,1,145,843.0,,1,100.826525,state_verified
accepted,3,baseline,measured,1,146,794.0,,1,100.826525,state_verified
accepted,3,baseline,measured,1,147,52751.0,,1,100.826525,state_verified
accepted,3,baseline,measured,1,148,1213.0,,1,100.826525,state_verified
accepted,3,baseline,measured,1,149,1193.0,,1,100.826525,state_verified
accepted,3,baseline,measured,1,150,922.0,,1,100.826525,state_verified
accepted,3,baseline,measured,1,151,70291.0,,1,100.826525,state_verified
accepted,3,baseline,measured,1,152,814.0,,1,100.826525,state_verified
accepted,3,baseline,measured,1,153,890.0,,1,100.826525,state_verified
accepted,3,baseline,measured,1,154,889.0,,1,100.826525,state_verified
accepted,3,baseline,measured,1,155,74755.0,,1,100.826525,state_verified
accepted,3,baseline,measured,1,156,1359.0,,1,100.826525,state_verified
accepted,3,baseline,measured,1,157,1159.0,,1,100.826525,state_verified
accepted,3,baseline,measured,1,158,1089.0,,1,100.826525,state_verified
accepted,3,baseline,measured,1,159,33683.0,,1,100.826525,state_verified
accepted,3,baseline,measured,1,160,1536.0,,1,100.826525,state_verified
accepted,3,baseline,measured,1,161,1286.0,,1,100.826525,state_verified
accepted,3,baseline,measured,1,162,964.0,,1,100.826525,state_verified
accepted,3,baseline,measured,1,163,24853.0,,1,100.826525,state_verified
accepted,3,baseline,measured,1,164,1651.0,,1,100.826525,state_verified
accepted,3,baseline,measured,1,165,1120.0,,1,100.826525,state_verified
accepted,3,baseline,measured,1,166,1009.0,,1,100.826525,state_verified
accepted,3,baseline,measured,1,167,40356.0,,1,100.826525,state_verified
accepted,3,baseline,measured,1,168,1077.0,,1,100.826525,state_verified
accepted,3,baseline,measured,1,169,1040.0,,1,100.826525,state_verified
accepted,3,baseline,measured,1,170,786.0,,1,100.826525,state_verified
accepted,3,baseline,measured,1,171,11407.0,,1,100.826525,state_verified
accepted,3,baseline,measured,1,172,875.0,,1,100.826525,state_verified
accepted,3,baseline,measured,1,173,936.0,,1,100.826525,state_verified
accepted,3,baseline,measured,1,174,721.0,,1,100.826525,state_verified
accepted,3,baseline,measured,1,175,11410.0,,1,100.826525,state_verified
accepted,3,baseline,measured,1,176,1038.0,,1,100.826525,state_verified
accepted,3,baseline,measured,1,177,959.0,,1,100.826525,state_verified
accepted,3,baseline,measured,1,178,682.0,,1,100.826525,state_verified
accepted,3,baseline,measured,1,179,34121.0,,1,100.826525,state_verified
accepted,3,baseline,measured,1,180,842.0,,1,100.826525,state_verified
accepted,3,baseline,measured,1,181,932.0,,1,100.826525,state_verified
accepted,3,baseline,measured,1,182,730.0,,1,100.826525,state_verified
accepted,3,baseline,measured,1,183,16423.0,,1,100.826525,state_verified
accepted,3,baseline,measured,1,184,1270.0,,1,100.826525,state_verified
accepted,3,baseline,measured,1,185,692.0,,1,100.826525,state_verified
accepted,3,baseline,measured,1,186,715.0,,1,100.826525,state_verified
accepted,3,baseline,measured,1,187,14329.0,,1,100.826525,state_verified
accepted,3,baseline,measured,1,188,996.0,,1,100.826525,state_verified
accepted,3,baseline,measured,1,189,893.0,,1,100.826525,state_verified
accepted,3,baseline,measured,1,190,786.0,,1,100.826525,state_verified
accepted,3,baseline,measured,1,191,22464.0,,1,100.826525,state_verified
accepted,3,baseline,measured,1,192,1243.0,,1,100.826525,state_verified
accepted,3,baseline,measured,1,193,1193.0,,1,100.826525,state_verified
accepted,3,baseline,measured,1,194,1102.0,,1,100.826525,state_verified
accepted,3,baseline,measured,1,195,21766.0,,1,100.826525,state_verified
accepted,3,baseline,measured,1,196,982.0,,1,100.826525,state_verified
accepted,3,baseline,measured,1,197,924.0,,1,100.826525,state_verified
accepted,3,baseline,measured,1,198,827.0,,1,100.826525,state_verified
accepted,3,baseline,measured,1,199,21838.0,,1,100.826525,state_verified
accepted,3,baseline,measured,1,200,983.0,,1,100.826525,state_verified
accepted,3,protected,measured,1,1,16034.0,,1,110.661579,state_verified
accepted,3,protected,measured,1,2,1232.0,,1,110.661579,state_verified
accepted,3,protected,measured,1,3,1057.0,,1,110.661579,state_verified
accepted,3,protected,measured,1,4,31102.0,,1,110.661579,state_verified
accepted,3,protected,measured,1,5,1105.0,,1,110.661579,state_verified
accepted,3,protected,measured,1,6,956.0,,1,110.661579,state_verified
accepted,3,protected,measured,1,7,774.0,,1,110.661579,state_verified
accepted,3,protected,measured,1,8,31209.0,,1,110.661579,state_verified
accepted,3,protected,measured,1,9,1185.0,,1,110.661579,state_verified
accepted,3,protected,measured,1,10,1131.0,,1,110.661579,state_verified
accepted,3,protected,measured,1,11,825.0,,1,110.661579,state_verified
accepted,3,protected,measured,1,12,31126.0,,1,110.661579,state_verified
accepted,3,protected,measured,1,13,923.0,,1,110.661579,state_verified
accepted,3,protected,measured,1,14,861.0,,1,110.661579,state_verified
accepted,3,protected,measured,1,15,880.0,,1,110.661579,state_verified
accepted,3,protected,measured,1,16,31727.0,,1,110.661579,state_verified
accepted,3,protected,measured,1,17,994.0,,1,110.661579,state_verified
accepted,3,protected,measured,1,18,798.0,,1,110.661579,state_verified
accepted,3,protected,measured,1,19,949.0,,1,110.661579,state_verified
accepted,3,protected,measured,1,20,31805.0,,1,110.661579,state_verified
accepted,3,protected,measured,1,21,1264.0,,1,110.661579,state_verified
accepted,3,protected,measured,1,22,983.0,,1,110.661579,state_verified
accepted,3,protected,measured,1,23,753.0,,1,110.661579,state_verified
accepted,3,protected,measured,1,24,31660.0,,1,110.661579,state_verified
accepted,3,protected,measured,1,25,986.0,,1,110.661579,state_verified
accepted,3,protected,measured,1,26,826.0,,1,110.661579,state_verified
accepted,3,protected,measured,1,27,806.0,,1,110.661579,state_verified
accepted,3,protected,measured,1,28,31731.0,,1,110.661579,state_verified
accepted,3,protected,measured,1,29,1100.0,,1,110.661579,state_verified
accepted,3,protected,measured,1,30,1053.0,,1,110.661579,state_verified
accepted,3,protected,measured,1,31,682.0,,1,110.661579,state_verified
accepted,3,protected,measured,1,32,32751.0,,1,110.661579,state_verified
accepted,3,protected,measured,1,33,1329.0,,1,110.661579,state_verified
accepted,3,protected,measured,1,34,1384.0,,1,110.661579,state_verified
accepted,3,protected,measured,1,35,1200.0,,1,110.661579,state_verified
accepted,3,protected,measured,1,36,31684.0,,1,110.661579,state_verified
accepted,3,protected,measured,1,37,1097.0,,1,110.661579,state_verified
accepted,3,protected,measured,1,38,803.0,,1,110.661579,state_verified
accepted,3,protected,measured,1,39,740.0,,1,110.661579,state_verified
accepted,3,protected,measured,1,40,31266.0,,1,110.661579,state_verified
accepted,3,protected,measured,1,41,908.0,,1,110.661579,state_verified
accepted,3,protected,measured,1,42,962.0,,1,110.661579,state_verified
accepted,3,protected,measured,1,43,682.0,,1,110.661579,state_verified
accepted,3,protected,measured,1,44,31312.0,,1,110.661579,state_verified
accepted,3,protected,measured,1,45,1103.0,,1,110.661579,state_verified
accepted,3,protected,measured,1,46,1036.0,,1,110.661579,state_verified
accepted,3,protected,measured,1,47,894.0,,1,110.661579,state_verified
accepted,3,protected,measured,1,48,32088.0,,1,110.661579,state_verified
accepted,3,protected,measured,1,49,1240.0,,1,110.661579,state_verified
accepted,3,protected,measured,1,50,1430.0,,1,110.661579,state_verified
accepted,3,protected,measured,1,51,903.0,,1,110.661579,state_verified
accepted,3,protected,measured,1,52,31558.0,,1,110.661579,state_verified
accepted,3,protected,measured,1,53,1170.0,,1,110.661579,state_verified
accepted,3,protected,measured,1,54,946.0,,1,110.661579,state_verified
accepted,3,protected,measured,1,55,802.0,,1,110.661579,state_verified
accepted,3,protected,measured,1,56,31412.0,,1,110.661579,state_verified
accepted,3,protected,measured,1,57,1200.0,,1,110.661579,state_verified
accepted,3,protected,measured,1,58,883.0,,1,110.661579,state_verified
accepted,3,protected,measured,1,59,702.0,,1,110.661579,state_verified
accepted,3,protected,measured,1,60,34433.0,,1,110.661579,state_verified
accepted,3,protected,measured,1,61,1367.0,,1,110.661579,state_verified
accepted,3,protected,measured,1,62,748.0,,1,110.661579,state_verified
accepted,3,protected,measured,1,63,669.0,,1,110.661579,state_verified
accepted,3,protected,measured,1,64,32295.0,,1,110.661579,state_verified
accepted,3,protected,measured,1,65,897.0,,1,110.661579,state_verified
accepted,3,protected,measured,1,66,705.0,,1,110.661579,state_verified
accepted,3,protected,measured,1,67,680.0,,1,110.661579,state_verified
accepted,3,protected,measured,1,68,31475.0,,1,110.661579,state_verified
accepted,3,protected,measured,1,69,1110.0,,1,110.661579,state_verified
accepted,3,protected,measured,1,70,976.0,,1,110.661579,state_verified
accepted,3,protected,measured,1,71,746.0,,1,110.661579,state_verified
accepted,3,protected,measured,1,72,31586.0,,1,110.661579,state_verified
accepted,3,protected,measured,1,73,1142.0,,1,110.661579,state_verified
accepted,3,protected,measured,1,74,883.0,,1,110.661579,state_verified
accepted,3,protected,measured,1,75,711.0,,1,110.661579,state_verified
accepted,3,protected,measured,1,76,31703.0,,1,110.661579,state_verified
accepted,3,protected,measured,1,77,821.0,,1,110.661579,state_verified
accepted,3,protected,measured,1,78,828.0,,1,110.661579,state_verified
accepted,3,protected,measured,1,79,974.0,,1,110.661579,state_verified
accepted,3,protected,measured,1,80,32735.0,,1,110.661579,state_verified
accepted,3,protected,measured,1,81,1096.0,,1,110.661579,state_verified
accepted,3,protected,measured,1,82,1094.0,,1,110.661579,state_verified
accepted,3,protected,measured,1,83,755.0,,1,110.661579,state_verified
accepted,3,protected,measured,1,84,31972.0,,1,110.661579,state_verified
accepted,3,protected,measured,1,85,1055.0,,1,110.661579,state_verified
accepted,3,protected,measured,1,86,897.0,,1,110.661579,state_verified
accepted,3,protected,measured,1,87,875.0,,1,110.661579,state_verified
accepted,3,protected,measured,1,88,32614.0,,1,110.661579,state_verified
accepted,3,protected,measured,1,89,973.0,,1,110.661579,state_verified
accepted,3,protected,measured,1,90,695.0,,1,110.661579,state_verified
accepted,3,protected,measured,1,91,695.0,,1,110.661579,state_verified
accepted,3,protected,measured,1,92,32095.0,,1,110.661579,state_verified
accepted,3,protected,measured,1,93,998.0,,1,110.661579,state_verified
accepted,3,protected,measured,1,94,949.0,,1,110.661579,state_verified
accepted,3,protected,measured,1,95,890.0,,1,110.661579,state_verified
accepted,3,protected,measured,1,96,33365.0,,1,110.661579,state_verified
accepted,3,protected,measured,1,97,1202.0,,1,110.661579,state_verified
accepted,3,protected,measured,1,98,1262.0,,1,110.661579,state_verified
accepted,3,protected,measured,1,99,1252.0,,1,110.661579,state_verified
accepted,3,protected,measured,1,100,32380.0,,1,110.661579,state_verified
accepted,3,protected,measured,1,101,914.0,,1,110.661579,state_verified
accepted,3,protected,measured,1,102,663.0,,1,110.661579,state_verified
accepted,3,protected,measured,1,103,700.0,,1,110.661579,state_verified
accepted,3,protected,measured,1,104,32607.0,,1,110.661579,state_verified
accepted,3,protected,measured,1,105,1080.0,,1,110.661579,state_verified
accepted,3,protected,measured,1,106,864.0,,1,110.661579,state_verified
accepted,3,protected,measured,1,107,718.0,,1,110.661579,state_verified
accepted,3,protected,measured,1,108,32494.0,,1,110.661579,state_verified
accepted,3,protected,measured,1,109,861.0,,1,110.661579,state_verified
accepted,3,protected,measured,1,110,867.0,,1,110.661579,state_verified
accepted,3,protected,measured,1,111,736.0,,1,110.661579,state_verified
accepted,3,protected,measured,1,112,33696.0,,1,110.661579,state_verified
accepted,3,protected,measured,1,113,1018.0,,1,110.661579,state_verified
accepted,3,protected,measured,1,114,1079.0,,1,110.661579,state_verified
accepted,3,protected,measured,1,115,927.0,,1,110.661579,state_verified
accepted,3,protected,measured,1,116,32709.0,,1,110.661579,state_verified
accepted,3,protected,measured,1,117,880.0,,1,110.661579,state_verified
accepted,3,protected,measured,1,118,957.0,,1,110.661579,state_verified
accepted,3,protected,measured,1,119,903.0,,1,110.661579,state_verified
accepted,3,protected,measured,1,120,32510.0,,1,110.661579,state_verified
accepted,3,protected,measured,1,121,836.0,,1,110.661579,state_verified
accepted,3,protected,measured,1,122,756.0,,1,110.661579,state_verified
accepted,3,protected,measured,1,123,715.0,,1,110.661579,state_verified
accepted,3,protected,measured,1,124,32576.0,,1,110.661579,state_verified
accepted,3,protected,measured,1,125,1130.0,,1,110.661579,state_verified
accepted,3,protected,measured,1,126,890.0,,1,110.661579,state_verified
accepted,3,protected,measured,1,127,675.0,,1,110.661579,state_verified
accepted,3,protected,measured,1,128,34645.0,,1,110.661579,state_verified
accepted,3,protected,measured,1,129,906.0,,1,110.661579,state_verified
accepted,3,protected,measured,1,130,822.0,,1,110.661579,state_verified
accepted,3,protected,measured,1,131,711.0,,1,110.661579,state_verified
accepted,3,protected,measured,1,132,34086.0,,1,110.661579,state_verified
accepted,3,protected,measured,1,133,1082.0,,1,110.661579,state_verified
accepted,3,protected,measured,1,134,848.0,,1,110.661579,state_verified
accepted,3,protected,measured,1,135,775.0,,1,110.661579,state_verified
accepted,3,protected,measured,1,136,34035.0,,1,110.661579,state_verified
accepted,3,protected,measured,1,137,1093.0,,1,110.661579,state_verified
accepted,3,protected,measured,1,138,848.0,,1,110.661579,state_verified
accepted,3,protected,measured,1,139,729.0,,1,110.661579,state_verified
accepted,3,protected,measured,1,140,33862.0,,1,110.661579,state_verified
accepted,3,protected,measured,1,141,1095.0,,1,110.661579,state_verified
accepted,3,protected,measured,1,142,900.0,,1,110.661579,state_verified
accepted,3,protected,measured,1,143,710.0,,1,110.661579,state_verified
accepted,3,protected,measured,1,144,34902.0,,1,110.661579,state_verified
accepted,3,protected,measured,1,145,1103.0,,1,110.661579,state_verified
accepted,3,protected,measured,1,146,1082.0,,1,110.661579,state_verified
accepted,3,protected,measured,1,147,855.0,,1,110.661579,state_verified
accepted,3,protected,measured,1,148,34287.0,,1,110.661579,state_verified
accepted,3,protected,measured,1,149,1221.0,,1,110.661579,state_verified
accepted,3,protected,measured,1,150,1091.0,,1,110.661579,state_verified
accepted,3,protected,measured,1,151,858.0,,1,110.661579,state_verified
accepted,3,protected,measured,1,152,34394.0,,1,110.661579,state_verified
accepted,3,protected,measured,1,153,1171.0,,1,110.661579,state_verified
accepted,3,protected,measured,1,154,885.0,,1,110.661579,state_verified
accepted,3,protected,measured,1,155,869.0,,1,110.661579,state_verified
accepted,3,protected,measured,1,156,34157.0,,1,110.661579,state_verified
accepted,3,protected,measured,1,157,1152.0,,1,110.661579,state_verified
accepted,3,protected,measured,1,158,1031.0,,1,110.661579,state_verified
accepted,3,protected,measured,1,159,726.0,,1,110.661579,state_verified
accepted,3,protected,measured,1,160,34357.0,,1,110.661579,state_verified
accepted,3,protected,measured,1,161,1469.0,,1,110.661579,state_verified
accepted,3,protected,measured,1,162,1113.0,,1,110.661579,state_verified
accepted,3,protected,measured,1,163,1155.0,,1,110.661579,state_verified
accepted,3,protected,measured,1,164,33476.0,,1,110.661579,state_verified
accepted,3,protected,measured,1,165,1222.0,,1,110.661579,state_verified
accepted,3,protected,measured,1,166,994.0,,1,110.661579,state_verified
accepted,3,protected,measured,1,167,935.0,,1,110.661579,state_verified
accepted,3,protected,measured,1,168,33391.0,,1,110.661579,state_verified
accepted,3,protected,measured,1,169,1257.0,,1,110.661579,state_verified
accepted,3,protected,measured,1,170,878.0,,1,110.661579,state_verified
accepted,3,protected,measured,1,171,894.0,,1,110.661579,state_verified
accepted,3,protected,measured,1,172,33293.0,,1,110.661579,state_verified
accepted,3,protected,measured,1,173,831.0,,1,110.661579,state_verified
accepted,3,protected,measured,1,174,869.0,,1,110.661579,state_verified
accepted,3,protected,measured,1,175,839.0,,1,110.661579,state_verified
accepted,3,protected,measured,1,176,35312.0,,1,110.661579,state_verified
accepted,3,protected,measured,1,177,842.0,,1,110.661579,state_verified
accepted,3,protected,measured,1,178,935.0,,1,110.661579,state_verified
accepted,3,protected,measured,1,179,875.0,,1,110.661579,state_verified
accepted,3,protected,measured,1,180,34984.0,,1,110.661579,state_verified
accepted,3,protected,measured,1,181,908.0,,1,110.661579,state_verified
accepted,3,protected,measured,1,182,799.0,,1,110.661579,state_verified
accepted,3,protected,measured,1,183,709.0,,1,110.661579,state_verified
accepted,3,protected,measured,1,184,34731.0,,1,110.661579,state_verified
accepted,3,protected,measured,1,185,1300.0,,1,110.661579,state_verified
accepted,3,protected,measured,1,186,1049.0,,1,110.661579,state_verified
accepted,3,protected,measured,1,187,881.0,,1,110.661579,state_verified
accepted,3,protected,measured,1,188,34769.0,,1,110.661579,state_verified
accepted,3,protected,measured,1,189,1001.0,,1,110.661579,state_verified
accepted,3,protected,measured,1,190,763.0,,1,110.661579,state_verified
accepted,3,protected,measured,1,191,692.0,,1,110.661579,state_verified
accepted,3,protected,measured,1,192,35141.0,,1,110.661579,state_verified
accepted,3,protected,measured,1,193,1105.0,,1,110.661579,state_verified
accepted,3,protected,measured,1,194,762.0,,1,110.661579,state_verified
accepted,3,protected,measured,1,195,694.0,,1,110.661579,state_verified
accepted,3,protected,measured,1,196,34444.0,,1,110.661579,state_verified
accepted,3,protected,measured,1,197,1014.0,,1,110.661579,state_verified
accepted,3,protected,measured,1,198,747.0,,1,110.661579,state_verified
accepted,3,protected,measured,1,199,753.0,,1,110.661579,state_verified
accepted,3,protected,measured,1,200,34380.0,,1,110.661579,state_verified
accepted,3,baseline,measured,5,1,15648.0,,5,100.499533,state_verified
accepted,3,baseline,measured,5,2,34943.0,,5,100.499533,state_verified
accepted,3,baseline,measured,5,3,1131.0,,5,100.499533,state_verified
accepted,3,baseline,measured,5,4,1064.0,,5,100.499533,state_verified
accepted,3,baseline,measured,5,5,960.0,,5,100.499533,state_verified
accepted,3,baseline,measured,5,6,34225.0,,5,100.499533,state_verified
accepted,3,baseline,measured,5,7,1094.0,,5,100.499533,state_verified
accepted,3,baseline,measured,5,8,926.0,,5,100.499533,state_verified
accepted,3,baseline,measured,5,9,769.0,,5,100.499533,state_verified
accepted,3,baseline,measured,5,10,33565.0,,5,100.499533,state_verified
accepted,3,baseline,measured,5,11,815.0,,5,100.499533,state_verified
accepted,3,baseline,measured,5,12,704.0,,5,100.499533,state_verified
accepted,3,baseline,measured,5,13,703.0,,5,100.499533,state_verified
accepted,3,baseline,measured,5,14,33528.0,,5,100.499533,state_verified
accepted,3,baseline,measured,5,15,1043.0,,5,100.499533,state_verified
accepted,3,baseline,measured,5,16,891.0,,5,100.499533,state_verified
accepted,3,baseline,measured,5,17,852.0,,5,100.499533,state_verified
accepted,3,baseline,measured,5,18,34632.0,,5,100.499533,state_verified
accepted,3,baseline,measured,5,19,901.0,,5,100.499533,state_verified
accepted,3,baseline,measured,5,20,763.0,,5,100.499533,state_verified
accepted,3,baseline,measured,5,21,768.0,,5,100.499533,state_verified
accepted,3,baseline,measured,5,22,33937.0,,5,100.499533,state_verified
accepted,3,baseline,measured,5,23,1053.0,,5,100.499533,state_verified
accepted,3,baseline,measured,5,24,856.0,,5,100.499533,state_verified
accepted,3,baseline,measured,5,25,719.0,,5,100.499533,state_verified
accepted,3,baseline,measured,5,26,33867.0,,5,100.499533,state_verified
accepted,3,baseline,measured,5,27,1067.0,,5,100.499533,state_verified
accepted,3,baseline,measured,5,28,941.0,,5,100.499533,state_verified
accepted,3,baseline,measured,5,29,757.0,,5,100.499533,state_verified
accepted,3,baseline,measured,5,30,34639.0,,5,100.499533,state_verified
accepted,3,baseline,measured,5,31,1203.0,,5,100.499533,state_verified
accepted,3,baseline,measured,5,32,973.0,,5,100.499533,state_verified
accepted,3,baseline,measured,5,33,933.0,,5,100.499533,state_verified
accepted,3,baseline,measured,5,34,35297.0,,5,100.499533,state_verified
accepted,3,baseline,measured,5,35,1117.0,,5,100.499533,state_verified
accepted,3,baseline,measured,5,36,1016.0,,5,100.499533,state_verified
accepted,3,baseline,measured,5,37,955.0,,5,100.499533,state_verified
accepted,3,baseline,measured,5,38,34592.0,,5,100.499533,state_verified
accepted,3,baseline,measured,5,39,1021.0,,5,100.499533,state_verified
accepted,3,baseline,measured,5,40,1009.0,,5,100.499533,state_verified
accepted,3,baseline,measured,5,41,854.0,,5,100.499533,state_verified
accepted,3,baseline,measured,5,42,34968.0,,5,100.499533,state_verified
accepted,3,baseline,measured,5,43,1070.0,,5,100.499533,state_verified
accepted,3,baseline,measured,5,44,675.0,,5,100.499533,state_verified
accepted,3,baseline,measured,5,45,717.0,,5,100.499533,state_verified
accepted,3,baseline,measured,5,46,34028.0,,5,100.499533,state_verified
accepted,3,baseline,measured,5,47,988.0,,5,100.499533,state_verified
accepted,3,baseline,measured,5,48,929.0,,5,100.499533,state_verified
accepted,3,baseline,measured,5,49,861.0,,5,100.499533,state_verified
accepted,3,baseline,measured,5,50,35486.0,,5,100.499533,state_verified
accepted,3,baseline,measured,5,51,1058.0,,5,100.499533,state_verified
accepted,3,baseline,measured,5,52,993.0,,5,100.499533,state_verified
accepted,3,baseline,measured,5,53,863.0,,5,100.499533,state_verified
accepted,3,baseline,measured,5,54,33867.0,,5,100.499533,state_verified
accepted,3,baseline,measured,5,55,983.0,,5,100.499533,state_verified
accepted,3,baseline,measured,5,56,958.0,,5,100.499533,state_verified
accepted,3,baseline,measured,5,57,926.0,,5,100.499533,state_verified
accepted,3,baseline,measured,5,58,34268.0,,5,100.499533,state_verified
accepted,3,baseline,measured,5,59,939.0,,5,100.499533,state_verified
accepted,3,baseline,measured,5,60,850.0,,5,100.499533,state_verified
accepted,3,baseline,measured,5,61,897.0,,5,100.499533,state_verified
accepted,3,baseline,measured,5,62,34043.0,,5,100.499533,state_verified
accepted,3,baseline,measured,5,63,920.0,,5,100.499533,state_verified
accepted,3,baseline,measured,5,64,721.0,,5,100.499533,state_verified
accepted,3,baseline,measured,5,65,624.0,,5,100.499533,state_verified
accepted,3,baseline,measured,5,66,33464.0,,5,100.499533,state_verified
accepted,3,baseline,measured,5,67,1356.0,,5,100.499533,state_verified
accepted,3,baseline,measured,5,68,1216.0,,5,100.499533,state_verified
accepted,3,baseline,measured,5,69,979.0,,5,100.499533,state_verified
accepted,3,baseline,measured,5,70,32931.0,,5,100.499533,state_verified
accepted,3,baseline,measured,5,71,1085.0,,5,100.499533,state_verified
accepted,3,baseline,measured,5,72,899.0,,5,100.499533,state_verified
accepted,3,baseline,measured,5,73,844.0,,5,100.499533,state_verified
accepted,3,baseline,measured,5,74,32954.0,,5,100.499533,state_verified
accepted,3,baseline,measured,5,75,862.0,,5,100.499533,state_verified
accepted,3,baseline,measured,5,76,929.0,,5,100.499533,state_verified
accepted,3,baseline,measured,5,77,747.0,,5,100.499533,state_verified
accepted,3,baseline,measured,5,78,32948.0,,5,100.499533,state_verified
accepted,3,baseline,measured,5,79,1105.0,,5,100.499533,state_verified
accepted,3,baseline,measured,5,80,1058.0,,5,100.499533,state_verified
accepted,3,baseline,measured,5,81,846.0,,5,100.499533,state_verified
accepted,3,baseline,measured,5,82,33943.0,,5,100.499533,state_verified
accepted,3,baseline,measured,5,83,33763.0,,5,100.499533,state_verified
accepted,3,baseline,measured,5,84,33935.0,,5,100.499533,state_verified
accepted,3,baseline,measured,5,85,1128.0,,5,100.499533,state_verified
accepted,3,baseline,measured,5,86,33870.0,,5,100.499533,state_verified
accepted,3,baseline,measured,5,87,1063.0,,5,100.499533,state_verified
accepted,3,baseline,measured,5,88,947.0,,5,100.499533,state_verified
accepted,3,baseline,measured,5,89,33638.0,,5,100.499533,state_verified
accepted,3,baseline,measured,5,90,1066.0,,5,100.499533,state_verified
accepted,3,baseline,measured,5,91,978.0,,5,100.499533,state_verified
accepted,3,baseline,measured,5,92,699.0,,5,100.499533,state_verified
accepted,3,baseline,measured,5,93,32605.0,,5,100.499533,state_verified
accepted,3,baseline,measured,5,94,906.0,,5,100.499533,state_verified
accepted,3,baseline,measured,5,95,623.0,,5,100.499533,state_verified
accepted,3,baseline,measured,5,96,721.0,,5,100.499533,state_verified
accepted,3,baseline,measured,5,97,32599.0,,5,100.499533,state_verified
accepted,3,baseline,measured,5,98,1143.0,,5,100.499533,state_verified
accepted,3,baseline,measured,5,99,998.0,,5,100.499533,state_verified
accepted,3,baseline,measured,5,100,785.0,,5,100.499533,state_verified
accepted,3,baseline,measured,5,101,32802.0,,5,100.499533,state_verified
accepted,3,baseline,measured,5,102,1052.0,,5,100.499533,state_verified
accepted,3,baseline,measured,5,103,964.0,,5,100.499533,state_verified
accepted,3,baseline,measured,5,104,893.0,,5,100.499533,state_verified
accepted,3,baseline,measured,5,105,34101.0,,5,100.499533,state_verified
accepted,3,baseline,measured,5,106,1022.0,,5,100.499533,state_verified
accepted,3,baseline,measured,5,107,1038.0,,5,100.499533,state_verified
accepted,3,baseline,measured,5,108,891.0,,5,100.499533,state_verified
accepted,3,baseline,measured,5,109,33146.0,,5,100.499533,state_verified
accepted,3,baseline,measured,5,110,1249.0,,5,100.499533,state_verified
accepted,3,baseline,measured,5,111,915.0,,5,100.499533,state_verified
accepted,3,baseline,measured,5,112,645.0,,5,100.499533,state_verified
accepted,3,baseline,measured,5,113,33252.0,,5,100.499533,state_verified
accepted,3,baseline,measured,5,114,1071.0,,5,100.499533,state_verified
accepted,3,baseline,measured,5,115,1036.0,,5,100.499533,state_verified
accepted,3,baseline,measured,5,116,683.0,,5,100.499533,state_verified
accepted,3,baseline,measured,5,117,33007.0,,5,100.499533,state_verified
accepted,3,baseline,measured,5,118,1026.0,,5,100.499533,state_verified
accepted,3,baseline,measured,5,119,1026.0,,5,100.499533,state_verified
accepted,3,baseline,measured,5,120,999.0,,5,100.499533,state_verified
accepted,3,baseline,measured,5,121,34342.0,,5,100.499533,state_verified
accepted,3,baseline,measured,5,122,1361.0,,5,100.499533,state_verified
accepted,3,baseline,measured,5,123,1095.0,,5,100.499533,state_verified
accepted,3,baseline,measured,5,124,913.0,,5,100.499533,state_verified
accepted,3,baseline,measured,5,125,33412.0,,5,100.499533,state_verified
accepted,3,baseline,measured,5,126,1158.0,,5,100.499533,state_verified
accepted,3,baseline,measured,5,127,33316.0,,5,100.499533,state_verified
accepted,3,baseline,measured,5,128,1140.0,,5,100.499533,state_verified
accepted,3,baseline,measured,5,129,755.0,,5,100.499533,state_verified
accepted,3,baseline,measured,5,130,736.0,,5,100.499533,state_verified
accepted,3,baseline,measured,5,131,33457.0,,5,100.499533,state_verified
accepted,3,baseline,measured,5,132,1155.0,,5,100.499533,state_verified
accepted,3,baseline,measured,5,133,1140.0,,5,100.499533,state_verified
accepted,3,baseline,measured,5,134,803.0,,5,100.499533,state_verified
accepted,3,baseline,measured,5,135,33110.0,,5,100.499533,state_verified
accepted,3,baseline,measured,5,136,1134.0,,5,100.499533,state_verified
accepted,3,baseline,measured,5,137,1038.0,,5,100.499533,state_verified
accepted,3,baseline,measured,5,138,818.0,,5,100.499533,state_verified
accepted,3,baseline,measured,5,139,32493.0,,5,100.499533,state_verified
accepted,3,baseline,measured,5,140,805.0,,5,100.499533,state_verified
accepted,3,baseline,measured,5,141,782.0,,5,100.499533,state_verified
accepted,3,baseline,measured,5,142,783.0,,5,100.499533,state_verified
accepted,3,baseline,measured,5,143,32539.0,,5,100.499533,state_verified
accepted,3,baseline,measured,5,144,1055.0,,5,100.499533,state_verified
accepted,3,baseline,measured,5,145,964.0,,5,100.499533,state_verified
accepted,3,baseline,measured,5,146,784.0,,5,100.499533,state_verified
accepted,3,baseline,measured,5,147,32434.0,,5,100.499533,state_verified
accepted,3,baseline,measured,5,148,1058.0,,5,100.499533,state_verified
accepted,3,baseline,measured,5,149,912.0,,5,100.499533,state_verified
accepted,3,baseline,measured,5,150,635.0,,5,100.499533,state_verified
accepted,3,baseline,measured,5,151,33169.0,,5,100.499533,state_verified
accepted,3,baseline,measured,5,152,1012.0,,5,100.499533,state_verified
accepted,3,baseline,measured,5,153,859.0,,5,100.499533,state_verified
accepted,3,baseline,measured,5,154,707.0,,5,100.499533,state_verified
accepted,3,baseline,measured,5,155,32924.0,,5,100.499533,state_verified
accepted,3,baseline,measured,5,156,1137.0,,5,100.499533,state_verified
accepted,3,baseline,measured,5,157,953.0,,5,100.499533,state_verified
accepted,3,baseline,measured,5,158,762.0,,5,100.499533,state_verified
accepted,3,baseline,measured,5,159,32390.0,,5,100.499533,state_verified
accepted,3,baseline,measured,5,160,862.0,,5,100.499533,state_verified
accepted,3,baseline,measured,5,161,921.0,,5,100.499533,state_verified
accepted,3,baseline,measured,5,162,653.0,,5,100.499533,state_verified
accepted,3,baseline,measured,5,163,32456.0,,5,100.499533,state_verified
accepted,3,baseline,measured,5,164,987.0,,5,100.499533,state_verified
accepted,3,baseline,measured,5,165,934.0,,5,100.499533,state_verified
accepted,3,baseline,measured,5,166,698.0,,5,100.499533,state_verified
accepted,3,baseline,measured,5,167,33273.0,,5,100.499533,state_verified
accepted,3,baseline,measured,5,168,1055.0,,5,100.499533,state_verified
accepted,3,baseline,measured,5,169,792.0,,5,100.499533,state_verified
accepted,3,baseline,measured,5,170,653.0,,5,100.499533,state_verified
accepted,3,baseline,measured,5,171,32447.0,,5,100.499533,state_verified
accepted,3,baseline,measured,5,172,882.0,,5,100.499533,state_verified
accepted,3,baseline,measured,5,173,1293.0,,5,100.499533,state_verified
accepted,3,baseline,measured,5,174,859.0,,5,100.499533,state_verified
accepted,3,baseline,measured,5,175,32438.0,,5,100.499533,state_verified
accepted,3,baseline,measured,5,176,1073.0,,5,100.499533,state_verified
accepted,3,baseline,measured,5,177,984.0,,5,100.499533,state_verified
accepted,3,baseline,measured,5,178,728.0,,5,100.499533,state_verified
accepted,3,baseline,measured,5,179,32509.0,,5,100.499533,state_verified
accepted,3,baseline,measured,5,180,1227.0,,5,100.499533,state_verified
accepted,3,baseline,measured,5,181,1026.0,,5,100.499533,state_verified
accepted,3,baseline,measured,5,182,843.0,,5,100.499533,state_verified
accepted,3,baseline,measured,5,183,33505.0,,5,100.499533,state_verified
accepted,3,baseline,measured,5,184,1121.0,,5,100.499533,state_verified
accepted,3,baseline,measured,5,185,1232.0,,5,100.499533,state_verified
accepted,3,baseline,measured,5,186,879.0,,5,100.499533,state_verified
accepted,3,baseline,measured,5,187,32629.0,,5,100.499533,state_verified
accepted,3,baseline,measured,5,188,1069.0,,5,100.499533,state_verified
accepted,3,baseline,measured,5,189,693.0,,5,100.499533,state_verified
accepted,3,baseline,measured,5,190,847.0,,5,100.499533,state_verified
accepted,3,baseline,measured,5,191,32501.0,,5,100.499533,state_verified
accepted,3,baseline,measured,5,192,33181.0,,5,100.499533,state_verified
accepted,3,baseline,measured,5,193,1167.0,,5,100.499533,state_verified
accepted,3,baseline,measured,5,194,32222.0,,5,100.499533,state_verified
accepted,3,baseline,measured,5,195,1064.0,,5,100.499533,state_verified
accepted,3,baseline,measured,5,196,31673.0,,5,100.499533,state_verified
accepted,3,baseline,measured,5,197,878.0,,5,100.499533,state_verified
accepted,3,baseline,measured,5,198,1044.0,,5,100.499533,state_verified
accepted,3,baseline,measured,5,199,891.0,,5,100.499533,state_verified
accepted,3,baseline,measured,5,200,31562.0,,5,100.499533,state_verified
accepted,3,protected,measured,5,1,16461.0,,5,105.923395,state_verified
accepted,3,protected,measured,5,2,31888.0,,5,105.923395,state_verified
accepted,3,protected,measured,5,3,1396.0,,5,105.923395,state_verified
accepted,3,protected,measured,5,4,1216.0,,5,105.923395,state_verified
accepted,3,protected,measured,5,5,1249.0,,5,105.923395,state_verified
accepted,3,protected,measured,5,6,30733.0,,5,105.923395,state_verified
accepted,3,protected,measured,5,7,1341.0,,5,105.923395,state_verified
accepted,3,protected,measured,5,8,31692.0,,5,105.923395,state_verified
accepted,3,protected,measured,5,9,1288.0,,5,105.923395,state_verified
accepted,3,protected,measured,5,10,32710.0,,5,105.923395,state_verified
accepted,3,protected,measured,5,11,1222.0,,5,105.923395,state_verified
accepted,3,protected,measured,5,12,1175.0,,5,105.923395,state_verified
accepted,3,protected,measured,5,13,897.0,,5,105.923395,state_verified
accepted,3,protected,measured,5,14,31845.0,,5,105.923395,state_verified
accepted,3,protected,measured,5,15,988.0,,5,105.923395,state_verified
accepted,3,protected,measured,5,16,785.0,,5,105.923395,state_verified
accepted,3,protected,measured,5,17,785.0,,5,105.923395,state_verified
accepted,3,protected,measured,5,18,31889.0,,5,105.923395,state_verified
accepted,3,protected,measured,5,19,895.0,,5,105.923395,state_verified
accepted,3,protected,measured,5,20,1564.0,,5,105.923395,state_verified
accepted,3,protected,measured,5,21,930.0,,5,105.923395,state_verified
accepted,3,protected,measured,5,22,31735.0,,5,105.923395,state_verified
accepted,3,protected,measured,5,23,1383.0,,5,105.923395,state_verified
accepted,3,protected,measured,5,24,1254.0,,5,105.923395,state_verified
accepted,3,protected,measured,5,25,1165.0,,5,105.923395,state_verified
accepted,3,protected,measured,5,26,32541.0,,5,105.923395,state_verified
accepted,3,protected,measured,5,27,1291.0,,5,105.923395,state_verified
accepted,3,protected,measured,5,28,796.0,,5,105.923395,state_verified
accepted,3,protected,measured,5,29,831.0,,5,105.923395,state_verified
accepted,3,protected,measured,5,30,31906.0,,5,105.923395,state_verified
accepted,3,protected,measured,5,31,1467.0,,5,105.923395,state_verified
accepted,3,protected,measured,5,32,1346.0,,5,105.923395,state_verified
accepted,3,protected,measured,5,33,1317.0,,5,105.923395,state_verified
accepted,3,protected,measured,5,34,31646.0,,5,105.923395,state_verified
accepted,3,protected,measured,5,35,1226.0,,5,105.923395,state_verified
accepted,3,protected,measured,5,36,1143.0,,5,105.923395,state_verified
accepted,3,protected,measured,5,37,1025.0,,5,105.923395,state_verified
accepted,3,protected,measured,5,38,31869.0,,5,105.923395,state_verified
accepted,3,protected,measured,5,39,1167.0,,5,105.923395,state_verified
accepted,3,protected,measured,5,40,1158.0,,5,105.923395,state_verified
accepted,3,protected,measured,5,41,994.0,,5,105.923395,state_verified
accepted,3,protected,measured,5,42,32620.0,,5,105.923395,state_verified
accepted,3,protected,measured,5,43,1172.0,,5,105.923395,state_verified
accepted,3,protected,measured,5,44,1057.0,,5,105.923395,state_verified
accepted,3,protected,measured,5,45,797.0,,5,105.923395,state_verified
accepted,3,protected,measured,5,46,31652.0,,5,105.923395,state_verified
accepted,3,protected,measured,5,47,1196.0,,5,105.923395,state_verified
accepted,3,protected,measured,5,48,803.0,,5,105.923395,state_verified
accepted,3,protected,measured,5,49,776.0,,5,105.923395,state_verified
accepted,3,protected,measured,5,50,32102.0,,5,105.923395,state_verified
accepted,3,protected,measured,5,51,1004.0,,5,105.923395,state_verified
accepted,3,protected,measured,5,52,896.0,,5,105.923395,state_verified
accepted,3,protected,measured,5,53,929.0,,5,105.923395,state_verified
accepted,3,protected,measured,5,54,32348.0,,5,105.923395,state_verified
accepted,3,protected,measured,5,55,1051.0,,5,105.923395,state_verified
accepted,3,protected,measured,5,56,871.0,,5,105.923395,state_verified
accepted,3,protected,measured,5,57,994.0,,5,105.923395,state_verified
accepted,3,protected,measured,5,58,32966.0,,5,105.923395,state_verified
accepted,3,protected,measured,5,59,1230.0,,5,105.923395,state_verified
accepted,3,protected,measured,5,60,816.0,,5,105.923395,state_verified
accepted,3,protected,measured,5,61,778.0,,5,105.923395,state_verified
accepted,3,protected,measured,5,62,31712.0,,5,105.923395,state_verified
accepted,3,protected,measured,5,63,813.0,,5,105.923395,state_verified
accepted,3,protected,measured,5,64,814.0,,5,105.923395,state_verified
accepted,3,protected,measured,5,65,817.0,,5,105.923395,state_verified
accepted,3,protected,measured,5,66,31914.0,,5,105.923395,state_verified
accepted,3,protected,measured,5,67,1224.0,,5,105.923395,state_verified
accepted,3,protected,measured,5,68,1152.0,,5,105.923395,state_verified
accepted,3,protected,measured,5,69,795.0,,5,105.923395,state_verified
accepted,3,protected,measured,5,70,32100.0,,5,105.923395,state_verified
accepted,3,protected,measured,5,71,980.0,,5,105.923395,state_verified
accepted,3,protected,measured,5,72,1042.0,,5,105.923395,state_verified
accepted,3,protected,measured,5,73,937.0,,5,105.923395,state_verified
accepted,3,protected,measured,5,74,32976.0,,5,105.923395,state_verified
accepted,3,protected,measured,5,75,1315.0,,5,105.923395,state_verified
accepted,3,protected,measured,5,76,1007.0,,5,105.923395,state_verified
accepted,3,protected,measured,5,77,910.0,,5,105.923395,state_verified
accepted,3,protected,measured,5,78,31620.0,,5,105.923395,state_verified
accepted,3,protected,measured,5,79,919.0,,5,105.923395,state_verified
accepted,3,protected,measured,5,80,848.0,,5,105.923395,state_verified
accepted,3,protected,measured,5,81,763.0,,5,105.923395,state_verified
accepted,3,protected,measured,5,82,32092.0,,5,105.923395,state_verified
accepted,3,protected,measured,5,83,1144.0,,5,105.923395,state_verified
accepted,3,protected,measured,5,84,930.0,,5,105.923395,state_verified
accepted,3,protected,measured,5,85,975.0,,5,105.923395,state_verified
accepted,3,protected,measured,5,86,32324.0,,5,105.923395,state_verified
accepted,3,protected,measured,5,87,1217.0,,5,105.923395,state_verified
accepted,3,protected,measured,5,88,1070.0,,5,105.923395,state_verified
accepted,3,protected,measured,5,89,782.0,,5,105.923395,state_verified
accepted,3,protected,measured,5,90,32073.0,,5,105.923395,state_verified
accepted,3,protected,measured,5,91,1155.0,,5,105.923395,state_verified
accepted,3,protected,measured,5,92,966.0,,5,105.923395,state_verified
accepted,3,protected,measured,5,93,794.0,,5,105.923395,state_verified
accepted,3,protected,measured,5,94,31481.0,,5,105.923395,state_verified
accepted,3,protected,measured,5,95,1434.0,,5,105.923395,state_verified
accepted,3,protected,measured,5,96,1308.0,,5,105.923395,state_verified
accepted,3,protected,measured,5,97,1103.0,,5,105.923395,state_verified
accepted,3,protected,measured,5,98,31127.0,,5,105.923395,state_verified
accepted,3,protected,measured,5,99,31776.0,,5,105.923395,state_verified
accepted,3,protected,measured,5,100,1276.0,,5,105.923395,state_verified
accepted,3,protected,measured,5,101,32446.0,,5,105.923395,state_verified
accepted,3,protected,measured,5,102,32281.0,,5,105.923395,state_verified
accepted,3,protected,measured,5,103,1225.0,,5,105.923395,state_verified
accepted,3,protected,measured,5,104,1069.0,,5,105.923395,state_verified
accepted,3,protected,measured,5,105,30747.0,,5,105.923395,state_verified
accepted,3,protected,measured,5,106,1230.0,,5,105.923395,state_verified
accepted,3,protected,measured,5,107,832.0,,5,105.923395,state_verified
accepted,3,protected,measured,5,108,822.0,,5,105.923395,state_verified
accepted,3,protected,measured,5,109,31031.0,,5,105.923395,state_verified
accepted,3,protected,measured,5,110,1277.0,,5,105.923395,state_verified
accepted,3,protected,measured,5,111,907.0,,5,105.923395,state_verified
accepted,3,protected,measured,5,112,744.0,,5,105.923395,state_verified
accepted,3,protected,measured,5,113,32279.0,,5,105.923395,state_verified
accepted,3,protected,measured,5,114,1062.0,,5,105.923395,state_verified
accepted,3,protected,measured,5,115,820.0,,5,105.923395,state_verified
accepted,3,protected,measured,5,116,795.0,,5,105.923395,state_verified
accepted,3,protected,measured,5,117,31213.0,,5,105.923395,state_verified
accepted,3,protected,measured,5,118,1032.0,,5,105.923395,state_verified
accepted,3,protected,measured,5,119,941.0,,5,105.923395,state_verified
accepted,3,protected,measured,5,120,859.0,,5,105.923395,state_verified
accepted,3,protected,measured,5,121,31226.0,,5,105.923395,state_verified
accepted,3,protected,measured,5,122,793.0,,5,105.923395,state_verified
accepted,3,protected,measured,5,123,834.0,,5,105.923395,state_verified
accepted,3,protected,measured,5,124,758.0,,5,105.923395,state_verified
accepted,3,protected,measured,5,125,31291.0,,5,105.923395,state_verified
accepted,3,protected,measured,5,126,977.0,,5,105.923395,state_verified
accepted,3,protected,measured,5,127,1316.0,,5,105.923395,state_verified
accepted,3,protected,measured,5,128,833.0,,5,105.923395,state_verified
accepted,3,protected,measured,5,129,32423.0,,5,105.923395,state_verified
accepted,3,protected,measured,5,130,1168.0,,5,105.923395,state_verified
accepted,3,protected,measured,5,131,1078.0,,5,105.923395,state_verified
accepted,3,protected,measured,5,132,814.0,,5,105.923395,state_verified
accepted,3,protected,measured,5,133,32062.0,,5,105.923395,state_verified
accepted,3,protected,measured,5,134,1107.0,,5,105.923395,state_verified
accepted,3,protected,measured,5,135,810.0,,5,105.923395,state_verified
accepted,3,protected,measured,5,136,1198.0,,5,105.923395,state_verified
accepted,3,protected,measured,5,137,31919.0,,5,105.923395,state_verified
accepted,3,protected,measured,5,138,899.0,,5,105.923395,state_verified
accepted,3,protected,measured,5,139,949.0,,5,105.923395,state_verified
accepted,3,protected,measured,5,140,758.0,,5,105.923395,state_verified
accepted,3,protected,measured,5,141,31788.0,,5,105.923395,state_verified
accepted,3,protected,measured,5,142,1032.0,,5,105.923395,state_verified
accepted,3,protected,measured,5,143,732.0,,5,105.923395,state_verified
accepted,3,protected,measured,5,144,775.0,,5,105.923395,state_verified
accepted,3,protected,measured,5,145,32307.0,,5,105.923395,state_verified
accepted,3,protected,measured,5,146,1244.0,,5,105.923395,state_verified
accepted,3,protected,measured,5,147,1516.0,,5,105.923395,state_verified
accepted,3,protected,measured,5,148,31895.0,,5,105.923395,state_verified
accepted,3,protected,measured,5,149,1517.0,,5,105.923395,state_verified
accepted,3,protected,measured,5,150,1344.0,,5,105.923395,state_verified
accepted,3,protected,measured,5,151,1511.0,,5,105.923395,state_verified
accepted,3,protected,measured,5,152,31230.0,,5,105.923395,state_verified
accepted,3,protected,measured,5,153,1095.0,,5,105.923395,state_verified
accepted,3,protected,measured,5,154,868.0,,5,105.923395,state_verified
accepted,3,protected,measured,5,155,772.0,,5,105.923395,state_verified
accepted,3,protected,measured,5,156,31638.0,,5,105.923395,state_verified
accepted,3,protected,measured,5,157,1173.0,,5,105.923395,state_verified
accepted,3,protected,measured,5,158,1000.0,,5,105.923395,state_verified
accepted,3,protected,measured,5,159,828.0,,5,105.923395,state_verified
accepted,3,protected,measured,5,160,32929.0,,5,105.923395,state_verified
accepted,3,protected,measured,5,161,898.0,,5,105.923395,state_verified
accepted,3,protected,measured,5,162,847.0,,5,105.923395,state_verified
accepted,3,protected,measured,5,163,891.0,,5,105.923395,state_verified
accepted,3,protected,measured,5,164,31526.0,,5,105.923395,state_verified
accepted,3,protected,measured,5,165,1150.0,,5,105.923395,state_verified
accepted,3,protected,measured,5,166,999.0,,5,105.923395,state_verified
accepted,3,protected,measured,5,167,773.0,,5,105.923395,state_verified
accepted,3,protected,measured,5,168,31561.0,,5,105.923395,state_verified
accepted,3,protected,measured,5,169,1335.0,,5,105.923395,state_verified
accepted,3,protected,measured,5,170,1172.0,,5,105.923395,state_verified
accepted,3,protected,measured,5,171,788.0,,5,105.923395,state_verified
accepted,3,protected,measured,5,172,31594.0,,5,105.923395,state_verified
accepted,3,protected,measured,5,173,1148.0,,5,105.923395,state_verified
accepted,3,protected,measured,5,174,1071.0,,5,105.923395,state_verified
accepted,3,protected,measured,5,175,774.0,,5,105.923395,state_verified
accepted,3,protected,measured,5,176,32977.0,,5,105.923395,state_verified
accepted,3,protected,measured,5,177,875.0,,5,105.923395,state_verified
accepted,3,protected,measured,5,178,1082.0,,5,105.923395,state_verified
accepted,3,protected,measured,5,179,787.0,,5,105.923395,state_verified
accepted,3,protected,measured,5,180,31737.0,,5,105.923395,state_verified
accepted,3,protected,measured,5,181,883.0,,5,105.923395,state_verified
accepted,3,protected,measured,5,182,839.0,,5,105.923395,state_verified
accepted,3,protected,measured,5,183,730.0,,5,105.923395,state_verified
accepted,3,protected,measured,5,184,31691.0,,5,105.923395,state_verified
accepted,3,protected,measured,5,185,1032.0,,5,105.923395,state_verified
accepted,3,protected,measured,5,186,928.0,,5,105.923395,state_verified
accepted,3,protected,measured,5,187,737.0,,5,105.923395,state_verified
accepted,3,protected,measured,5,188,31731.0,,5,105.923395,state_verified
accepted,3,protected,measured,5,189,1350.0,,5,105.923395,state_verified
accepted,3,protected,measured,5,190,1088.0,,5,105.923395,state_verified
accepted,3,protected,measured,5,191,874.0,,5,105.923395,state_verified
accepted,3,protected,measured,5,192,32063.0,,5,105.923395,state_verified
accepted,3,protected,measured,5,193,944.0,,5,105.923395,state_verified
accepted,3,protected,measured,5,194,811.0,,5,105.923395,state_verified
accepted,3,protected,measured,5,195,765.0,,5,105.923395,state_verified
accepted,3,protected,measured,5,196,31234.0,,5,105.923395,state_verified
accepted,3,protected,measured,5,197,823.0,,5,105.923395,state_verified
accepted,3,protected,measured,5,198,965.0,,5,105.923395,state_verified
accepted,3,protected,measured,5,199,789.0,,5,105.923395,state_verified
accepted,3,protected,measured,5,200,31225.0,,5,105.923395,state_verified
accepted,3,baseline,measured,100,1,12029.0,,100,112.301948,state_verified
accepted,3,baseline,measured,100,2,22573.0,,100,112.301948,state_verified
accepted,3,baseline,measured,100,3,1903.0,,100,112.301948,state_verified
accepted,3,baseline,measured,100,4,1728.0,,100,112.301948,state_verified
accepted,3,baseline,measured,100,5,1859.0,,100,112.301948,state_verified
accepted,3,baseline,measured,100,6,22255.0,,100,112.301948,state_verified
accepted,3,baseline,measured,100,7,1515.0,,100,112.301948,state_verified
accepted,3,baseline,measured,100,8,1345.0,,100,112.301948,state_verified
accepted,3,baseline,measured,100,9,1180.0,,100,112.301948,state_verified
accepted,3,baseline,measured,100,10,23408.0,,100,112.301948,state_verified
accepted,3,baseline,measured,100,11,1093.0,,100,112.301948,state_verified
accepted,3,baseline,measured,100,12,949.0,,100,112.301948,state_verified
accepted,3,baseline,measured,100,13,1071.0,,100,112.301948,state_verified
accepted,3,baseline,measured,100,14,23043.0,,100,112.301948,state_verified
accepted,3,baseline,measured,100,15,1199.0,,100,112.301948,state_verified
accepted,3,baseline,measured,100,16,1135.0,,100,112.301948,state_verified
accepted,3,baseline,measured,100,17,1254.0,,100,112.301948,state_verified
accepted,3,baseline,measured,100,18,22729.0,,100,112.301948,state_verified
accepted,3,baseline,measured,100,19,1395.0,,100,112.301948,state_verified
accepted,3,baseline,measured,100,20,1340.0,,100,112.301948,state_verified
accepted,3,baseline,measured,100,21,1329.0,,100,112.301948,state_verified
accepted,3,baseline,measured,100,22,22624.0,,100,112.301948,state_verified
accepted,3,baseline,measured,100,23,1247.0,,100,112.301948,state_verified
accepted,3,baseline,measured,100,24,1047.0,,100,112.301948,state_verified
accepted,3,baseline,measured,100,25,1200.0,,100,112.301948,state_verified
accepted,3,baseline,measured,100,26,33139.0,,100,112.301948,state_verified
accepted,3,baseline,measured,100,27,1419.0,,100,112.301948,state_verified
accepted,3,baseline,measured,100,28,982.0,,100,112.301948,state_verified
accepted,3,baseline,measured,100,29,1074.0,,100,112.301948,state_verified
accepted,3,baseline,measured,100,30,32382.0,,100,112.301948,state_verified
accepted,3,baseline,measured,100,31,1205.0,,100,112.301948,state_verified
accepted,3,baseline,measured,100,32,937.0,,100,112.301948,state_verified
accepted,3,baseline,measured,100,33,867.0,,100,112.301948,state_verified
accepted,3,baseline,measured,100,34,32466.0,,100,112.301948,state_verified
accepted,3,baseline,measured,100,35,1131.0,,100,112.301948,state_verified
accepted,3,baseline,measured,100,36,977.0,,100,112.301948,state_verified
accepted,3,baseline,measured,100,37,1006.0,,100,112.301948,state_verified
accepted,3,baseline,measured,100,38,32418.0,,100,112.301948,state_verified
accepted,3,baseline,measured,100,39,1602.0,,100,112.301948,state_verified
accepted,3,baseline,measured,100,40,1541.0,,100,112.301948,state_verified
accepted,3,baseline,measured,100,41,900.0,,100,112.301948,state_verified
accepted,3,baseline,measured,100,42,33251.0,,100,112.301948,state_verified
accepted,3,baseline,measured,100,43,1668.0,,100,112.301948,state_verified
accepted,3,baseline,measured,100,44,1247.0,,100,112.301948,state_verified
accepted,3,baseline,measured,100,45,997.0,,100,112.301948,state_verified
accepted,3,baseline,measured,100,46,32388.0,,100,112.301948,state_verified
accepted,3,baseline,measured,100,47,1081.0,,100,112.301948,state_verified
accepted,3,baseline,measured,100,48,1518.0,,100,112.301948,state_verified
accepted,3,baseline,measured,100,49,1489.0,,100,112.301948,state_verified
accepted,3,baseline,measured,100,50,32286.0,,100,112.301948,state_verified
accepted,3,baseline,measured,100,51,1360.0,,100,112.301948,state_verified
accepted,3,baseline,measured,100,52,1268.0,,100,112.301948,state_verified
accepted,3,baseline,measured,100,53,1032.0,,100,112.301948,state_verified
accepted,3,baseline,measured,100,54,32500.0,,100,112.301948,state_verified
accepted,3,baseline,measured,100,55,1663.0,,100,112.301948,state_verified
accepted,3,baseline,measured,100,56,1388.0,,100,112.301948,state_verified
accepted,3,baseline,measured,100,57,1208.0,,100,112.301948,state_verified
accepted,3,baseline,measured,100,58,32662.0,,100,112.301948,state_verified
accepted,3,baseline,measured,100,59,1439.0,,100,112.301948,state_verified
accepted,3,baseline,measured,100,60,847.0,,100,112.301948,state_verified
accepted,3,baseline,measured,100,61,962.0,,100,112.301948,state_verified
accepted,3,baseline,measured,100,62,31947.0,,100,112.301948,state_verified
accepted,3,baseline,measured,100,63,1630.0,,100,112.301948,state_verified
accepted,3,baseline,measured,100,64,1978.0,,100,112.301948,state_verified
accepted,3,baseline,measured,100,65,1466.0,,100,112.301948,state_verified
accepted,3,baseline,measured,100,66,32155.0,,100,112.301948,state_verified
accepted,3,baseline,measured,100,67,1409.0,,100,112.301948,state_verified
accepted,3,baseline,measured,100,68,1538.0,,100,112.301948,state_verified
accepted,3,baseline,measured,100,69,1856.0,,100,112.301948,state_verified
accepted,3,baseline,measured,100,70,31964.0,,100,112.301948,state_verified
accepted,3,baseline,measured,100,71,2124.0,,100,112.301948,state_verified
accepted,3,baseline,measured,100,72,1488.0,,100,112.301948,state_verified
accepted,3,baseline,measured,100,73,1116.0,,100,112.301948,state_verified
accepted,3,baseline,measured,100,74,32129.0,,100,112.301948,state_verified
accepted,3,baseline,measured,100,75,1416.0,,100,112.301948,state_verified
accepted,3,baseline,measured,100,76,1133.0,,100,112.301948,state_verified
accepted,3,baseline,measured,100,77,1352.0,,100,112.301948,state_verified
accepted,3,baseline,measured,100,78,31291.0,,100,112.301948,state_verified
accepted,3,baseline,measured,100,79,1191.0,,100,112.301948,state_verified
accepted,3,baseline,measured,100,80,1143.0,,100,112.301948,state_verified
accepted,3,baseline,measured,100,81,1160.0,,100,112.301948,state_verified
accepted,3,baseline,measured,100,82,31359.0,,100,112.301948,state_verified
accepted,3,baseline,measured,100,83,1099.0,,100,112.301948,state_verified
accepted,3,baseline,measured,100,84,1023.0,,100,112.301948,state_verified
accepted,3,baseline,measured,100,85,1234.0,,100,112.301948,state_verified
accepted,3,baseline,measured,100,86,31317.0,,100,112.301948,state_verified
accepted,3,baseline,measured,100,87,1219.0,,100,112.301948,state_verified
accepted,3,baseline,measured,100,88,1338.0,,100,112.301948,state_verified
accepted,3,baseline,measured,100,89,1418.0,,100,112.301948,state_verified
accepted,3,baseline,measured,100,90,32289.0,,100,112.301948,state_verified
accepted,3,baseline,measured,100,91,1227.0,,100,112.301948,state_verified
accepted,3,baseline,measured,100,92,1310.0,,100,112.301948,state_verified
accepted,3,baseline,measured,100,93,1120.0,,100,112.301948,state_verified
accepted,3,baseline,measured,100,94,31495.0,,100,112.301948,state_verified
accepted,3,baseline,measured,100,95,1232.0,,100,112.301948,state_verified
accepted,3,baseline,measured,100,96,1031.0,,100,112.301948,state_verified
accepted,3,baseline,measured,100,97,1337.0,,100,112.301948,state_verified
accepted,3,baseline,measured,100,98,31538.0,,100,112.301948,state_verified
accepted,3,baseline,measured,100,99,1214.0,,100,112.301948,state_verified
accepted,3,baseline,measured,100,100,979.0,,100,112.301948,state_verified
accepted,3,baseline,measured,100,101,2275.0,,100,112.301948,state_verified
accepted,3,baseline,measured,100,102,31383.0,,100,112.301948,state_verified
accepted,3,baseline,measured,100,103,1491.0,,100,112.301948,state_verified
accepted,3,baseline,measured,100,104,1342.0,,100,112.301948,state_verified
accepted,3,baseline,measured,100,105,1114.0,,100,112.301948,state_verified
accepted,3,baseline,measured,100,106,31476.0,,100,112.301948,state_verified
accepted,3,baseline,measured,100,107,1347.0,,100,112.301948,state_verified
accepted,3,baseline,measured,100,108,1083.0,,100,112.301948,state_verified
accepted,3,baseline,measured,100,109,904.0,,100,112.301948,state_verified
accepted,3,baseline,measured,100,110,30930.0,,100,112.301948,state_verified
accepted,3,baseline,measured,100,111,1619.0,,100,112.301948,state_verified
accepted,3,baseline,measured,100,112,1290.0,,100,112.301948,state_verified
accepted,3,baseline,measured,100,113,1001.0,,100,112.301948,state_verified
accepted,3,baseline,measured,100,114,30879.0,,100,112.301948,state_verified
accepted,3,baseline,measured,100,115,1039.0,,100,112.301948,state_verified
accepted,3,baseline,measured,100,116,1255.0,,100,112.301948,state_verified
accepted,3,baseline,measured,100,117,1210.0,,100,112.301948,state_verified
accepted,3,baseline,measured,100,118,30832.0,,100,112.301948,state_verified
accepted,3,baseline,measured,100,119,1324.0,,100,112.301948,state_verified
accepted,3,baseline,measured,100,120,1281.0,,100,112.301948,state_verified
accepted,3,baseline,measured,100,121,938.0,,100,112.301948,state_verified
accepted,3,baseline,measured,100,122,31729.0,,100,112.301948,state_verified
accepted,3,baseline,measured,100,123,1080.0,,100,112.301948,state_verified
accepted,3,baseline,measured,100,124,1066.0,,100,112.301948,state_verified
accepted,3,baseline,measured,100,125,913.0,,100,112.301948,state_verified
accepted,3,baseline,measured,100,126,30881.0,,100,112.301948,state_verified
accepted,3,baseline,measured,100,127,1644.0,,100,112.301948,state_verified
accepted,3,baseline,measured,100,128,1214.0,,100,112.301948,state_verified
accepted,3,baseline,measured,100,129,1053.0,,100,112.301948,state_verified
accepted,3,baseline,measured,100,130,31169.0,,100,112.301948,state_verified
accepted,3,baseline,measured,100,131,1737.0,,100,112.301948,state_verified
accepted,3,baseline,measured,100,132,1757.0,,100,112.301948,state_verified
accepted,3,baseline,measured,100,133,1585.0,,100,112.301948,state_verified
accepted,3,baseline,measured,100,134,30746.0,,100,112.301948,state_verified
accepted,3,baseline,measured,100,135,1143.0,,100,112.301948,state_verified
accepted,3,baseline,measured,100,136,1210.0,,100,112.301948,state_verified
accepted,3,baseline,measured,100,137,1503.0,,100,112.301948,state_verified
accepted,3,baseline,measured,100,138,31585.0,,100,112.301948,state_verified
accepted,3,baseline,measured,100,139,31340.0,,100,112.301948,state_verified
accepted,3,baseline,measured,100,140,32112.0,,100,112.301948,state_verified
accepted,3,baseline,measured,100,141,1064.0,,100,112.301948,state_verified
accepted,3,baseline,measured,100,142,898.0,,100,112.301948,state_verified
accepted,3,baseline,measured,100,143,30886.0,,100,112.301948,state_verified
accepted,3,baseline,measured,100,144,1098.0,,100,112.301948,state_verified
accepted,3,baseline,measured,100,145,858.0,,100,112.301948,state_verified
accepted,3,baseline,measured,100,146,1210.0,,100,112.301948,state_verified
accepted,3,baseline,measured,100,147,31846.0,,100,112.301948,state_verified
accepted,3,baseline,measured,100,148,1350.0,,100,112.301948,state_verified
accepted,3,baseline,measured,100,149,1208.0,,100,112.301948,state_verified
accepted,3,baseline,measured,100,150,1194.0,,100,112.301948,state_verified
accepted,3,baseline,measured,100,151,31087.0,,100,112.301948,state_verified
accepted,3,baseline,measured,100,152,1623.0,,100,112.301948,state_verified
accepted,3,baseline,measured,100,153,1732.0,,100,112.301948,state_verified
accepted,3,baseline,measured,100,154,1187.0,,100,112.301948,state_verified
accepted,3,baseline,measured,100,155,31046.0,,100,112.301948,state_verified
accepted,3,baseline,measured,100,156,1402.0,,100,112.301948,state_verified
accepted,3,baseline,measured,100,157,1015.0,,100,112.301948,state_verified
accepted,3,baseline,measured,100,158,910.0,,100,112.301948,state_verified
accepted,3,baseline,measured,100,159,31081.0,,100,112.301948,state_verified
accepted,3,baseline,measured,100,160,1032.0,,100,112.301948,state_verified
accepted,3,baseline,measured,100,161,850.0,,100,112.301948,state_verified
accepted,3,baseline,measured,100,162,910.0,,100,112.301948,state_verified
accepted,3,baseline,measured,100,163,30855.0,,100,112.301948,state_verified
accepted,3,baseline,measured,100,164,1074.0,,100,112.301948,state_verified
accepted,3,baseline,measured,100,165,876.0,,100,112.301948,state_verified
accepted,3,baseline,measured,100,166,905.0,,100,112.301948,state_verified
accepted,3,baseline,measured,100,167,29945.0,,100,112.301948,state_verified
accepted,3,baseline,measured,100,168,1390.0,,100,112.301948,state_verified
accepted,3,baseline,measured,100,169,1256.0,,100,112.301948,state_verified
accepted,3,baseline,measured,100,170,1156.0,,100,112.301948,state_verified
accepted,3,baseline,measured,100,171,29907.0,,100,112.301948,state_verified
accepted,3,baseline,measured,100,172,1425.0,,100,112.301948,state_verified
accepted,3,baseline,measured,100,173,1177.0,,100,112.301948,state_verified
accepted,3,baseline,measured,100,174,1184.0,,100,112.301948,state_verified
accepted,3,baseline,measured,100,175,29874.0,,100,112.301948,state_verified
accepted,3,baseline,measured,100,176,1507.0,,100,112.301948,state_verified
accepted,3,baseline,measured,100,177,950.0,,100,112.301948,state_verified
accepted,3,baseline,measured,100,178,920.0,,100,112.301948,state_verified
accepted,3,baseline,measured,100,179,30734.0,,100,112.301948,state_verified
accepted,3,baseline,measured,100,180,1298.0,,100,112.301948,state_verified
accepted,3,baseline,measured,100,181,1279.0,,100,112.301948,state_verified
accepted,3,baseline,measured,100,182,1076.0,,100,112.301948,state_verified
accepted,3,baseline,measured,100,183,29978.0,,100,112.301948,state_verified
accepted,3,baseline,measured,100,184,1578.0,,100,112.301948,state_verified
accepted,3,baseline,measured,100,185,1312.0,,100,112.301948,state_verified
accepted,3,baseline,measured,100,186,1257.0,,100,112.301948,state_verified
accepted,3,baseline,measured,100,187,30195.0,,100,112.301948,state_verified
accepted,3,baseline,measured,100,188,1505.0,,100,112.301948,state_verified
accepted,3,baseline,measured,100,189,1172.0,,100,112.301948,state_verified
accepted,3,baseline,measured,100,190,1301.0,,100,112.301948,state_verified
accepted,3,baseline,measured,100,191,30171.0,,100,112.301948,state_verified
accepted,3,baseline,measured,100,192,1380.0,,100,112.301948,state_verified
accepted,3,baseline,measured,100,193,1029.0,,100,112.301948,state_verified
accepted,3,baseline,measured,100,194,973.0,,100,112.301948,state_verified
accepted,3,baseline,measured,100,195,31013.0,,100,112.301948,state_verified
accepted,3,baseline,measured,100,196,1120.0,,100,112.301948,state_verified
accepted,3,baseline,measured,100,197,1122.0,,100,112.301948,state_verified
accepted,3,baseline,measured,100,198,1032.0,,100,112.301948,state_verified
accepted,3,baseline,measured,100,199,30174.0,,100,112.301948,state_verified
accepted,3,baseline,measured,100,200,1213.0,,100,112.301948,state_verified
accepted,3,protected,measured,100,1,9154.0,,100,57.751742,state_verified
accepted,3,protected,measured,100,2,2805.0,,100,57.751742,state_verified
accepted,3,protected,measured,100,3,1555.0,,100,57.751742,state_verified
accepted,3,protected,measured,100,4,1773.0,,100,57.751742,state_verified
accepted,3,protected,measured,100,5,32563.0,,100,57.751742,state_verified
accepted,3,protected,measured,100,6,2556.0,,100,57.751742,state_verified
accepted,3,protected,measured,100,7,1824.0,,100,57.751742,state_verified
accepted,3,protected,measured,100,8,1523.0,,100,57.751742,state_verified
accepted,3,protected,measured,100,9,33648.0,,100,57.751742,state_verified
accepted,3,protected,measured,100,10,2101.0,,100,57.751742,state_verified
accepted,3,protected,measured,100,11,1480.0,,100,57.751742,state_verified
accepted,3,protected,measured,100,12,1582.0,,100,57.751742,state_verified
accepted,3,protected,measured,100,13,32503.0,,100,57.751742,state_verified
accepted,3,protected,measured,100,14,1698.0,,100,57.751742,state_verified
accepted,3,protected,measured,100,15,1468.0,,100,57.751742,state_verified
accepted,3,protected,measured,100,16,1492.0,,100,57.751742,state_verified
accepted,3,protected,measured,100,17,32878.0,,100,57.751742,state_verified
accepted,3,protected,measured,100,18,2014.0,,100,57.751742,state_verified
accepted,3,protected,measured,100,19,1718.0,,100,57.751742,state_verified
accepted,3,protected,measured,100,20,1752.0,,100,57.751742,state_verified
accepted,3,protected,measured,100,21,31964.0,,100,57.751742,state_verified
accepted,3,protected,measured,100,22,2658.0,,100,57.751742,state_verified
accepted,3,protected,measured,100,23,1348.0,,100,57.751742,state_verified
accepted,3,protected,measured,100,24,1385.0,,100,57.751742,state_verified
accepted,3,protected,measured,100,25,33062.0,,100,57.751742,state_verified
accepted,3,protected,measured,100,26,2651.0,,100,57.751742,state_verified
accepted,3,protected,measured,100,27,2060.0,,100,57.751742,state_verified
accepted,3,protected,measured,100,28,1687.0,,100,57.751742,state_verified
accepted,3,protected,measured,100,29,31791.0,,100,57.751742,state_verified
accepted,3,protected,measured,100,30,1813.0,,100,57.751742,state_verified
accepted,3,protected,measured,100,31,1360.0,,100,57.751742,state_verified
accepted,3,protected,measured,100,32,1450.0,,100,57.751742,state_verified
accepted,3,protected,measured,100,33,32072.0,,100,57.751742,state_verified
accepted,3,protected,measured,100,34,1676.0,,100,57.751742,state_verified
accepted,3,protected,measured,100,35,2087.0,,100,57.751742,state_verified
accepted,3,protected,measured,100,36,1697.0,,100,57.751742,state_verified
accepted,3,protected,measured,100,37,32098.0,,100,57.751742,state_verified
accepted,3,protected,measured,100,38,2498.0,,100,57.751742,state_verified
accepted,3,protected,measured,100,39,1421.0,,100,57.751742,state_verified
accepted,3,protected,measured,100,40,1668.0,,100,57.751742,state_verified
accepted,3,protected,measured,100,41,32740.0,,100,57.751742,state_verified
accepted,3,protected,measured,100,42,1889.0,,100,57.751742,state_verified
accepted,3,protected,measured,100,43,2106.0,,100,57.751742,state_verified
accepted,3,protected,measured,100,44,2323.0,,100,57.751742,state_verified
accepted,3,protected,measured,100,45,32695.0,,100,57.751742,state_verified
accepted,3,protected,measured,100,46,2182.0,,100,57.751742,state_verified
accepted,3,protected,measured,100,47,1738.0,,100,57.751742,state_verified
accepted,3,protected,measured,100,48,1823.0,,100,57.751742,state_verified
accepted,3,protected,measured,100,49,32293.0,,100,57.751742,state_verified
accepted,3,protected,measured,100,50,2804.0,,100,57.751742,state_verified
accepted,3,protected,measured,100,51,1736.0,,100,57.751742,state_verified
accepted,3,protected,measured,100,52,2228.0,,100,57.751742,state_verified
accepted,3,protected,measured,100,53,31702.0,,100,57.751742,state_verified
accepted,3,protected,measured,100,54,2620.0,,100,57.751742,state_verified
accepted,3,protected,measured,100,55,1759.0,,100,57.751742,state_verified
accepted,3,protected,measured,100,56,1433.0,,100,57.751742,state_verified
accepted,3,protected,measured,100,57,32511.0,,100,57.751742,state_verified
accepted,3,protected,measured,100,58,1709.0,,100,57.751742,state_verified
accepted,3,protected,measured,100,59,1970.0,,100,57.751742,state_verified
accepted,3,protected,measured,100,60,1871.0,,100,57.751742,state_verified
accepted,3,protected,measured,100,61,31801.0,,100,57.751742,state_verified
accepted,3,protected,measured,100,62,1753.0,,100,57.751742,state_verified
accepted,3,protected,measured,100,63,1798.0,,100,57.751742,state_verified
accepted,3,protected,measured,100,64,1506.0,,100,57.751742,state_verified
accepted,3,protected,measured,100,65,31587.0,,100,57.751742,state_verified
accepted,3,protected,measured,100,66,1972.0,,100,57.751742,state_verified
accepted,3,protected,measured,100,67,1450.0,,100,57.751742,state_verified
accepted,3,protected,measured,100,68,1730.0,,100,57.751742,state_verified
accepted,3,protected,measured,100,69,31665.0,,100,57.751742,state_verified
accepted,3,protected,measured,100,70,1929.0,,100,57.751742,state_verified
accepted,3,protected,measured,100,71,2000.0,,100,57.751742,state_verified
accepted,3,protected,measured,100,72,1966.0,,100,57.751742,state_verified
accepted,3,protected,measured,100,73,32629.0,,100,57.751742,state_verified
accepted,3,protected,measured,100,74,2830.0,,100,57.751742,state_verified
accepted,3,protected,measured,100,75,1866.0,,100,57.751742,state_verified
accepted,3,protected,measured,100,76,1677.0,,100,57.751742,state_verified
accepted,3,protected,measured,100,77,31604.0,,100,57.751742,state_verified
accepted,3,protected,measured,100,78,1775.0,,100,57.751742,state_verified
accepted,3,protected,measured,100,79,1773.0,,100,57.751742,state_verified
accepted,3,protected,measured,100,80,1388.0,,100,57.751742,state_verified
accepted,3,protected,measured,100,81,31590.0,,100,57.751742,state_verified
accepted,3,protected,measured,100,82,2323.0,,100,57.751742,state_verified
accepted,3,protected,measured,100,83,1506.0,,100,57.751742,state_verified
accepted,3,protected,measured,100,84,1474.0,,100,57.751742,state_verified
accepted,3,protected,measured,100,85,156364.0,,100,57.751742,state_verified
accepted,3,protected,measured,100,86,95793.0,,100,57.751742,state_verified
accepted,3,protected,measured,100,87,2672.0,,100,57.751742,state_verified
accepted,3,protected,measured,100,88,31661.0,,100,57.751742,state_verified
accepted,3,protected,measured,100,89,1669.0,,100,57.751742,state_verified
accepted,3,protected,measured,100,90,1603.0,,100,57.751742,state_verified
accepted,3,protected,measured,100,91,1469.0,,100,57.751742,state_verified
accepted,3,protected,measured,100,92,30423.0,,100,57.751742,state_verified
accepted,3,protected,measured,100,93,2594.0,,100,57.751742,state_verified
accepted,3,protected,measured,100,94,1633.0,,100,57.751742,state_verified
accepted,3,protected,measured,100,95,1789.0,,100,57.751742,state_verified
accepted,3,protected,measured,100,96,31444.0,,100,57.751742,state_verified
accepted,3,protected,measured,100,97,2016.0,,100,57.751742,state_verified
accepted,3,protected,measured,100,98,1765.0,,100,57.751742,state_verified
accepted,3,protected,measured,100,99,1916.0,,100,57.751742,state_verified
accepted,3,protected,measured,100,100,30878.0,,100,57.751742,state_verified
accepted,3,protected,measured,100,101,1836.0,,100,57.751742,state_verified
accepted,3,protected,measured,100,102,1770.0,,100,57.751742,state_verified
accepted,3,protected,measured,100,103,1589.0,,100,57.751742,state_verified
accepted,3,protected,measured,100,104,31049.0,,100,57.751742,state_verified
accepted,3,protected,measured,100,105,2525.0,,100,57.751742,state_verified
accepted,3,protected,measured,100,106,1760.0,,100,57.751742,state_verified
accepted,3,protected,measured,100,107,1650.0,,100,57.751742,state_verified
accepted,3,protected,measured,100,108,30676.0,,100,57.751742,state_verified
accepted,3,protected,measured,100,109,1575.0,,100,57.751742,state_verified
accepted,3,protected,measured,100,110,1233.0,,100,57.751742,state_verified
accepted,3,protected,measured,100,111,1306.0,,100,57.751742,state_verified
accepted,3,protected,measured,100,112,31920.0,,100,57.751742,state_verified
accepted,3,protected,measured,100,113,2188.0,,100,57.751742,state_verified
accepted,3,protected,measured,100,114,2761.0,,100,57.751742,state_verified
accepted,3,protected,measured,100,115,1818.0,,100,57.751742,state_verified
accepted,3,protected,measured,100,116,1028615.0,,100,57.751742,state_verified
accepted,3,protected,measured,100,117,104619.0,,100,57.751742,state_verified
accepted,3,protected,measured,100,118,35538.0,,100,57.751742,state_verified
accepted,3,protected,measured,100,119,51586.0,,100,57.751742,state_verified
accepted,3,protected,measured,100,120,51096.0,,100,57.751742,state_verified
accepted,3,protected,measured,100,121,50429.0,,100,57.751742,state_verified
accepted,3,protected,measured,100,122,50599.0,,100,57.751742,state_verified
accepted,3,protected,measured,100,123,56320.0,,100,57.751742,state_verified
accepted,3,protected,measured,100,124,2868.0,,100,57.751742,state_verified
accepted,3,protected,measured,100,125,1295.0,,100,57.751742,state_verified
accepted,3,protected,measured,100,126,45641.0,,100,57.751742,state_verified
accepted,3,protected,measured,100,127,2709.0,,100,57.751742,state_verified
accepted,3,protected,measured,100,128,1378.0,,100,57.751742,state_verified
accepted,3,protected,measured,100,129,1598.0,,100,57.751742,state_verified
accepted,3,protected,measured,100,130,48612.0,,100,57.751742,state_verified
accepted,3,protected,measured,100,131,2144.0,,100,57.751742,state_verified
accepted,3,protected,measured,100,132,1449.0,,100,57.751742,state_verified
accepted,3,protected,measured,100,133,1395.0,,100,57.751742,state_verified
accepted,3,protected,measured,100,134,54815.0,,100,57.751742,state_verified
accepted,3,protected,measured,100,135,1929.0,,100,57.751742,state_verified
accepted,3,protected,measured,100,136,1392.0,,100,57.751742,state_verified
accepted,3,protected,measured,100,137,1536.0,,100,57.751742,state_verified
accepted,3,protected,measured,100,138,53551.0,,100,57.751742,state_verified
accepted,3,protected,measured,100,139,1843.0,,100,57.751742,state_verified
accepted,3,protected,measured,100,140,1534.0,,100,57.751742,state_verified
accepted,3,protected,measured,100,141,1457.0,,100,57.751742,state_verified
accepted,3,protected,measured,100,142,75728.0,,100,57.751742,state_verified
accepted,3,protected,measured,100,143,2735.0,,100,57.751742,state_verified
accepted,3,protected,measured,100,144,1631.0,,100,57.751742,state_verified
accepted,3,protected,measured,100,145,1412.0,,100,57.751742,state_verified
accepted,3,protected,measured,100,146,63168.0,,100,57.751742,state_verified
accepted,3,protected,measured,100,147,2627.0,,100,57.751742,state_verified
accepted,3,protected,measured,100,148,1678.0,,100,57.751742,state_verified
accepted,3,protected,measured,100,149,1327.0,,100,57.751742,state_verified
accepted,3,protected,measured,100,150,28949.0,,100,57.751742,state_verified
accepted,3,protected,measured,100,151,2800.0,,100,57.751742,state_verified
accepted,3,protected,measured,100,152,1475.0,,100,57.751742,state_verified
accepted,3,protected,measured,100,153,1820.0,,100,57.751742,state_verified
accepted,3,protected,measured,100,154,25609.0,,100,57.751742,state_verified
accepted,3,protected,measured,100,155,2543.0,,100,57.751742,state_verified
accepted,3,protected,measured,100,156,1624.0,,100,57.751742,state_verified
accepted,3,protected,measured,100,157,1588.0,,100,57.751742,state_verified
accepted,3,protected,measured,100,158,31229.0,,100,57.751742,state_verified
accepted,3,protected,measured,100,159,2032.0,,100,57.751742,state_verified
accepted,3,protected,measured,100,160,1424.0,,100,57.751742,state_verified
accepted,3,protected,measured,100,161,1354.0,,100,57.751742,state_verified
accepted,3,protected,measured,100,162,11334.0,,100,57.751742,state_verified
accepted,3,protected,measured,100,163,2817.0,,100,57.751742,state_verified
accepted,3,protected,measured,100,164,1675.0,,100,57.751742,state_verified
accepted,3,protected,measured,100,165,1358.0,,100,57.751742,state_verified
accepted,3,protected,measured,100,166,11468.0,,100,57.751742,state_verified
accepted,3,protected,measured,100,167,2426.0,,100,57.751742,state_verified
accepted,3,protected,measured,100,168,1742.0,,100,57.751742,state_verified
accepted,3,protected,measured,100,169,1558.0,,100,57.751742,state_verified
accepted,3,protected,measured,100,170,20537.0,,100,57.751742,state_verified
accepted,3,protected,measured,100,171,20688.0,,100,57.751742,state_verified
accepted,3,protected,measured,100,172,1617.0,,100,57.751742,state_verified
accepted,3,protected,measured,100,173,15661.0,,100,57.751742,state_verified
accepted,3,protected,measured,100,174,2313.0,,100,57.751742,state_verified
accepted,3,protected,measured,100,175,1431.0,,100,57.751742,state_verified
accepted,3,protected,measured,100,176,1500.0,,100,57.751742,state_verified
accepted,3,protected,measured,100,177,23279.0,,100,57.751742,state_verified
accepted,3,protected,measured,100,178,2420.0,,100,57.751742,state_verified
accepted,3,protected,measured,100,179,1685.0,,100,57.751742,state_verified
accepted,3,protected,measured,100,180,1486.0,,100,57.751742,state_verified
accepted,3,protected,measured,100,181,22741.0,,100,57.751742,state_verified
accepted,3,protected,measured,100,182,2788.0,,100,57.751742,state_verified
accepted,3,protected,measured,100,183,1439.0,,100,57.751742,state_verified
accepted,3,protected,measured,100,184,1374.0,,100,57.751742,state_verified
accepted,3,protected,measured,100,185,22537.0,,100,57.751742,state_verified
accepted,3,protected,measured,100,186,2209.0,,100,57.751742,state_verified
accepted,3,protected,measured,100,187,1663.0,,100,57.751742,state_verified
accepted,3,protected,measured,100,188,1451.0,,100,57.751742,state_verified
accepted,3,protected,measured,100,189,22523.0,,100,57.751742,state_verified
accepted,3,protected,measured,100,190,2557.0,,100,57.751742,state_verified
accepted,3,protected,measured,100,191,1952.0,,100,57.751742,state_verified
accepted,3,protected,measured,100,192,1716.0,,100,57.751742,state_verified
accepted,3,protected,measured,100,193,23494.0,,100,57.751742,state_verified
accepted,3,protected,measured,100,194,2655.0,,100,57.751742,state_verified
accepted,3,protected,measured,100,195,1408.0,,100,57.751742,state_verified
accepted,3,protected,measured,100,196,1576.0,,100,57.751742,state_verified
accepted,3,protected,measured,100,197,22606.0,,100,57.751742,state_verified
accepted,3,protected,measured,100,198,1615.0,,100,57.751742,state_verified
accepted,3,protected,measured,100,199,1431.0,,100,57.751742,state_verified
accepted,3,protected,measured,100,200,1519.0,,100,57.751742,state_verified
accepted,3,baseline,measured,users,1,21348.0,,1,109.084622,state_verified
accepted,3,baseline,measured,users,2,925.0,,1,109.084622,state_verified
accepted,3,baseline,measured,users,3,32565.0,,1,109.084622,state_verified
accepted,3,baseline,measured,users,4,1450.0,,1,109.084622,state_verified
accepted,3,baseline,measured,users,5,843.0,,1,109.084622,state_verified
accepted,3,baseline,measured,users,6,751.0,,1,109.084622,state_verified
accepted,3,baseline,measured,users,7,32033.0,,1,109.084622,state_verified
accepted,3,baseline,measured,users,8,1069.0,,1,109.084622,state_verified
accepted,3,baseline,measured,users,9,727.0,,1,109.084622,state_verified
accepted,3,baseline,measured,users,10,929.0,,1,109.084622,state_verified
accepted,3,baseline,measured,users,11,32652.0,,1,109.084622,state_verified
accepted,3,baseline,measured,users,12,1072.0,,1,109.084622,state_verified
accepted,3,baseline,measured,users,13,944.0,,1,109.084622,state_verified
accepted,3,baseline,measured,users,14,671.0,,1,109.084622,state_verified
accepted,3,baseline,measured,users,15,31899.0,,1,109.084622,state_verified
accepted,3,baseline,measured,users,16,1137.0,,1,109.084622,state_verified
accepted,3,baseline,measured,users,17,938.0,,1,109.084622,state_verified
accepted,3,baseline,measured,users,18,810.0,,1,109.084622,state_verified
accepted,3,baseline,measured,users,19,31689.0,,1,109.084622,state_verified
accepted,3,baseline,measured,users,20,1162.0,,1,109.084622,state_verified
accepted,3,baseline,measured,users,21,981.0,,1,109.084622,state_verified
accepted,3,baseline,measured,users,22,755.0,,1,109.084622,state_verified
accepted,3,baseline,measured,users,23,31103.0,,1,109.084622,state_verified
accepted,3,baseline,measured,users,24,1035.0,,1,109.084622,state_verified
accepted,3,baseline,measured,users,25,816.0,,1,109.084622,state_verified
accepted,3,baseline,measured,users,26,690.0,,1,109.084622,state_verified
accepted,3,baseline,measured,users,27,29910.0,,1,109.084622,state_verified
accepted,3,baseline,measured,users,28,859.0,,1,109.084622,state_verified
accepted,3,baseline,measured,users,29,817.0,,1,109.084622,state_verified
accepted,3,baseline,measured,users,30,771.0,,1,109.084622,state_verified
accepted,3,baseline,measured,users,31,30470.0,,1,109.084622,state_verified
accepted,3,baseline,measured,users,32,1086.0,,1,109.084622,state_verified
accepted,3,baseline,measured,users,33,1103.0,,1,109.084622,state_verified
accepted,3,baseline,measured,users,34,1071.0,,1,109.084622,state_verified
accepted,3,baseline,measured,users,35,31915.0,,1,109.084622,state_verified
accepted,3,baseline,measured,users,36,1175.0,,1,109.084622,state_verified
accepted,3,baseline,measured,users,37,946.0,,1,109.084622,state_verified
accepted,3,baseline,measured,users,38,885.0,,1,109.084622,state_verified
accepted,3,baseline,measured,users,39,31433.0,,1,109.084622,state_verified
accepted,3,baseline,measured,users,40,1060.0,,1,109.084622,state_verified
accepted,3,baseline,measured,users,41,819.0,,1,109.084622,state_verified
accepted,3,baseline,measured,users,42,847.0,,1,109.084622,state_verified
accepted,3,baseline,measured,users,43,31293.0,,1,109.084622,state_verified
accepted,3,baseline,measured,users,44,845.0,,1,109.084622,state_verified
accepted,3,baseline,measured,users,45,895.0,,1,109.084622,state_verified
accepted,3,baseline,measured,users,46,808.0,,1,109.084622,state_verified
accepted,3,baseline,measured,users,47,31255.0,,1,109.084622,state_verified
accepted,3,baseline,measured,users,48,1073.0,,1,109.084622,state_verified
accepted,3,baseline,measured,users,49,875.0,,1,109.084622,state_verified
accepted,3,baseline,measured,users,50,864.0,,1,109.084622,state_verified
accepted,3,baseline,measured,users,51,31491.0,,1,109.084622,state_verified
accepted,3,baseline,measured,users,52,981.0,,1,109.084622,state_verified
accepted,3,baseline,measured,users,53,842.0,,1,109.084622,state_verified
accepted,3,baseline,measured,users,54,651.0,,1,109.084622,state_verified
accepted,3,baseline,measured,users,55,30783.0,,1,109.084622,state_verified
accepted,3,baseline,measured,users,56,1166.0,,1,109.084622,state_verified
accepted,3,baseline,measured,users,57,1117.0,,1,109.084622,state_verified
accepted,3,baseline,measured,users,58,1109.0,,1,109.084622,state_verified
accepted,3,baseline,measured,users,59,30784.0,,1,109.084622,state_verified
accepted,3,baseline,measured,users,60,983.0,,1,109.084622,state_verified
accepted,3,baseline,measured,users,61,908.0,,1,109.084622,state_verified
accepted,3,baseline,measured,users,62,1043.0,,1,109.084622,state_verified
accepted,3,baseline,measured,users,63,30837.0,,1,109.084622,state_verified
accepted,3,baseline,measured,users,64,1023.0,,1,109.084622,state_verified
accepted,3,baseline,measured,users,65,942.0,,1,109.084622,state_verified
accepted,3,baseline,measured,users,66,765.0,,1,109.084622,state_verified
accepted,3,baseline,measured,users,67,32933.0,,1,109.084622,state_verified
accepted,3,baseline,measured,users,68,1039.0,,1,109.084622,state_verified
accepted,3,baseline,measured,users,69,988.0,,1,109.084622,state_verified
accepted,3,baseline,measured,users,70,840.0,,1,109.084622,state_verified
accepted,3,baseline,measured,users,71,32430.0,,1,109.084622,state_verified
accepted,3,baseline,measured,users,72,1056.0,,1,109.084622,state_verified
accepted,3,baseline,measured,users,73,943.0,,1,109.084622,state_verified
accepted,3,baseline,measured,users,74,798.0,,1,109.084622,state_verified
accepted,3,baseline,measured,users,75,32322.0,,1,109.084622,state_verified
accepted,3,baseline,measured,users,76,1034.0,,1,109.084622,state_verified
accepted,3,baseline,measured,users,77,1419.0,,1,109.084622,state_verified
accepted,3,baseline,measured,users,78,1156.0,,1,109.084622,state_verified
accepted,3,baseline,measured,users,79,32286.0,,1,109.084622,state_verified
accepted,3,baseline,measured,users,80,1027.0,,1,109.084622,state_verified
accepted,3,baseline,measured,users,81,942.0,,1,109.084622,state_verified
accepted,3,baseline,measured,users,82,820.0,,1,109.084622,state_verified
accepted,3,baseline,measured,users,83,32450.0,,1,109.084622,state_verified
accepted,3,baseline,measured,users,84,875.0,,1,109.084622,state_verified
accepted,3,baseline,measured,users,85,874.0,,1,109.084622,state_verified
accepted,3,baseline,measured,users,86,835.0,,1,109.084622,state_verified
accepted,3,baseline,measured,users,87,31580.0,,1,109.084622,state_verified
accepted,3,baseline,measured,users,88,1024.0,,1,109.084622,state_verified
accepted,3,baseline,measured,users,89,1044.0,,1,109.084622,state_verified
accepted,3,baseline,measured,users,90,900.0,,1,109.084622,state_verified
accepted,3,baseline,measured,users,91,31604.0,,1,109.084622,state_verified
accepted,3,baseline,measured,users,92,1425.0,,1,109.084622,state_verified
accepted,3,baseline,measured,users,93,1033.0,,1,109.084622,state_verified
accepted,3,baseline,measured,users,94,865.0,,1,109.084622,state_verified
accepted,3,baseline,measured,users,95,31316.0,,1,109.084622,state_verified
accepted,3,baseline,measured,users,96,805.0,,1,109.084622,state_verified
accepted,3,baseline,measured,users,97,643.0,,1,109.084622,state_verified
accepted,3,baseline,measured,users,98,667.0,,1,109.084622,state_verified
accepted,3,baseline,measured,users,99,32254.0,,1,109.084622,state_verified
accepted,3,baseline,measured,users,100,788.0,,1,109.084622,state_verified
accepted,3,baseline,measured,users,101,745.0,,1,109.084622,state_verified
accepted,3,baseline,measured,users,102,639.0,,1,109.084622,state_verified
accepted,3,baseline,measured,users,103,31549.0,,1,109.084622,state_verified
accepted,3,baseline,measured,users,104,1030.0,,1,109.084622,state_verified
accepted,3,baseline,measured,users,105,935.0,,1,109.084622,state_verified
accepted,3,baseline,measured,users,106,663.0,,1,109.084622,state_verified
accepted,3,baseline,measured,users,107,32248.0,,1,109.084622,state_verified
accepted,3,baseline,measured,users,108,1131.0,,1,109.084622,state_verified
accepted,3,baseline,measured,users,109,855.0,,1,109.084622,state_verified
accepted,3,baseline,measured,users,110,720.0,,1,109.084622,state_verified
accepted,3,baseline,measured,users,111,31707.0,,1,109.084622,state_verified
accepted,3,baseline,measured,users,112,869.0,,1,109.084622,state_verified
accepted,3,baseline,measured,users,113,677.0,,1,109.084622,state_verified
accepted,3,baseline,measured,users,114,836.0,,1,109.084622,state_verified
accepted,3,baseline,measured,users,115,34057.0,,1,109.084622,state_verified
accepted,3,baseline,measured,users,116,1062.0,,1,109.084622,state_verified
accepted,3,baseline,measured,users,117,673.0,,1,109.084622,state_verified
accepted,3,baseline,measured,users,118,674.0,,1,109.084622,state_verified
accepted,3,baseline,measured,users,119,34339.0,,1,109.084622,state_verified
accepted,3,baseline,measured,users,120,1071.0,,1,109.084622,state_verified
accepted,3,baseline,measured,users,121,1076.0,,1,109.084622,state_verified
accepted,3,baseline,measured,users,122,934.0,,1,109.084622,state_verified
accepted,3,baseline,measured,users,123,33997.0,,1,109.084622,state_verified
accepted,3,baseline,measured,users,124,1051.0,,1,109.084622,state_verified
accepted,3,baseline,measured,users,125,822.0,,1,109.084622,state_verified
accepted,3,baseline,measured,users,126,712.0,,1,109.084622,state_verified
accepted,3,baseline,measured,users,127,33994.0,,1,109.084622,state_verified
accepted,3,baseline,measured,users,128,1033.0,,1,109.084622,state_verified
accepted,3,baseline,measured,users,129,786.0,,1,109.084622,state_verified
accepted,3,baseline,measured,users,130,887.0,,1,109.084622,state_verified
accepted,3,baseline,measured,users,131,34842.0,,1,109.084622,state_verified
accepted,3,baseline,measured,users,132,972.0,,1,109.084622,state_verified
accepted,3,baseline,measured,users,133,948.0,,1,109.084622,state_verified
accepted,3,baseline,measured,users,134,798.0,,1,109.084622,state_verified
accepted,3,baseline,measured,users,135,34562.0,,1,109.084622,state_verified
accepted,3,baseline,measured,users,136,1048.0,,1,109.084622,state_verified
accepted,3,baseline,measured,users,137,846.0,,1,109.084622,state_verified
accepted,3,baseline,measured,users,138,672.0,,1,109.084622,state_verified
accepted,3,baseline,measured,users,139,34537.0,,1,109.084622,state_verified
accepted,3,baseline,measured,users,140,1039.0,,1,109.084622,state_verified
accepted,3,baseline,measured,users,141,949.0,,1,109.084622,state_verified
accepted,3,baseline,measured,users,142,888.0,,1,109.084622,state_verified
accepted,3,baseline,measured,users,143,34547.0,,1,109.084622,state_verified
accepted,3,baseline,measured,users,144,853.0,,1,109.084622,state_verified
accepted,3,baseline,measured,users,145,812.0,,1,109.084622,state_verified
accepted,3,baseline,measured,users,146,959.0,,1,109.084622,state_verified
accepted,3,baseline,measured,users,147,35238.0,,1,109.084622,state_verified
accepted,3,baseline,measured,users,148,861.0,,1,109.084622,state_verified
accepted,3,baseline,measured,users,149,968.0,,1,109.084622,state_verified
accepted,3,baseline,measured,users,150,709.0,,1,109.084622,state_verified
accepted,3,baseline,measured,users,151,34835.0,,1,109.084622,state_verified
accepted,3,baseline,measured,users,152,1058.0,,1,109.084622,state_verified
accepted,3,baseline,measured,users,153,857.0,,1,109.084622,state_verified
accepted,3,baseline,measured,users,154,740.0,,1,109.084622,state_verified
accepted,3,baseline,measured,users,155,34640.0,,1,109.084622,state_verified
accepted,3,baseline,measured,users,156,1023.0,,1,109.084622,state_verified
accepted,3,baseline,measured,users,157,833.0,,1,109.084622,state_verified
accepted,3,baseline,measured,users,158,733.0,,1,109.084622,state_verified
accepted,3,baseline,measured,users,159,34668.0,,1,109.084622,state_verified
accepted,3,baseline,measured,users,160,1207.0,,1,109.084622,state_verified
accepted,3,baseline,measured,users,161,1171.0,,1,109.084622,state_verified
accepted,3,baseline,measured,users,162,766.0,,1,109.084622,state_verified
accepted,3,baseline,measured,users,163,35347.0,,1,109.084622,state_verified
accepted,3,baseline,measured,users,164,1007.0,,1,109.084622,state_verified
accepted,3,baseline,measured,users,165,875.0,,1,109.084622,state_verified
accepted,3,baseline,measured,users,166,659.0,,1,109.084622,state_verified
accepted,3,baseline,measured,users,167,34961.0,,1,109.084622,state_verified
accepted,3,baseline,measured,users,168,1172.0,,1,109.084622,state_verified
accepted,3,baseline,measured,users,169,906.0,,1,109.084622,state_verified
accepted,3,baseline,measured,users,170,826.0,,1,109.084622,state_verified
accepted,3,baseline,measured,users,171,35185.0,,1,109.084622,state_verified
accepted,3,baseline,measured,users,172,971.0,,1,109.084622,state_verified
accepted,3,baseline,measured,users,173,908.0,,1,109.084622,state_verified
accepted,3,baseline,measured,users,174,694.0,,1,109.084622,state_verified
accepted,3,baseline,measured,users,175,34559.0,,1,109.084622,state_verified
accepted,3,baseline,measured,users,176,907.0,,1,109.084622,state_verified
accepted,3,baseline,measured,users,177,943.0,,1,109.084622,state_verified
accepted,3,baseline,measured,users,178,869.0,,1,109.084622,state_verified
accepted,3,baseline,measured,users,179,35392.0,,1,109.084622,state_verified
accepted,3,baseline,measured,users,180,21925.0,,1,109.084622,state_verified
accepted,3,baseline,measured,users,181,1141.0,,1,109.084622,state_verified
accepted,3,baseline,measured,users,182,900.0,,1,109.084622,state_verified
accepted,3,baseline,measured,users,183,35115.0,,1,109.084622,state_verified
accepted,3,baseline,measured,users,184,1228.0,,1,109.084622,state_verified
accepted,3,baseline,measured,users,185,996.0,,1,109.084622,state_verified
accepted,3,baseline,measured,users,186,857.0,,1,109.084622,state_verified
accepted,3,baseline,measured,users,187,35166.0,,1,109.084622,state_verified
accepted,3,baseline,measured,users,188,993.0,,1,109.084622,state_verified
accepted,3,baseline,measured,users,189,876.0,,1,109.084622,state_verified
accepted,3,baseline,measured,users,190,678.0,,1,109.084622,state_verified
accepted,3,baseline,measured,users,191,35182.0,,1,109.084622,state_verified
accepted,3,baseline,measured,users,192,1004.0,,1,109.084622,state_verified
accepted,3,baseline,measured,users,193,729.0,,1,109.084622,state_verified
accepted,3,baseline,measured,users,194,604.0,,1,109.084622,state_verified
accepted,3,baseline,measured,users,195,35411.0,,1,109.084622,state_verified
accepted,3,baseline,measured,users,196,946.0,,1,109.084622,state_verified
accepted,3,baseline,measured,users,197,828.0,,1,109.084622,state_verified
accepted,3,baseline,measured,users,198,827.0,,1,109.084622,state_verified
accepted,3,baseline,measured,users,199,34750.0,,1,109.084622,state_verified
accepted,3,baseline,measured,users,200,850.0,,1,109.084622,state_verified
accepted,3,protected,measured,users,1,2700.0,,1,1333.938052,state_verified
accepted,3,protected,measured,users,2,789.0,,1,1333.938052,state_verified
accepted,3,protected,measured,users,3,808.0,,1,1333.938052,state_verified
accepted,3,protected,measured,users,4,736.0,,1,1333.938052,state_verified
accepted,3,protected,measured,users,5,746.0,,1,1333.938052,state_verified
accepted,3,protected,measured,users,6,737.0,,1,1333.938052,state_verified
accepted,3,protected,measured,users,7,716.0,,1,1333.938052,state_verified
accepted,3,protected,measured,users,8,731.0,,1,1333.938052,state_verified
accepted,3,protected,measured,users,9,728.0,,1,1333.938052,state_verified
accepted,3,protected,measured,users,10,654.0,,1,1333.938052,state_verified
accepted,3,protected,measured,users,11,631.0,,1,1333.938052,state_verified
accepted,3,protected,measured,users,12,681.0,,1,1333.938052,state_verified
accepted,3,protected,measured,users,13,690.0,,1,1333.938052,state_verified
accepted,3,protected,measured,users,14,673.0,,1,1333.938052,state_verified
accepted,3,protected,measured,users,15,653.0,,1,1333.938052,state_verified
accepted,3,protected,measured,users,16,662.0,,1,1333.938052,state_verified
accepted,3,protected,measured,users,17,690.0,,1,1333.938052,state_verified
accepted,3,protected,measured,users,18,684.0,,1,1333.938052,state_verified
accepted,3,protected,measured,users,19,644.0,,1,1333.938052,state_verified
accepted,3,protected,measured,users,20,680.0,,1,1333.938052,state_verified
accepted,3,protected,measured,users,21,674.0,,1,1333.938052,state_verified
accepted,3,protected,measured,users,22,639.0,,1,1333.938052,state_verified
accepted,3,protected,measured,users,23,714.0,,1,1333.938052,state_verified
accepted,3,protected,measured,users,24,653.0,,1,1333.938052,state_verified
accepted,3,protected,measured,users,25,645.0,,1,1333.938052,state_verified
accepted,3,protected,measured,users,26,685.0,,1,1333.938052,state_verified
accepted,3,protected,measured,users,27,657.0,,1,1333.938052,state_verified
accepted,3,protected,measured,users,28,647.0,,1,1333.938052,state_verified
accepted,3,protected,measured,users,29,687.0,,1,1333.938052,state_verified
accepted,3,protected,measured,users,30,654.0,,1,1333.938052,state_verified
accepted,3,protected,measured,users,31,666.0,,1,1333.938052,state_verified
accepted,3,protected,measured,users,32,664.0,,1,1333.938052,state_verified
accepted,3,protected,measured,users,33,648.0,,1,1333.938052,state_verified
accepted,3,protected,measured,users,34,679.0,,1,1333.938052,state_verified
accepted,3,protected,measured,users,35,1003.0,,1,1333.938052,state_verified
accepted,3,protected,measured,users,36,994.0,,1,1333.938052,state_verified
accepted,3,protected,measured,users,37,1024.0,,1,1333.938052,state_verified
accepted,3,protected,measured,users,38,1088.0,,1,1333.938052,state_verified
accepted,3,protected,measured,users,39,877.0,,1,1333.938052,state_verified
accepted,3,protected,measured,users,40,688.0,,1,1333.938052,state_verified
accepted,3,protected,measured,users,41,660.0,,1,1333.938052,state_verified
accepted,3,protected,measured,users,42,676.0,,1,1333.938052,state_verified
accepted,3,protected,measured,users,43,655.0,,1,1333.938052,state_verified
accepted,3,protected,measured,users,44,638.0,,1,1333.938052,state_verified
accepted,3,protected,measured,users,45,638.0,,1,1333.938052,state_verified
accepted,3,protected,measured,users,46,663.0,,1,1333.938052,state_verified
accepted,3,protected,measured,users,47,770.0,,1,1333.938052,state_verified
accepted,3,protected,measured,users,48,619.0,,1,1333.938052,state_verified
accepted,3,protected,measured,users,49,638.0,,1,1333.938052,state_verified
accepted,3,protected,measured,users,50,615.0,,1,1333.938052,state_verified
accepted,3,protected,measured,users,51,648.0,,1,1333.938052,state_verified
accepted,3,protected,measured,users,52,635.0,,1,1333.938052,state_verified
accepted,3,protected,measured,users,53,670.0,,1,1333.938052,state_verified
accepted,3,protected,measured,users,54,639.0,,1,1333.938052,state_verified
accepted,3,protected,measured,users,55,613.0,,1,1333.938052,state_verified
accepted,3,protected,measured,users,56,659.0,,1,1333.938052,state_verified
accepted,3,protected,measured,users,57,635.0,,1,1333.938052,state_verified
accepted,3,protected,measured,users,58,614.0,,1,1333.938052,state_verified
accepted,3,protected,measured,users,59,679.0,,1,1333.938052,state_verified
accepted,3,protected,measured,users,60,686.0,,1,1333.938052,state_verified
accepted,3,protected,measured,users,61,808.0,,1,1333.938052,state_verified
accepted,3,protected,measured,users,62,969.0,,1,1333.938052,state_verified
accepted,3,protected,measured,users,63,1057.0,,1,1333.938052,state_verified
accepted,3,protected,measured,users,64,783.0,,1,1333.938052,state_verified
accepted,3,protected,measured,users,65,686.0,,1,1333.938052,state_verified
accepted,3,protected,measured,users,66,709.0,,1,1333.938052,state_verified
accepted,3,protected,measured,users,67,679.0,,1,1333.938052,state_verified
accepted,3,protected,measured,users,68,757.0,,1,1333.938052,state_verified
accepted,3,protected,measured,users,69,807.0,,1,1333.938052,state_verified
accepted,3,protected,measured,users,70,690.0,,1,1333.938052,state_verified
accepted,3,protected,measured,users,71,632.0,,1,1333.938052,state_verified
accepted,3,protected,measured,users,72,705.0,,1,1333.938052,state_verified
accepted,3,protected,measured,users,73,890.0,,1,1333.938052,state_verified
accepted,3,protected,measured,users,74,776.0,,1,1333.938052,state_verified
accepted,3,protected,measured,users,75,643.0,,1,1333.938052,state_verified
accepted,3,protected,measured,users,76,668.0,,1,1333.938052,state_verified
accepted,3,protected,measured,users,77,648.0,,1,1333.938052,state_verified
accepted,3,protected,measured,users,78,638.0,,1,1333.938052,state_verified
accepted,3,protected,measured,users,79,610.0,,1,1333.938052,state_verified
accepted,3,protected,measured,users,80,640.0,,1,1333.938052,state_verified
accepted,3,protected,measured,users,81,669.0,,1,1333.938052,state_verified
accepted,3,protected,measured,users,82,637.0,,1,1333.938052,state_verified
accepted,3,protected,measured,users,83,634.0,,1,1333.938052,state_verified
accepted,3,protected,measured,users,84,670.0,,1,1333.938052,state_verified
accepted,3,protected,measured,users,85,629.0,,1,1333.938052,state_verified
accepted,3,protected,measured,users,86,648.0,,1,1333.938052,state_verified
accepted,3,protected,measured,users,87,642.0,,1,1333.938052,state_verified
accepted,3,protected,measured,users,88,694.0,,1,1333.938052,state_verified
accepted,3,protected,measured,users,89,628.0,,1,1333.938052,state_verified
accepted,3,protected,measured,users,90,598.0,,1,1333.938052,state_verified
accepted,3,protected,measured,users,91,596.0,,1,1333.938052,state_verified
accepted,3,protected,measured,users,92,619.0,,1,1333.938052,state_verified
accepted,3,protected,measured,users,93,687.0,,1,1333.938052,state_verified
accepted,3,protected,measured,users,94,649.0,,1,1333.938052,state_verified
accepted,3,protected,measured,users,95,634.0,,1,1333.938052,state_verified
accepted,3,protected,measured,users,96,606.0,,1,1333.938052,state_verified
accepted,3,protected,measured,users,97,619.0,,1,1333.938052,state_verified
accepted,3,protected,measured,users,98,698.0,,1,1333.938052,state_verified
accepted,3,protected,measured,users,99,964.0,,1,1333.938052,state_verified
accepted,3,protected,measured,users,100,939.0,,1,1333.938052,state_verified
accepted,3,protected,measured,users,101,938.0,,1,1333.938052,state_verified
accepted,3,protected,measured,users,102,967.0,,1,1333.938052,state_verified
accepted,3,protected,measured,users,103,645.0,,1,1333.938052,state_verified
accepted,3,protected,measured,users,104,655.0,,1,1333.938052,state_verified
accepted,3,protected,measured,users,105,654.0,,1,1333.938052,state_verified
accepted,3,protected,measured,users,106,660.0,,1,1333.938052,state_verified
accepted,3,protected,measured,users,107,650.0,,1,1333.938052,state_verified
accepted,3,protected,measured,users,108,655.0,,1,1333.938052,state_verified
accepted,3,protected,measured,users,109,665.0,,1,1333.938052,state_verified
accepted,3,protected,measured,users,110,617.0,,1,1333.938052,state_verified
accepted,3,protected,measured,users,111,667.0,,1,1333.938052,state_verified
accepted,3,protected,measured,users,112,661.0,,1,1333.938052,state_verified
accepted,3,protected,measured,users,113,620.0,,1,1333.938052,state_verified
accepted,3,protected,measured,users,114,695.0,,1,1333.938052,state_verified
accepted,3,protected,measured,users,115,790.0,,1,1333.938052,state_verified
accepted,3,protected,measured,users,116,1021.0,,1,1333.938052,state_verified
accepted,3,protected,measured,users,117,703.0,,1,1333.938052,state_verified
accepted,3,protected,measured,users,118,652.0,,1,1333.938052,state_verified
accepted,3,protected,measured,users,119,633.0,,1,1333.938052,state_verified
accepted,3,protected,measured,users,120,680.0,,1,1333.938052,state_verified
accepted,3,protected,measured,users,121,665.0,,1,1333.938052,state_verified
accepted,3,protected,measured,users,122,650.0,,1,1333.938052,state_verified
accepted,3,protected,measured,users,123,653.0,,1,1333.938052,state_verified
accepted,3,protected,measured,users,124,645.0,,1,1333.938052,state_verified
accepted,3,protected,measured,users,125,644.0,,1,1333.938052,state_verified
accepted,3,protected,measured,users,126,827.0,,1,1333.938052,state_verified
accepted,3,protected,measured,users,127,855.0,,1,1333.938052,state_verified
accepted,3,protected,measured,users,128,781.0,,1,1333.938052,state_verified
accepted,3,protected,measured,users,129,1715.0,,1,1333.938052,state_verified
accepted,3,protected,measured,users,130,909.0,,1,1333.938052,state_verified
accepted,3,protected,measured,users,131,824.0,,1,1333.938052,state_verified
accepted,3,protected,measured,users,132,686.0,,1,1333.938052,state_verified
accepted,3,protected,measured,users,133,681.0,,1,1333.938052,state_verified
accepted,3,protected,measured,users,134,673.0,,1,1333.938052,state_verified
accepted,3,protected,measured,users,135,744.0,,1,1333.938052,state_verified
accepted,3,protected,measured,users,136,681.0,,1,1333.938052,state_verified
accepted,3,protected,measured,users,137,645.0,,1,1333.938052,state_verified
accepted,3,protected,measured,users,138,674.0,,1,1333.938052,state_verified
accepted,3,protected,measured,users,139,617.0,,1,1333.938052,state_verified
accepted,3,protected,measured,users,140,945.0,,1,1333.938052,state_verified
accepted,3,protected,measured,users,141,695.0,,1,1333.938052,state_verified
accepted,3,protected,measured,users,142,655.0,,1,1333.938052,state_verified
accepted,3,protected,measured,users,143,650.0,,1,1333.938052,state_verified
accepted,3,protected,measured,users,144,696.0,,1,1333.938052,state_verified
accepted,3,protected,measured,users,145,721.0,,1,1333.938052,state_verified
accepted,3,protected,measured,users,146,672.0,,1,1333.938052,state_verified
accepted,3,protected,measured,users,147,653.0,,1,1333.938052,state_verified
accepted,3,protected,measured,users,148,640.0,,1,1333.938052,state_verified
accepted,3,protected,measured,users,149,652.0,,1,1333.938052,state_verified
accepted,3,protected,measured,users,150,764.0,,1,1333.938052,state_verified
accepted,3,protected,measured,users,151,728.0,,1,1333.938052,state_verified
accepted,3,protected,measured,users,152,669.0,,1,1333.938052,state_verified
accepted,3,protected,measured,users,153,640.0,,1,1333.938052,state_verified
accepted,3,protected,measured,users,154,666.0,,1,1333.938052,state_verified
accepted,3,protected,measured,users,155,649.0,,1,1333.938052,state_verified
accepted,3,protected,measured,users,156,657.0,,1,1333.938052,state_verified
accepted,3,protected,measured,users,157,651.0,,1,1333.938052,state_verified
accepted,3,protected,measured,users,158,977.0,,1,1333.938052,state_verified
accepted,3,protected,measured,users,159,980.0,,1,1333.938052,state_verified
accepted,3,protected,measured,users,160,988.0,,1,1333.938052,state_verified
accepted,3,protected,measured,users,161,1026.0,,1,1333.938052,state_verified
accepted,3,protected,measured,users,162,696.0,,1,1333.938052,state_verified
accepted,3,protected,measured,users,163,675.0,,1,1333.938052,state_verified
accepted,3,protected,measured,users,164,661.0,,1,1333.938052,state_verified
accepted,3,protected,measured,users,165,643.0,,1,1333.938052,state_verified
accepted,3,protected,measured,users,166,674.0,,1,1333.938052,state_verified
accepted,3,protected,measured,users,167,721.0,,1,1333.938052,state_verified
accepted,3,protected,measured,users,168,872.0,,1,1333.938052,state_verified
accepted,3,protected,measured,users,169,942.0,,1,1333.938052,state_verified
accepted,3,protected,measured,users,170,798.0,,1,1333.938052,state_verified
accepted,3,protected,measured,users,171,714.0,,1,1333.938052,state_verified
accepted,3,protected,measured,users,172,716.0,,1,1333.938052,state_verified
accepted,3,protected,measured,users,173,702.0,,1,1333.938052,state_verified
accepted,3,protected,measured,users,174,710.0,,1,1333.938052,state_verified
accepted,3,protected,measured,users,175,747.0,,1,1333.938052,state_verified
accepted,3,protected,measured,users,176,886.0,,1,1333.938052,state_verified
accepted,3,protected,measured,users,177,914.0,,1,1333.938052,state_verified
accepted,3,protected,measured,users,178,685.0,,1,1333.938052,state_verified
accepted,3,protected,measured,users,179,847.0,,1,1333.938052,state_verified
accepted,3,protected,measured,users,180,896.0,,1,1333.938052,state_verified
accepted,3,protected,measured,users,181,653.0,,1,1333.938052,state_verified
accepted,3,protected,measured,users,182,632.0,,1,1333.938052,state_verified
accepted,3,protected,measured,users,183,636.0,,1,1333.938052,state_verified
accepted,3,protected,measured,users,184,645.0,,1,1333.938052,state_verified
accepted,3,protected,measured,users,185,643.0,,1,1333.938052,state_verified
accepted,3,protected,measured,users,186,673.0,,1,1333.938052,state_verified
accepted,3,protected,measured,users,187,722.0,,1,1333.938052,state_verified
accepted,3,protected,measured,users,188,1032.0,,1,1333.938052,state_verified
accepted,3,protected,measured,users,189,1016.0,,1,1333.938052,state_verified
accepted,3,protected,measured,users,190,1216.0,,1,1333.938052,state_verified
accepted,3,protected,measured,users,191,978.0,,1,1333.938052,state_verified
accepted,3,protected,measured,users,192,886.0,,1,1333.938052,state_verified
accepted,3,protected,measured,users,193,915.0,,1,1333.938052,state_verified
accepted,3,protected,measured,users,194,865.0,,1,1333.938052,state_verified
accepted,3,protected,measured,users,195,825.0,,1,1333.938052,state_verified
accepted,3,protected,measured,users,196,857.0,,1,1333.938052,state_verified
accepted,3,protected,measured,users,197,838.0,,1,1333.938052,state_verified
accepted,3,protected,measured,users,198,632.0,,1,1333.938052,state_verified
accepted,3,protected,measured,users,199,617.0,,1,1333.938052,state_verified
accepted,3,protected,measured,users,200,651.0,,1,1333.938052,state_verified
accepted,3,baseline,measured,refunds,1,2949.0,,1,1410.427289,state_verified
accepted,3,baseline,measured,refunds,2,704.0,,1,1410.427289,state_verified
accepted,3,baseline,measured,refunds,3,678.0,,1,1410.427289,state_verified
accepted,3,baseline,measured,refunds,4,684.0,,1,1410.427289,state_verified
accepted,3,baseline,measured,refunds,5,843.0,,1,1410.427289,state_verified
accepted,3,baseline,measured,refunds,6,1052.0,,1,1410.427289,state_verified
accepted,3,baseline,measured,refunds,7,822.0,,1,1410.427289,state_verified
accepted,3,baseline,measured,refunds,8,785.0,,1,1410.427289,state_verified
accepted,3,baseline,measured,refunds,9,702.0,,1,1410.427289,state_verified
accepted,3,baseline,measured,refunds,10,681.0,,1,1410.427289,state_verified
accepted,3,baseline,measured,refunds,11,1064.0,,1,1410.427289,state_verified
accepted,3,baseline,measured,refunds,12,1134.0,,1,1410.427289,state_verified
accepted,3,baseline,measured,refunds,13,1037.0,,1,1410.427289,state_verified
accepted,3,baseline,measured,refunds,14,1086.0,,1,1410.427289,state_verified
accepted,3,baseline,measured,refunds,15,819.0,,1,1410.427289,state_verified
accepted,3,baseline,measured,refunds,16,772.0,,1,1410.427289,state_verified
accepted,3,baseline,measured,refunds,17,762.0,,1,1410.427289,state_verified
accepted,3,baseline,measured,refunds,18,654.0,,1,1410.427289,state_verified
accepted,3,baseline,measured,refunds,19,592.0,,1,1410.427289,state_verified
accepted,3,baseline,measured,refunds,20,646.0,,1,1410.427289,state_verified
accepted,3,baseline,measured,refunds,21,609.0,,1,1410.427289,state_verified
accepted,3,baseline,measured,refunds,22,650.0,,1,1410.427289,state_verified
accepted,3,baseline,measured,refunds,23,629.0,,1,1410.427289,state_verified
accepted,3,baseline,measured,refunds,24,610.0,,1,1410.427289,state_verified
accepted,3,baseline,measured,refunds,25,1443.0,,1,1410.427289,state_verified
accepted,3,baseline,measured,refunds,26,626.0,,1,1410.427289,state_verified
accepted,3,baseline,measured,refunds,27,637.0,,1,1410.427289,state_verified
accepted,3,baseline,measured,refunds,28,621.0,,1,1410.427289,state_verified
accepted,3,baseline,measured,refunds,29,608.0,,1,1410.427289,state_verified
accepted,3,baseline,measured,refunds,30,584.0,,1,1410.427289,state_verified
accepted,3,baseline,measured,refunds,31,661.0,,1,1410.427289,state_verified
accepted,3,baseline,measured,refunds,32,629.0,,1,1410.427289,state_verified
accepted,3,baseline,measured,refunds,33,616.0,,1,1410.427289,state_verified
accepted,3,baseline,measured,refunds,34,616.0,,1,1410.427289,state_verified
accepted,3,baseline,measured,refunds,35,623.0,,1,1410.427289,state_verified
accepted,3,baseline,measured,refunds,36,609.0,,1,1410.427289,state_verified
accepted,3,baseline,measured,refunds,37,612.0,,1,1410.427289,state_verified
accepted,3,baseline,measured,refunds,38,649.0,,1,1410.427289,state_verified
accepted,3,baseline,measured,refunds,39,613.0,,1,1410.427289,state_verified
accepted,3,baseline,measured,refunds,40,732.0,,1,1410.427289,state_verified
accepted,3,baseline,measured,refunds,41,786.0,,1,1410.427289,state_verified
accepted,3,baseline,measured,refunds,42,623.0,,1,1410.427289,state_verified
accepted,3,baseline,measured,refunds,43,642.0,,1,1410.427289,state_verified
accepted,3,baseline,measured,refunds,44,657.0,,1,1410.427289,state_verified
accepted,3,baseline,measured,refunds,45,641.0,,1,1410.427289,state_verified
accepted,3,baseline,measured,refunds,46,705.0,,1,1410.427289,state_verified
accepted,3,baseline,measured,refunds,47,725.0,,1,1410.427289,state_verified
accepted,3,baseline,measured,refunds,48,688.0,,1,1410.427289,state_verified
accepted,3,baseline,measured,refunds,49,762.0,,1,1410.427289,state_verified
accepted,3,baseline,measured,refunds,50,711.0,,1,1410.427289,state_verified
accepted,3,baseline,measured,refunds,51,804.0,,1,1410.427289,state_verified
accepted,3,baseline,measured,refunds,52,702.0,,1,1410.427289,state_verified
accepted,3,baseline,measured,refunds,53,644.0,,1,1410.427289,state_verified
accepted,3,baseline,measured,refunds,54,713.0,,1,1410.427289,state_verified
accepted,3,baseline,measured,refunds,55,670.0,,1,1410.427289,state_verified
accepted,3,baseline,measured,refunds,56,663.0,,1,1410.427289,state_verified
accepted,3,baseline,measured,refunds,57,899.0,,1,1410.427289,state_verified
accepted,3,baseline,measured,refunds,58,624.0,,1,1410.427289,state_verified
accepted,3,baseline,measured,refunds,59,584.0,,1,1410.427289,state_verified
accepted,3,baseline,measured,refunds,60,603.0,,1,1410.427289,state_verified
accepted,3,baseline,measured,refunds,61,615.0,,1,1410.427289,state_verified
accepted,3,baseline,measured,refunds,62,611.0,,1,1410.427289,state_verified
accepted,3,baseline,measured,refunds,63,608.0,,1,1410.427289,state_verified
accepted,3,baseline,measured,refunds,64,609.0,,1,1410.427289,state_verified
accepted,3,baseline,measured,refunds,65,610.0,,1,1410.427289,state_verified
accepted,3,baseline,measured,refunds,66,614.0,,1,1410.427289,state_verified
accepted,3,baseline,measured,refunds,67,606.0,,1,1410.427289,state_verified
accepted,3,baseline,measured,refunds,68,633.0,,1,1410.427289,state_verified
accepted,3,baseline,measured,refunds,69,637.0,,1,1410.427289,state_verified
accepted,3,baseline,measured,refunds,70,639.0,,1,1410.427289,state_verified
accepted,3,baseline,measured,refunds,71,617.0,,1,1410.427289,state_verified
accepted,3,baseline,measured,refunds,72,618.0,,1,1410.427289,state_verified
accepted,3,baseline,measured,refunds,73,702.0,,1,1410.427289,state_verified
accepted,3,baseline,measured,refunds,74,677.0,,1,1410.427289,state_verified
accepted,3,baseline,measured,refunds,75,986.0,,1,1410.427289,state_verified
accepted,3,baseline,measured,refunds,76,981.0,,1,1410.427289,state_verified
accepted,3,baseline,measured,refunds,77,982.0,,1,1410.427289,state_verified
accepted,3,baseline,measured,refunds,78,971.0,,1,1410.427289,state_verified
accepted,3,baseline,measured,refunds,79,678.0,,1,1410.427289,state_verified
accepted,3,baseline,measured,refunds,80,697.0,,1,1410.427289,state_verified
accepted,3,baseline,measured,refunds,81,703.0,,1,1410.427289,state_verified
accepted,3,baseline,measured,refunds,82,624.0,,1,1410.427289,state_verified
accepted,3,baseline,measured,refunds,83,620.0,,1,1410.427289,state_verified
accepted,3,baseline,measured,refunds,84,620.0,,1,1410.427289,state_verified
accepted,3,baseline,measured,refunds,85,586.0,,1,1410.427289,state_verified
accepted,3,baseline,measured,refunds,86,614.0,,1,1410.427289,state_verified
accepted,3,baseline,measured,refunds,87,611.0,,1,1410.427289,state_verified
accepted,3,baseline,measured,refunds,88,621.0,,1,1410.427289,state_verified
accepted,3,baseline,measured,refunds,89,622.0,,1,1410.427289,state_verified
accepted,3,baseline,measured,refunds,90,647.0,,1,1410.427289,state_verified
accepted,3,baseline,measured,refunds,91,618.0,,1,1410.427289,state_verified
accepted,3,baseline,measured,refunds,92,646.0,,1,1410.427289,state_verified
accepted,3,baseline,measured,refunds,93,619.0,,1,1410.427289,state_verified
accepted,3,baseline,measured,refunds,94,622.0,,1,1410.427289,state_verified
accepted,3,baseline,measured,refunds,95,657.0,,1,1410.427289,state_verified
accepted,3,baseline,measured,refunds,96,666.0,,1,1410.427289,state_verified
accepted,3,baseline,measured,refunds,97,633.0,,1,1410.427289,state_verified
accepted,3,baseline,measured,refunds,98,675.0,,1,1410.427289,state_verified
accepted,3,baseline,measured,refunds,99,637.0,,1,1410.427289,state_verified
accepted,3,baseline,measured,refunds,100,650.0,,1,1410.427289,state_verified
accepted,3,baseline,measured,refunds,101,631.0,,1,1410.427289,state_verified
accepted,3,baseline,measured,refunds,102,618.0,,1,1410.427289,state_verified
accepted,3,baseline,measured,refunds,103,620.0,,1,1410.427289,state_verified
accepted,3,baseline,measured,refunds,104,618.0,,1,1410.427289,state_verified
accepted,3,baseline,measured,refunds,105,583.0,,1,1410.427289,state_verified
accepted,3,baseline,measured,refunds,106,602.0,,1,1410.427289,state_verified
accepted,3,baseline,measured,refunds,107,593.0,,1,1410.427289,state_verified
accepted,3,baseline,measured,refunds,108,640.0,,1,1410.427289,state_verified
accepted,3,baseline,measured,refunds,109,631.0,,1,1410.427289,state_verified
accepted,3,baseline,measured,refunds,110,613.0,,1,1410.427289,state_verified
accepted,3,baseline,measured,refunds,111,604.0,,1,1410.427289,state_verified
accepted,3,baseline,measured,refunds,112,630.0,,1,1410.427289,state_verified
accepted,3,baseline,measured,refunds,113,665.0,,1,1410.427289,state_verified
accepted,3,baseline,measured,refunds,114,769.0,,1,1410.427289,state_verified
accepted,3,baseline,measured,refunds,115,689.0,,1,1410.427289,state_verified
accepted,3,baseline,measured,refunds,116,590.0,,1,1410.427289,state_verified
accepted,3,baseline,measured,refunds,117,554.0,,1,1410.427289,state_verified
accepted,3,baseline,measured,refunds,118,568.0,,1,1410.427289,state_verified
accepted,3,baseline,measured,refunds,119,609.0,,1,1410.427289,state_verified
accepted,3,baseline,measured,refunds,120,566.0,,1,1410.427289,state_verified
accepted,3,baseline,measured,refunds,121,566.0,,1,1410.427289,state_verified
accepted,3,baseline,measured,refunds,122,595.0,,1,1410.427289,state_verified
accepted,3,baseline,measured,refunds,123,611.0,,1,1410.427289,state_verified
accepted,3,baseline,measured,refunds,124,648.0,,1,1410.427289,state_verified
accepted,3,baseline,measured,refunds,125,975.0,,1,1410.427289,state_verified
accepted,3,baseline,measured,refunds,126,645.0,,1,1410.427289,state_verified
accepted,3,baseline,measured,refunds,127,579.0,,1,1410.427289,state_verified
accepted,3,baseline,measured,refunds,128,531.0,,1,1410.427289,state_verified
accepted,3,baseline,measured,refunds,129,563.0,,1,1410.427289,state_verified
accepted,3,baseline,measured,refunds,130,556.0,,1,1410.427289,state_verified
accepted,3,baseline,measured,refunds,131,575.0,,1,1410.427289,state_verified
accepted,3,baseline,measured,refunds,132,550.0,,1,1410.427289,state_verified
accepted,3,baseline,measured,refunds,133,551.0,,1,1410.427289,state_verified
accepted,3,baseline,measured,refunds,134,536.0,,1,1410.427289,state_verified
accepted,3,baseline,measured,refunds,135,533.0,,1,1410.427289,state_verified
accepted,3,baseline,measured,refunds,136,524.0,,1,1410.427289,state_verified
accepted,3,baseline,measured,refunds,137,587.0,,1,1410.427289,state_verified
accepted,3,baseline,measured,refunds,138,563.0,,1,1410.427289,state_verified
accepted,3,baseline,measured,refunds,139,1066.0,,1,1410.427289,state_verified
accepted,3,baseline,measured,refunds,140,1468.0,,1,1410.427289,state_verified
accepted,3,baseline,measured,refunds,141,1377.0,,1,1410.427289,state_verified
accepted,3,baseline,measured,refunds,142,1147.0,,1,1410.427289,state_verified
accepted,3,baseline,measured,refunds,143,760.0,,1,1410.427289,state_verified
accepted,3,baseline,measured,refunds,144,716.0,,1,1410.427289,state_verified
accepted,3,baseline,measured,refunds,145,774.0,,1,1410.427289,state_verified
accepted,3,baseline,measured,refunds,146,852.0,,1,1410.427289,state_verified
accepted,3,baseline,measured,refunds,147,751.0,,1,1410.427289,state_verified
accepted,3,baseline,measured,refunds,148,891.0,,1,1410.427289,state_verified
accepted,3,baseline,measured,refunds,149,664.0,,1,1410.427289,state_verified
accepted,3,baseline,measured,refunds,150,577.0,,1,1410.427289,state_verified
accepted,3,baseline,measured,refunds,151,544.0,,1,1410.427289,state_verified
accepted,3,baseline,measured,refunds,152,562.0,,1,1410.427289,state_verified
accepted,3,baseline,measured,refunds,153,552.0,,1,1410.427289,state_verified
accepted,3,baseline,measured,refunds,154,578.0,,1,1410.427289,state_verified
accepted,3,baseline,measured,refunds,155,548.0,,1,1410.427289,state_verified
accepted,3,baseline,measured,refunds,156,597.0,,1,1410.427289,state_verified
accepted,3,baseline,measured,refunds,157,603.0,,1,1410.427289,state_verified
accepted,3,baseline,measured,refunds,158,552.0,,1,1410.427289,state_verified
accepted,3,baseline,measured,refunds,159,546.0,,1,1410.427289,state_verified
accepted,3,baseline,measured,refunds,160,631.0,,1,1410.427289,state_verified
accepted,3,baseline,measured,refunds,161,877.0,,1,1410.427289,state_verified
accepted,3,baseline,measured,refunds,162,921.0,,1,1410.427289,state_verified
accepted,3,baseline,measured,refunds,163,911.0,,1,1410.427289,state_verified
accepted,3,baseline,measured,refunds,164,826.0,,1,1410.427289,state_verified
accepted,3,baseline,measured,refunds,165,777.0,,1,1410.427289,state_verified
accepted,3,baseline,measured,refunds,166,701.0,,1,1410.427289,state_verified
accepted,3,baseline,measured,refunds,167,685.0,,1,1410.427289,state_verified
accepted,3,baseline,measured,refunds,168,754.0,,1,1410.427289,state_verified
accepted,3,baseline,measured,refunds,169,709.0,,1,1410.427289,state_verified
accepted,3,baseline,measured,refunds,170,699.0,,1,1410.427289,state_verified
accepted,3,baseline,measured,refunds,171,577.0,,1,1410.427289,state_verified
accepted,3,baseline,measured,refunds,172,578.0,,1,1410.427289,state_verified
accepted,3,baseline,measured,refunds,173,550.0,,1,1410.427289,state_verified
accepted,3,baseline,measured,refunds,174,551.0,,1,1410.427289,state_verified
accepted,3,baseline,measured,refunds,175,608.0,,1,1410.427289,state_verified
accepted,3,baseline,measured,refunds,176,580.0,,1,1410.427289,state_verified
accepted,3,baseline,measured,refunds,177,550.0,,1,1410.427289,state_verified
accepted,3,baseline,measured,refunds,178,571.0,,1,1410.427289,state_verified
accepted,3,baseline,measured,refunds,179,650.0,,1,1410.427289,state_verified
accepted,3,baseline,measured,refunds,180,708.0,,1,1410.427289,state_verified
accepted,3,baseline,measured,refunds,181,630.0,,1,1410.427289,state_verified
accepted,3,baseline,measured,refunds,182,615.0,,1,1410.427289,state_verified
accepted,3,baseline,measured,refunds,183,593.0,,1,1410.427289,state_verified
accepted,3,baseline,measured,refunds,184,766.0,,1,1410.427289,state_verified
accepted,3,baseline,measured,refunds,185,864.0,,1,1410.427289,state_verified
accepted,3,baseline,measured,refunds,186,721.0,,1,1410.427289,state_verified
accepted,3,baseline,measured,refunds,187,774.0,,1,1410.427289,state_verified
accepted,3,baseline,measured,refunds,188,764.0,,1,1410.427289,state_verified
accepted,3,baseline,measured,refunds,189,792.0,,1,1410.427289,state_verified
accepted,3,baseline,measured,refunds,190,707.0,,1,1410.427289,state_verified
accepted,3,baseline,measured,refunds,191,719.0,,1,1410.427289,state_verified
accepted,3,baseline,measured,refunds,192,742.0,,1,1410.427289,state_verified
accepted,3,baseline,measured,refunds,193,783.0,,1,1410.427289,state_verified
accepted,3,baseline,measured,refunds,194,1036.0,,1,1410.427289,state_verified
accepted,3,baseline,measured,refunds,195,635.0,,1,1410.427289,state_verified
accepted,3,baseline,measured,refunds,196,584.0,,1,1410.427289,state_verified
accepted,3,baseline,measured,refunds,197,560.0,,1,1410.427289,state_verified
accepted,3,baseline,measured,refunds,198,556.0,,1,1410.427289,state_verified
accepted,3,baseline,measured,refunds,199,547.0,,1,1410.427289,state_verified
accepted,3,baseline,measured,refunds,200,610.0,,1,1410.427289,state_verified
accepted,3,protected,measured,refunds,1,3344.0,,1,1471.378019,state_verified
accepted,3,protected,measured,refunds,2,998.0,,1,1471.378019,state_verified
accepted,3,protected,measured,refunds,3,933.0,,1,1471.378019,state_verified
accepted,3,protected,measured,refunds,4,861.0,,1,1471.378019,state_verified
accepted,3,protected,measured,refunds,5,662.0,,1,1471.378019,state_verified
accepted,3,protected,measured,refunds,6,635.0,,1,1471.378019,state_verified
accepted,3,protected,measured,refunds,7,572.0,,1,1471.378019,state_verified
accepted,3,protected,measured,refunds,8,545.0,,1,1471.378019,state_verified
accepted,3,protected,measured,refunds,9,557.0,,1,1471.378019,state_verified
accepted,3,protected,measured,refunds,10,575.0,,1,1471.378019,state_verified
accepted,3,protected,measured,refunds,11,627.0,,1,1471.378019,state_verified
accepted,3,protected,measured,refunds,12,651.0,,1,1471.378019,state_verified
accepted,3,protected,measured,refunds,13,575.0,,1,1471.378019,state_verified
accepted,3,protected,measured,refunds,14,580.0,,1,1471.378019,state_verified
accepted,3,protected,measured,refunds,15,651.0,,1,1471.378019,state_verified
accepted,3,protected,measured,refunds,16,609.0,,1,1471.378019,state_verified
accepted,3,protected,measured,refunds,17,663.0,,1,1471.378019,state_verified
accepted,3,protected,measured,refunds,18,627.0,,1,1471.378019,state_verified
accepted,3,protected,measured,refunds,19,600.0,,1,1471.378019,state_verified
accepted,3,protected,measured,refunds,20,623.0,,1,1471.378019,state_verified
accepted,3,protected,measured,refunds,21,606.0,,1,1471.378019,state_verified
accepted,3,protected,measured,refunds,22,626.0,,1,1471.378019,state_verified
accepted,3,protected,measured,refunds,23,600.0,,1,1471.378019,state_verified
accepted,3,protected,measured,refunds,24,650.0,,1,1471.378019,state_verified
accepted,3,protected,measured,refunds,25,616.0,,1,1471.378019,state_verified
accepted,3,protected,measured,refunds,26,560.0,,1,1471.378019,state_verified
accepted,3,protected,measured,refunds,27,620.0,,1,1471.378019,state_verified
accepted,3,protected,measured,refunds,28,690.0,,1,1471.378019,state_verified
accepted,3,protected,measured,refunds,29,1039.0,,1,1471.378019,state_verified
accepted,3,protected,measured,refunds,30,628.0,,1,1471.378019,state_verified
accepted,3,protected,measured,refunds,31,609.0,,1,1471.378019,state_verified
accepted,3,protected,measured,refunds,32,572.0,,1,1471.378019,state_verified
accepted,3,protected,measured,refunds,33,572.0,,1,1471.378019,state_verified
accepted,3,protected,measured,refunds,34,625.0,,1,1471.378019,state_verified
accepted,3,protected,measured,refunds,35,630.0,,1,1471.378019,state_verified
accepted,3,protected,measured,refunds,36,583.0,,1,1471.378019,state_verified
accepted,3,protected,measured,refunds,37,598.0,,1,1471.378019,state_verified
accepted,3,protected,measured,refunds,38,571.0,,1,1471.378019,state_verified
accepted,3,protected,measured,refunds,39,569.0,,1,1471.378019,state_verified
accepted,3,protected,measured,refunds,40,569.0,,1,1471.378019,state_verified
accepted,3,protected,measured,refunds,41,572.0,,1,1471.378019,state_verified
accepted,3,protected,measured,refunds,42,581.0,,1,1471.378019,state_verified
accepted,3,protected,measured,refunds,43,571.0,,1,1471.378019,state_verified
accepted,3,protected,measured,refunds,44,593.0,,1,1471.378019,state_verified
accepted,3,protected,measured,refunds,45,697.0,,1,1471.378019,state_verified
accepted,3,protected,measured,refunds,46,804.0,,1,1471.378019,state_verified
accepted,3,protected,measured,refunds,47,1005.0,,1,1471.378019,state_verified
accepted,3,protected,measured,refunds,48,981.0,,1,1471.378019,state_verified
accepted,3,protected,measured,refunds,49,948.0,,1,1471.378019,state_verified
accepted,3,protected,measured,refunds,50,1013.0,,1,1471.378019,state_verified
accepted,3,protected,measured,refunds,51,620.0,,1,1471.378019,state_verified
accepted,3,protected,measured,refunds,52,645.0,,1,1471.378019,state_verified
accepted,3,protected,measured,refunds,53,615.0,,1,1471.378019,state_verified
accepted,3,protected,measured,refunds,54,660.0,,1,1471.378019,state_verified
accepted,3,protected,measured,refunds,55,666.0,,1,1471.378019,state_verified
accepted,3,protected,measured,refunds,56,825.0,,1,1471.378019,state_verified
accepted,3,protected,measured,refunds,57,607.0,,1,1471.378019,state_verified
accepted,3,protected,measured,refunds,58,627.0,,1,1471.378019,state_verified
accepted,3,protected,measured,refunds,59,690.0,,1,1471.378019,state_verified
accepted,3,protected,measured,refunds,60,564.0,,1,1471.378019,state_verified
accepted,3,protected,measured,refunds,61,617.0,,1,1471.378019,state_verified
accepted,3,protected,measured,refunds,62,589.0,,1,1471.378019,state_verified
accepted,3,protected,measured,refunds,63,659.0,,1,1471.378019,state_verified
accepted,3,protected,measured,refunds,64,631.0,,1,1471.378019,state_verified
accepted,3,protected,measured,refunds,65,602.0,,1,1471.378019,state_verified
accepted,3,protected,measured,refunds,66,629.0,,1,1471.378019,state_verified
accepted,3,protected,measured,refunds,67,629.0,,1,1471.378019,state_verified
accepted,3,protected,measured,refunds,68,637.0,,1,1471.378019,state_verified
accepted,3,protected,measured,refunds,69,636.0,,1,1471.378019,state_verified
accepted,3,protected,measured,refunds,70,665.0,,1,1471.378019,state_verified
accepted,3,protected,measured,refunds,71,642.0,,1,1471.378019,state_verified
accepted,3,protected,measured,refunds,72,631.0,,1,1471.378019,state_verified
accepted,3,protected,measured,refunds,73,625.0,,1,1471.378019,state_verified
accepted,3,protected,measured,refunds,74,628.0,,1,1471.378019,state_verified
accepted,3,protected,measured,refunds,75,630.0,,1,1471.378019,state_verified
accepted,3,protected,measured,refunds,76,632.0,,1,1471.378019,state_verified
accepted,3,protected,measured,refunds,77,639.0,,1,1471.378019,state_verified
accepted,3,protected,measured,refunds,78,630.0,,1,1471.378019,state_verified
accepted,3,protected,measured,refunds,79,607.0,,1,1471.378019,state_verified
accepted,3,protected,measured,refunds,80,612.0,,1,1471.378019,state_verified
accepted,3,protected,measured,refunds,81,599.0,,1,1471.378019,state_verified
accepted,3,protected,measured,refunds,82,603.0,,1,1471.378019,state_verified
accepted,3,protected,measured,refunds,83,614.0,,1,1471.378019,state_verified
accepted,3,protected,measured,refunds,84,623.0,,1,1471.378019,state_verified
accepted,3,protected,measured,refunds,85,637.0,,1,1471.378019,state_verified
accepted,3,protected,measured,refunds,86,629.0,,1,1471.378019,state_verified
accepted,3,protected,measured,refunds,87,601.0,,1,1471.378019,state_verified
accepted,3,protected,measured,refunds,88,651.0,,1,1471.378019,state_verified
accepted,3,protected,measured,refunds,89,599.0,,1,1471.378019,state_verified
accepted,3,protected,measured,refunds,90,634.0,,1,1471.378019,state_verified
accepted,3,protected,measured,refunds,91,616.0,,1,1471.378019,state_verified
accepted,3,protected,measured,refunds,92,588.0,,1,1471.378019,state_verified
accepted,3,protected,measured,refunds,93,655.0,,1,1471.378019,state_verified
accepted,3,protected,measured,refunds,94,670.0,,1,1471.378019,state_verified
accepted,3,protected,measured,refunds,95,595.0,,1,1471.378019,state_verified
accepted,3,protected,measured,refunds,96,633.0,,1,1471.378019,state_verified
accepted,3,protected,measured,refunds,97,633.0,,1,1471.378019,state_verified
accepted,3,protected,measured,refunds,98,620.0,,1,1471.378019,state_verified
accepted,3,protected,measured,refunds,99,646.0,,1,1471.378019,state_verified
accepted,3,protected,measured,refunds,100,621.0,,1,1471.378019,state_verified
accepted,3,protected,measured,refunds,101,677.0,,1,1471.378019,state_verified
accepted,3,protected,measured,refunds,102,626.0,,1,1471.378019,state_verified
accepted,3,protected,measured,refunds,103,693.0,,1,1471.378019,state_verified
accepted,3,protected,measured,refunds,104,605.0,,1,1471.378019,state_verified
accepted,3,protected,measured,refunds,105,629.0,,1,1471.378019,state_verified
accepted,3,protected,measured,refunds,106,609.0,,1,1471.378019,state_verified
accepted,3,protected,measured,refunds,107,650.0,,1,1471.378019,state_verified
accepted,3,protected,measured,refunds,108,614.0,,1,1471.378019,state_verified
accepted,3,protected,measured,refunds,109,612.0,,1,1471.378019,state_verified
accepted,3,protected,measured,refunds,110,625.0,,1,1471.378019,state_verified
accepted,3,protected,measured,refunds,111,943.0,,1,1471.378019,state_verified
accepted,3,protected,measured,refunds,112,954.0,,1,1471.378019,state_verified
accepted,3,protected,measured,refunds,113,966.0,,1,1471.378019,state_verified
accepted,3,protected,measured,refunds,114,963.0,,1,1471.378019,state_verified
accepted,3,protected,measured,refunds,115,606.0,,1,1471.378019,state_verified
accepted,3,protected,measured,refunds,116,667.0,,1,1471.378019,state_verified
accepted,3,protected,measured,refunds,117,598.0,,1,1471.378019,state_verified
accepted,3,protected,measured,refunds,118,668.0,,1,1471.378019,state_verified
accepted,3,protected,measured,refunds,119,661.0,,1,1471.378019,state_verified
accepted,3,protected,measured,refunds,120,638.0,,1,1471.378019,state_verified
accepted,3,protected,measured,refunds,121,627.0,,1,1471.378019,state_verified
accepted,3,protected,measured,refunds,122,633.0,,1,1471.378019,state_verified
accepted,3,protected,measured,refunds,123,606.0,,1,1471.378019,state_verified
accepted,3,protected,measured,refunds,124,634.0,,1,1471.378019,state_verified
accepted,3,protected,measured,refunds,125,624.0,,1,1471.378019,state_verified
accepted,3,protected,measured,refunds,126,738.0,,1,1471.378019,state_verified
accepted,3,protected,measured,refunds,127,634.0,,1,1471.378019,state_verified
accepted,3,protected,measured,refunds,128,622.0,,1,1471.378019,state_verified
accepted,3,protected,measured,refunds,129,619.0,,1,1471.378019,state_verified
accepted,3,protected,measured,refunds,130,639.0,,1,1471.378019,state_verified
accepted,3,protected,measured,refunds,131,587.0,,1,1471.378019,state_verified
accepted,3,protected,measured,refunds,132,660.0,,1,1471.378019,state_verified
accepted,3,protected,measured,refunds,133,651.0,,1,1471.378019,state_verified
accepted,3,protected,measured,refunds,134,624.0,,1,1471.378019,state_verified
accepted,3,protected,measured,refunds,135,632.0,,1,1471.378019,state_verified
accepted,3,protected,measured,refunds,136,615.0,,1,1471.378019,state_verified
accepted,3,protected,measured,refunds,137,630.0,,1,1471.378019,state_verified
accepted,3,protected,measured,refunds,138,650.0,,1,1471.378019,state_verified
accepted,3,protected,measured,refunds,139,605.0,,1,1471.378019,state_verified
accepted,3,protected,measured,refunds,140,630.0,,1,1471.378019,state_verified
accepted,3,protected,measured,refunds,141,699.0,,1,1471.378019,state_verified
accepted,3,protected,measured,refunds,142,764.0,,1,1471.378019,state_verified
accepted,3,protected,measured,refunds,143,758.0,,1,1471.378019,state_verified
accepted,3,protected,measured,refunds,144,815.0,,1,1471.378019,state_verified
accepted,3,protected,measured,refunds,145,599.0,,1,1471.378019,state_verified
accepted,3,protected,measured,refunds,146,657.0,,1,1471.378019,state_verified
accepted,3,protected,measured,refunds,147,699.0,,1,1471.378019,state_verified
accepted,3,protected,measured,refunds,148,632.0,,1,1471.378019,state_verified
accepted,3,protected,measured,refunds,149,618.0,,1,1471.378019,state_verified
accepted,3,protected,measured,refunds,150,649.0,,1,1471.378019,state_verified
accepted,3,protected,measured,refunds,151,620.0,,1,1471.378019,state_verified
accepted,3,protected,measured,refunds,152,610.0,,1,1471.378019,state_verified
accepted,3,protected,measured,refunds,153,646.0,,1,1471.378019,state_verified
accepted,3,protected,measured,refunds,154,654.0,,1,1471.378019,state_verified
accepted,3,protected,measured,refunds,155,611.0,,1,1471.378019,state_verified
accepted,3,protected,measured,refunds,156,635.0,,1,1471.378019,state_verified
accepted,3,protected,measured,refunds,157,595.0,,1,1471.378019,state_verified
accepted,3,protected,measured,refunds,158,639.0,,1,1471.378019,state_verified
accepted,3,protected,measured,refunds,159,643.0,,1,1471.378019,state_verified
accepted,3,protected,measured,refunds,160,613.0,,1,1471.378019,state_verified
accepted,3,protected,measured,refunds,161,628.0,,1,1471.378019,state_verified
accepted,3,protected,measured,refunds,162,644.0,,1,1471.378019,state_verified
accepted,3,protected,measured,refunds,163,649.0,,1,1471.378019,state_verified
accepted,3,protected,measured,refunds,164,628.0,,1,1471.378019,state_verified
accepted,3,protected,measured,refunds,165,658.0,,1,1471.378019,state_verified
accepted,3,protected,measured,refunds,166,603.0,,1,1471.378019,state_verified
accepted,3,protected,measured,refunds,167,649.0,,1,1471.378019,state_verified
accepted,3,protected,measured,refunds,168,661.0,,1,1471.378019,state_verified
accepted,3,protected,measured,refunds,169,589.0,,1,1471.378019,state_verified
accepted,3,protected,measured,refunds,170,681.0,,1,1471.378019,state_verified
accepted,3,protected,measured,refunds,171,612.0,,1,1471.378019,state_verified
accepted,3,protected,measured,refunds,172,644.0,,1,1471.378019,state_verified
accepted,3,protected,measured,refunds,173,628.0,,1,1471.378019,state_verified
accepted,3,protected,measured,refunds,174,597.0,,1,1471.378019,state_verified
accepted,3,protected,measured,refunds,175,928.0,,1,1471.378019,state_verified
accepted,3,protected,measured,refunds,176,959.0,,1,1471.378019,state_verified
accepted,3,protected,measured,refunds,177,950.0,,1,1471.378019,state_verified
accepted,3,protected,measured,refunds,178,938.0,,1,1471.378019,state_verified
accepted,3,protected,measured,refunds,179,607.0,,1,1471.378019,state_verified
accepted,3,protected,measured,refunds,180,638.0,,1,1471.378019,state_verified
accepted,3,protected,measured,refunds,181,631.0,,1,1471.378019,state_verified
accepted,3,protected,measured,refunds,182,635.0,,1,1471.378019,state_verified
accepted,3,protected,measured,refunds,183,625.0,,1,1471.378019,state_verified
accepted,3,protected,measured,refunds,184,658.0,,1,1471.378019,state_verified
accepted,3,protected,measured,refunds,185,765.0,,1,1471.378019,state_verified
accepted,3,protected,measured,refunds,186,645.0,,1,1471.378019,state_verified
accepted,3,protected,measured,refunds,187,634.0,,1,1471.378019,state_verified
accepted,3,protected,measured,refunds,188,631.0,,1,1471.378019,state_verified
accepted,3,protected,measured,refunds,189,634.0,,1,1471.378019,state_verified
accepted,3,protected,measured,refunds,190,627.0,,1,1471.378019,state_verified
accepted,3,protected,measured,refunds,191,648.0,,1,1471.378019,state_verified
accepted,3,protected,measured,refunds,192,670.0,,1,1471.378019,state_verified
accepted,3,protected,measured,refunds,193,618.0,,1,1471.378019,state_verified
accepted,3,protected,measured,refunds,194,624.0,,1,1471.378019,state_verified
accepted,3,protected,measured,refunds,195,603.0,,1,1471.378019,state_verified
accepted,3,protected,measured,refunds,196,615.0,,1,1471.378019,state_verified
accepted,3,protected,measured,refunds,197,600.0,,1,1471.378019,state_verified
accepted,3,protected,measured,refunds,198,661.0,,1,1471.378019,state_verified
accepted,3,protected,measured,refunds,199,630.0,,1,1471.378019,state_verified
accepted,3,protected,measured,refunds,200,622.0,,1,1471.378019,state_verified
accepted,3,baseline,measured,mixed,1,7281.0,,7,1009.881692,state_verified
accepted,3,baseline,measured,mixed,2,1590.0,,7,1009.881692,state_verified
accepted,3,baseline,measured,mixed,3,1089.0,,7,1009.881692,state_verified
accepted,3,baseline,measured,mixed,4,1053.0,,7,1009.881692,state_verified
accepted,3,baseline,measured,mixed,5,968.0,,7,1009.881692,state_verified
accepted,3,baseline,measured,mixed,6,985.0,,7,1009.881692,state_verified
accepted,3,baseline,measured,mixed,7,821.0,,7,1009.881692,state_verified
accepted,3,baseline,measured,mixed,8,832.0,,7,1009.881692,state_verified
accepted,3,baseline,measured,mixed,9,854.0,,7,1009.881692,state_verified
accepted,3,baseline,measured,mixed,10,874.0,,7,1009.881692,state_verified
accepted,3,baseline,measured,mixed,11,1803.0,,7,1009.881692,state_verified
accepted,3,baseline,measured,mixed,12,1005.0,,7,1009.881692,state_verified
accepted,3,baseline,measured,mixed,13,1427.0,,7,1009.881692,state_verified
accepted,3,baseline,measured,mixed,14,1362.0,,7,1009.881692,state_verified
accepted,3,baseline,measured,mixed,15,1406.0,,7,1009.881692,state_verified
accepted,3,baseline,measured,mixed,16,1288.0,,7,1009.881692,state_verified
accepted,3,baseline,measured,mixed,17,874.0,,7,1009.881692,state_verified
accepted,3,baseline,measured,mixed,18,927.0,,7,1009.881692,state_verified
accepted,3,baseline,measured,mixed,19,906.0,,7,1009.881692,state_verified
accepted,3,baseline,measured,mixed,20,938.0,,7,1009.881692,state_verified
accepted,3,baseline,measured,mixed,21,1014.0,,7,1009.881692,state_verified
accepted,3,baseline,measured,mixed,22,957.0,,7,1009.881692,state_verified
accepted,3,baseline,measured,mixed,23,888.0,,7,1009.881692,state_verified
accepted,3,baseline,measured,mixed,24,922.0,,7,1009.881692,state_verified
accepted,3,baseline,measured,mixed,25,1192.0,,7,1009.881692,state_verified
accepted,3,baseline,measured,mixed,26,1205.0,,7,1009.881692,state_verified
accepted,3,baseline,measured,mixed,27,1185.0,,7,1009.881692,state_verified
accepted,3,baseline,measured,mixed,28,1090.0,,7,1009.881692,state_verified
accepted,3,baseline,measured,mixed,29,1030.0,,7,1009.881692,state_verified
accepted,3,baseline,measured,mixed,30,993.0,,7,1009.881692,state_verified
accepted,3,baseline,measured,mixed,31,1092.0,,7,1009.881692,state_verified
accepted,3,baseline,measured,mixed,32,981.0,,7,1009.881692,state_verified
accepted,3,baseline,measured,mixed,33,914.0,,7,1009.881692,state_verified
accepted,3,baseline,measured,mixed,34,919.0,,7,1009.881692,state_verified
accepted,3,baseline,measured,mixed,35,895.0,,7,1009.881692,state_verified
accepted,3,baseline,measured,mixed,36,833.0,,7,1009.881692,state_verified
accepted,3,baseline,measured,mixed,37,852.0,,7,1009.881692,state_verified
accepted,3,baseline,measured,mixed,38,880.0,,7,1009.881692,state_verified
accepted,3,baseline,measured,mixed,39,958.0,,7,1009.881692,state_verified
accepted,3,baseline,measured,mixed,40,991.0,,7,1009.881692,state_verified
accepted,3,baseline,measured,mixed,41,971.0,,7,1009.881692,state_verified
accepted,3,baseline,measured,mixed,42,1072.0,,7,1009.881692,state_verified
accepted,3,baseline,measured,mixed,43,996.0,,7,1009.881692,state_verified
accepted,3,baseline,measured,mixed,44,946.0,,7,1009.881692,state_verified
accepted,3,baseline,measured,mixed,45,1032.0,,7,1009.881692,state_verified
accepted,3,baseline,measured,mixed,46,924.0,,7,1009.881692,state_verified
accepted,3,baseline,measured,mixed,47,877.0,,7,1009.881692,state_verified
accepted,3,baseline,measured,mixed,48,916.0,,7,1009.881692,state_verified
accepted,3,baseline,measured,mixed,49,962.0,,7,1009.881692,state_verified
accepted,3,baseline,measured,mixed,50,859.0,,7,1009.881692,state_verified
accepted,3,baseline,measured,mixed,51,922.0,,7,1009.881692,state_verified
accepted,3,baseline,measured,mixed,52,899.0,,7,1009.881692,state_verified
accepted,3,baseline,measured,mixed,53,910.0,,7,1009.881692,state_verified
accepted,3,baseline,measured,mixed,54,917.0,,7,1009.881692,state_verified
accepted,3,baseline,measured,mixed,55,889.0,,7,1009.881692,state_verified
accepted,3,baseline,measured,mixed,56,962.0,,7,1009.881692,state_verified
accepted,3,baseline,measured,mixed,57,875.0,,7,1009.881692,state_verified
accepted,3,baseline,measured,mixed,58,911.0,,7,1009.881692,state_verified
accepted,3,baseline,measured,mixed,59,925.0,,7,1009.881692,state_verified
accepted,3,baseline,measured,mixed,60,897.0,,7,1009.881692,state_verified
accepted,3,baseline,measured,mixed,61,864.0,,7,1009.881692,state_verified
accepted,3,baseline,measured,mixed,62,906.0,,7,1009.881692,state_verified
accepted,3,baseline,measured,mixed,63,886.0,,7,1009.881692,state_verified
accepted,3,baseline,measured,mixed,64,925.0,,7,1009.881692,state_verified
accepted,3,baseline,measured,mixed,65,895.0,,7,1009.881692,state_verified
accepted,3,baseline,measured,mixed,66,829.0,,7,1009.881692,state_verified
accepted,3,baseline,measured,mixed,67,877.0,,7,1009.881692,state_verified
accepted,3,baseline,measured,mixed,68,891.0,,7,1009.881692,state_verified
accepted,3,baseline,measured,mixed,69,925.0,,7,1009.881692,state_verified
accepted,3,baseline,measured,mixed,70,877.0,,7,1009.881692,state_verified
accepted,3,baseline,measured,mixed,71,868.0,,7,1009.881692,state_verified
accepted,3,baseline,measured,mixed,72,891.0,,7,1009.881692,state_verified
accepted,3,baseline,measured,mixed,73,865.0,,7,1009.881692,state_verified
accepted,3,baseline,measured,mixed,74,864.0,,7,1009.881692,state_verified
accepted,3,baseline,measured,mixed,75,888.0,,7,1009.881692,state_verified
accepted,3,baseline,measured,mixed,76,900.0,,7,1009.881692,state_verified
accepted,3,baseline,measured,mixed,77,1239.0,,7,1009.881692,state_verified
accepted,3,baseline,measured,mixed,78,1233.0,,7,1009.881692,state_verified
accepted,3,baseline,measured,mixed,79,1601.0,,7,1009.881692,state_verified
accepted,3,baseline,measured,mixed,80,1165.0,,7,1009.881692,state_verified
accepted,3,baseline,measured,mixed,81,877.0,,7,1009.881692,state_verified
accepted,3,baseline,measured,mixed,82,869.0,,7,1009.881692,state_verified
accepted,3,baseline,measured,mixed,83,906.0,,7,1009.881692,state_verified
accepted,3,baseline,measured,mixed,84,879.0,,7,1009.881692,state_verified
accepted,3,baseline,measured,mixed,85,908.0,,7,1009.881692,state_verified
accepted,3,baseline,measured,mixed,86,868.0,,7,1009.881692,state_verified
accepted,3,baseline,measured,mixed,87,869.0,,7,1009.881692,state_verified
accepted,3,baseline,measured,mixed,88,863.0,,7,1009.881692,state_verified
accepted,3,baseline,measured,mixed,89,934.0,,7,1009.881692,state_verified
accepted,3,baseline,measured,mixed,90,940.0,,7,1009.881692,state_verified
accepted,3,baseline,measured,mixed,91,874.0,,7,1009.881692,state_verified
accepted,3,baseline,measured,mixed,92,871.0,,7,1009.881692,state_verified
accepted,3,baseline,measured,mixed,93,868.0,,7,1009.881692,state_verified
accepted,3,baseline,measured,mixed,94,879.0,,7,1009.881692,state_verified
accepted,3,baseline,measured,mixed,95,931.0,,7,1009.881692,state_verified
accepted,3,baseline,measured,mixed,96,907.0,,7,1009.881692,state_verified
accepted,3,baseline,measured,mixed,97,875.0,,7,1009.881692,state_verified
accepted,3,baseline,measured,mixed,98,916.0,,7,1009.881692,state_verified
accepted,3,baseline,measured,mixed,99,823.0,,7,1009.881692,state_verified
accepted,3,baseline,measured,mixed,100,868.0,,7,1009.881692,state_verified
accepted,3,baseline,measured,mixed,101,927.0,,7,1009.881692,state_verified
accepted,3,baseline,measured,mixed,102,895.0,,7,1009.881692,state_verified
accepted,3,baseline,measured,mixed,103,909.0,,7,1009.881692,state_verified
accepted,3,baseline,measured,mixed,104,897.0,,7,1009.881692,state_verified
accepted,3,baseline,measured,mixed,105,896.0,,7,1009.881692,state_verified
accepted,3,baseline,measured,mixed,106,890.0,,7,1009.881692,state_verified
accepted,3,baseline,measured,mixed,107,863.0,,7,1009.881692,state_verified
accepted,3,baseline,measured,mixed,108,889.0,,7,1009.881692,state_verified
accepted,3,baseline,measured,mixed,109,950.0,,7,1009.881692,state_verified
accepted,3,baseline,measured,mixed,110,914.0,,7,1009.881692,state_verified
accepted,3,baseline,measured,mixed,111,913.0,,7,1009.881692,state_verified
accepted,3,baseline,measured,mixed,112,860.0,,7,1009.881692,state_verified
accepted,3,baseline,measured,mixed,113,893.0,,7,1009.881692,state_verified
accepted,3,baseline,measured,mixed,114,869.0,,7,1009.881692,state_verified
accepted,3,baseline,measured,mixed,115,875.0,,7,1009.881692,state_verified
accepted,3,baseline,measured,mixed,116,937.0,,7,1009.881692,state_verified
accepted,3,baseline,measured,mixed,117,886.0,,7,1009.881692,state_verified
accepted,3,baseline,measured,mixed,118,862.0,,7,1009.881692,state_verified
accepted,3,baseline,measured,mixed,119,869.0,,7,1009.881692,state_verified
accepted,3,baseline,measured,mixed,120,906.0,,7,1009.881692,state_verified
accepted,3,baseline,measured,mixed,121,870.0,,7,1009.881692,state_verified
accepted,3,baseline,measured,mixed,122,893.0,,7,1009.881692,state_verified
accepted,3,baseline,measured,mixed,123,914.0,,7,1009.881692,state_verified
accepted,3,baseline,measured,mixed,124,944.0,,7,1009.881692,state_verified
accepted,3,baseline,measured,mixed,125,900.0,,7,1009.881692,state_verified
accepted,3,baseline,measured,mixed,126,905.0,,7,1009.881692,state_verified
accepted,3,baseline,measured,mixed,127,883.0,,7,1009.881692,state_verified
accepted,3,baseline,measured,mixed,128,865.0,,7,1009.881692,state_verified
accepted,3,baseline,measured,mixed,129,933.0,,7,1009.881692,state_verified
accepted,3,baseline,measured,mixed,130,1044.0,,7,1009.881692,state_verified
accepted,3,baseline,measured,mixed,131,954.0,,7,1009.881692,state_verified
accepted,3,baseline,measured,mixed,132,921.0,,7,1009.881692,state_verified
accepted,3,baseline,measured,mixed,133,838.0,,7,1009.881692,state_verified
accepted,3,baseline,measured,mixed,134,858.0,,7,1009.881692,state_verified
accepted,3,baseline,measured,mixed,135,871.0,,7,1009.881692,state_verified
accepted,3,baseline,measured,mixed,136,894.0,,7,1009.881692,state_verified
accepted,3,baseline,measured,mixed,137,899.0,,7,1009.881692,state_verified
accepted,3,baseline,measured,mixed,138,907.0,,7,1009.881692,state_verified
accepted,3,baseline,measured,mixed,139,909.0,,7,1009.881692,state_verified
accepted,3,baseline,measured,mixed,140,896.0,,7,1009.881692,state_verified
accepted,3,baseline,measured,mixed,141,1245.0,,7,1009.881692,state_verified
accepted,3,baseline,measured,mixed,142,1253.0,,7,1009.881692,state_verified
accepted,3,baseline,measured,mixed,143,1424.0,,7,1009.881692,state_verified
accepted,3,baseline,measured,mixed,144,1266.0,,7,1009.881692,state_verified
accepted,3,baseline,measured,mixed,145,890.0,,7,1009.881692,state_verified
accepted,3,baseline,measured,mixed,146,875.0,,7,1009.881692,state_verified
accepted,3,baseline,measured,mixed,147,930.0,,7,1009.881692,state_verified
accepted,3,baseline,measured,mixed,148,879.0,,7,1009.881692,state_verified
accepted,3,baseline,measured,mixed,149,903.0,,7,1009.881692,state_verified
accepted,3,baseline,measured,mixed,150,865.0,,7,1009.881692,state_verified
accepted,3,baseline,measured,mixed,151,886.0,,7,1009.881692,state_verified
accepted,3,baseline,measured,mixed,152,887.0,,7,1009.881692,state_verified
accepted,3,baseline,measured,mixed,153,1029.0,,7,1009.881692,state_verified
accepted,3,baseline,measured,mixed,154,889.0,,7,1009.881692,state_verified
accepted,3,baseline,measured,mixed,155,915.0,,7,1009.881692,state_verified
accepted,3,baseline,measured,mixed,156,921.0,,7,1009.881692,state_verified
accepted,3,baseline,measured,mixed,157,921.0,,7,1009.881692,state_verified
accepted,3,baseline,measured,mixed,158,894.0,,7,1009.881692,state_verified
accepted,3,baseline,measured,mixed,159,923.0,,7,1009.881692,state_verified
accepted,3,baseline,measured,mixed,160,874.0,,7,1009.881692,state_verified
accepted,3,baseline,measured,mixed,161,897.0,,7,1009.881692,state_verified
accepted,3,baseline,measured,mixed,162,931.0,,7,1009.881692,state_verified
accepted,3,baseline,measured,mixed,163,880.0,,7,1009.881692,state_verified
accepted,3,baseline,measured,mixed,164,904.0,,7,1009.881692,state_verified
accepted,3,baseline,measured,mixed,165,911.0,,7,1009.881692,state_verified
accepted,3,baseline,measured,mixed,166,922.0,,7,1009.881692,state_verified
accepted,3,baseline,measured,mixed,167,918.0,,7,1009.881692,state_verified
accepted,3,baseline,measured,mixed,168,916.0,,7,1009.881692,state_verified
accepted,3,baseline,measured,mixed,169,916.0,,7,1009.881692,state_verified
accepted,3,baseline,measured,mixed,170,892.0,,7,1009.881692,state_verified
accepted,3,baseline,measured,mixed,171,874.0,,7,1009.881692,state_verified
accepted,3,baseline,measured,mixed,172,883.0,,7,1009.881692,state_verified
accepted,3,baseline,measured,mixed,173,936.0,,7,1009.881692,state_verified
accepted,3,baseline,measured,mixed,174,880.0,,7,1009.881692,state_verified
accepted,3,baseline,measured,mixed,175,903.0,,7,1009.881692,state_verified
accepted,3,baseline,measured,mixed,176,865.0,,7,1009.881692,state_verified
accepted,3,baseline,measured,mixed,177,913.0,,7,1009.881692,state_verified
accepted,3,baseline,measured,mixed,178,914.0,,7,1009.881692,state_verified
accepted,3,baseline,measured,mixed,179,898.0,,7,1009.881692,state_verified
accepted,3,baseline,measured,mixed,180,973.0,,7,1009.881692,state_verified
accepted,3,baseline,measured,mixed,181,831.0,,7,1009.881692,state_verified
accepted,3,baseline,measured,mixed,182,865.0,,7,1009.881692,state_verified
accepted,3,baseline,measured,mixed,183,904.0,,7,1009.881692,state_verified
accepted,3,baseline,measured,mixed,184,973.0,,7,1009.881692,state_verified
accepted,3,baseline,measured,mixed,185,918.0,,7,1009.881692,state_verified
accepted,3,baseline,measured,mixed,186,943.0,,7,1009.881692,state_verified
accepted,3,baseline,measured,mixed,187,1106.0,,7,1009.881692,state_verified
accepted,3,baseline,measured,mixed,188,1096.0,,7,1009.881692,state_verified
accepted,3,baseline,measured,mixed,189,1021.0,,7,1009.881692,state_verified
accepted,3,baseline,measured,mixed,190,952.0,,7,1009.881692,state_verified
accepted,3,baseline,measured,mixed,191,888.0,,7,1009.881692,state_verified
accepted,3,baseline,measured,mixed,192,894.0,,7,1009.881692,state_verified
accepted,3,baseline,measured,mixed,193,867.0,,7,1009.881692,state_verified
accepted,3,baseline,measured,mixed,194,932.0,,7,1009.881692,state_verified
accepted,3,baseline,measured,mixed,195,926.0,,7,1009.881692,state_verified
accepted,3,baseline,measured,mixed,196,890.0,,7,1009.881692,state_verified
accepted,3,baseline,measured,mixed,197,943.0,,7,1009.881692,state_verified
accepted,3,baseline,measured,mixed,198,934.0,,7,1009.881692,state_verified
accepted,3,baseline,measured,mixed,199,871.0,,7,1009.881692,state_verified
accepted,3,baseline,measured,mixed,200,837.0,,7,1009.881692,state_verified
accepted,3,protected,measured,mixed,1,4907.0,,7,931.840525,state_verified
accepted,3,protected,measured,mixed,2,1239.0,,7,931.840525,state_verified
accepted,3,protected,measured,mixed,3,1445.0,,7,931.840525,state_verified
accepted,3,protected,measured,mixed,4,1208.0,,7,931.840525,state_verified
accepted,3,protected,measured,mixed,5,1252.0,,7,931.840525,state_verified
accepted,3,protected,measured,mixed,6,1400.0,,7,931.840525,state_verified
accepted,3,protected,measured,mixed,7,1067.0,,7,931.840525,state_verified
accepted,3,protected,measured,mixed,8,1000.0,,7,931.840525,state_verified
accepted,3,protected,measured,mixed,9,995.0,,7,931.840525,state_verified
accepted,3,protected,measured,mixed,10,964.0,,7,931.840525,state_verified
accepted,3,protected,measured,mixed,11,977.0,,7,931.840525,state_verified
accepted,3,protected,measured,mixed,12,960.0,,7,931.840525,state_verified
accepted,3,protected,measured,mixed,13,990.0,,7,931.840525,state_verified
accepted,3,protected,measured,mixed,14,1010.0,,7,931.840525,state_verified
accepted,3,protected,measured,mixed,15,1017.0,,7,931.840525,state_verified
accepted,3,protected,measured,mixed,16,977.0,,7,931.840525,state_verified
accepted,3,protected,measured,mixed,17,1031.0,,7,931.840525,state_verified
accepted,3,protected,measured,mixed,18,1202.0,,7,931.840525,state_verified
accepted,3,protected,measured,mixed,19,1244.0,,7,931.840525,state_verified
accepted,3,protected,measured,mixed,20,1206.0,,7,931.840525,state_verified
accepted,3,protected,measured,mixed,21,1088.0,,7,931.840525,state_verified
accepted,3,protected,measured,mixed,22,1225.0,,7,931.840525,state_verified
accepted,3,protected,measured,mixed,23,1052.0,,7,931.840525,state_verified
accepted,3,protected,measured,mixed,24,1022.0,,7,931.840525,state_verified
accepted,3,protected,measured,mixed,25,993.0,,7,931.840525,state_verified
accepted,3,protected,measured,mixed,26,943.0,,7,931.840525,state_verified
accepted,3,protected,measured,mixed,27,1004.0,,7,931.840525,state_verified
accepted,3,protected,measured,mixed,28,1139.0,,7,931.840525,state_verified
accepted,3,protected,measured,mixed,29,943.0,,7,931.840525,state_verified
accepted,3,protected,measured,mixed,30,935.0,,7,931.840525,state_verified
accepted,3,protected,measured,mixed,31,940.0,,7,931.840525,state_verified
accepted,3,protected,measured,mixed,32,923.0,,7,931.840525,state_verified
accepted,3,protected,measured,mixed,33,1035.0,,7,931.840525,state_verified
accepted,3,protected,measured,mixed,34,1028.0,,7,931.840525,state_verified
accepted,3,protected,measured,mixed,35,1162.0,,7,931.840525,state_verified
accepted,3,protected,measured,mixed,36,1030.0,,7,931.840525,state_verified
accepted,3,protected,measured,mixed,37,989.0,,7,931.840525,state_verified
accepted,3,protected,measured,mixed,38,1018.0,,7,931.840525,state_verified
accepted,3,protected,measured,mixed,39,983.0,,7,931.840525,state_verified
accepted,3,protected,measured,mixed,40,1217.0,,7,931.840525,state_verified
accepted,3,protected,measured,mixed,41,1241.0,,7,931.840525,state_verified
accepted,3,protected,measured,mixed,42,1397.0,,7,931.840525,state_verified
accepted,3,protected,measured,mixed,43,1318.0,,7,931.840525,state_verified
accepted,3,protected,measured,mixed,44,1302.0,,7,931.840525,state_verified
accepted,3,protected,measured,mixed,45,1381.0,,7,931.840525,state_verified
accepted,3,protected,measured,mixed,46,1078.0,,7,931.840525,state_verified
accepted,3,protected,measured,mixed,47,1226.0,,7,931.840525,state_verified
accepted,3,protected,measured,mixed,48,1338.0,,7,931.840525,state_verified
accepted,3,protected,measured,mixed,49,1170.0,,7,931.840525,state_verified
accepted,3,protected,measured,mixed,50,995.0,,7,931.840525,state_verified
accepted,3,protected,measured,mixed,51,963.0,,7,931.840525,state_verified
accepted,3,protected,measured,mixed,52,982.0,,7,931.840525,state_verified
accepted,3,protected,measured,mixed,53,984.0,,7,931.840525,state_verified
accepted,3,protected,measured,mixed,54,973.0,,7,931.840525,state_verified
accepted,3,protected,measured,mixed,55,982.0,,7,931.840525,state_verified
accepted,3,protected,measured,mixed,56,929.0,,7,931.840525,state_verified
accepted,3,protected,measured,mixed,57,943.0,,7,931.840525,state_verified
accepted,3,protected,measured,mixed,58,1027.0,,7,931.840525,state_verified
accepted,3,protected,measured,mixed,59,972.0,,7,931.840525,state_verified
accepted,3,protected,measured,mixed,60,981.0,,7,931.840525,state_verified
accepted,3,protected,measured,mixed,61,993.0,,7,931.840525,state_verified
accepted,3,protected,measured,mixed,62,1059.0,,7,931.840525,state_verified
accepted,3,protected,measured,mixed,63,974.0,,7,931.840525,state_verified
accepted,3,protected,measured,mixed,64,1058.0,,7,931.840525,state_verified
accepted,3,protected,measured,mixed,65,976.0,,7,931.840525,state_verified
accepted,3,protected,measured,mixed,66,976.0,,7,931.840525,state_verified
accepted,3,protected,measured,mixed,67,948.0,,7,931.840525,state_verified
accepted,3,protected,measured,mixed,68,936.0,,7,931.840525,state_verified
accepted,3,protected,measured,mixed,69,937.0,,7,931.840525,state_verified
accepted,3,protected,measured,mixed,70,945.0,,7,931.840525,state_verified
accepted,3,protected,measured,mixed,71,946.0,,7,931.840525,state_verified
accepted,3,protected,measured,mixed,72,946.0,,7,931.840525,state_verified
accepted,3,protected,measured,mixed,73,935.0,,7,931.840525,state_verified
accepted,3,protected,measured,mixed,74,914.0,,7,931.840525,state_verified
accepted,3,protected,measured,mixed,75,978.0,,7,931.840525,state_verified
accepted,3,protected,measured,mixed,76,920.0,,7,931.840525,state_verified
accepted,3,protected,measured,mixed,77,902.0,,7,931.840525,state_verified
accepted,3,protected,measured,mixed,78,938.0,,7,931.840525,state_verified
accepted,3,protected,measured,mixed,79,1197.0,,7,931.840525,state_verified
accepted,3,protected,measured,mixed,80,1109.0,,7,931.840525,state_verified
accepted,3,protected,measured,mixed,81,1049.0,,7,931.840525,state_verified
accepted,3,protected,measured,mixed,82,927.0,,7,931.840525,state_verified
accepted,3,protected,measured,mixed,83,966.0,,7,931.840525,state_verified
accepted,3,protected,measured,mixed,84,942.0,,7,931.840525,state_verified
accepted,3,protected,measured,mixed,85,945.0,,7,931.840525,state_verified
accepted,3,protected,measured,mixed,86,973.0,,7,931.840525,state_verified
accepted,3,protected,measured,mixed,87,919.0,,7,931.840525,state_verified
accepted,3,protected,measured,mixed,88,914.0,,7,931.840525,state_verified
accepted,3,protected,measured,mixed,89,965.0,,7,931.840525,state_verified
accepted,3,protected,measured,mixed,90,1272.0,,7,931.840525,state_verified
accepted,3,protected,measured,mixed,91,1098.0,,7,931.840525,state_verified
accepted,3,protected,measured,mixed,92,1128.0,,7,931.840525,state_verified
accepted,3,protected,measured,mixed,93,1059.0,,7,931.840525,state_verified
accepted,3,protected,measured,mixed,94,1061.0,,7,931.840525,state_verified
accepted,3,protected,measured,mixed,95,1065.0,,7,931.840525,state_verified
accepted,3,protected,measured,mixed,96,992.0,,7,931.840525,state_verified
accepted,3,protected,measured,mixed,97,1040.0,,7,931.840525,state_verified
accepted,3,protected,measured,mixed,98,918.0,,7,931.840525,state_verified
accepted,3,protected,measured,mixed,99,907.0,,7,931.840525,state_verified
accepted,3,protected,measured,mixed,100,960.0,,7,931.840525,state_verified
accepted,3,protected,measured,mixed,101,1041.0,,7,931.840525,state_verified
accepted,3,protected,measured,mixed,102,915.0,,7,931.840525,state_verified
accepted,3,protected,measured,mixed,103,951.0,,7,931.840525,state_verified
accepted,3,protected,measured,mixed,104,938.0,,7,931.840525,state_verified
accepted,3,protected,measured,mixed,105,916.0,,7,931.840525,state_verified
accepted,3,protected,measured,mixed,106,1319.0,,7,931.840525,state_verified
accepted,3,protected,measured,mixed,107,1388.0,,7,931.840525,state_verified
accepted,3,protected,measured,mixed,108,1546.0,,7,931.840525,state_verified
accepted,3,protected,measured,mixed,109,1384.0,,7,931.840525,state_verified
accepted,3,protected,measured,mixed,110,1007.0,,7,931.840525,state_verified
accepted,3,protected,measured,mixed,111,992.0,,7,931.840525,state_verified
accepted,3,protected,measured,mixed,112,1100.0,,7,931.840525,state_verified
accepted,3,protected,measured,mixed,113,992.0,,7,931.840525,state_verified
accepted,3,protected,measured,mixed,114,1012.0,,7,931.840525,state_verified
accepted,3,protected,measured,mixed,115,950.0,,7,931.840525,state_verified
accepted,3,protected,measured,mixed,116,960.0,,7,931.840525,state_verified
accepted,3,protected,measured,mixed,117,954.0,,7,931.840525,state_verified
accepted,3,protected,measured,mixed,118,968.0,,7,931.840525,state_verified
accepted,3,protected,measured,mixed,119,1014.0,,7,931.840525,state_verified
accepted,3,protected,measured,mixed,120,1033.0,,7,931.840525,state_verified
accepted,3,protected,measured,mixed,121,1062.0,,7,931.840525,state_verified
accepted,3,protected,measured,mixed,122,998.0,,7,931.840525,state_verified
accepted,3,protected,measured,mixed,123,1176.0,,7,931.840525,state_verified
accepted,3,protected,measured,mixed,124,1002.0,,7,931.840525,state_verified
accepted,3,protected,measured,mixed,125,1009.0,,7,931.840525,state_verified
accepted,3,protected,measured,mixed,126,997.0,,7,931.840525,state_verified
accepted,3,protected,measured,mixed,127,969.0,,7,931.840525,state_verified
accepted,3,protected,measured,mixed,128,982.0,,7,931.840525,state_verified
accepted,3,protected,measured,mixed,129,974.0,,7,931.840525,state_verified
accepted,3,protected,measured,mixed,130,925.0,,7,931.840525,state_verified
accepted,3,protected,measured,mixed,131,1019.0,,7,931.840525,state_verified
accepted,3,protected,measured,mixed,132,980.0,,7,931.840525,state_verified
accepted,3,protected,measured,mixed,133,982.0,,7,931.840525,state_verified
accepted,3,protected,measured,mixed,134,968.0,,7,931.840525,state_verified
accepted,3,protected,measured,mixed,135,1010.0,,7,931.840525,state_verified
accepted,3,protected,measured,mixed,136,1087.0,,7,931.840525,state_verified
accepted,3,protected,measured,mixed,137,1180.0,,7,931.840525,state_verified
accepted,3,protected,measured,mixed,138,1159.0,,7,931.840525,state_verified
accepted,3,protected,measured,mixed,139,997.0,,7,931.840525,state_verified
accepted,3,protected,measured,mixed,140,985.0,,7,931.840525,state_verified
accepted,3,protected,measured,mixed,141,1008.0,,7,931.840525,state_verified
accepted,3,protected,measured,mixed,142,1024.0,,7,931.840525,state_verified
accepted,3,protected,measured,mixed,143,1051.0,,7,931.840525,state_verified
accepted,3,protected,measured,mixed,144,971.0,,7,931.840525,state_verified
accepted,3,protected,measured,mixed,145,1001.0,,7,931.840525,state_verified
accepted,3,protected,measured,mixed,146,977.0,,7,931.840525,state_verified
accepted,3,protected,measured,mixed,147,975.0,,7,931.840525,state_verified
accepted,3,protected,measured,mixed,148,980.0,,7,931.840525,state_verified
accepted,3,protected,measured,mixed,149,949.0,,7,931.840525,state_verified
accepted,3,protected,measured,mixed,150,965.0,,7,931.840525,state_verified
accepted,3,protected,measured,mixed,151,1010.0,,7,931.840525,state_verified
accepted,3,protected,measured,mixed,152,1079.0,,7,931.840525,state_verified
accepted,3,protected,measured,mixed,153,1014.0,,7,931.840525,state_verified
accepted,3,protected,measured,mixed,154,1071.0,,7,931.840525,state_verified
accepted,3,protected,measured,mixed,155,1017.0,,7,931.840525,state_verified
accepted,3,protected,measured,mixed,156,994.0,,7,931.840525,state_verified
accepted,3,protected,measured,mixed,157,965.0,,7,931.840525,state_verified
accepted,3,protected,measured,mixed,158,990.0,,7,931.840525,state_verified
accepted,3,protected,measured,mixed,159,1044.0,,7,931.840525,state_verified
accepted,3,protected,measured,mixed,160,998.0,,7,931.840525,state_verified
accepted,3,protected,measured,mixed,161,991.0,,7,931.840525,state_verified
accepted,3,protected,measured,mixed,162,978.0,,7,931.840525,state_verified
accepted,3,protected,measured,mixed,163,1002.0,,7,931.840525,state_verified
accepted,3,protected,measured,mixed,164,960.0,,7,931.840525,state_verified
accepted,3,protected,measured,mixed,165,939.0,,7,931.840525,state_verified
accepted,3,protected,measured,mixed,166,987.0,,7,931.840525,state_verified
accepted,3,protected,measured,mixed,167,1053.0,,7,931.840525,state_verified
accepted,3,protected,measured,mixed,168,1001.0,,7,931.840525,state_verified
accepted,3,protected,measured,mixed,169,1024.0,,7,931.840525,state_verified
accepted,3,protected,measured,mixed,170,1340.0,,7,931.840525,state_verified
accepted,3,protected,measured,mixed,171,1297.0,,7,931.840525,state_verified
accepted,3,protected,measured,mixed,172,1315.0,,7,931.840525,state_verified
accepted,3,protected,measured,mixed,173,1299.0,,7,931.840525,state_verified
accepted,3,protected,measured,mixed,174,1003.0,,7,931.840525,state_verified
accepted,3,protected,measured,mixed,175,1054.0,,7,931.840525,state_verified
accepted,3,protected,measured,mixed,176,991.0,,7,931.840525,state_verified
accepted,3,protected,measured,mixed,177,969.0,,7,931.840525,state_verified
accepted,3,protected,measured,mixed,178,982.0,,7,931.840525,state_verified
accepted,3,protected,measured,mixed,179,982.0,,7,931.840525,state_verified
accepted,3,protected,measured,mixed,180,965.0,,7,931.840525,state_verified
accepted,3,protected,measured,mixed,181,1007.0,,7,931.840525,state_verified
accepted,3,protected,measured,mixed,182,1035.0,,7,931.840525,state_verified
accepted,3,protected,measured,mixed,183,1003.0,,7,931.840525,state_verified
accepted,3,protected,measured,mixed,184,1007.0,,7,931.840525,state_verified
accepted,3,protected,measured,mixed,185,995.0,,7,931.840525,state_verified
accepted,3,protected,measured,mixed,186,979.0,,7,931.840525,state_verified
accepted,3,protected,measured,mixed,187,1044.0,,7,931.840525,state_verified
accepted,3,protected,measured,mixed,188,991.0,,7,931.840525,state_verified
accepted,3,protected,measured,mixed,189,1013.0,,7,931.840525,state_verified
accepted,3,protected,measured,mixed,190,968.0,,7,931.840525,state_verified
accepted,3,protected,measured,mixed,191,990.0,,7,931.840525,state_verified
accepted,3,protected,measured,mixed,192,973.0,,7,931.840525,state_verified
accepted,3,protected,measured,mixed,193,993.0,,7,931.840525,state_verified
accepted,3,protected,measured,mixed,194,1013.0,,7,931.840525,state_verified
accepted,3,protected,measured,mixed,195,975.0,,7,931.840525,state_verified
accepted,3,protected,measured,mixed,196,983.0,,7,931.840525,state_verified
accepted,3,protected,measured,mixed,197,1022.0,,7,931.840525,state_verified
accepted,3,protected,measured,mixed,198,1266.0,,7,931.840525,state_verified
accepted,3,protected,measured,mixed,199,1499.0,,7,931.840525,state_verified
accepted,3,protected,measured,mixed,200,1229.0,,7,931.840525,state_verified
denied,,protected,measured,row,1,2602.0,106.0,,,verified
denied,,protected,measured,row,2,993.0,72.0,,,verified
denied,,protected,measured,row,3,1174.0,77.0,,,verified
denied,,protected,measured,row,4,972.0,70.0,,,verified
denied,,protected,measured,row,5,1112.0,86.0,,,verified
denied,,protected,measured,row,6,1315.0,115.0,,,verified
denied,,protected,measured,row,7,1412.0,105.0,,,verified
denied,,protected,measured,row,8,1159.0,96.0,,,verified
denied,,protected,measured,row,9,1213.0,127.0,,,verified
denied,,protected,measured,row,10,1066.0,95.0,,,verified
denied,,protected,measured,row,11,1285.0,112.0,,,verified
denied,,protected,measured,row,12,1453.0,162.0,,,verified
denied,,protected,measured,row,13,1553.0,125.0,,,verified
denied,,protected,measured,row,14,1705.0,99.0,,,verified
denied,,protected,measured,row,15,1457.0,110.0,,,verified
denied,,protected,measured,row,16,1342.0,127.0,,,verified
denied,,protected,measured,row,17,1222.0,105.0,,,verified
denied,,protected,measured,row,18,1395.0,121.0,,,verified
denied,,protected,measured,row,19,1387.0,105.0,,,verified
denied,,protected,measured,row,20,1165.0,107.0,,,verified
denied,,protected,measured,row,21,1438.0,116.0,,,verified
denied,,protected,measured,row,22,1066.0,108.0,,,verified
denied,,protected,measured,row,23,1265.0,102.0,,,verified
denied,,protected,measured,row,24,1360.0,138.0,,,verified
denied,,protected,measured,row,25,1249.0,115.0,,,verified
denied,,protected,measured,row,26,1240.0,122.0,,,verified
denied,,protected,measured,row,27,1387.0,114.0,,,verified
denied,,protected,measured,row,28,1287.0,104.0,,,verified
denied,,protected,measured,row,29,1367.0,121.0,,,verified
denied,,protected,measured,row,30,1177.0,124.0,,,verified
denied,,protected,measured,transition,1,1533.0,91.0,,,verified
denied,,protected,measured,transition,2,252.0,71.0,,,verified
denied,,protected,measured,transition,3,199.0,70.0,,,verified
denied,,protected,measured,transition,4,183.0,59.0,,,verified
denied,,protected,measured,transition,5,177.0,110.0,,,verified
denied,,protected,measured,transition,6,228.0,115.0,,,verified
denied,,protected,measured,transition,7,349.0,137.0,,,verified
denied,,protected,measured,transition,8,532.0,116.0,,,verified
denied,,protected,measured,transition,9,288.0,66.0,,,verified
denied,,protected,measured,transition,10,133.0,67.0,,,verified
denied,,protected,measured,transition,11,151.0,73.0,,,verified
denied,,protected,measured,transition,12,129.0,57.0,,,verified
denied,,protected,measured,transition,13,154.0,60.0,,,verified
denied,,protected,measured,transition,14,147.0,92.0,,,verified
denied,,protected,measured,transition,15,167.0,67.0,,,verified
denied,,protected,measured,transition,16,138.0,69.0,,,verified
denied,,protected,measured,transition,17,128.0,61.0,,,verified
denied,,protected,measured,transition,18,142.0,73.0,,,verified
denied,,protected,measured,transition,19,159.0,69.0,,,verified
denied,,protected,measured,transition,20,137.0,70.0,,,verified
denied,,protected,measured,transition,21,125.0,73.0,,,verified
denied,,protected,measured,transition,22,141.0,79.0,,,verified
denied,,protected,measured,transition,23,128.0,59.0,,,verified
denied,,protected,measured,transition,24,127.0,90.0,,,verified
denied,,protected,measured,transition,25,131.0,73.0,,,verified
denied,,protected,measured,transition,26,127.0,65.0,,,verified
denied,,protected,measured,transition,27,235.0,130.0,,,verified
denied,,protected,measured,transition,28,272.0,195.0,,,verified
denied,,protected,measured,transition,29,265.0,134.0,,,verified
denied,,protected,measured,transition,30,338.0,114.0,,,verified
denied,,protected,measured,numeric,1,3970.0,150.0,,,verified
denied,,protected,measured,numeric,2,273.0,115.0,,,verified
denied,,protected,measured,numeric,3,220.0,102.0,,,verified
denied,,protected,measured,numeric,4,272.0,109.0,,,verified
denied,,protected,measured,numeric,5,239.0,87.0,,,verified
denied,,protected,measured,numeric,6,217.0,91.0,,,verified
denied,,protected,measured,numeric,7,240.0,125.0,,,verified
denied,,protected,measured,numeric,8,222.0,128.0,,,verified
denied,,protected,measured,numeric,9,299.0,1061.0,,,verified
denied,,protected,measured,numeric,10,443.0,206.0,,,verified
denied,,protected,measured,numeric,11,260.0,103.0,,,verified
denied,,protected,measured,numeric,12,193.0,88.0,,,verified
denied,,protected,measured,numeric,13,208.0,80.0,,,verified
denied,,protected,measured,numeric,14,190.0,84.0,,,verified
denied,,protected,measured,numeric,15,205.0,94.0,,,verified
denied,,protected,measured,numeric,16,151.0,88.0,,,verified
denied,,protected,measured,numeric,17,145.0,66.0,,,verified
denied,,protected,measured,numeric,18,143.0,72.0,,,verified
denied,,protected,measured,numeric,19,135.0,89.0,,,verified
denied,,protected,measured,numeric,20,126.0,78.0,,,verified
denied,,protected,measured,numeric,21,167.0,76.0,,,verified
denied,,protected,measured,numeric,22,154.0,102.0,,,verified
denied,,protected,measured,numeric,23,189.0,80.0,,,verified
denied,,protected,measured,numeric,24,162.0,69.0,,,verified
denied,,protected,measured,numeric,25,170.0,76.0,,,verified
denied,,protected,measured,numeric,26,237.0,82.0,,,verified
denied,,protected,measured,numeric,27,347.0,111.0,,,verified
denied,,protected,measured,numeric,28,212.0,68.0,,,verified
denied,,protected,measured,numeric,29,156.0,84.0,,,verified
denied,,protected,measured,numeric,30,154.0,61.0,,,verified
