kind,round,arm,phase,case,trial,latency_us,commit_us,rows_per_tx,tps,durable_check
accepted,1,baseline,measured,1,1,9139.0,,1,320.522066,state_verified
accepted,1,baseline,measured,1,2,992.0,,1,320.522066,state_verified
accepted,1,baseline,measured,1,3,806.0,,1,320.522066,state_verified
accepted,1,baseline,measured,1,4,723.0,,1,320.522066,state_verified
accepted,1,baseline,measured,1,5,8307.0,,1,320.522066,state_verified
accepted,1,baseline,measured,1,6,900.0,,1,320.522066,state_verified
accepted,1,baseline,measured,1,7,793.0,,1,320.522066,state_verified
accepted,1,baseline,measured,1,8,588.0,,1,320.522066,state_verified
accepted,1,baseline,measured,1,9,7588.0,,1,320.522066,state_verified
accepted,1,baseline,measured,1,10,912.0,,1,320.522066,state_verified
accepted,1,baseline,measured,1,11,786.0,,1,320.522066,state_verified
accepted,1,baseline,measured,1,12,605.0,,1,320.522066,state_verified
accepted,1,baseline,measured,1,13,7693.0,,1,320.522066,state_verified
accepted,1,baseline,measured,1,14,866.0,,1,320.522066,state_verified
accepted,1,baseline,measured,1,15,640.0,,1,320.522066,state_verified
accepted,1,baseline,measured,1,16,633.0,,1,320.522066,state_verified
accepted,1,baseline,measured,1,17,7688.0,,1,320.522066,state_verified
accepted,1,baseline,measured,1,18,816.0,,1,320.522066,state_verified
accepted,1,baseline,measured,1,19,638.0,,1,320.522066,state_verified
accepted,1,baseline,measured,1,20,611.0,,1,320.522066,state_verified
accepted,1,baseline,measured,1,21,7598.0,,1,320.522066,state_verified
accepted,1,baseline,measured,1,22,878.0,,1,320.522066,state_verified
accepted,1,baseline,measured,1,23,793.0,,1,320.522066,state_verified
accepted,1,baseline,measured,1,24,780.0,,1,320.522066,state_verified
accepted,1,baseline,measured,1,25,7553.0,,1,320.522066,state_verified
accepted,1,baseline,measured,1,26,793.0,,1,320.522066,state_verified
accepted,1,baseline,measured,1,27,788.0,,1,320.522066,state_verified
accepted,1,baseline,measured,1,28,776.0,,1,320.522066,state_verified
accepted,1,baseline,measured,1,29,7574.0,,1,320.522066,state_verified
accepted,1,baseline,measured,1,30,754.0,,1,320.522066,state_verified
accepted,1,baseline,measured,1,31,645.0,,1,320.522066,state_verified
accepted,1,baseline,measured,1,32,847.0,,1,320.522066,state_verified
accepted,1,baseline,measured,1,33,7584.0,,1,320.522066,state_verified
accepted,1,baseline,measured,1,34,822.0,,1,320.522066,state_verified
accepted,1,baseline,measured,1,35,763.0,,1,320.522066,state_verified
accepted,1,baseline,measured,1,36,762.0,,1,320.522066,state_verified
accepted,1,baseline,measured,1,37,7492.0,,1,320.522066,state_verified
accepted,1,baseline,measured,1,38,781.0,,1,320.522066,state_verified
accepted,1,baseline,measured,1,39,705.0,,1,320.522066,state_verified
accepted,1,baseline,measured,1,40,731.0,,1,320.522066,state_verified
accepted,1,baseline,measured,1,41,7542.0,,1,320.522066,state_verified
accepted,1,baseline,measured,1,42,791.0,,1,320.522066,state_verified
accepted,1,baseline,measured,1,43,783.0,,1,320.522066,state_verified
accepted,1,baseline,measured,1,44,877.0,,1,320.522066,state_verified
accepted,1,baseline,measured,1,45,7587.0,,1,320.522066,state_verified
accepted,1,baseline,measured,1,46,995.0,,1,320.522066,state_verified
accepted,1,baseline,measured,1,47,826.0,,1,320.522066,state_verified
accepted,1,baseline,measured,1,48,720.0,,1,320.522066,state_verified
accepted,1,baseline,measured,1,49,7539.0,,1,320.522066,state_verified
accepted,1,baseline,measured,1,50,931.0,,1,320.522066,state_verified
accepted,1,baseline,measured,1,51,880.0,,1,320.522066,state_verified
accepted,1,baseline,measured,1,52,844.0,,1,320.522066,state_verified
accepted,1,baseline,measured,1,53,7600.0,,1,320.522066,state_verified
accepted,1,baseline,measured,1,54,899.0,,1,320.522066,state_verified
accepted,1,baseline,measured,1,55,858.0,,1,320.522066,state_verified
accepted,1,baseline,measured,1,56,757.0,,1,320.522066,state_verified
accepted,1,baseline,measured,1,57,7697.0,,1,320.522066,state_verified
accepted,1,baseline,measured,1,58,1137.0,,1,320.522066,state_verified
accepted,1,baseline,measured,1,59,1199.0,,1,320.522066,state_verified
accepted,1,baseline,measured,1,60,1058.0,,1,320.522066,state_verified
accepted,1,baseline,measured,1,61,7580.0,,1,320.522066,state_verified
accepted,1,baseline,measured,1,62,925.0,,1,320.522066,state_verified
accepted,1,baseline,measured,1,63,922.0,,1,320.522066,state_verified
accepted,1,baseline,measured,1,64,923.0,,1,320.522066,state_verified
accepted,1,baseline,measured,1,65,7578.0,,1,320.522066,state_verified
accepted,1,baseline,measured,1,66,1049.0,,1,320.522066,state_verified
accepted,1,baseline,measured,1,67,872.0,,1,320.522066,state_verified
accepted,1,baseline,measured,1,68,695.0,,1,320.522066,state_verified
accepted,1,baseline,measured,1,69,8442.0,,1,320.522066,state_verified
accepted,1,baseline,measured,1,70,1123.0,,1,320.522066,state_verified
accepted,1,baseline,measured,1,71,916.0,,1,320.522066,state_verified
accepted,1,baseline,measured,1,72,738.0,,1,320.522066,state_verified
accepted,1,baseline,measured,1,73,7549.0,,1,320.522066,state_verified
accepted,1,baseline,measured,1,74,904.0,,1,320.522066,state_verified
accepted,1,baseline,measured,1,75,860.0,,1,320.522066,state_verified
accepted,1,baseline,measured,1,76,870.0,,1,320.522066,state_verified
accepted,1,baseline,measured,1,77,7548.0,,1,320.522066,state_verified
accepted,1,baseline,measured,1,78,709.0,,1,320.522066,state_verified
accepted,1,baseline,measured,1,79,618.0,,1,320.522066,state_verified
accepted,1,baseline,measured,1,80,605.0,,1,320.522066,state_verified
accepted,1,baseline,measured,1,81,7618.0,,1,320.522066,state_verified
accepted,1,baseline,measured,1,82,1010.0,,1,320.522066,state_verified
accepted,1,baseline,measured,1,83,835.0,,1,320.522066,state_verified
accepted,1,baseline,measured,1,84,677.0,,1,320.522066,state_verified
accepted,1,baseline,measured,1,85,7609.0,,1,320.522066,state_verified
accepted,1,baseline,measured,1,86,1305.0,,1,320.522066,state_verified
accepted,1,baseline,measured,1,87,1201.0,,1,320.522066,state_verified
accepted,1,baseline,measured,1,88,768.0,,1,320.522066,state_verified
accepted,1,baseline,measured,1,89,7605.0,,1,320.522066,state_verified
accepted,1,baseline,measured,1,90,983.0,,1,320.522066,state_verified
accepted,1,baseline,measured,1,91,824.0,,1,320.522066,state_verified
accepted,1,baseline,measured,1,92,632.0,,1,320.522066,state_verified
accepted,1,baseline,measured,1,93,7622.0,,1,320.522066,state_verified
accepted,1,baseline,measured,1,94,797.0,,1,320.522066,state_verified
accepted,1,baseline,measured,1,95,1045.0,,1,320.522066,state_verified
accepted,1,baseline,measured,1,96,780.0,,1,320.522066,state_verified
accepted,1,baseline,measured,1,97,7588.0,,1,320.522066,state_verified
accepted,1,baseline,measured,1,98,902.0,,1,320.522066,state_verified
accepted,1,baseline,measured,1,99,919.0,,1,320.522066,state_verified
accepted,1,baseline,measured,1,100,742.0,,1,320.522066,state_verified
accepted,1,baseline,measured,1,101,7580.0,,1,320.522066,state_verified
accepted,1,baseline,measured,1,102,954.0,,1,320.522066,state_verified
accepted,1,baseline,measured,1,103,879.0,,1,320.522066,state_verified
accepted,1,baseline,measured,1,104,915.0,,1,320.522066,state_verified
accepted,1,baseline,measured,1,105,7648.0,,1,320.522066,state_verified
accepted,1,baseline,measured,1,106,792.0,,1,320.522066,state_verified
accepted,1,baseline,measured,1,107,680.0,,1,320.522066,state_verified
accepted,1,baseline,measured,1,108,667.0,,1,320.522066,state_verified
accepted,1,baseline,measured,1,109,7595.0,,1,320.522066,state_verified
accepted,1,baseline,measured,1,110,852.0,,1,320.522066,state_verified
accepted,1,baseline,measured,1,111,887.0,,1,320.522066,state_verified
accepted,1,baseline,measured,1,112,854.0,,1,320.522066,state_verified
accepted,1,baseline,measured,1,113,7577.0,,1,320.522066,state_verified
accepted,1,baseline,measured,1,114,921.0,,1,320.522066,state_verified
accepted,1,baseline,measured,1,115,890.0,,1,320.522066,state_verified
accepted,1,baseline,measured,1,116,770.0,,1,320.522066,state_verified
accepted,1,baseline,measured,1,117,116229.0,,1,320.522066,state_verified
accepted,1,baseline,measured,1,118,1346.0,,1,320.522066,state_verified
accepted,1,baseline,measured,1,119,1108.0,,1,320.522066,state_verified
accepted,1,baseline,measured,1,120,970.0,,1,320.522066,state_verified
accepted,1,baseline,measured,1,121,7687.0,,1,320.522066,state_verified
accepted,1,baseline,measured,1,122,971.0,,1,320.522066,state_verified
accepted,1,baseline,measured,1,123,894.0,,1,320.522066,state_verified
accepted,1,baseline,measured,1,124,631.0,,1,320.522066,state_verified
accepted,1,baseline,measured,1,125,7652.0,,1,320.522066,state_verified
accepted,1,baseline,measured,1,126,1122.0,,1,320.522066,state_verified
accepted,1,baseline,measured,1,127,848.0,,1,320.522066,state_verified
accepted,1,baseline,measured,1,128,689.0,,1,320.522066,state_verified
accepted,1,baseline,measured,1,129,7570.0,,1,320.522066,state_verified
accepted,1,baseline,measured,1,130,856.0,,1,320.522066,state_verified
accepted,1,baseline,measured,1,131,820.0,,1,320.522066,state_verified
accepted,1,baseline,measured,1,132,722.0,,1,320.522066,state_verified
accepted,1,baseline,measured,1,133,8447.0,,1,320.522066,state_verified
accepted,1,baseline,measured,1,134,1003.0,,1,320.522066,state_verified
accepted,1,baseline,measured,1,135,814.0,,1,320.522066,state_verified
accepted,1,baseline,measured,1,136,636.0,,1,320.522066,state_verified
accepted,1,baseline,measured,1,137,7753.0,,1,320.522066,state_verified
accepted,1,baseline,measured,1,138,1044.0,,1,320.522066,state_verified
accepted,1,baseline,measured,1,139,928.0,,1,320.522066,state_verified
accepted,1,baseline,measured,1,140,852.0,,1,320.522066,state_verified
accepted,1,baseline,measured,1,141,7734.0,,1,320.522066,state_verified
accepted,1,baseline,measured,1,142,988.0,,1,320.522066,state_verified
accepted,1,baseline,measured,1,143,867.0,,1,320.522066,state_verified
accepted,1,baseline,measured,1,144,620.0,,1,320.522066,state_verified
accepted,1,baseline,measured,1,145,7656.0,,1,320.522066,state_verified
accepted,1,baseline,measured,1,146,848.0,,1,320.522066,state_verified
accepted,1,baseline,measured,1,147,819.0,,1,320.522066,state_verified
accepted,1,baseline,measured,1,148,872.0,,1,320.522066,state_verified
accepted,1,baseline,measured,1,149,7649.0,,1,320.522066,state_verified
accepted,1,baseline,measured,1,150,795.0,,1,320.522066,state_verified
accepted,1,baseline,measured,1,151,815.0,,1,320.522066,state_verified
accepted,1,baseline,measured,1,152,630.0,,1,320.522066,state_verified
accepted,1,baseline,measured,1,153,7715.0,,1,320.522066,state_verified
accepted,1,baseline,measured,1,154,997.0,,1,320.522066,state_verified
accepted,1,baseline,measured,1,155,1066.0,,1,320.522066,state_verified
accepted,1,baseline,measured,1,156,918.0,,1,320.522066,state_verified
accepted,1,baseline,measured,1,157,7651.0,,1,320.522066,state_verified
accepted,1,baseline,measured,1,158,1082.0,,1,320.522066,state_verified
accepted,1,baseline,measured,1,159,797.0,,1,320.522066,state_verified
accepted,1,baseline,measured,1,160,638.0,,1,320.522066,state_verified
accepted,1,baseline,measured,1,161,7707.0,,1,320.522066,state_verified
accepted,1,baseline,measured,1,162,720.0,,1,320.522066,state_verified
accepted,1,baseline,measured,1,163,721.0,,1,320.522066,state_verified
accepted,1,baseline,measured,1,164,659.0,,1,320.522066,state_verified
accepted,1,baseline,measured,1,165,7623.0,,1,320.522066,state_verified
accepted,1,baseline,measured,1,166,952.0,,1,320.522066,state_verified
accepted,1,baseline,measured,1,167,1029.0,,1,320.522066,state_verified
accepted,1,baseline,measured,1,168,806.0,,1,320.522066,state_verified
accepted,1,baseline,measured,1,169,7613.0,,1,320.522066,state_verified
accepted,1,baseline,measured,1,170,915.0,,1,320.522066,state_verified
accepted,1,baseline,measured,1,171,793.0,,1,320.522066,state_verified
accepted,1,baseline,measured,1,172,710.0,,1,320.522066,state_verified
accepted,1,baseline,measured,1,173,7640.0,,1,320.522066,state_verified
accepted,1,baseline,measured,1,174,734.0,,1,320.522066,state_verified
accepted,1,baseline,measured,1,175,597.0,,1,320.522066,state_verified
accepted,1,baseline,measured,1,176,559.0,,1,320.522066,state_verified
accepted,1,baseline,measured,1,177,7855.0,,1,320.522066,state_verified
accepted,1,baseline,measured,1,178,821.0,,1,320.522066,state_verified
accepted,1,baseline,measured,1,179,903.0,,1,320.522066,state_verified
accepted,1,baseline,measured,1,180,718.0,,1,320.522066,state_verified
accepted,1,baseline,measured,1,181,7805.0,,1,320.522066,state_verified
accepted,1,baseline,measured,1,182,1131.0,,1,320.522066,state_verified
accepted,1,baseline,measured,1,183,1115.0,,1,320.522066,state_verified
accepted,1,baseline,measured,1,184,1234.0,,1,320.522066,state_verified
accepted,1,baseline,measured,1,185,7642.0,,1,320.522066,state_verified
accepted,1,baseline,measured,1,186,929.0,,1,320.522066,state_verified
accepted,1,baseline,measured,1,187,866.0,,1,320.522066,state_verified
accepted,1,baseline,measured,1,188,859.0,,1,320.522066,state_verified
accepted,1,baseline,measured,1,189,7609.0,,1,320.522066,state_verified
accepted,1,baseline,measured,1,190,798.0,,1,320.522066,state_verified
accepted,1,baseline,measured,1,191,898.0,,1,320.522066,state_verified
accepted,1,baseline,measured,1,192,667.0,,1,320.522066,state_verified
accepted,1,baseline,measured,1,193,7655.0,,1,320.522066,state_verified
accepted,1,baseline,measured,1,194,960.0,,1,320.522066,state_verified
accepted,1,baseline,measured,1,195,916.0,,1,320.522066,state_verified
accepted,1,baseline,measured,1,196,952.0,,1,320.522066,state_verified
accepted,1,baseline,measured,1,197,8362.0,,1,320.522066,state_verified
accepted,1,baseline,measured,1,198,1042.0,,1,320.522066,state_verified
accepted,1,baseline,measured,1,199,886.0,,1,320.522066,state_verified
accepted,1,baseline,measured,1,200,674.0,,1,320.522066,state_verified
accepted,1,protected,measured,1,1,3804.0,,1,358.351654,state_verified
accepted,1,protected,measured,1,2,1055.0,,1,358.351654,state_verified
accepted,1,protected,measured,1,3,1063.0,,1,358.351654,state_verified
accepted,1,protected,measured,1,4,7915.0,,1,358.351654,state_verified
accepted,1,protected,measured,1,5,1255.0,,1,358.351654,state_verified
accepted,1,protected,measured,1,6,1147.0,,1,358.351654,state_verified
accepted,1,protected,measured,1,7,1060.0,,1,358.351654,state_verified
accepted,1,protected,measured,1,8,7941.0,,1,358.351654,state_verified
accepted,1,protected,measured,1,9,874.0,,1,358.351654,state_verified
accepted,1,protected,measured,1,10,715.0,,1,358.351654,state_verified
accepted,1,protected,measured,1,11,769.0,,1,358.351654,state_verified
accepted,1,protected,measured,1,12,7914.0,,1,358.351654,state_verified
accepted,1,protected,measured,1,13,1083.0,,1,358.351654,state_verified
accepted,1,protected,measured,1,14,950.0,,1,358.351654,state_verified
accepted,1,protected,measured,1,15,901.0,,1,358.351654,state_verified
accepted,1,protected,measured,1,16,8775.0,,1,358.351654,state_verified
accepted,1,protected,measured,1,17,1039.0,,1,358.351654,state_verified
accepted,1,protected,measured,1,18,862.0,,1,358.351654,state_verified
accepted,1,protected,measured,1,19,1023.0,,1,358.351654,state_verified
accepted,1,protected,measured,1,20,7989.0,,1,358.351654,state_verified
accepted,1,protected,measured,1,21,986.0,,1,358.351654,state_verified
accepted,1,protected,measured,1,22,748.0,,1,358.351654,state_verified
accepted,1,protected,measured,1,23,709.0,,1,358.351654,state_verified
accepted,1,protected,measured,1,24,7952.0,,1,358.351654,state_verified
accepted,1,protected,measured,1,25,921.0,,1,358.351654,state_verified
accepted,1,protected,measured,1,26,839.0,,1,358.351654,state_verified
accepted,1,protected,measured,1,27,1000.0,,1,358.351654,state_verified
accepted,1,protected,measured,1,28,7935.0,,1,358.351654,state_verified
accepted,1,protected,measured,1,29,912.0,,1,358.351654,state_verified
accepted,1,protected,measured,1,30,775.0,,1,358.351654,state_verified
accepted,1,protected,measured,1,31,709.0,,1,358.351654,state_verified
accepted,1,protected,measured,1,32,8164.0,,1,358.351654,state_verified
accepted,1,protected,measured,1,33,1410.0,,1,358.351654,state_verified
accepted,1,protected,measured,1,34,1355.0,,1,358.351654,state_verified
accepted,1,protected,measured,1,35,1090.0,,1,358.351654,state_verified
accepted,1,protected,measured,1,36,8018.0,,1,358.351654,state_verified
accepted,1,protected,measured,1,37,943.0,,1,358.351654,state_verified
accepted,1,protected,measured,1,38,879.0,,1,358.351654,state_verified
accepted,1,protected,measured,1,39,720.0,,1,358.351654,state_verified
accepted,1,protected,measured,1,40,7930.0,,1,358.351654,state_verified
accepted,1,protected,measured,1,41,875.0,,1,358.351654,state_verified
accepted,1,protected,measured,1,42,798.0,,1,358.351654,state_verified
accepted,1,protected,measured,1,43,808.0,,1,358.351654,state_verified
accepted,1,protected,measured,1,44,7906.0,,1,358.351654,state_verified
accepted,1,protected,measured,1,45,885.0,,1,358.351654,state_verified
accepted,1,protected,measured,1,46,863.0,,1,358.351654,state_verified
accepted,1,protected,measured,1,47,860.0,,1,358.351654,state_verified
accepted,1,protected,measured,1,48,7909.0,,1,358.351654,state_verified
accepted,1,protected,measured,1,49,1058.0,,1,358.351654,state_verified
accepted,1,protected,measured,1,50,1106.0,,1,358.351654,state_verified
accepted,1,protected,measured,1,51,848.0,,1,358.351654,state_verified
accepted,1,protected,measured,1,52,7929.0,,1,358.351654,state_verified
accepted,1,protected,measured,1,53,895.0,,1,358.351654,state_verified
accepted,1,protected,measured,1,54,721.0,,1,358.351654,state_verified
accepted,1,protected,measured,1,55,681.0,,1,358.351654,state_verified
accepted,1,protected,measured,1,56,7923.0,,1,358.351654,state_verified
accepted,1,protected,measured,1,57,1106.0,,1,358.351654,state_verified
accepted,1,protected,measured,1,58,1053.0,,1,358.351654,state_verified
accepted,1,protected,measured,1,59,843.0,,1,358.351654,state_verified
accepted,1,protected,measured,1,60,7866.0,,1,358.351654,state_verified
accepted,1,protected,measured,1,61,1075.0,,1,358.351654,state_verified
accepted,1,protected,measured,1,62,1037.0,,1,358.351654,state_verified
accepted,1,protected,measured,1,63,865.0,,1,358.351654,state_verified
accepted,1,protected,measured,1,64,7886.0,,1,358.351654,state_verified
accepted,1,protected,measured,1,65,1016.0,,1,358.351654,state_verified
accepted,1,protected,measured,1,66,1049.0,,1,358.351654,state_verified
accepted,1,protected,measured,1,67,774.0,,1,358.351654,state_verified
accepted,1,protected,measured,1,68,8006.0,,1,358.351654,state_verified
accepted,1,protected,measured,1,69,894.0,,1,358.351654,state_verified
accepted,1,protected,measured,1,70,757.0,,1,358.351654,state_verified
accepted,1,protected,measured,1,71,774.0,,1,358.351654,state_verified
accepted,1,protected,measured,1,72,7891.0,,1,358.351654,state_verified
accepted,1,protected,measured,1,73,1077.0,,1,358.351654,state_verified
accepted,1,protected,measured,1,74,898.0,,1,358.351654,state_verified
accepted,1,protected,measured,1,75,926.0,,1,358.351654,state_verified
accepted,1,protected,measured,1,76,7957.0,,1,358.351654,state_verified
accepted,1,protected,measured,1,77,1073.0,,1,358.351654,state_verified
accepted,1,protected,measured,1,78,1073.0,,1,358.351654,state_verified
accepted,1,protected,measured,1,79,828.0,,1,358.351654,state_verified
accepted,1,protected,measured,1,80,9197.0,,1,358.351654,state_verified
accepted,1,protected,measured,1,81,990.0,,1,358.351654,state_verified
accepted,1,protected,measured,1,82,988.0,,1,358.351654,state_verified
accepted,1,protected,measured,1,83,763.0,,1,358.351654,state_verified
accepted,1,protected,measured,1,84,8402.0,,1,358.351654,state_verified
accepted,1,protected,measured,1,85,891.0,,1,358.351654,state_verified
accepted,1,protected,measured,1,86,711.0,,1,358.351654,state_verified
accepted,1,protected,measured,1,87,738.0,,1,358.351654,state_verified
accepted,1,protected,measured,1,88,8280.0,,1,358.351654,state_verified
accepted,1,protected,measured,1,89,1069.0,,1,358.351654,state_verified
accepted,1,protected,measured,1,90,941.0,,1,358.351654,state_verified
accepted,1,protected,measured,1,91,855.0,,1,358.351654,state_verified
accepted,1,protected,measured,1,92,8418.0,,1,358.351654,state_verified
accepted,1,protected,measured,1,93,1033.0,,1,358.351654,state_verified
accepted,1,protected,measured,1,94,869.0,,1,358.351654,state_verified
accepted,1,protected,measured,1,95,870.0,,1,358.351654,state_verified
accepted,1,protected,measured,1,96,8526.0,,1,358.351654,state_verified
accepted,1,protected,measured,1,97,1440.0,,1,358.351654,state_verified
accepted,1,protected,measured,1,98,1049.0,,1,358.351654,state_verified
accepted,1,protected,measured,1,99,1091.0,,1,358.351654,state_verified
accepted,1,protected,measured,1,100,8397.0,,1,358.351654,state_verified
accepted,1,protected,measured,1,101,907.0,,1,358.351654,state_verified
accepted,1,protected,measured,1,102,814.0,,1,358.351654,state_verified
accepted,1,protected,measured,1,103,817.0,,1,358.351654,state_verified
accepted,1,protected,measured,1,104,8436.0,,1,358.351654,state_verified
accepted,1,protected,measured,1,105,845.0,,1,358.351654,state_verified
accepted,1,protected,measured,1,106,791.0,,1,358.351654,state_verified
accepted,1,protected,measured,1,107,703.0,,1,358.351654,state_verified
accepted,1,protected,measured,1,108,8475.0,,1,358.351654,state_verified
accepted,1,protected,measured,1,109,1069.0,,1,358.351654,state_verified
accepted,1,protected,measured,1,110,839.0,,1,358.351654,state_verified
accepted,1,protected,measured,1,111,739.0,,1,358.351654,state_verified
accepted,1,protected,measured,1,112,8470.0,,1,358.351654,state_verified
accepted,1,protected,measured,1,113,1075.0,,1,358.351654,state_verified
accepted,1,protected,measured,1,114,892.0,,1,358.351654,state_verified
accepted,1,protected,measured,1,115,806.0,,1,358.351654,state_verified
accepted,1,protected,measured,1,116,8444.0,,1,358.351654,state_verified
accepted,1,protected,measured,1,117,786.0,,1,358.351654,state_verified
accepted,1,protected,measured,1,118,755.0,,1,358.351654,state_verified
accepted,1,protected,measured,1,119,732.0,,1,358.351654,state_verified
accepted,1,protected,measured,1,120,8399.0,,1,358.351654,state_verified
accepted,1,protected,measured,1,121,1026.0,,1,358.351654,state_verified
accepted,1,protected,measured,1,122,798.0,,1,358.351654,state_verified
accepted,1,protected,measured,1,123,868.0,,1,358.351654,state_verified
accepted,1,protected,measured,1,124,8432.0,,1,358.351654,state_verified
accepted,1,protected,measured,1,125,1046.0,,1,358.351654,state_verified
accepted,1,protected,measured,1,126,918.0,,1,358.351654,state_verified
accepted,1,protected,measured,1,127,900.0,,1,358.351654,state_verified
accepted,1,protected,measured,1,128,8479.0,,1,358.351654,state_verified
accepted,1,protected,measured,1,129,1081.0,,1,358.351654,state_verified
accepted,1,protected,measured,1,130,837.0,,1,358.351654,state_verified
accepted,1,protected,measured,1,131,1023.0,,1,358.351654,state_verified
accepted,1,protected,measured,1,132,8348.0,,1,358.351654,state_verified
accepted,1,protected,measured,1,133,806.0,,1,358.351654,state_verified
accepted,1,protected,measured,1,134,698.0,,1,358.351654,state_verified
accepted,1,protected,measured,1,135,759.0,,1,358.351654,state_verified
accepted,1,protected,measured,1,136,8435.0,,1,358.351654,state_verified
accepted,1,protected,measured,1,137,899.0,,1,358.351654,state_verified
accepted,1,protected,measured,1,138,822.0,,1,358.351654,state_verified
accepted,1,protected,measured,1,139,970.0,,1,358.351654,state_verified
accepted,1,protected,measured,1,140,8469.0,,1,358.351654,state_verified
accepted,1,protected,measured,1,141,1179.0,,1,358.351654,state_verified
accepted,1,protected,measured,1,142,1097.0,,1,358.351654,state_verified
accepted,1,protected,measured,1,143,737.0,,1,358.351654,state_verified
accepted,1,protected,measured,1,144,9087.0,,1,358.351654,state_verified
accepted,1,protected,measured,1,145,1136.0,,1,358.351654,state_verified
accepted,1,protected,measured,1,146,796.0,,1,358.351654,state_verified
accepted,1,protected,measured,1,147,847.0,,1,358.351654,state_verified
accepted,1,protected,measured,1,148,8334.0,,1,358.351654,state_verified
accepted,1,protected,measured,1,149,1082.0,,1,358.351654,state_verified
accepted,1,protected,measured,1,150,965.0,,1,358.351654,state_verified
accepted,1,protected,measured,1,151,722.0,,1,358.351654,state_verified
accepted,1,protected,measured,1,152,8261.0,,1,358.351654,state_verified
accepted,1,protected,measured,1,153,1076.0,,1,358.351654,state_verified
accepted,1,protected,measured,1,154,853.0,,1,358.351654,state_verified
accepted,1,protected,measured,1,155,830.0,,1,358.351654,state_verified
accepted,1,protected,measured,1,156,8248.0,,1,358.351654,state_verified
accepted,1,protected,measured,1,157,1015.0,,1,358.351654,state_verified
accepted,1,protected,measured,1,158,998.0,,1,358.351654,state_verified
accepted,1,protected,measured,1,159,833.0,,1,358.351654,state_verified
accepted,1,protected,measured,1,160,8588.0,,1,358.351654,state_verified
accepted,1,protected,measured,1,161,1344.0,,1,358.351654,state_verified
accepted,1,protected,measured,1,162,1300.0,,1,358.351654,state_verified
accepted,1,protected,measured,1,163,1137.0,,1,358.351654,state_verified
accepted,1,protected,measured,1,164,8254.0,,1,358.351654,state_verified
accepted,1,protected,measured,1,165,1118.0,,1,358.351654,state_verified
accepted,1,protected,measured,1,166,1146.0,,1,358.351654,state_verified
accepted,1,protected,measured,1,167,1025.0,,1,358.351654,state_verified
accepted,1,protected,measured,1,168,8264.0,,1,358.351654,state_verified
accepted,1,protected,measured,1,169,851.0,,1,358.351654,state_verified
accepted,1,protected,measured,1,170,728.0,,1,358.351654,state_verified
accepted,1,protected,measured,1,171,771.0,,1,358.351654,state_verified
accepted,1,protected,measured,1,172,8301.0,,1,358.351654,state_verified
accepted,1,protected,measured,1,173,792.0,,1,358.351654,state_verified
accepted,1,protected,measured,1,174,719.0,,1,358.351654,state_verified
accepted,1,protected,measured,1,175,738.0,,1,358.351654,state_verified
accepted,1,protected,measured,1,176,8268.0,,1,358.351654,state_verified
accepted,1,protected,measured,1,177,857.0,,1,358.351654,state_verified
accepted,1,protected,measured,1,178,791.0,,1,358.351654,state_verified
accepted,1,protected,measured,1,179,868.0,,1,358.351654,state_verified
accepted,1,protected,measured,1,180,8289.0,,1,358.351654,state_verified
accepted,1,protected,measured,1,181,920.0,,1,358.351654,state_verified
accepted,1,protected,measured,1,182,1824.0,,1,358.351654,state_verified
accepted,1,protected,measured,1,183,849.0,,1,358.351654,state_verified
accepted,1,protected,measured,1,184,8308.0,,1,358.351654,state_verified
accepted,1,protected,measured,1,185,1056.0,,1,358.351654,state_verified
accepted,1,protected,measured,1,186,949.0,,1,358.351654,state_verified
accepted,1,protected,measured,1,187,914.0,,1,358.351654,state_verified
accepted,1,protected,measured,1,188,8297.0,,1,358.351654,state_verified
accepted,1,protected,measured,1,189,1037.0,,1,358.351654,state_verified
accepted,1,protected,measured,1,190,930.0,,1,358.351654,state_verified
accepted,1,protected,measured,1,191,814.0,,1,358.351654,state_verified
accepted,1,protected,measured,1,192,8223.0,,1,358.351654,state_verified
accepted,1,protected,measured,1,193,1081.0,,1,358.351654,state_verified
accepted,1,protected,measured,1,194,998.0,,1,358.351654,state_verified
accepted,1,protected,measured,1,195,863.0,,1,358.351654,state_verified
accepted,1,protected,measured,1,196,8241.0,,1,358.351654,state_verified
accepted,1,protected,measured,1,197,1049.0,,1,358.351654,state_verified
accepted,1,protected,measured,1,198,1086.0,,1,358.351654,state_verified
accepted,1,protected,measured,1,199,828.0,,1,358.351654,state_verified
accepted,1,protected,measured,1,200,8317.0,,1,358.351654,state_verified
accepted,1,baseline,measured,5,1,3552.0,,5,373.221367,state_verified
accepted,1,baseline,measured,5,2,861.0,,5,373.221367,state_verified
accepted,1,baseline,measured,5,3,649.0,,5,373.221367,state_verified
accepted,1,baseline,measured,5,4,8229.0,,5,373.221367,state_verified
accepted,1,baseline,measured,5,5,1034.0,,5,373.221367,state_verified
accepted,1,baseline,measured,5,6,860.0,,5,373.221367,state_verified
accepted,1,baseline,measured,5,7,597.0,,5,373.221367,state_verified
accepted,1,baseline,measured,5,8,8366.0,,5,373.221367,state_verified
accepted,1,baseline,measured,5,9,1013.0,,5,373.221367,state_verified
accepted,1,baseline,measured,5,10,813.0,,5,373.221367,state_verified
accepted,1,baseline,measured,5,11,856.0,,5,373.221367,state_verified
accepted,1,baseline,measured,5,12,8296.0,,5,373.221367,state_verified
accepted,1,baseline,measured,5,13,816.0,,5,373.221367,state_verified
accepted,1,baseline,measured,5,14,992.0,,5,373.221367,state_verified
accepted,1,baseline,measured,5,15,1108.0,,5,373.221367,state_verified
accepted,1,baseline,measured,5,16,8824.0,,5,373.221367,state_verified
accepted,1,baseline,measured,5,17,1026.0,,5,373.221367,state_verified
accepted,1,baseline,measured,5,18,967.0,,5,373.221367,state_verified
accepted,1,baseline,measured,5,19,747.0,,5,373.221367,state_verified
accepted,1,baseline,measured,5,20,8099.0,,5,373.221367,state_verified
accepted,1,baseline,measured,5,21,859.0,,5,373.221367,state_verified
accepted,1,baseline,measured,5,22,840.0,,5,373.221367,state_verified
accepted,1,baseline,measured,5,23,835.0,,5,373.221367,state_verified
accepted,1,baseline,measured,5,24,8104.0,,5,373.221367,state_verified
accepted,1,baseline,measured,5,25,871.0,,5,373.221367,state_verified
accepted,1,baseline,measured,5,26,972.0,,5,373.221367,state_verified
accepted,1,baseline,measured,5,27,938.0,,5,373.221367,state_verified
accepted,1,baseline,measured,5,28,8156.0,,5,373.221367,state_verified
accepted,1,baseline,measured,5,29,777.0,,5,373.221367,state_verified
accepted,1,baseline,measured,5,30,624.0,,5,373.221367,state_verified
accepted,1,baseline,measured,5,31,597.0,,5,373.221367,state_verified
accepted,1,baseline,measured,5,32,8184.0,,5,373.221367,state_verified
accepted,1,baseline,measured,5,33,914.0,,5,373.221367,state_verified
accepted,1,baseline,measured,5,34,796.0,,5,373.221367,state_verified
accepted,1,baseline,measured,5,35,681.0,,5,373.221367,state_verified
accepted,1,baseline,measured,5,36,8218.0,,5,373.221367,state_verified
accepted,1,baseline,measured,5,37,975.0,,5,373.221367,state_verified
accepted,1,baseline,measured,5,38,868.0,,5,373.221367,state_verified
accepted,1,baseline,measured,5,39,604.0,,5,373.221367,state_verified
accepted,1,baseline,measured,5,40,8124.0,,5,373.221367,state_verified
accepted,1,baseline,measured,5,41,898.0,,5,373.221367,state_verified
accepted,1,baseline,measured,5,42,821.0,,5,373.221367,state_verified
accepted,1,baseline,measured,5,43,693.0,,5,373.221367,state_verified
accepted,1,baseline,measured,5,44,8346.0,,5,373.221367,state_verified
accepted,1,baseline,measured,5,45,880.0,,5,373.221367,state_verified
accepted,1,baseline,measured,5,46,778.0,,5,373.221367,state_verified
accepted,1,baseline,measured,5,47,595.0,,5,373.221367,state_verified
accepted,1,baseline,measured,5,48,8205.0,,5,373.221367,state_verified
accepted,1,baseline,measured,5,49,793.0,,5,373.221367,state_verified
accepted,1,baseline,measured,5,50,685.0,,5,373.221367,state_verified
accepted,1,baseline,measured,5,51,638.0,,5,373.221367,state_verified
accepted,1,baseline,measured,5,52,8188.0,,5,373.221367,state_verified
accepted,1,baseline,measured,5,53,1048.0,,5,373.221367,state_verified
accepted,1,baseline,measured,5,54,687.0,,5,373.221367,state_verified
accepted,1,baseline,measured,5,55,647.0,,5,373.221367,state_verified
accepted,1,baseline,measured,5,56,8091.0,,5,373.221367,state_verified
accepted,1,baseline,measured,5,57,874.0,,5,373.221367,state_verified
accepted,1,baseline,measured,5,58,852.0,,5,373.221367,state_verified
accepted,1,baseline,measured,5,59,804.0,,5,373.221367,state_verified
accepted,1,baseline,measured,5,60,8292.0,,5,373.221367,state_verified
accepted,1,baseline,measured,5,61,1096.0,,5,373.221367,state_verified
accepted,1,baseline,measured,5,62,1116.0,,5,373.221367,state_verified
accepted,1,baseline,measured,5,63,1228.0,,5,373.221367,state_verified
accepted,1,baseline,measured,5,64,8183.0,,5,373.221367,state_verified
accepted,1,baseline,measured,5,65,987.0,,5,373.221367,state_verified
accepted,1,baseline,measured,5,66,895.0,,5,373.221367,state_verified
accepted,1,baseline,measured,5,67,782.0,,5,373.221367,state_verified
accepted,1,baseline,measured,5,68,8136.0,,5,373.221367,state_verified
accepted,1,baseline,measured,5,69,703.0,,5,373.221367,state_verified
accepted,1,baseline,measured,5,70,601.0,,5,373.221367,state_verified
accepted,1,baseline,measured,5,71,617.0,,5,373.221367,state_verified
accepted,1,baseline,measured,5,72,8094.0,,5,373.221367,state_verified
accepted,1,baseline,measured,5,73,918.0,,5,373.221367,state_verified
accepted,1,baseline,measured,5,74,845.0,,5,373.221367,state_verified
accepted,1,baseline,measured,5,75,840.0,,5,373.221367,state_verified
accepted,1,baseline,measured,5,76,8144.0,,5,373.221367,state_verified
accepted,1,baseline,measured,5,77,933.0,,5,373.221367,state_verified
accepted,1,baseline,measured,5,78,732.0,,5,373.221367,state_verified
accepted,1,baseline,measured,5,79,745.0,,5,373.221367,state_verified
accepted,1,baseline,measured,5,80,8684.0,,5,373.221367,state_verified
accepted,1,baseline,measured,5,81,1025.0,,5,373.221367,state_verified
accepted,1,baseline,measured,5,82,880.0,,5,373.221367,state_verified
accepted,1,baseline,measured,5,83,930.0,,5,373.221367,state_verified
accepted,1,baseline,measured,5,84,7855.0,,5,373.221367,state_verified
accepted,1,baseline,measured,5,85,870.0,,5,373.221367,state_verified
accepted,1,baseline,measured,5,86,911.0,,5,373.221367,state_verified
accepted,1,baseline,measured,5,87,817.0,,5,373.221367,state_verified
accepted,1,baseline,measured,5,88,7918.0,,5,373.221367,state_verified
accepted,1,baseline,measured,5,89,885.0,,5,373.221367,state_verified
accepted,1,baseline,measured,5,90,841.0,,5,373.221367,state_verified
accepted,1,baseline,measured,5,91,841.0,,5,373.221367,state_verified
accepted,1,baseline,measured,5,92,7950.0,,5,373.221367,state_verified
accepted,1,baseline,measured,5,93,1116.0,,5,373.221367,state_verified
accepted,1,baseline,measured,5,94,988.0,,5,373.221367,state_verified
accepted,1,baseline,measured,5,95,972.0,,5,373.221367,state_verified
accepted,1,baseline,measured,5,96,7904.0,,5,373.221367,state_verified
accepted,1,baseline,measured,5,97,793.0,,5,373.221367,state_verified
accepted,1,baseline,measured,5,98,730.0,,5,373.221367,state_verified
accepted,1,baseline,measured,5,99,621.0,,5,373.221367,state_verified
accepted,1,baseline,measured,5,100,7972.0,,5,373.221367,state_verified
accepted,1,baseline,measured,5,101,848.0,,5,373.221367,state_verified
accepted,1,baseline,measured,5,102,715.0,,5,373.221367,state_verified
accepted,1,baseline,measured,5,103,632.0,,5,373.221367,state_verified
accepted,1,baseline,measured,5,104,7993.0,,5,373.221367,state_verified
accepted,1,baseline,measured,5,105,900.0,,5,373.221367,state_verified
accepted,1,baseline,measured,5,106,662.0,,5,373.221367,state_verified
accepted,1,baseline,measured,5,107,636.0,,5,373.221367,state_verified
accepted,1,baseline,measured,5,108,7937.0,,5,373.221367,state_verified
accepted,1,baseline,measured,5,109,928.0,,5,373.221367,state_verified
accepted,1,baseline,measured,5,110,848.0,,5,373.221367,state_verified
accepted,1,baseline,measured,5,111,624.0,,5,373.221367,state_verified
accepted,1,baseline,measured,5,112,7977.0,,5,373.221367,state_verified
accepted,1,baseline,measured,5,113,880.0,,5,373.221367,state_verified
accepted,1,baseline,measured,5,114,614.0,,5,373.221367,state_verified
accepted,1,baseline,measured,5,115,598.0,,5,373.221367,state_verified
accepted,1,baseline,measured,5,116,7929.0,,5,373.221367,state_verified
accepted,1,baseline,measured,5,117,896.0,,5,373.221367,state_verified
accepted,1,baseline,measured,5,118,853.0,,5,373.221367,state_verified
accepted,1,baseline,measured,5,119,801.0,,5,373.221367,state_verified
accepted,1,baseline,measured,5,120,7894.0,,5,373.221367,state_verified
accepted,1,baseline,measured,5,121,936.0,,5,373.221367,state_verified
accepted,1,baseline,measured,5,122,810.0,,5,373.221367,state_verified
accepted,1,baseline,measured,5,123,823.0,,5,373.221367,state_verified
accepted,1,baseline,measured,5,124,7991.0,,5,373.221367,state_verified
accepted,1,baseline,measured,5,125,1129.0,,5,373.221367,state_verified
accepted,1,baseline,measured,5,126,1095.0,,5,373.221367,state_verified
accepted,1,baseline,measured,5,127,1101.0,,5,373.221367,state_verified
accepted,1,baseline,measured,5,128,8222.0,,5,373.221367,state_verified
accepted,1,baseline,measured,5,129,787.0,,5,373.221367,state_verified
accepted,1,baseline,measured,5,130,835.0,,5,373.221367,state_verified
accepted,1,baseline,measured,5,131,626.0,,5,373.221367,state_verified
accepted,1,baseline,measured,5,132,7986.0,,5,373.221367,state_verified
accepted,1,baseline,measured,5,133,1044.0,,5,373.221367,state_verified
accepted,1,baseline,measured,5,134,958.0,,5,373.221367,state_verified
accepted,1,baseline,measured,5,135,786.0,,5,373.221367,state_verified
accepted,1,baseline,measured,5,136,7929.0,,5,373.221367,state_verified
accepted,1,baseline,measured,5,137,773.0,,5,373.221367,state_verified
accepted,1,baseline,measured,5,138,617.0,,5,373.221367,state_verified
accepted,1,baseline,measured,5,139,676.0,,5,373.221367,state_verified
accepted,1,baseline,measured,5,140,7871.0,,5,373.221367,state_verified
accepted,1,baseline,measured,5,141,900.0,,5,373.221367,state_verified
accepted,1,baseline,measured,5,142,846.0,,5,373.221367,state_verified
accepted,1,baseline,measured,5,143,755.0,,5,373.221367,state_verified
accepted,1,baseline,measured,5,144,8747.0,,5,373.221367,state_verified
accepted,1,baseline,measured,5,145,1033.0,,5,373.221367,state_verified
accepted,1,baseline,measured,5,146,830.0,,5,373.221367,state_verified
accepted,1,baseline,measured,5,147,709.0,,5,373.221367,state_verified
accepted,1,baseline,measured,5,148,8088.0,,5,373.221367,state_verified
accepted,1,baseline,measured,5,149,932.0,,5,373.221367,state_verified
accepted,1,baseline,measured,5,150,720.0,,5,373.221367,state_verified
accepted,1,baseline,measured,5,151,799.0,,5,373.221367,state_verified
accepted,1,baseline,measured,5,152,8024.0,,5,373.221367,state_verified
accepted,1,baseline,measured,5,153,871.0,,5,373.221367,state_verified
accepted,1,baseline,measured,5,154,663.0,,5,373.221367,state_verified
accepted,1,baseline,measured,5,155,676.0,,5,373.221367,state_verified
accepted,1,baseline,measured,5,156,7989.0,,5,373.221367,state_verified
accepted,1,baseline,measured,5,157,951.0,,5,373.221367,state_verified
accepted,1,baseline,measured,5,158,909.0,,5,373.221367,state_verified
accepted,1,baseline,measured,5,159,717.0,,5,373.221367,state_verified
accepted,1,baseline,measured,5,160,8136.0,,5,373.221367,state_verified
accepted,1,baseline,measured,5,161,1012.0,,5,373.221367,state_verified
accepted,1,baseline,measured,5,162,1009.0,,5,373.221367,state_verified
accepted,1,baseline,measured,5,163,1022.0,,5,373.221367,state_verified
accepted,1,baseline,measured,5,164,7953.0,,5,373.221367,state_verified
accepted,1,baseline,measured,5,165,929.0,,5,373.221367,state_verified
accepted,1,baseline,measured,5,166,673.0,,5,373.221367,state_verified
accepted,1,baseline,measured,5,167,604.0,,5,373.221367,state_verified
accepted,1,baseline,measured,5,168,7999.0,,5,373.221367,state_verified
accepted,1,baseline,measured,5,169,779.0,,5,373.221367,state_verified
accepted,1,baseline,measured,5,170,673.0,,5,373.221367,state_verified
accepted,1,baseline,measured,5,171,639.0,,5,373.221367,state_verified
accepted,1,baseline,measured,5,172,8051.0,,5,373.221367,state_verified
accepted,1,baseline,measured,5,173,1006.0,,5,373.221367,state_verified
accepted,1,baseline,measured,5,174,951.0,,5,373.221367,state_verified
accepted,1,baseline,measured,5,175,907.0,,5,373.221367,state_verified
accepted,1,baseline,measured,5,176,7893.0,,5,373.221367,state_verified
accepted,1,baseline,measured,5,177,912.0,,5,373.221367,state_verified
accepted,1,baseline,measured,5,178,857.0,,5,373.221367,state_verified
accepted,1,baseline,measured,5,179,907.0,,5,373.221367,state_verified
accepted,1,baseline,measured,5,180,7969.0,,5,373.221367,state_verified
accepted,1,baseline,measured,5,181,881.0,,5,373.221367,state_verified
accepted,1,baseline,measured,5,182,600.0,,5,373.221367,state_verified
accepted,1,baseline,measured,5,183,579.0,,5,373.221367,state_verified
accepted,1,baseline,measured,5,184,8055.0,,5,373.221367,state_verified
accepted,1,baseline,measured,5,185,918.0,,5,373.221367,state_verified
accepted,1,baseline,measured,5,186,842.0,,5,373.221367,state_verified
accepted,1,baseline,measured,5,187,947.0,,5,373.221367,state_verified
accepted,1,baseline,measured,5,188,8182.0,,5,373.221367,state_verified
accepted,1,baseline,measured,5,189,1249.0,,5,373.221367,state_verified
accepted,1,baseline,measured,5,190,1041.0,,5,373.221367,state_verified
accepted,1,baseline,measured,5,191,887.0,,5,373.221367,state_verified
accepted,1,baseline,measured,5,192,7935.0,,5,373.221367,state_verified
accepted,1,baseline,measured,5,193,833.0,,5,373.221367,state_verified
accepted,1,baseline,measured,5,194,836.0,,5,373.221367,state_verified
accepted,1,baseline,measured,5,195,787.0,,5,373.221367,state_verified
accepted,1,baseline,measured,5,196,7934.0,,5,373.221367,state_verified
accepted,1,baseline,measured,5,197,872.0,,5,373.221367,state_verified
accepted,1,baseline,measured,5,198,852.0,,5,373.221367,state_verified
accepted,1,baseline,measured,5,199,773.0,,5,373.221367,state_verified
accepted,1,baseline,measured,5,200,7932.0,,5,373.221367,state_verified
accepted,1,protected,measured,5,1,6511.0,,5,357.107784,state_verified
accepted,1,protected,measured,5,2,1067.0,,5,357.107784,state_verified
accepted,1,protected,measured,5,3,836.0,,5,357.107784,state_verified
accepted,1,protected,measured,5,4,879.0,,5,357.107784,state_verified
accepted,1,protected,measured,5,5,8036.0,,5,357.107784,state_verified
accepted,1,protected,measured,5,6,1149.0,,5,357.107784,state_verified
accepted,1,protected,measured,5,7,973.0,,5,357.107784,state_verified
accepted,1,protected,measured,5,8,928.0,,5,357.107784,state_verified
accepted,1,protected,measured,5,9,7948.0,,5,357.107784,state_verified
accepted,1,protected,measured,5,10,1156.0,,5,357.107784,state_verified
accepted,1,protected,measured,5,11,1053.0,,5,357.107784,state_verified
accepted,1,protected,measured,5,12,1082.0,,5,357.107784,state_verified
accepted,1,protected,measured,5,13,7978.0,,5,357.107784,state_verified
accepted,1,protected,measured,5,14,1147.0,,5,357.107784,state_verified
accepted,1,protected,measured,5,15,1054.0,,5,357.107784,state_verified
accepted,1,protected,measured,5,16,930.0,,5,357.107784,state_verified
accepted,1,protected,measured,5,17,7999.0,,5,357.107784,state_verified
accepted,1,protected,measured,5,18,1362.0,,5,357.107784,state_verified
accepted,1,protected,measured,5,19,882.0,,5,357.107784,state_verified
accepted,1,protected,measured,5,20,847.0,,5,357.107784,state_verified
accepted,1,protected,measured,5,21,7920.0,,5,357.107784,state_verified
accepted,1,protected,measured,5,22,1103.0,,5,357.107784,state_verified
accepted,1,protected,measured,5,23,1110.0,,5,357.107784,state_verified
accepted,1,protected,measured,5,24,827.0,,5,357.107784,state_verified
accepted,1,protected,measured,5,25,8042.0,,5,357.107784,state_verified
accepted,1,protected,measured,5,26,1246.0,,5,357.107784,state_verified
accepted,1,protected,measured,5,27,863.0,,5,357.107784,state_verified
accepted,1,protected,measured,5,28,702.0,,5,357.107784,state_verified
accepted,1,protected,measured,5,29,8202.0,,5,357.107784,state_verified
accepted,1,protected,measured,5,30,1469.0,,5,357.107784,state_verified
accepted,1,protected,measured,5,31,1157.0,,5,357.107784,state_verified
accepted,1,protected,measured,5,32,1081.0,,5,357.107784,state_verified
accepted,1,protected,measured,5,33,7910.0,,5,357.107784,state_verified
accepted,1,protected,measured,5,34,963.0,,5,357.107784,state_verified
accepted,1,protected,measured,5,35,1191.0,,5,357.107784,state_verified
accepted,1,protected,measured,5,36,788.0,,5,357.107784,state_verified
accepted,1,protected,measured,5,37,8068.0,,5,357.107784,state_verified
accepted,1,protected,measured,5,38,1307.0,,5,357.107784,state_verified
accepted,1,protected,measured,5,39,944.0,,5,357.107784,state_verified
accepted,1,protected,measured,5,40,882.0,,5,357.107784,state_verified
accepted,1,protected,measured,5,41,8703.0,,5,357.107784,state_verified
accepted,1,protected,measured,5,42,1028.0,,5,357.107784,state_verified
accepted,1,protected,measured,5,43,1264.0,,5,357.107784,state_verified
accepted,1,protected,measured,5,44,932.0,,5,357.107784,state_verified
accepted,1,protected,measured,5,45,8107.0,,5,357.107784,state_verified
accepted,1,protected,measured,5,46,914.0,,5,357.107784,state_verified
accepted,1,protected,measured,5,47,863.0,,5,357.107784,state_verified
accepted,1,protected,measured,5,48,748.0,,5,357.107784,state_verified
accepted,1,protected,measured,5,49,8115.0,,5,357.107784,state_verified
accepted,1,protected,measured,5,50,928.0,,5,357.107784,state_verified
accepted,1,protected,measured,5,51,773.0,,5,357.107784,state_verified
accepted,1,protected,measured,5,52,858.0,,5,357.107784,state_verified
accepted,1,protected,measured,5,53,8149.0,,5,357.107784,state_verified
accepted,1,protected,measured,5,54,903.0,,5,357.107784,state_verified
accepted,1,protected,measured,5,55,748.0,,5,357.107784,state_verified
accepted,1,protected,measured,5,56,741.0,,5,357.107784,state_verified
accepted,1,protected,measured,5,57,8173.0,,5,357.107784,state_verified
accepted,1,protected,measured,5,58,838.0,,5,357.107784,state_verified
accepted,1,protected,measured,5,59,704.0,,5,357.107784,state_verified
accepted,1,protected,measured,5,60,732.0,,5,357.107784,state_verified
accepted,1,protected,measured,5,61,8106.0,,5,357.107784,state_verified
accepted,1,protected,measured,5,62,1073.0,,5,357.107784,state_verified
accepted,1,protected,measured,5,63,748.0,,5,357.107784,state_verified
accepted,1,protected,measured,5,64,902.0,,5,357.107784,state_verified
accepted,1,protected,measured,5,65,8125.0,,5,357.107784,state_verified
accepted,1,protected,measured,5,66,1230.0,,5,357.107784,state_verified
accepted,1,protected,measured,5,67,1059.0,,5,357.107784,state_verified
accepted,1,protected,measured,5,68,736.0,,5,357.107784,state_verified
accepted,1,protected,measured,5,69,8139.0,,5,357.107784,state_verified
accepted,1,protected,measured,5,70,1120.0,,5,357.107784,state_verified
accepted,1,protected,measured,5,71,867.0,,5,357.107784,state_verified
accepted,1,protected,measured,5,72,804.0,,5,357.107784,state_verified
accepted,1,protected,measured,5,73,8178.0,,5,357.107784,state_verified
accepted,1,protected,measured,5,74,966.0,,5,357.107784,state_verified
accepted,1,protected,measured,5,75,778.0,,5,357.107784,state_verified
accepted,1,protected,measured,5,76,801.0,,5,357.107784,state_verified
accepted,1,protected,measured,5,77,8009.0,,5,357.107784,state_verified
accepted,1,protected,measured,5,78,1062.0,,5,357.107784,state_verified
accepted,1,protected,measured,5,79,906.0,,5,357.107784,state_verified
accepted,1,protected,measured,5,80,764.0,,5,357.107784,state_verified
accepted,1,protected,measured,5,81,8157.0,,5,357.107784,state_verified
accepted,1,protected,measured,5,82,1003.0,,5,357.107784,state_verified
accepted,1,protected,measured,5,83,842.0,,5,357.107784,state_verified
accepted,1,protected,measured,5,84,739.0,,5,357.107784,state_verified
accepted,1,protected,measured,5,85,8157.0,,5,357.107784,state_verified
accepted,1,protected,measured,5,86,1081.0,,5,357.107784,state_verified
accepted,1,protected,measured,5,87,953.0,,5,357.107784,state_verified
accepted,1,protected,measured,5,88,749.0,,5,357.107784,state_verified
accepted,1,protected,measured,5,89,8082.0,,5,357.107784,state_verified
accepted,1,protected,measured,5,90,1097.0,,5,357.107784,state_verified
accepted,1,protected,measured,5,91,978.0,,5,357.107784,state_verified
accepted,1,protected,measured,5,92,691.0,,5,357.107784,state_verified
accepted,1,protected,measured,5,93,8346.0,,5,357.107784,state_verified
accepted,1,protected,measured,5,94,1278.0,,5,357.107784,state_verified
accepted,1,protected,measured,5,95,1317.0,,5,357.107784,state_verified
accepted,1,protected,measured,5,96,1011.0,,5,357.107784,state_verified
accepted,1,protected,measured,5,97,8192.0,,5,357.107784,state_verified
accepted,1,protected,measured,5,98,1014.0,,5,357.107784,state_verified
accepted,1,protected,measured,5,99,793.0,,5,357.107784,state_verified
accepted,1,protected,measured,5,100,778.0,,5,357.107784,state_verified
accepted,1,protected,measured,5,101,8032.0,,5,357.107784,state_verified
accepted,1,protected,measured,5,102,1214.0,,5,357.107784,state_verified
accepted,1,protected,measured,5,103,981.0,,5,357.107784,state_verified
accepted,1,protected,measured,5,104,858.0,,5,357.107784,state_verified
accepted,1,protected,measured,5,105,8643.0,,5,357.107784,state_verified
accepted,1,protected,measured,5,106,1106.0,,5,357.107784,state_verified
accepted,1,protected,measured,5,107,748.0,,5,357.107784,state_verified
accepted,1,protected,measured,5,108,758.0,,5,357.107784,state_verified
accepted,1,protected,measured,5,109,7891.0,,5,357.107784,state_verified
accepted,1,protected,measured,5,110,1068.0,,5,357.107784,state_verified
accepted,1,protected,measured,5,111,725.0,,5,357.107784,state_verified
accepted,1,protected,measured,5,112,731.0,,5,357.107784,state_verified
accepted,1,protected,measured,5,113,7965.0,,5,357.107784,state_verified
accepted,1,protected,measured,5,114,1225.0,,5,357.107784,state_verified
accepted,1,protected,measured,5,115,944.0,,5,357.107784,state_verified
accepted,1,protected,measured,5,116,761.0,,5,357.107784,state_verified
accepted,1,protected,measured,5,117,7995.0,,5,357.107784,state_verified
accepted,1,protected,measured,5,118,1099.0,,5,357.107784,state_verified
accepted,1,protected,measured,5,119,1066.0,,5,357.107784,state_verified
accepted,1,protected,measured,5,120,936.0,,5,357.107784,state_verified
accepted,1,protected,measured,5,121,7920.0,,5,357.107784,state_verified
accepted,1,protected,measured,5,122,898.0,,5,357.107784,state_verified
accepted,1,protected,measured,5,123,967.0,,5,357.107784,state_verified
accepted,1,protected,measured,5,124,726.0,,5,357.107784,state_verified
accepted,1,protected,measured,5,125,7937.0,,5,357.107784,state_verified
accepted,1,protected,measured,5,126,1248.0,,5,357.107784,state_verified
accepted,1,protected,measured,5,127,1380.0,,5,357.107784,state_verified
accepted,1,protected,measured,5,128,1059.0,,5,357.107784,state_verified
accepted,1,protected,measured,5,129,7951.0,,5,357.107784,state_verified
accepted,1,protected,measured,5,130,901.0,,5,357.107784,state_verified
accepted,1,protected,measured,5,131,842.0,,5,357.107784,state_verified
accepted,1,protected,measured,5,132,867.0,,5,357.107784,state_verified
accepted,1,protected,measured,5,133,8145.0,,5,357.107784,state_verified
accepted,1,protected,measured,5,134,1159.0,,5,357.107784,state_verified
accepted,1,protected,measured,5,135,858.0,,5,357.107784,state_verified
accepted,1,protected,measured,5,136,704.0,,5,357.107784,state_verified
accepted,1,protected,measured,5,137,7994.0,,5,357.107784,state_verified
accepted,1,protected,measured,5,138,853.0,,5,357.107784,state_verified
accepted,1,protected,measured,5,139,782.0,,5,357.107784,state_verified
accepted,1,protected,measured,5,140,809.0,,5,357.107784,state_verified
accepted,1,protected,measured,5,141,7895.0,,5,357.107784,state_verified
accepted,1,protected,measured,5,142,1147.0,,5,357.107784,state_verified
accepted,1,protected,measured,5,143,950.0,,5,357.107784,state_verified
accepted,1,protected,measured,5,144,1077.0,,5,357.107784,state_verified
accepted,1,protected,measured,5,145,7843.0,,5,357.107784,state_verified
accepted,1,protected,measured,5,146,922.0,,5,357.107784,state_verified
accepted,1,protected,measured,5,147,929.0,,5,357.107784,state_verified
accepted,1,protected,measured,5,148,1084.0,,5,357.107784,state_verified
accepted,1,protected,measured,5,149,8020.0,,5,357.107784,state_verified
accepted,1,protected,measured,5,150,960.0,,5,357.107784,state_verified
accepted,1,protected,measured,5,151,1080.0,,5,357.107784,state_verified
accepted,1,protected,measured,5,152,1078.0,,5,357.107784,state_verified
accepted,1,protected,measured,5,153,7920.0,,5,357.107784,state_verified
accepted,1,protected,measured,5,154,1120.0,,5,357.107784,state_verified
accepted,1,protected,measured,5,155,997.0,,5,357.107784,state_verified
accepted,1,protected,measured,5,156,1103.0,,5,357.107784,state_verified
accepted,1,protected,measured,5,157,7976.0,,5,357.107784,state_verified
accepted,1,protected,measured,5,158,1359.0,,5,357.107784,state_verified
accepted,1,protected,measured,5,159,1501.0,,5,357.107784,state_verified
accepted,1,protected,measured,5,160,1395.0,,5,357.107784,state_verified
accepted,1,protected,measured,5,161,7847.0,,5,357.107784,state_verified
accepted,1,protected,measured,5,162,1011.0,,5,357.107784,state_verified
accepted,1,protected,measured,5,163,1196.0,,5,357.107784,state_verified
accepted,1,protected,measured,5,164,1348.0,,5,357.107784,state_verified
accepted,1,protected,measured,5,165,7851.0,,5,357.107784,state_verified
accepted,1,protected,measured,5,166,1026.0,,5,357.107784,state_verified
accepted,1,protected,measured,5,167,1008.0,,5,357.107784,state_verified
accepted,1,protected,measured,5,168,989.0,,5,357.107784,state_verified
accepted,1,protected,measured,5,169,8600.0,,5,357.107784,state_verified
accepted,1,protected,measured,5,170,1056.0,,5,357.107784,state_verified
accepted,1,protected,measured,5,171,1115.0,,5,357.107784,state_verified
accepted,1,protected,measured,5,172,1309.0,,5,357.107784,state_verified
accepted,1,protected,measured,5,173,7909.0,,5,357.107784,state_verified
accepted,1,protected,measured,5,174,1066.0,,5,357.107784,state_verified
accepted,1,protected,measured,5,175,1114.0,,5,357.107784,state_verified
accepted,1,protected,measured,5,176,830.0,,5,357.107784,state_verified
accepted,1,protected,measured,5,177,7960.0,,5,357.107784,state_verified
accepted,1,protected,measured,5,178,1034.0,,5,357.107784,state_verified
accepted,1,protected,measured,5,179,1065.0,,5,357.107784,state_verified
accepted,1,protected,measured,5,180,1073.0,,5,357.107784,state_verified
accepted,1,protected,measured,5,181,7887.0,,5,357.107784,state_verified
accepted,1,protected,measured,5,182,922.0,,5,357.107784,state_verified
accepted,1,protected,measured,5,183,802.0,,5,357.107784,state_verified
accepted,1,protected,measured,5,184,777.0,,5,357.107784,state_verified
accepted,1,protected,measured,5,185,8032.0,,5,357.107784,state_verified
accepted,1,protected,measured,5,186,1355.0,,5,357.107784,state_verified
accepted,1,protected,measured,5,187,1081.0,,5,357.107784,state_verified
accepted,1,protected,measured,5,188,1168.0,,5,357.107784,state_verified
accepted,1,protected,measured,5,189,7835.0,,5,357.107784,state_verified
accepted,1,protected,measured,5,190,1061.0,,5,357.107784,state_verified
accepted,1,protected,measured,5,191,8166.0,,5,357.107784,state_verified
accepted,1,protected,measured,5,192,1015.0,,5,357.107784,state_verified
accepted,1,protected,measured,5,193,1048.0,,5,357.107784,state_verified
accepted,1,protected,measured,5,194,911.0,,5,357.107784,state_verified
accepted,1,protected,measured,5,195,7928.0,,5,357.107784,state_verified
accepted,1,protected,measured,5,196,1155.0,,5,357.107784,state_verified
accepted,1,protected,measured,5,197,1025.0,,5,357.107784,state_verified
accepted,1,protected,measured,5,198,8192.0,,5,357.107784,state_verified
accepted,1,protected,measured,5,199,1189.0,,5,357.107784,state_verified
accepted,1,protected,measured,5,200,1091.0,,5,357.107784,state_verified
accepted,1,baseline,measured,100,1,7141.0,,100,299.785354,state_verified
accepted,1,baseline,measured,100,2,1722.0,,100,299.785354,state_verified
accepted,1,baseline,measured,100,3,1309.0,,100,299.785354,state_verified
accepted,1,baseline,measured,100,4,7798.0,,100,299.785354,state_verified
accepted,1,baseline,measured,100,5,1300.0,,100,299.785354,state_verified
accepted,1,baseline,measured,100,6,1494.0,,100,299.785354,state_verified
accepted,1,baseline,measured,100,7,1073.0,,100,299.785354,state_verified
accepted,1,baseline,measured,100,8,7833.0,,100,299.785354,state_verified
accepted,1,baseline,measured,100,9,1805.0,,100,299.785354,state_verified
accepted,1,baseline,measured,100,10,1356.0,,100,299.785354,state_verified
accepted,1,baseline,measured,100,11,923.0,,100,299.785354,state_verified
accepted,1,baseline,measured,100,12,7892.0,,100,299.785354,state_verified
accepted,1,baseline,measured,100,13,1182.0,,100,299.785354,state_verified
accepted,1,baseline,measured,100,14,894.0,,100,299.785354,state_verified
accepted,1,baseline,measured,100,15,961.0,,100,299.785354,state_verified
accepted,1,baseline,measured,100,16,7883.0,,100,299.785354,state_verified
accepted,1,baseline,measured,100,17,1534.0,,100,299.785354,state_verified
accepted,1,baseline,measured,100,18,1271.0,,100,299.785354,state_verified
accepted,1,baseline,measured,100,19,1167.0,,100,299.785354,state_verified
accepted,1,baseline,measured,100,20,7877.0,,100,299.785354,state_verified
accepted,1,baseline,measured,100,21,1872.0,,100,299.785354,state_verified
accepted,1,baseline,measured,100,22,1255.0,,100,299.785354,state_verified
accepted,1,baseline,measured,100,23,1003.0,,100,299.785354,state_verified
accepted,1,baseline,measured,100,24,7966.0,,100,299.785354,state_verified
accepted,1,baseline,measured,100,25,8323.0,,100,299.785354,state_verified
accepted,1,baseline,measured,100,26,1278.0,,100,299.785354,state_verified
accepted,1,baseline,measured,100,27,7842.0,,100,299.785354,state_verified
accepted,1,baseline,measured,100,28,998.0,,100,299.785354,state_verified
accepted,1,baseline,measured,100,29,960.0,,100,299.785354,state_verified
accepted,1,baseline,measured,100,30,1116.0,,100,299.785354,state_verified
accepted,1,baseline,measured,100,31,7828.0,,100,299.785354,state_verified
accepted,1,baseline,measured,100,32,1310.0,,100,299.785354,state_verified
accepted,1,baseline,measured,100,33,937.0,,100,299.785354,state_verified
accepted,1,baseline,measured,100,34,934.0,,100,299.785354,state_verified
accepted,1,baseline,measured,100,35,7933.0,,100,299.785354,state_verified
accepted,1,baseline,measured,100,36,1143.0,,100,299.785354,state_verified
accepted,1,baseline,measured,100,37,857.0,,100,299.785354,state_verified
accepted,1,baseline,measured,100,38,898.0,,100,299.785354,state_verified
accepted,1,baseline,measured,100,39,8721.0,,100,299.785354,state_verified
accepted,1,baseline,measured,100,40,1248.0,,100,299.785354,state_verified
accepted,1,baseline,measured,100,41,1017.0,,100,299.785354,state_verified
accepted,1,baseline,measured,100,42,982.0,,100,299.785354,state_verified
accepted,1,baseline,measured,100,43,7975.0,,100,299.785354,state_verified
accepted,1,baseline,measured,100,44,1148.0,,100,299.785354,state_verified
accepted,1,baseline,measured,100,45,1265.0,,100,299.785354,state_verified
accepted,1,baseline,measured,100,46,1220.0,,100,299.785354,state_verified
accepted,1,baseline,measured,100,47,7956.0,,100,299.785354,state_verified
accepted,1,baseline,measured,100,48,1450.0,,100,299.785354,state_verified
accepted,1,baseline,measured,100,49,1043.0,,100,299.785354,state_verified
accepted,1,baseline,measured,100,50,821.0,,100,299.785354,state_verified
accepted,1,baseline,measured,100,51,8022.0,,100,299.785354,state_verified
accepted,1,baseline,measured,100,52,1331.0,,100,299.785354,state_verified
accepted,1,baseline,measured,100,53,1078.0,,100,299.785354,state_verified
accepted,1,baseline,measured,100,54,980.0,,100,299.785354,state_verified
accepted,1,baseline,measured,100,55,8198.0,,100,299.785354,state_verified
accepted,1,baseline,measured,100,56,1868.0,,100,299.785354,state_verified
accepted,1,baseline,measured,100,57,1246.0,,100,299.785354,state_verified
accepted,1,baseline,measured,100,58,1258.0,,100,299.785354,state_verified
accepted,1,baseline,measured,100,59,8003.0,,100,299.785354,state_verified
accepted,1,baseline,measured,100,60,1265.0,,100,299.785354,state_verified
accepted,1,baseline,measured,100,61,1454.0,,100,299.785354,state_verified
accepted,1,baseline,measured,100,62,1413.0,,100,299.785354,state_verified
accepted,1,baseline,measured,100,63,8041.0,,100,299.785354,state_verified
accepted,1,baseline,measured,100,64,1894.0,,100,299.785354,state_verified
accepted,1,baseline,measured,100,65,1483.0,,100,299.785354,state_verified
accepted,1,baseline,measured,100,66,1236.0,,100,299.785354,state_verified
accepted,1,baseline,measured,100,67,7954.0,,100,299.785354,state_verified
accepted,1,baseline,measured,100,68,1346.0,,100,299.785354,state_verified
accepted,1,baseline,measured,100,69,934.0,,100,299.785354,state_verified
accepted,1,baseline,measured,100,70,842.0,,100,299.785354,state_verified
accepted,1,baseline,measured,100,71,8012.0,,100,299.785354,state_verified
accepted,1,baseline,measured,100,72,1441.0,,100,299.785354,state_verified
accepted,1,baseline,measured,100,73,870.0,,100,299.785354,state_verified
accepted,1,baseline,measured,100,74,1001.0,,100,299.785354,state_verified
accepted,1,baseline,measured,100,75,8003.0,,100,299.785354,state_verified
accepted,1,baseline,measured,100,76,1188.0,,100,299.785354,state_verified
accepted,1,baseline,measured,100,77,1241.0,,100,299.785354,state_verified
accepted,1,baseline,measured,100,78,1108.0,,100,299.785354,state_verified
accepted,1,baseline,measured,100,79,7940.0,,100,299.785354,state_verified
accepted,1,baseline,measured,100,80,1367.0,,100,299.785354,state_verified
accepted,1,baseline,measured,100,81,1284.0,,100,299.785354,state_verified
accepted,1,baseline,measured,100,82,1269.0,,100,299.785354,state_verified
accepted,1,baseline,measured,100,83,8002.0,,100,299.785354,state_verified
accepted,1,baseline,measured,100,84,1405.0,,100,299.785354,state_verified
accepted,1,baseline,measured,100,85,1040.0,,100,299.785354,state_verified
accepted,1,baseline,measured,100,86,909.0,,100,299.785354,state_verified
accepted,1,baseline,measured,100,87,8038.0,,100,299.785354,state_verified
accepted,1,baseline,measured,100,88,1051.0,,100,299.785354,state_verified
accepted,1,baseline,measured,100,89,1105.0,,100,299.785354,state_verified
accepted,1,baseline,measured,100,90,921.0,,100,299.785354,state_verified
accepted,1,baseline,measured,100,91,8133.0,,100,299.785354,state_verified
accepted,1,baseline,measured,100,92,1591.0,,100,299.785354,state_verified
accepted,1,baseline,measured,100,93,1175.0,,100,299.785354,state_verified
accepted,1,baseline,measured,100,94,834.0,,100,299.785354,state_verified
accepted,1,baseline,measured,100,95,8059.0,,100,299.785354,state_verified
accepted,1,baseline,measured,100,96,1167.0,,100,299.785354,state_verified
accepted,1,baseline,measured,100,97,1392.0,,100,299.785354,state_verified
accepted,1,baseline,measured,100,98,996.0,,100,299.785354,state_verified
accepted,1,baseline,measured,100,99,7961.0,,100,299.785354,state_verified
accepted,1,baseline,measured,100,100,1477.0,,100,299.785354,state_verified
accepted,1,baseline,measured,100,101,1463.0,,100,299.785354,state_verified
accepted,1,baseline,measured,100,102,1056.0,,100,299.785354,state_verified
accepted,1,baseline,measured,100,103,8479.0,,100,299.785354,state_verified
accepted,1,baseline,measured,100,104,1654.0,,100,299.785354,state_verified
accepted,1,baseline,measured,100,105,956.0,,100,299.785354,state_verified
accepted,1,baseline,measured,100,106,1036.0,,100,299.785354,state_verified
accepted,1,baseline,measured,100,107,7694.0,,100,299.785354,state_verified
accepted,1,baseline,measured,100,108,1180.0,,100,299.785354,state_verified
accepted,1,baseline,measured,100,109,986.0,,100,299.785354,state_verified
accepted,1,baseline,measured,100,110,895.0,,100,299.785354,state_verified
accepted,1,baseline,measured,100,111,7653.0,,100,299.785354,state_verified
accepted,1,baseline,measured,100,112,1598.0,,100,299.785354,state_verified
accepted,1,baseline,measured,100,113,1185.0,,100,299.785354,state_verified
accepted,1,baseline,measured,100,114,1107.0,,100,299.785354,state_verified
accepted,1,baseline,measured,100,115,7656.0,,100,299.785354,state_verified
accepted,1,baseline,measured,100,116,1472.0,,100,299.785354,state_verified
accepted,1,baseline,measured,100,117,1429.0,,100,299.785354,state_verified
accepted,1,baseline,measured,100,118,988.0,,100,299.785354,state_verified
accepted,1,baseline,measured,100,119,7979.0,,100,299.785354,state_verified
accepted,1,baseline,measured,100,120,2036.0,,100,299.785354,state_verified
accepted,1,baseline,measured,100,121,1393.0,,100,299.785354,state_verified
accepted,1,baseline,measured,100,122,1316.0,,100,299.785354,state_verified
accepted,1,baseline,measured,100,123,7729.0,,100,299.785354,state_verified
accepted,1,baseline,measured,100,124,1478.0,,100,299.785354,state_verified
accepted,1,baseline,measured,100,125,1222.0,,100,299.785354,state_verified
accepted,1,baseline,measured,100,126,1169.0,,100,299.785354,state_verified
accepted,1,baseline,measured,100,127,7727.0,,100,299.785354,state_verified
accepted,1,baseline,measured,100,128,1172.0,,100,299.785354,state_verified
accepted,1,baseline,measured,100,129,1025.0,,100,299.785354,state_verified
accepted,1,baseline,measured,100,130,874.0,,100,299.785354,state_verified
accepted,1,baseline,measured,100,131,7660.0,,100,299.785354,state_verified
accepted,1,baseline,measured,100,132,1002.0,,100,299.785354,state_verified
accepted,1,baseline,measured,100,133,897.0,,100,299.785354,state_verified
accepted,1,baseline,measured,100,134,1174.0,,100,299.785354,state_verified
accepted,1,baseline,measured,100,135,7669.0,,100,299.785354,state_verified
accepted,1,baseline,measured,100,136,1468.0,,100,299.785354,state_verified
accepted,1,baseline,measured,100,137,1351.0,,100,299.785354,state_verified
accepted,1,baseline,measured,100,138,1098.0,,100,299.785354,state_verified
accepted,1,baseline,measured,100,139,7724.0,,100,299.785354,state_verified
accepted,1,baseline,measured,100,140,1413.0,,100,299.785354,state_verified
accepted,1,baseline,measured,100,141,886.0,,100,299.785354,state_verified
accepted,1,baseline,measured,100,142,857.0,,100,299.785354,state_verified
accepted,1,baseline,measured,100,143,7638.0,,100,299.785354,state_verified
accepted,1,baseline,measured,100,144,869.0,,100,299.785354,state_verified
accepted,1,baseline,measured,100,145,909.0,,100,299.785354,state_verified
accepted,1,baseline,measured,100,146,1497.0,,100,299.785354,state_verified
accepted,1,baseline,measured,100,147,7713.0,,100,299.785354,state_verified
accepted,1,baseline,measured,100,148,1260.0,,100,299.785354,state_verified
accepted,1,baseline,measured,100,149,1233.0,,100,299.785354,state_verified
accepted,1,baseline,measured,100,150,935.0,,100,299.785354,state_verified
accepted,1,baseline,measured,100,151,7689.0,,100,299.785354,state_verified
accepted,1,baseline,measured,100,152,1561.0,,100,299.785354,state_verified
accepted,1,baseline,measured,100,153,1170.0,,100,299.785354,state_verified
accepted,1,baseline,measured,100,154,1052.0,,100,299.785354,state_verified
accepted,1,baseline,measured,100,155,7716.0,,100,299.785354,state_verified
accepted,1,baseline,measured,100,156,1479.0,,100,299.785354,state_verified
accepted,1,baseline,measured,100,157,1118.0,,100,299.785354,state_verified
accepted,1,baseline,measured,100,158,850.0,,100,299.785354,state_verified
accepted,1,baseline,measured,100,159,7778.0,,100,299.785354,state_verified
accepted,1,baseline,measured,100,160,1293.0,,100,299.785354,state_verified
accepted,1,baseline,measured,100,161,836.0,,100,299.785354,state_verified
accepted,1,baseline,measured,100,162,891.0,,100,299.785354,state_verified
accepted,1,baseline,measured,100,163,7747.0,,100,299.785354,state_verified
accepted,1,baseline,measured,100,164,1073.0,,100,299.785354,state_verified
accepted,1,baseline,measured,100,165,1268.0,,100,299.785354,state_verified
accepted,1,baseline,measured,100,166,868.0,,100,299.785354,state_verified
accepted,1,baseline,measured,100,167,8484.0,,100,299.785354,state_verified
accepted,1,baseline,measured,100,168,1573.0,,100,299.785354,state_verified
accepted,1,baseline,measured,100,169,1144.0,,100,299.785354,state_verified
accepted,1,baseline,measured,100,170,933.0,,100,299.785354,state_verified
accepted,1,baseline,measured,100,171,7733.0,,100,299.785354,state_verified
accepted,1,baseline,measured,100,172,1362.0,,100,299.785354,state_verified
accepted,1,baseline,measured,100,173,1001.0,,100,299.785354,state_verified
accepted,1,baseline,measured,100,174,801.0,,100,299.785354,state_verified
accepted,1,baseline,measured,100,175,7751.0,,100,299.785354,state_verified
accepted,1,baseline,measured,100,176,79804.0,,100,299.785354,state_verified
accepted,1,baseline,measured,100,177,7569.0,,100,299.785354,state_verified
accepted,1,baseline,measured,100,178,1385.0,,100,299.785354,state_verified
accepted,1,baseline,measured,100,179,1462.0,,100,299.785354,state_verified
accepted,1,baseline,measured,100,180,871.0,,100,299.785354,state_verified
accepted,1,baseline,measured,100,181,7672.0,,100,299.785354,state_verified
accepted,1,baseline,measured,100,182,1358.0,,100,299.785354,state_verified
accepted,1,baseline,measured,100,183,981.0,,100,299.785354,state_verified
accepted,1,baseline,measured,100,184,1157.0,,100,299.785354,state_verified
accepted,1,baseline,measured,100,185,7692.0,,100,299.785354,state_verified
accepted,1,baseline,measured,100,186,1419.0,,100,299.785354,state_verified
accepted,1,baseline,measured,100,187,1827.0,,100,299.785354,state_verified
accepted,1,baseline,measured,100,188,779.0,,100,299.785354,state_verified
accepted,1,baseline,measured,100,189,8467.0,,100,299.785354,state_verified
accepted,1,baseline,measured,100,190,1065.0,,100,299.785354,state_verified
accepted,1,baseline,measured,100,191,1100.0,,100,299.785354,state_verified
accepted,1,baseline,measured,100,192,859.0,,100,299.785354,state_verified
accepted,1,baseline,measured,100,193,7714.0,,100,299.785354,state_verified
accepted,1,baseline,measured,100,194,1085.0,,100,299.785354,state_verified
accepted,1,baseline,measured,100,195,1003.0,,100,299.785354,state_verified
accepted,1,baseline,measured,100,196,1038.0,,100,299.785354,state_verified
accepted,1,baseline,measured,100,197,7682.0,,100,299.785354,state_verified
accepted,1,baseline,measured,100,198,1297.0,,100,299.785354,state_verified
accepted,1,baseline,measured,100,199,1024.0,,100,299.785354,state_verified
accepted,1,baseline,measured,100,200,974.0,,100,299.785354,state_verified
accepted,1,protected,measured,100,1,4121.0,,100,278.599259,state_verified
accepted,1,protected,measured,100,2,8400.0,,100,278.599259,state_verified
accepted,1,protected,measured,100,3,2218.0,,100,278.599259,state_verified
accepted,1,protected,measured,100,4,2196.0,,100,278.599259,state_verified
accepted,1,protected,measured,100,5,1634.0,,100,278.599259,state_verified
accepted,1,protected,measured,100,6,8402.0,,100,278.599259,state_verified
accepted,1,protected,measured,100,7,2482.0,,100,278.599259,state_verified
accepted,1,protected,measured,100,8,1591.0,,100,278.599259,state_verified
accepted,1,protected,measured,100,9,1641.0,,100,278.599259,state_verified
accepted,1,protected,measured,100,10,8366.0,,100,278.599259,state_verified
accepted,1,protected,measured,100,11,2505.0,,100,278.599259,state_verified
accepted,1,protected,measured,100,12,1561.0,,100,278.599259,state_verified
accepted,1,protected,measured,100,13,1460.0,,100,278.599259,state_verified
accepted,1,protected,measured,100,14,8444.0,,100,278.599259,state_verified
accepted,1,protected,measured,100,15,2316.0,,100,278.599259,state_verified
accepted,1,protected,measured,100,16,1423.0,,100,278.599259,state_verified
accepted,1,protected,measured,100,17,1581.0,,100,278.599259,state_verified
accepted,1,protected,measured,100,18,8435.0,,100,278.599259,state_verified
accepted,1,protected,measured,100,19,2564.0,,100,278.599259,state_verified
accepted,1,protected,measured,100,20,1660.0,,100,278.599259,state_verified
accepted,1,protected,measured,100,21,1666.0,,100,278.599259,state_verified
accepted,1,protected,measured,100,22,8433.0,,100,278.599259,state_verified
accepted,1,protected,measured,100,23,2479.0,,100,278.599259,state_verified
accepted,1,protected,measured,100,24,1530.0,,100,278.599259,state_verified
accepted,1,protected,measured,100,25,1277.0,,100,278.599259,state_verified
accepted,1,protected,measured,100,26,8423.0,,100,278.599259,state_verified
accepted,1,protected,measured,100,27,2404.0,,100,278.599259,state_verified
accepted,1,protected,measured,100,28,1666.0,,100,278.599259,state_verified
accepted,1,protected,measured,100,29,1559.0,,100,278.599259,state_verified
accepted,1,protected,measured,100,30,8464.0,,100,278.599259,state_verified
accepted,1,protected,measured,100,31,1611.0,,100,278.599259,state_verified
accepted,1,protected,measured,100,32,1605.0,,100,278.599259,state_verified
accepted,1,protected,measured,100,33,1402.0,,100,278.599259,state_verified
accepted,1,protected,measured,100,34,8407.0,,100,278.599259,state_verified
accepted,1,protected,measured,100,35,2270.0,,100,278.599259,state_verified
accepted,1,protected,measured,100,36,1449.0,,100,278.599259,state_verified
accepted,1,protected,measured,100,37,1587.0,,100,278.599259,state_verified
accepted,1,protected,measured,100,38,8692.0,,100,278.599259,state_verified
accepted,1,protected,measured,100,39,2222.0,,100,278.599259,state_verified
accepted,1,protected,measured,100,40,1965.0,,100,278.599259,state_verified
accepted,1,protected,measured,100,41,1613.0,,100,278.599259,state_verified
accepted,1,protected,measured,100,42,8396.0,,100,278.599259,state_verified
accepted,1,protected,measured,100,43,2502.0,,100,278.599259,state_verified
accepted,1,protected,measured,100,44,2064.0,,100,278.599259,state_verified
accepted,1,protected,measured,100,45,1627.0,,100,278.599259,state_verified
accepted,1,protected,measured,100,46,8412.0,,100,278.599259,state_verified
accepted,1,protected,measured,100,47,2445.0,,100,278.599259,state_verified
accepted,1,protected,measured,100,48,1415.0,,100,278.599259,state_verified
accepted,1,protected,measured,100,49,9328.0,,100,278.599259,state_verified
accepted,1,protected,measured,100,50,2263.0,,100,278.599259,state_verified
accepted,1,protected,measured,100,51,1710.0,,100,278.599259,state_verified
accepted,1,protected,measured,100,52,1878.0,,100,278.599259,state_verified
accepted,1,protected,measured,100,53,8409.0,,100,278.599259,state_verified
accepted,1,protected,measured,100,54,2890.0,,100,278.599259,state_verified
accepted,1,protected,measured,100,55,1934.0,,100,278.599259,state_verified
accepted,1,protected,measured,100,56,1620.0,,100,278.599259,state_verified
accepted,1,protected,measured,100,57,8405.0,,100,278.599259,state_verified
accepted,1,protected,measured,100,58,2160.0,,100,278.599259,state_verified
accepted,1,protected,measured,100,59,1758.0,,100,278.599259,state_verified
accepted,1,protected,measured,100,60,1269.0,,100,278.599259,state_verified
accepted,1,protected,measured,100,61,8459.0,,100,278.599259,state_verified
accepted,1,protected,measured,100,62,2137.0,,100,278.599259,state_verified
accepted,1,protected,measured,100,63,1824.0,,100,278.599259,state_verified
accepted,1,protected,measured,100,64,1620.0,,100,278.599259,state_verified
accepted,1,protected,measured,100,65,8523.0,,100,278.599259,state_verified
accepted,1,protected,measured,100,66,2370.0,,100,278.599259,state_verified
accepted,1,protected,measured,100,67,1370.0,,100,278.599259,state_verified
accepted,1,protected,measured,100,68,1397.0,,100,278.599259,state_verified
accepted,1,protected,measured,100,69,8489.0,,100,278.599259,state_verified
accepted,1,protected,measured,100,70,1853.0,,100,278.599259,state_verified
accepted,1,protected,measured,100,71,1678.0,,100,278.599259,state_verified
accepted,1,protected,measured,100,72,1771.0,,100,278.599259,state_verified
accepted,1,protected,measured,100,73,8419.0,,100,278.599259,state_verified
accepted,1,protected,measured,100,74,2458.0,,100,278.599259,state_verified
accepted,1,protected,measured,100,75,1990.0,,100,278.599259,state_verified
accepted,1,protected,measured,100,76,1320.0,,100,278.599259,state_verified
accepted,1,protected,measured,100,77,8455.0,,100,278.599259,state_verified
accepted,1,protected,measured,100,78,2260.0,,100,278.599259,state_verified
accepted,1,protected,measured,100,79,1416.0,,100,278.599259,state_verified
accepted,1,protected,measured,100,80,1654.0,,100,278.599259,state_verified
accepted,1,protected,measured,100,81,8420.0,,100,278.599259,state_verified
accepted,1,protected,measured,100,82,2202.0,,100,278.599259,state_verified
accepted,1,protected,measured,100,83,2041.0,,100,278.599259,state_verified
accepted,1,protected,measured,100,84,1426.0,,100,278.599259,state_verified
accepted,1,protected,measured,100,85,8563.0,,100,278.599259,state_verified
accepted,1,protected,measured,100,86,3670.0,,100,278.599259,state_verified
accepted,1,protected,measured,100,87,1970.0,,100,278.599259,state_verified
accepted,1,protected,measured,100,88,1613.0,,100,278.599259,state_verified
accepted,1,protected,measured,100,89,8521.0,,100,278.599259,state_verified
accepted,1,protected,measured,100,90,10049.0,,100,278.599259,state_verified
accepted,1,protected,measured,100,91,2533.0,,100,278.599259,state_verified
accepted,1,protected,measured,100,92,1692.0,,100,278.599259,state_verified
accepted,1,protected,measured,100,93,8472.0,,100,278.599259,state_verified
accepted,1,protected,measured,100,94,1575.0,,100,278.599259,state_verified
accepted,1,protected,measured,100,95,2046.0,,100,278.599259,state_verified
accepted,1,protected,measured,100,96,1527.0,,100,278.599259,state_verified
accepted,1,protected,measured,100,97,8776.0,,100,278.599259,state_verified
accepted,1,protected,measured,100,98,2450.0,,100,278.599259,state_verified
accepted,1,protected,measured,100,99,1757.0,,100,278.599259,state_verified
accepted,1,protected,measured,100,100,1802.0,,100,278.599259,state_verified
accepted,1,protected,measured,100,101,8469.0,,100,278.599259,state_verified
accepted,1,protected,measured,100,102,2820.0,,100,278.599259,state_verified
accepted,1,protected,measured,100,103,1688.0,,100,278.599259,state_verified
accepted,1,protected,measured,100,104,1387.0,,100,278.599259,state_verified
accepted,1,protected,measured,100,105,8409.0,,100,278.599259,state_verified
accepted,1,protected,measured,100,106,2377.0,,100,278.599259,state_verified
accepted,1,protected,measured,100,107,1530.0,,100,278.599259,state_verified
accepted,1,protected,measured,100,108,1644.0,,100,278.599259,state_verified
accepted,1,protected,measured,100,109,9293.0,,100,278.599259,state_verified
accepted,1,protected,measured,100,110,2441.0,,100,278.599259,state_verified
accepted,1,protected,measured,100,111,1412.0,,100,278.599259,state_verified
accepted,1,protected,measured,100,112,1625.0,,100,278.599259,state_verified
accepted,1,protected,measured,100,113,8676.0,,100,278.599259,state_verified
accepted,1,protected,measured,100,114,1582.0,,100,278.599259,state_verified
accepted,1,protected,measured,100,115,1624.0,,100,278.599259,state_verified
accepted,1,protected,measured,100,116,1577.0,,100,278.599259,state_verified
accepted,1,protected,measured,100,117,8510.0,,100,278.599259,state_verified
accepted,1,protected,measured,100,118,2713.0,,100,278.599259,state_verified
accepted,1,protected,measured,100,119,1423.0,,100,278.599259,state_verified
accepted,1,protected,measured,100,120,1555.0,,100,278.599259,state_verified
accepted,1,protected,measured,100,121,8496.0,,100,278.599259,state_verified
accepted,1,protected,measured,100,122,2649.0,,100,278.599259,state_verified
accepted,1,protected,measured,100,123,1341.0,,100,278.599259,state_verified
accepted,1,protected,measured,100,124,1489.0,,100,278.599259,state_verified
accepted,1,protected,measured,100,125,8643.0,,100,278.599259,state_verified
accepted,1,protected,measured,100,126,1711.0,,100,278.599259,state_verified
accepted,1,protected,measured,100,127,1677.0,,100,278.599259,state_verified
accepted,1,protected,measured,100,128,1478.0,,100,278.599259,state_verified
accepted,1,protected,measured,100,129,8616.0,,100,278.599259,state_verified
accepted,1,protected,measured,100,130,1818.0,,100,278.599259,state_verified
accepted,1,protected,measured,100,131,1501.0,,100,278.599259,state_verified
accepted,1,protected,measured,100,132,1576.0,,100,278.599259,state_verified
accepted,1,protected,measured,100,133,8596.0,,100,278.599259,state_verified
accepted,1,protected,measured,100,134,2828.0,,100,278.599259,state_verified
accepted,1,protected,measured,100,135,1669.0,,100,278.599259,state_verified
accepted,1,protected,measured,100,136,1408.0,,100,278.599259,state_verified
accepted,1,protected,measured,100,137,8540.0,,100,278.599259,state_verified
accepted,1,protected,measured,100,138,1514.0,,100,278.599259,state_verified
accepted,1,protected,measured,100,139,1590.0,,100,278.599259,state_verified
accepted,1,protected,measured,100,140,1437.0,,100,278.599259,state_verified
accepted,1,protected,measured,100,141,8553.0,,100,278.599259,state_verified
accepted,1,protected,measured,100,142,2306.0,,100,278.599259,state_verified
accepted,1,protected,measured,100,143,1544.0,,100,278.599259,state_verified
accepted,1,protected,measured,100,144,1319.0,,100,278.599259,state_verified
accepted,1,protected,measured,100,145,8551.0,,100,278.599259,state_verified
accepted,1,protected,measured,100,146,2547.0,,100,278.599259,state_verified
accepted,1,protected,measured,100,147,1523.0,,100,278.599259,state_verified
accepted,1,protected,measured,100,148,1284.0,,100,278.599259,state_verified
accepted,1,protected,measured,100,149,8578.0,,100,278.599259,state_verified
accepted,1,protected,measured,100,150,2254.0,,100,278.599259,state_verified
accepted,1,protected,measured,100,151,1574.0,,100,278.599259,state_verified
accepted,1,protected,measured,100,152,1391.0,,100,278.599259,state_verified
accepted,1,protected,measured,100,153,8581.0,,100,278.599259,state_verified
accepted,1,protected,measured,100,154,2484.0,,100,278.599259,state_verified
accepted,1,protected,measured,100,155,1941.0,,100,278.599259,state_verified
accepted,1,protected,measured,100,156,1746.0,,100,278.599259,state_verified
accepted,1,protected,measured,100,157,8613.0,,100,278.599259,state_verified
accepted,1,protected,measured,100,158,1595.0,,100,278.599259,state_verified
accepted,1,protected,measured,100,159,1422.0,,100,278.599259,state_verified
accepted,1,protected,measured,100,160,1476.0,,100,278.599259,state_verified
accepted,1,protected,measured,100,161,8796.0,,100,278.599259,state_verified
accepted,1,protected,measured,100,162,1815.0,,100,278.599259,state_verified
accepted,1,protected,measured,100,163,1888.0,,100,278.599259,state_verified
accepted,1,protected,measured,100,164,1909.0,,100,278.599259,state_verified
accepted,1,protected,measured,100,165,8663.0,,100,278.599259,state_verified
accepted,1,protected,measured,100,166,1833.0,,100,278.599259,state_verified
accepted,1,protected,measured,100,167,1715.0,,100,278.599259,state_verified
accepted,1,protected,measured,100,168,1519.0,,100,278.599259,state_verified
accepted,1,protected,measured,100,169,8626.0,,100,278.599259,state_verified
accepted,1,protected,measured,100,170,1977.0,,100,278.599259,state_verified
accepted,1,protected,measured,100,171,1556.0,,100,278.599259,state_verified
accepted,1,protected,measured,100,172,1581.0,,100,278.599259,state_verified
accepted,1,protected,measured,100,173,9395.0,,100,278.599259,state_verified
accepted,1,protected,measured,100,174,2722.0,,100,278.599259,state_verified
accepted,1,protected,measured,100,175,1846.0,,100,278.599259,state_verified
accepted,1,protected,measured,100,176,1446.0,,100,278.599259,state_verified
accepted,1,protected,measured,100,177,8619.0,,100,278.599259,state_verified
accepted,1,protected,measured,100,178,2240.0,,100,278.599259,state_verified
accepted,1,protected,measured,100,179,2083.0,,100,278.599259,state_verified
accepted,1,protected,measured,100,180,1846.0,,100,278.599259,state_verified
accepted,1,protected,measured,100,181,8531.0,,100,278.599259,state_verified
accepted,1,protected,measured,100,182,1742.0,,100,278.599259,state_verified
accepted,1,protected,measured,100,183,1579.0,,100,278.599259,state_verified
accepted,1,protected,measured,100,184,1479.0,,100,278.599259,state_verified
accepted,1,protected,measured,100,185,8542.0,,100,278.599259,state_verified
accepted,1,protected,measured,100,186,2464.0,,100,278.599259,state_verified
accepted,1,protected,measured,100,187,1833.0,,100,278.599259,state_verified
accepted,1,protected,measured,100,188,1486.0,,100,278.599259,state_verified
accepted,1,protected,measured,100,189,8547.0,,100,278.599259,state_verified
accepted,1,protected,measured,100,190,2531.0,,100,278.599259,state_verified
accepted,1,protected,measured,100,191,1661.0,,100,278.599259,state_verified
accepted,1,protected,measured,100,192,1555.0,,100,278.599259,state_verified
accepted,1,protected,measured,100,193,8515.0,,100,278.599259,state_verified
accepted,1,protected,measured,100,194,2462.0,,100,278.599259,state_verified
accepted,1,protected,measured,100,195,1533.0,,100,278.599259,state_verified
accepted,1,protected,measured,100,196,1581.0,,100,278.599259,state_verified
accepted,1,protected,measured,100,197,8540.0,,100,278.599259,state_verified
accepted,1,protected,measured,100,198,2522.0,,100,278.599259,state_verified
accepted,1,protected,measured,100,199,1523.0,,100,278.599259,state_verified
accepted,1,protected,measured,100,200,1393.0,,100,278.599259,state_verified
accepted,1,baseline,measured,users,1,22390.0,,1,89.605092,state_verified
accepted,1,baseline,measured,users,2,874.0,,1,89.605092,state_verified
accepted,1,baseline,measured,users,3,33949.0,,1,89.605092,state_verified
accepted,1,baseline,measured,users,4,1126.0,,1,89.605092,state_verified
accepted,1,baseline,measured,users,5,904.0,,1,89.605092,state_verified
accepted,1,baseline,measured,users,6,728.0,,1,89.605092,state_verified
accepted,1,baseline,measured,users,7,38936.0,,1,89.605092,state_verified
accepted,1,baseline,measured,users,8,1066.0,,1,89.605092,state_verified
accepted,1,baseline,measured,users,9,998.0,,1,89.605092,state_verified
accepted,1,baseline,measured,users,10,873.0,,1,89.605092,state_verified
accepted,1,baseline,measured,users,11,34013.0,,1,89.605092,state_verified
accepted,1,baseline,measured,users,12,1094.0,,1,89.605092,state_verified
accepted,1,baseline,measured,users,13,1129.0,,1,89.605092,state_verified
accepted,1,baseline,measured,users,14,1117.0,,1,89.605092,state_verified
accepted,1,baseline,measured,users,15,37615.0,,1,89.605092,state_verified
accepted,1,baseline,measured,users,16,797.0,,1,89.605092,state_verified
accepted,1,baseline,measured,users,17,666.0,,1,89.605092,state_verified
accepted,1,baseline,measured,users,18,638.0,,1,89.605092,state_verified
accepted,1,baseline,measured,users,19,33790.0,,1,89.605092,state_verified
accepted,1,baseline,measured,users,20,801.0,,1,89.605092,state_verified
accepted,1,baseline,measured,users,21,585.0,,1,89.605092,state_verified
accepted,1,baseline,measured,users,22,580.0,,1,89.605092,state_verified
accepted,1,baseline,measured,users,23,119283.0,,1,89.605092,state_verified
accepted,1,baseline,measured,users,24,179360.0,,1,89.605092,state_verified
accepted,1,baseline,measured,users,25,1091.0,,1,89.605092,state_verified
accepted,1,baseline,measured,users,26,37420.0,,1,89.605092,state_verified
accepted,1,baseline,measured,users,27,958.0,,1,89.605092,state_verified
accepted,1,baseline,measured,users,28,701.0,,1,89.605092,state_verified
accepted,1,baseline,measured,users,29,616.0,,1,89.605092,state_verified
accepted,1,baseline,measured,users,30,33092.0,,1,89.605092,state_verified
accepted,1,baseline,measured,users,31,803.0,,1,89.605092,state_verified
accepted,1,baseline,measured,users,32,636.0,,1,89.605092,state_verified
accepted,1,baseline,measured,users,33,658.0,,1,89.605092,state_verified
accepted,1,baseline,measured,users,34,37904.0,,1,89.605092,state_verified
accepted,1,baseline,measured,users,35,1177.0,,1,89.605092,state_verified
accepted,1,baseline,measured,users,36,844.0,,1,89.605092,state_verified
accepted,1,baseline,measured,users,37,768.0,,1,89.605092,state_verified
accepted,1,baseline,measured,users,38,34138.0,,1,89.605092,state_verified
accepted,1,baseline,measured,users,39,746.0,,1,89.605092,state_verified
accepted,1,baseline,measured,users,40,558.0,,1,89.605092,state_verified
accepted,1,baseline,measured,users,41,547.0,,1,89.605092,state_verified
accepted,1,baseline,measured,users,42,38253.0,,1,89.605092,state_verified
accepted,1,baseline,measured,users,43,1125.0,,1,89.605092,state_verified
accepted,1,baseline,measured,users,44,918.0,,1,89.605092,state_verified
accepted,1,baseline,measured,users,45,834.0,,1,89.605092,state_verified
accepted,1,baseline,measured,users,46,33737.0,,1,89.605092,state_verified
accepted,1,baseline,measured,users,47,1145.0,,1,89.605092,state_verified
accepted,1,baseline,measured,users,48,1037.0,,1,89.605092,state_verified
accepted,1,baseline,measured,users,49,905.0,,1,89.605092,state_verified
accepted,1,baseline,measured,users,50,37968.0,,1,89.605092,state_verified
accepted,1,baseline,measured,users,51,879.0,,1,89.605092,state_verified
accepted,1,baseline,measured,users,52,763.0,,1,89.605092,state_verified
accepted,1,baseline,measured,users,53,738.0,,1,89.605092,state_verified
accepted,1,baseline,measured,users,54,33644.0,,1,89.605092,state_verified
accepted,1,baseline,measured,users,55,848.0,,1,89.605092,state_verified
accepted,1,baseline,measured,users,56,684.0,,1,89.605092,state_verified
accepted,1,baseline,measured,users,57,838.0,,1,89.605092,state_verified
accepted,1,baseline,measured,users,58,37413.0,,1,89.605092,state_verified
accepted,1,baseline,measured,users,59,919.0,,1,89.605092,state_verified
accepted,1,baseline,measured,users,60,674.0,,1,89.605092,state_verified
accepted,1,baseline,measured,users,61,608.0,,1,89.605092,state_verified
accepted,1,baseline,measured,users,62,32404.0,,1,89.605092,state_verified
accepted,1,baseline,measured,users,63,935.0,,1,89.605092,state_verified
accepted,1,baseline,measured,users,64,564.0,,1,89.605092,state_verified
accepted,1,baseline,measured,users,65,563.0,,1,89.605092,state_verified
accepted,1,baseline,measured,users,66,37981.0,,1,89.605092,state_verified
accepted,1,baseline,measured,users,67,931.0,,1,89.605092,state_verified
accepted,1,baseline,measured,users,68,693.0,,1,89.605092,state_verified
accepted,1,baseline,measured,users,69,780.0,,1,89.605092,state_verified
accepted,1,baseline,measured,users,70,33490.0,,1,89.605092,state_verified
accepted,1,baseline,measured,users,71,935.0,,1,89.605092,state_verified
accepted,1,baseline,measured,users,72,648.0,,1,89.605092,state_verified
accepted,1,baseline,measured,users,73,705.0,,1,89.605092,state_verified
accepted,1,baseline,measured,users,74,38001.0,,1,89.605092,state_verified
accepted,1,baseline,measured,users,75,1041.0,,1,89.605092,state_verified
accepted,1,baseline,measured,users,76,761.0,,1,89.605092,state_verified
accepted,1,baseline,measured,users,77,694.0,,1,89.605092,state_verified
accepted,1,baseline,measured,users,78,33713.0,,1,89.605092,state_verified
accepted,1,baseline,measured,users,79,992.0,,1,89.605092,state_verified
accepted,1,baseline,measured,users,80,868.0,,1,89.605092,state_verified
accepted,1,baseline,measured,users,81,883.0,,1,89.605092,state_verified
accepted,1,baseline,measured,users,82,38248.0,,1,89.605092,state_verified
accepted,1,baseline,measured,users,83,948.0,,1,89.605092,state_verified
accepted,1,baseline,measured,users,84,633.0,,1,89.605092,state_verified
accepted,1,baseline,measured,users,85,622.0,,1,89.605092,state_verified
accepted,1,baseline,measured,users,86,33598.0,,1,89.605092,state_verified
accepted,1,baseline,measured,users,87,922.0,,1,89.605092,state_verified
accepted,1,baseline,measured,users,88,674.0,,1,89.605092,state_verified
accepted,1,baseline,measured,users,89,658.0,,1,89.605092,state_verified
accepted,1,baseline,measured,users,90,37363.0,,1,89.605092,state_verified
accepted,1,baseline,measured,users,91,823.0,,1,89.605092,state_verified
accepted,1,baseline,measured,users,92,694.0,,1,89.605092,state_verified
accepted,1,baseline,measured,users,93,684.0,,1,89.605092,state_verified
accepted,1,baseline,measured,users,94,34141.0,,1,89.605092,state_verified
accepted,1,baseline,measured,users,95,877.0,,1,89.605092,state_verified
accepted,1,baseline,measured,users,96,965.0,,1,89.605092,state_verified
accepted,1,baseline,measured,users,97,988.0,,1,89.605092,state_verified
accepted,1,baseline,measured,users,98,37311.0,,1,89.605092,state_verified
accepted,1,baseline,measured,users,99,1180.0,,1,89.605092,state_verified
accepted,1,baseline,measured,users,100,1013.0,,1,89.605092,state_verified
accepted,1,baseline,measured,users,101,616.0,,1,89.605092,state_verified
accepted,1,baseline,measured,users,102,33504.0,,1,89.605092,state_verified
accepted,1,baseline,measured,users,103,1072.0,,1,89.605092,state_verified
accepted,1,baseline,measured,users,104,982.0,,1,89.605092,state_verified
accepted,1,baseline,measured,users,105,830.0,,1,89.605092,state_verified
accepted,1,baseline,measured,users,106,37455.0,,1,89.605092,state_verified
accepted,1,baseline,measured,users,107,1003.0,,1,89.605092,state_verified
accepted,1,baseline,measured,users,108,766.0,,1,89.605092,state_verified
accepted,1,baseline,measured,users,109,716.0,,1,89.605092,state_verified
accepted,1,baseline,measured,users,110,34237.0,,1,89.605092,state_verified
accepted,1,baseline,measured,users,111,1375.0,,1,89.605092,state_verified
accepted,1,baseline,measured,users,112,1185.0,,1,89.605092,state_verified
accepted,1,baseline,measured,users,113,960.0,,1,89.605092,state_verified
accepted,1,baseline,measured,users,114,37402.0,,1,89.605092,state_verified
accepted,1,baseline,measured,users,115,945.0,,1,89.605092,state_verified
accepted,1,baseline,measured,users,116,1019.0,,1,89.605092,state_verified
accepted,1,baseline,measured,users,117,883.0,,1,89.605092,state_verified
accepted,1,baseline,measured,users,118,33397.0,,1,89.605092,state_verified
accepted,1,baseline,measured,users,119,1046.0,,1,89.605092,state_verified
accepted,1,baseline,measured,users,120,935.0,,1,89.605092,state_verified
accepted,1,baseline,measured,users,121,815.0,,1,89.605092,state_verified
accepted,1,baseline,measured,users,122,38189.0,,1,89.605092,state_verified
accepted,1,baseline,measured,users,123,1073.0,,1,89.605092,state_verified
accepted,1,baseline,measured,users,124,808.0,,1,89.605092,state_verified
accepted,1,baseline,measured,users,125,745.0,,1,89.605092,state_verified
accepted,1,baseline,measured,users,126,33391.0,,1,89.605092,state_verified
accepted,1,baseline,measured,users,127,761.0,,1,89.605092,state_verified
accepted,1,baseline,measured,users,128,761.0,,1,89.605092,state_verified
accepted,1,baseline,measured,users,129,674.0,,1,89.605092,state_verified
accepted,1,baseline,measured,users,130,37642.0,,1,89.605092,state_verified
accepted,1,baseline,measured,users,131,1009.0,,1,89.605092,state_verified
accepted,1,baseline,measured,users,132,712.0,,1,89.605092,state_verified
accepted,1,baseline,measured,users,133,771.0,,1,89.605092,state_verified
accepted,1,baseline,measured,users,134,33420.0,,1,89.605092,state_verified
accepted,1,baseline,measured,users,135,1013.0,,1,89.605092,state_verified
accepted,1,baseline,measured,users,136,947.0,,1,89.605092,state_verified
accepted,1,baseline,measured,users,137,671.0,,1,89.605092,state_verified
accepted,1,baseline,measured,users,138,38153.0,,1,89.605092,state_verified
accepted,1,baseline,measured,users,139,1198.0,,1,89.605092,state_verified
accepted,1,baseline,measured,users,140,819.0,,1,89.605092,state_verified
accepted,1,baseline,measured,users,141,835.0,,1,89.605092,state_verified
accepted,1,baseline,measured,users,142,32948.0,,1,89.605092,state_verified
accepted,1,baseline,measured,users,143,844.0,,1,89.605092,state_verified
accepted,1,baseline,measured,users,144,737.0,,1,89.605092,state_verified
accepted,1,baseline,measured,users,145,591.0,,1,89.605092,state_verified
accepted,1,baseline,measured,users,146,37281.0,,1,89.605092,state_verified
accepted,1,baseline,measured,users,147,1091.0,,1,89.605092,state_verified
accepted,1,baseline,measured,users,148,919.0,,1,89.605092,state_verified
accepted,1,baseline,measured,users,149,754.0,,1,89.605092,state_verified
accepted,1,baseline,measured,users,150,33730.0,,1,89.605092,state_verified
accepted,1,baseline,measured,users,151,1023.0,,1,89.605092,state_verified
accepted,1,baseline,measured,users,152,758.0,,1,89.605092,state_verified
accepted,1,baseline,measured,users,153,628.0,,1,89.605092,state_verified
accepted,1,baseline,measured,users,154,37468.0,,1,89.605092,state_verified
accepted,1,baseline,measured,users,155,1043.0,,1,89.605092,state_verified
accepted,1,baseline,measured,users,156,744.0,,1,89.605092,state_verified
accepted,1,baseline,measured,users,157,639.0,,1,89.605092,state_verified
accepted,1,baseline,measured,users,158,33244.0,,1,89.605092,state_verified
accepted,1,baseline,measured,users,159,984.0,,1,89.605092,state_verified
accepted,1,baseline,measured,users,160,681.0,,1,89.605092,state_verified
accepted,1,baseline,measured,users,161,815.0,,1,89.605092,state_verified
accepted,1,baseline,measured,users,162,37434.0,,1,89.605092,state_verified
accepted,1,baseline,measured,users,163,775.0,,1,89.605092,state_verified
accepted,1,baseline,measured,users,164,675.0,,1,89.605092,state_verified
accepted,1,baseline,measured,users,165,640.0,,1,89.605092,state_verified
accepted,1,baseline,measured,users,166,33462.0,,1,89.605092,state_verified
accepted,1,baseline,measured,users,167,759.0,,1,89.605092,state_verified
accepted,1,baseline,measured,users,168,734.0,,1,89.605092,state_verified
accepted,1,baseline,measured,users,169,719.0,,1,89.605092,state_verified
accepted,1,baseline,measured,users,170,36568.0,,1,89.605092,state_verified
accepted,1,baseline,measured,users,171,34035.0,,1,89.605092,state_verified
accepted,1,baseline,measured,users,172,1991.0,,1,89.605092,state_verified
accepted,1,baseline,measured,users,173,36703.0,,1,89.605092,state_verified
accepted,1,baseline,measured,users,174,1077.0,,1,89.605092,state_verified
accepted,1,baseline,measured,users,175,936.0,,1,89.605092,state_verified
accepted,1,baseline,measured,users,176,750.0,,1,89.605092,state_verified
accepted,1,baseline,measured,users,177,34364.0,,1,89.605092,state_verified
accepted,1,baseline,measured,users,178,984.0,,1,89.605092,state_verified
accepted,1,baseline,measured,users,179,872.0,,1,89.605092,state_verified
accepted,1,baseline,measured,users,180,779.0,,1,89.605092,state_verified
accepted,1,baseline,measured,users,181,37599.0,,1,89.605092,state_verified
accepted,1,baseline,measured,users,182,1033.0,,1,89.605092,state_verified
accepted,1,baseline,measured,users,183,894.0,,1,89.605092,state_verified
accepted,1,baseline,measured,users,184,677.0,,1,89.605092,state_verified
accepted,1,baseline,measured,users,185,33443.0,,1,89.605092,state_verified
accepted,1,baseline,measured,users,186,794.0,,1,89.605092,state_verified
accepted,1,baseline,measured,users,187,718.0,,1,89.605092,state_verified
accepted,1,baseline,measured,users,188,671.0,,1,89.605092,state_verified
accepted,1,baseline,measured,users,189,38886.0,,1,89.605092,state_verified
accepted,1,baseline,measured,users,190,1016.0,,1,89.605092,state_verified
accepted,1,baseline,measured,users,191,772.0,,1,89.605092,state_verified
accepted,1,baseline,measured,users,192,844.0,,1,89.605092,state_verified
accepted,1,baseline,measured,users,193,33873.0,,1,89.605092,state_verified
accepted,1,baseline,measured,users,194,900.0,,1,89.605092,state_verified
accepted,1,baseline,measured,users,195,919.0,,1,89.605092,state_verified
accepted,1,baseline,measured,users,196,775.0,,1,89.605092,state_verified
accepted,1,baseline,measured,users,197,38123.0,,1,89.605092,state_verified
accepted,1,baseline,measured,users,198,851.0,,1,89.605092,state_verified
accepted,1,baseline,measured,users,199,685.0,,1,89.605092,state_verified
accepted,1,baseline,measured,users,200,659.0,,1,89.605092,state_verified
accepted,1,protected,measured,users,1,16935.0,,1,90.39548,state_verified
accepted,1,protected,measured,users,2,1211.0,,1,90.39548,state_verified
accepted,1,protected,measured,users,3,32005.0,,1,90.39548,state_verified
accepted,1,protected,measured,users,4,1123.0,,1,90.39548,state_verified
accepted,1,protected,measured,users,5,842.0,,1,90.39548,state_verified
accepted,1,protected,measured,users,6,768.0,,1,90.39548,state_verified
accepted,1,protected,measured,users,7,37453.0,,1,90.39548,state_verified
accepted,1,protected,measured,users,8,885.0,,1,90.39548,state_verified
accepted,1,protected,measured,users,9,693.0,,1,90.39548,state_verified
accepted,1,protected,measured,users,10,715.0,,1,90.39548,state_verified
accepted,1,protected,measured,users,11,32264.0,,1,90.39548,state_verified
accepted,1,protected,measured,users,12,864.0,,1,90.39548,state_verified
accepted,1,protected,measured,users,13,848.0,,1,90.39548,state_verified
accepted,1,protected,measured,users,14,753.0,,1,90.39548,state_verified
accepted,1,protected,measured,users,15,36945.0,,1,90.39548,state_verified
accepted,1,protected,measured,users,16,1154.0,,1,90.39548,state_verified
accepted,1,protected,measured,users,17,996.0,,1,90.39548,state_verified
accepted,1,protected,measured,users,18,815.0,,1,90.39548,state_verified
accepted,1,protected,measured,users,19,33718.0,,1,90.39548,state_verified
accepted,1,protected,measured,users,20,1501.0,,1,90.39548,state_verified
accepted,1,protected,measured,users,21,1165.0,,1,90.39548,state_verified
accepted,1,protected,measured,users,22,1029.0,,1,90.39548,state_verified
accepted,1,protected,measured,users,23,38107.0,,1,90.39548,state_verified
accepted,1,protected,measured,users,24,955.0,,1,90.39548,state_verified
accepted,1,protected,measured,users,25,883.0,,1,90.39548,state_verified
accepted,1,protected,measured,users,26,828.0,,1,90.39548,state_verified
accepted,1,protected,measured,users,27,33487.0,,1,90.39548,state_verified
accepted,1,protected,measured,users,28,929.0,,1,90.39548,state_verified
accepted,1,protected,measured,users,29,778.0,,1,90.39548,state_verified
accepted,1,protected,measured,users,30,789.0,,1,90.39548,state_verified
accepted,1,protected,measured,users,31,37993.0,,1,90.39548,state_verified
accepted,1,protected,measured,users,32,860.0,,1,90.39548,state_verified
accepted,1,protected,measured,users,33,717.0,,1,90.39548,state_verified
accepted,1,protected,measured,users,34,719.0,,1,90.39548,state_verified
accepted,1,protected,measured,users,35,34090.0,,1,90.39548,state_verified
accepted,1,protected,measured,users,36,1072.0,,1,90.39548,state_verified
accepted,1,protected,measured,users,37,1036.0,,1,90.39548,state_verified
accepted,1,protected,measured,users,38,742.0,,1,90.39548,state_verified
accepted,1,protected,measured,users,39,37828.0,,1,90.39548,state_verified
accepted,1,protected,measured,users,40,804.0,,1,90.39548,state_verified
accepted,1,protected,measured,users,41,754.0,,1,90.39548,state_verified
accepted,1,protected,measured,users,42,802.0,,1,90.39548,state_verified
accepted,1,protected,measured,users,43,33743.0,,1,90.39548,state_verified
accepted,1,protected,measured,users,44,1083.0,,1,90.39548,state_verified
accepted,1,protected,measured,users,45,1084.0,,1,90.39548,state_verified
accepted,1,protected,measured,users,46,848.0,,1,90.39548,state_verified
accepted,1,protected,measured,users,47,37452.0,,1,90.39548,state_verified
accepted,1,protected,measured,users,48,949.0,,1,90.39548,state_verified
accepted,1,protected,measured,users,49,657.0,,1,90.39548,state_verified
accepted,1,protected,measured,users,50,644.0,,1,90.39548,state_verified
accepted,1,protected,measured,users,51,35003.0,,1,90.39548,state_verified
accepted,1,protected,measured,users,52,1265.0,,1,90.39548,state_verified
accepted,1,protected,measured,users,53,873.0,,1,90.39548,state_verified
accepted,1,protected,measured,users,54,780.0,,1,90.39548,state_verified
accepted,1,protected,measured,users,55,37956.0,,1,90.39548,state_verified
accepted,1,protected,measured,users,56,1204.0,,1,90.39548,state_verified
accepted,1,protected,measured,users,57,882.0,,1,90.39548,state_verified
accepted,1,protected,measured,users,58,717.0,,1,90.39548,state_verified
accepted,1,protected,measured,users,59,33478.0,,1,90.39548,state_verified
accepted,1,protected,measured,users,60,1102.0,,1,90.39548,state_verified
accepted,1,protected,measured,users,61,935.0,,1,90.39548,state_verified
accepted,1,protected,measured,users,62,720.0,,1,90.39548,state_verified
accepted,1,protected,measured,users,63,38338.0,,1,90.39548,state_verified
accepted,1,protected,measured,users,64,1150.0,,1,90.39548,state_verified
accepted,1,protected,measured,users,65,1019.0,,1,90.39548,state_verified
accepted,1,protected,measured,users,66,803.0,,1,90.39548,state_verified
accepted,1,protected,measured,users,67,33905.0,,1,90.39548,state_verified
accepted,1,protected,measured,users,68,1119.0,,1,90.39548,state_verified
accepted,1,protected,measured,users,69,950.0,,1,90.39548,state_verified
accepted,1,protected,measured,users,70,760.0,,1,90.39548,state_verified
accepted,1,protected,measured,users,71,38005.0,,1,90.39548,state_verified
accepted,1,protected,measured,users,72,1039.0,,1,90.39548,state_verified
accepted,1,protected,measured,users,73,1020.0,,1,90.39548,state_verified
accepted,1,protected,measured,users,74,788.0,,1,90.39548,state_verified
accepted,1,protected,measured,users,75,33505.0,,1,90.39548,state_verified
accepted,1,protected,measured,users,76,922.0,,1,90.39548,state_verified
accepted,1,protected,measured,users,77,817.0,,1,90.39548,state_verified
accepted,1,protected,measured,users,78,911.0,,1,90.39548,state_verified
accepted,1,protected,measured,users,79,41817.0,,1,90.39548,state_verified
accepted,1,protected,measured,users,80,1816.0,,1,90.39548,state_verified
accepted,1,protected,measured,users,81,1145.0,,1,90.39548,state_verified
accepted,1,protected,measured,users,82,1174.0,,1,90.39548,state_verified
accepted,1,protected,measured,users,83,35357.0,,1,90.39548,state_verified
accepted,1,protected,measured,users,84,948.0,,1,90.39548,state_verified
accepted,1,protected,measured,users,85,959.0,,1,90.39548,state_verified
accepted,1,protected,measured,users,86,852.0,,1,90.39548,state_verified
accepted,1,protected,measured,users,87,40212.0,,1,90.39548,state_verified
accepted,1,protected,measured,users,88,825.0,,1,90.39548,state_verified
accepted,1,protected,measured,users,89,785.0,,1,90.39548,state_verified
accepted,1,protected,measured,users,90,763.0,,1,90.39548,state_verified
accepted,1,protected,measured,users,91,36804.0,,1,90.39548,state_verified
accepted,1,protected,measured,users,92,852.0,,1,90.39548,state_verified
accepted,1,protected,measured,users,93,890.0,,1,90.39548,state_verified
accepted,1,protected,measured,users,94,998.0,,1,90.39548,state_verified
accepted,1,protected,measured,users,95,41283.0,,1,90.39548,state_verified
accepted,1,protected,measured,users,96,1322.0,,1,90.39548,state_verified
accepted,1,protected,measured,users,97,990.0,,1,90.39548,state_verified
accepted,1,protected,measured,users,98,881.0,,1,90.39548,state_verified
accepted,1,protected,measured,users,99,36557.0,,1,90.39548,state_verified
accepted,1,protected,measured,users,100,1170.0,,1,90.39548,state_verified
accepted,1,protected,measured,users,101,816.0,,1,90.39548,state_verified
accepted,1,protected,measured,users,102,773.0,,1,90.39548,state_verified
accepted,1,protected,measured,users,103,42595.0,,1,90.39548,state_verified
accepted,1,protected,measured,users,104,1088.0,,1,90.39548,state_verified
accepted,1,protected,measured,users,105,774.0,,1,90.39548,state_verified
accepted,1,protected,measured,users,106,751.0,,1,90.39548,state_verified
accepted,1,protected,measured,users,107,37171.0,,1,90.39548,state_verified
accepted,1,protected,measured,users,108,906.0,,1,90.39548,state_verified
accepted,1,protected,measured,users,109,894.0,,1,90.39548,state_verified
accepted,1,protected,measured,users,110,797.0,,1,90.39548,state_verified
accepted,1,protected,measured,users,111,40346.0,,1,90.39548,state_verified
accepted,1,protected,measured,users,112,1299.0,,1,90.39548,state_verified
accepted,1,protected,measured,users,113,1309.0,,1,90.39548,state_verified
accepted,1,protected,measured,users,114,1242.0,,1,90.39548,state_verified
accepted,1,protected,measured,users,115,35599.0,,1,90.39548,state_verified
accepted,1,protected,measured,users,116,959.0,,1,90.39548,state_verified
accepted,1,protected,measured,users,117,864.0,,1,90.39548,state_verified
accepted,1,protected,measured,users,118,809.0,,1,90.39548,state_verified
accepted,1,protected,measured,users,119,40640.0,,1,90.39548,state_verified
accepted,1,protected,measured,users,120,1123.0,,1,90.39548,state_verified
accepted,1,protected,measured,users,121,1171.0,,1,90.39548,state_verified
accepted,1,protected,measured,users,122,1059.0,,1,90.39548,state_verified
accepted,1,protected,measured,users,123,38168.0,,1,90.39548,state_verified
accepted,1,protected,measured,users,124,867.0,,1,90.39548,state_verified
accepted,1,protected,measured,users,125,791.0,,1,90.39548,state_verified
accepted,1,protected,measured,users,126,774.0,,1,90.39548,state_verified
accepted,1,protected,measured,users,127,41367.0,,1,90.39548,state_verified
accepted,1,protected,measured,users,128,1191.0,,1,90.39548,state_verified
accepted,1,protected,measured,users,129,979.0,,1,90.39548,state_verified
accepted,1,protected,measured,users,130,931.0,,1,90.39548,state_verified
accepted,1,protected,measured,users,131,37002.0,,1,90.39548,state_verified
accepted,1,protected,measured,users,132,1204.0,,1,90.39548,state_verified
accepted,1,protected,measured,users,133,956.0,,1,90.39548,state_verified
accepted,1,protected,measured,users,134,1535.0,,1,90.39548,state_verified
accepted,1,protected,measured,users,135,41605.0,,1,90.39548,state_verified
accepted,1,protected,measured,users,136,1119.0,,1,90.39548,state_verified
accepted,1,protected,measured,users,137,1083.0,,1,90.39548,state_verified
accepted,1,protected,measured,users,138,937.0,,1,90.39548,state_verified
accepted,1,protected,measured,users,139,35917.0,,1,90.39548,state_verified
accepted,1,protected,measured,users,140,1076.0,,1,90.39548,state_verified
accepted,1,protected,measured,users,141,1104.0,,1,90.39548,state_verified
accepted,1,protected,measured,users,142,1022.0,,1,90.39548,state_verified
accepted,1,protected,measured,users,143,40769.0,,1,90.39548,state_verified
accepted,1,protected,measured,users,144,1188.0,,1,90.39548,state_verified
accepted,1,protected,measured,users,145,1073.0,,1,90.39548,state_verified
accepted,1,protected,measured,users,146,951.0,,1,90.39548,state_verified
accepted,1,protected,measured,users,147,36147.0,,1,90.39548,state_verified
accepted,1,protected,measured,users,148,1156.0,,1,90.39548,state_verified
accepted,1,protected,measured,users,149,915.0,,1,90.39548,state_verified
accepted,1,protected,measured,users,150,1131.0,,1,90.39548,state_verified
accepted,1,protected,measured,users,151,59777.0,,1,90.39548,state_verified
accepted,1,protected,measured,users,152,1126.0,,1,90.39548,state_verified
accepted,1,protected,measured,users,153,1107.0,,1,90.39548,state_verified
accepted,1,protected,measured,users,154,1037.0,,1,90.39548,state_verified
accepted,1,protected,measured,users,155,51979.0,,1,90.39548,state_verified
accepted,1,protected,measured,users,156,1427.0,,1,90.39548,state_verified
accepted,1,protected,measured,users,157,880.0,,1,90.39548,state_verified
accepted,1,protected,measured,users,158,756.0,,1,90.39548,state_verified
accepted,1,protected,measured,users,159,59583.0,,1,90.39548,state_verified
accepted,1,protected,measured,users,160,1108.0,,1,90.39548,state_verified
accepted,1,protected,measured,users,161,1023.0,,1,90.39548,state_verified
accepted,1,protected,measured,users,162,1023.0,,1,90.39548,state_verified
accepted,1,protected,measured,users,163,53056.0,,1,90.39548,state_verified
accepted,1,protected,measured,users,164,876.0,,1,90.39548,state_verified
accepted,1,protected,measured,users,165,890.0,,1,90.39548,state_verified
accepted,1,protected,measured,users,166,805.0,,1,90.39548,state_verified
accepted,1,protected,measured,users,167,57159.0,,1,90.39548,state_verified
accepted,1,protected,measured,users,168,970.0,,1,90.39548,state_verified
accepted,1,protected,measured,users,169,948.0,,1,90.39548,state_verified
accepted,1,protected,measured,users,170,998.0,,1,90.39548,state_verified
accepted,1,protected,measured,users,171,48478.0,,1,90.39548,state_verified
accepted,1,protected,measured,users,172,856.0,,1,90.39548,state_verified
accepted,1,protected,measured,users,173,891.0,,1,90.39548,state_verified
accepted,1,protected,measured,users,174,980.0,,1,90.39548,state_verified
accepted,1,protected,measured,users,175,54038.0,,1,90.39548,state_verified
accepted,1,protected,measured,users,176,906.0,,1,90.39548,state_verified
accepted,1,protected,measured,users,177,712.0,,1,90.39548,state_verified
accepted,1,protected,measured,users,178,660.0,,1,90.39548,state_verified
accepted,1,protected,measured,users,179,56685.0,,1,90.39548,state_verified
accepted,1,protected,measured,users,180,1109.0,,1,90.39548,state_verified
accepted,1,protected,measured,users,181,951.0,,1,90.39548,state_verified
accepted,1,protected,measured,users,182,776.0,,1,90.39548,state_verified
accepted,1,protected,measured,users,183,86001.0,,1,90.39548,state_verified
accepted,1,protected,measured,users,184,1268.0,,1,90.39548,state_verified
accepted,1,protected,measured,users,185,1125.0,,1,90.39548,state_verified
accepted,1,protected,measured,users,186,1157.0,,1,90.39548,state_verified
accepted,1,protected,measured,users,187,66677.0,,1,90.39548,state_verified
accepted,1,protected,measured,users,188,985.0,,1,90.39548,state_verified
accepted,1,protected,measured,users,189,849.0,,1,90.39548,state_verified
accepted,1,protected,measured,users,190,890.0,,1,90.39548,state_verified
accepted,1,protected,measured,users,191,29807.0,,1,90.39548,state_verified
accepted,1,protected,measured,users,192,938.0,,1,90.39548,state_verified
accepted,1,protected,measured,users,193,770.0,,1,90.39548,state_verified
accepted,1,protected,measured,users,194,709.0,,1,90.39548,state_verified
accepted,1,protected,measured,users,195,29455.0,,1,90.39548,state_verified
accepted,1,protected,measured,users,196,1111.0,,1,90.39548,state_verified
accepted,1,protected,measured,users,197,883.0,,1,90.39548,state_verified
accepted,1,protected,measured,users,198,780.0,,1,90.39548,state_verified
accepted,1,protected,measured,users,199,22144.0,,1,90.39548,state_verified
accepted,1,protected,measured,users,200,961.0,,1,90.39548,state_verified
accepted,1,baseline,measured,refunds,1,14247.0,,1,93.727608,state_verified
accepted,1,baseline,measured,refunds,2,979.0,,1,93.727608,state_verified
accepted,1,baseline,measured,refunds,3,26624.0,,1,93.727608,state_verified
accepted,1,baseline,measured,refunds,4,1076.0,,1,93.727608,state_verified
accepted,1,baseline,measured,refunds,5,995.0,,1,93.727608,state_verified
accepted,1,baseline,measured,refunds,6,870.0,,1,93.727608,state_verified
accepted,1,baseline,measured,refunds,7,25558.0,,1,93.727608,state_verified
accepted,1,baseline,measured,refunds,8,1082.0,,1,93.727608,state_verified
accepted,1,baseline,measured,refunds,9,1065.0,,1,93.727608,state_verified
accepted,1,baseline,measured,refunds,10,1087.0,,1,93.727608,state_verified
accepted,1,baseline,measured,refunds,11,26890.0,,1,93.727608,state_verified
accepted,1,baseline,measured,refunds,12,1147.0,,1,93.727608,state_verified
accepted,1,baseline,measured,refunds,13,815.0,,1,93.727608,state_verified
accepted,1,baseline,measured,refunds,14,885.0,,1,93.727608,state_verified
accepted,1,baseline,measured,refunds,15,24573.0,,1,93.727608,state_verified
accepted,1,baseline,measured,refunds,16,1005.0,,1,93.727608,state_verified
accepted,1,baseline,measured,refunds,17,884.0,,1,93.727608,state_verified
accepted,1,baseline,measured,refunds,18,782.0,,1,93.727608,state_verified
accepted,1,baseline,measured,refunds,19,26580.0,,1,93.727608,state_verified
accepted,1,baseline,measured,refunds,20,980.0,,1,93.727608,state_verified
accepted,1,baseline,measured,refunds,21,798.0,,1,93.727608,state_verified
accepted,1,baseline,measured,refunds,22,684.0,,1,93.727608,state_verified
accepted,1,baseline,measured,refunds,23,33858.0,,1,93.727608,state_verified
accepted,1,baseline,measured,refunds,24,905.0,,1,93.727608,state_verified
accepted,1,baseline,measured,refunds,25,907.0,,1,93.727608,state_verified
accepted,1,baseline,measured,refunds,26,903.0,,1,93.727608,state_verified
accepted,1,baseline,measured,refunds,27,40591.0,,1,93.727608,state_verified
accepted,1,baseline,measured,refunds,28,1047.0,,1,93.727608,state_verified
accepted,1,baseline,measured,refunds,29,1234.0,,1,93.727608,state_verified
accepted,1,baseline,measured,refunds,30,1111.0,,1,93.727608,state_verified
accepted,1,baseline,measured,refunds,31,35993.0,,1,93.727608,state_verified
accepted,1,baseline,measured,refunds,32,815.0,,1,93.727608,state_verified
accepted,1,baseline,measured,refunds,33,906.0,,1,93.727608,state_verified
accepted,1,baseline,measured,refunds,34,678.0,,1,93.727608,state_verified
accepted,1,baseline,measured,refunds,35,40743.0,,1,93.727608,state_verified
accepted,1,baseline,measured,refunds,36,1082.0,,1,93.727608,state_verified
accepted,1,baseline,measured,refunds,37,829.0,,1,93.727608,state_verified
accepted,1,baseline,measured,refunds,38,963.0,,1,93.727608,state_verified
accepted,1,baseline,measured,refunds,39,36496.0,,1,93.727608,state_verified
accepted,1,baseline,measured,refunds,40,960.0,,1,93.727608,state_verified
accepted,1,baseline,measured,refunds,41,727.0,,1,93.727608,state_verified
accepted,1,baseline,measured,refunds,42,715.0,,1,93.727608,state_verified
accepted,1,baseline,measured,refunds,43,41030.0,,1,93.727608,state_verified
accepted,1,baseline,measured,refunds,44,1032.0,,1,93.727608,state_verified
accepted,1,baseline,measured,refunds,45,997.0,,1,93.727608,state_verified
accepted,1,baseline,measured,refunds,46,971.0,,1,93.727608,state_verified
accepted,1,baseline,measured,refunds,47,35801.0,,1,93.727608,state_verified
accepted,1,baseline,measured,refunds,48,1049.0,,1,93.727608,state_verified
accepted,1,baseline,measured,refunds,49,847.0,,1,93.727608,state_verified
accepted,1,baseline,measured,refunds,50,830.0,,1,93.727608,state_verified
accepted,1,baseline,measured,refunds,51,40881.0,,1,93.727608,state_verified
accepted,1,baseline,measured,refunds,52,1340.0,,1,93.727608,state_verified
accepted,1,baseline,measured,refunds,53,1099.0,,1,93.727608,state_verified
accepted,1,baseline,measured,refunds,54,915.0,,1,93.727608,state_verified
accepted,1,baseline,measured,refunds,55,35332.0,,1,93.727608,state_verified
accepted,1,baseline,measured,refunds,56,942.0,,1,93.727608,state_verified
accepted,1,baseline,measured,refunds,57,873.0,,1,93.727608,state_verified
accepted,1,baseline,measured,refunds,58,658.0,,1,93.727608,state_verified
accepted,1,baseline,measured,refunds,59,40081.0,,1,93.727608,state_verified
accepted,1,baseline,measured,refunds,60,858.0,,1,93.727608,state_verified
accepted,1,baseline,measured,refunds,61,824.0,,1,93.727608,state_verified
accepted,1,baseline,measured,refunds,62,866.0,,1,93.727608,state_verified
accepted,1,baseline,measured,refunds,63,35237.0,,1,93.727608,state_verified
accepted,1,baseline,measured,refunds,64,935.0,,1,93.727608,state_verified
accepted,1,baseline,measured,refunds,65,878.0,,1,93.727608,state_verified
accepted,1,baseline,measured,refunds,66,731.0,,1,93.727608,state_verified
accepted,1,baseline,measured,refunds,67,39758.0,,1,93.727608,state_verified
accepted,1,baseline,measured,refunds,68,893.0,,1,93.727608,state_verified
accepted,1,baseline,measured,refunds,69,783.0,,1,93.727608,state_verified
accepted,1,baseline,measured,refunds,70,737.0,,1,93.727608,state_verified
accepted,1,baseline,measured,refunds,71,34901.0,,1,93.727608,state_verified
accepted,1,baseline,measured,refunds,72,1282.0,,1,93.727608,state_verified
accepted,1,baseline,measured,refunds,73,1433.0,,1,93.727608,state_verified
accepted,1,baseline,measured,refunds,74,3355.0,,1,93.727608,state_verified
accepted,1,baseline,measured,refunds,75,38868.0,,1,93.727608,state_verified
accepted,1,baseline,measured,refunds,76,832.0,,1,93.727608,state_verified
accepted,1,baseline,measured,refunds,77,787.0,,1,93.727608,state_verified
accepted,1,baseline,measured,refunds,78,853.0,,1,93.727608,state_verified
accepted,1,baseline,measured,refunds,79,35779.0,,1,93.727608,state_verified
accepted,1,baseline,measured,refunds,80,791.0,,1,93.727608,state_verified
accepted,1,baseline,measured,refunds,81,660.0,,1,93.727608,state_verified
accepted,1,baseline,measured,refunds,82,664.0,,1,93.727608,state_verified
accepted,1,baseline,measured,refunds,83,41398.0,,1,93.727608,state_verified
accepted,1,baseline,measured,refunds,84,35934.0,,1,93.727608,state_verified
accepted,1,baseline,measured,refunds,85,2056.0,,1,93.727608,state_verified
accepted,1,baseline,measured,refunds,86,41797.0,,1,93.727608,state_verified
accepted,1,baseline,measured,refunds,87,1503.0,,1,93.727608,state_verified
accepted,1,baseline,measured,refunds,88,36985.0,,1,93.727608,state_verified
accepted,1,baseline,measured,refunds,89,1961.0,,1,93.727608,state_verified
accepted,1,baseline,measured,refunds,90,1966.0,,1,93.727608,state_verified
accepted,1,baseline,measured,refunds,91,1237.0,,1,93.727608,state_verified
accepted,1,baseline,measured,refunds,92,39809.0,,1,93.727608,state_verified
accepted,1,baseline,measured,refunds,93,1244.0,,1,93.727608,state_verified
accepted,1,baseline,measured,refunds,94,733.0,,1,93.727608,state_verified
accepted,1,baseline,measured,refunds,95,774.0,,1,93.727608,state_verified
accepted,1,baseline,measured,refunds,96,35360.0,,1,93.727608,state_verified
accepted,1,baseline,measured,refunds,97,1222.0,,1,93.727608,state_verified
accepted,1,baseline,measured,refunds,98,1139.0,,1,93.727608,state_verified
accepted,1,baseline,measured,refunds,99,1197.0,,1,93.727608,state_verified
accepted,1,baseline,measured,refunds,100,40753.0,,1,93.727608,state_verified
accepted,1,baseline,measured,refunds,101,1475.0,,1,93.727608,state_verified
accepted,1,baseline,measured,refunds,102,1148.0,,1,93.727608,state_verified
accepted,1,baseline,measured,refunds,103,945.0,,1,93.727608,state_verified
accepted,1,baseline,measured,refunds,104,35628.0,,1,93.727608,state_verified
accepted,1,baseline,measured,refunds,105,1086.0,,1,93.727608,state_verified
accepted,1,baseline,measured,refunds,106,852.0,,1,93.727608,state_verified
accepted,1,baseline,measured,refunds,107,683.0,,1,93.727608,state_verified
accepted,1,baseline,measured,refunds,108,40389.0,,1,93.727608,state_verified
accepted,1,baseline,measured,refunds,109,1034.0,,1,93.727608,state_verified
accepted,1,baseline,measured,refunds,110,878.0,,1,93.727608,state_verified
accepted,1,baseline,measured,refunds,111,900.0,,1,93.727608,state_verified
accepted,1,baseline,measured,refunds,112,35586.0,,1,93.727608,state_verified
accepted,1,baseline,measured,refunds,113,987.0,,1,93.727608,state_verified
accepted,1,baseline,measured,refunds,114,1005.0,,1,93.727608,state_verified
accepted,1,baseline,measured,refunds,115,945.0,,1,93.727608,state_verified
accepted,1,baseline,measured,refunds,116,40971.0,,1,93.727608,state_verified
accepted,1,baseline,measured,refunds,117,1149.0,,1,93.727608,state_verified
accepted,1,baseline,measured,refunds,118,1077.0,,1,93.727608,state_verified
accepted,1,baseline,measured,refunds,119,1066.0,,1,93.727608,state_verified
accepted,1,baseline,measured,refunds,120,35205.0,,1,93.727608,state_verified
accepted,1,baseline,measured,refunds,121,836.0,,1,93.727608,state_verified
accepted,1,baseline,measured,refunds,122,695.0,,1,93.727608,state_verified
accepted,1,baseline,measured,refunds,123,689.0,,1,93.727608,state_verified
accepted,1,baseline,measured,refunds,124,40219.0,,1,93.727608,state_verified
accepted,1,baseline,measured,refunds,125,876.0,,1,93.727608,state_verified
accepted,1,baseline,measured,refunds,126,884.0,,1,93.727608,state_verified
accepted,1,baseline,measured,refunds,127,895.0,,1,93.727608,state_verified
accepted,1,baseline,measured,refunds,128,36127.0,,1,93.727608,state_verified
accepted,1,baseline,measured,refunds,129,1129.0,,1,93.727608,state_verified
accepted,1,baseline,measured,refunds,130,39784.0,,1,93.727608,state_verified
accepted,1,baseline,measured,refunds,131,1044.0,,1,93.727608,state_verified
accepted,1,baseline,measured,refunds,132,35750.0,,1,93.727608,state_verified
accepted,1,baseline,measured,refunds,133,982.0,,1,93.727608,state_verified
accepted,1,baseline,measured,refunds,134,39554.0,,1,93.727608,state_verified
accepted,1,baseline,measured,refunds,135,35716.0,,1,93.727608,state_verified
accepted,1,baseline,measured,refunds,136,898.0,,1,93.727608,state_verified
accepted,1,baseline,measured,refunds,137,38855.0,,1,93.727608,state_verified
accepted,1,baseline,measured,refunds,138,943.0,,1,93.727608,state_verified
accepted,1,baseline,measured,refunds,139,946.0,,1,93.727608,state_verified
accepted,1,baseline,measured,refunds,140,885.0,,1,93.727608,state_verified
accepted,1,baseline,measured,refunds,141,34265.0,,1,93.727608,state_verified
accepted,1,baseline,measured,refunds,142,1200.0,,1,93.727608,state_verified
accepted,1,baseline,measured,refunds,143,954.0,,1,93.727608,state_verified
accepted,1,baseline,measured,refunds,144,838.0,,1,93.727608,state_verified
accepted,1,baseline,measured,refunds,145,39059.0,,1,93.727608,state_verified
accepted,1,baseline,measured,refunds,146,873.0,,1,93.727608,state_verified
accepted,1,baseline,measured,refunds,147,988.0,,1,93.727608,state_verified
accepted,1,baseline,measured,refunds,148,785.0,,1,93.727608,state_verified
accepted,1,baseline,measured,refunds,149,35221.0,,1,93.727608,state_verified
accepted,1,baseline,measured,refunds,150,1046.0,,1,93.727608,state_verified
accepted,1,baseline,measured,refunds,151,914.0,,1,93.727608,state_verified
accepted,1,baseline,measured,refunds,152,854.0,,1,93.727608,state_verified
accepted,1,baseline,measured,refunds,153,39072.0,,1,93.727608,state_verified
accepted,1,baseline,measured,refunds,154,823.0,,1,93.727608,state_verified
accepted,1,baseline,measured,refunds,155,755.0,,1,93.727608,state_verified
accepted,1,baseline,measured,refunds,156,718.0,,1,93.727608,state_verified
accepted,1,baseline,measured,refunds,157,34530.0,,1,93.727608,state_verified
accepted,1,baseline,measured,refunds,158,821.0,,1,93.727608,state_verified
accepted,1,baseline,measured,refunds,159,985.0,,1,93.727608,state_verified
accepted,1,baseline,measured,refunds,160,1094.0,,1,93.727608,state_verified
accepted,1,baseline,measured,refunds,161,39533.0,,1,93.727608,state_verified
accepted,1,baseline,measured,refunds,162,1090.0,,1,93.727608,state_verified
accepted,1,baseline,measured,refunds,163,1264.0,,1,93.727608,state_verified
accepted,1,baseline,measured,refunds,164,1113.0,,1,93.727608,state_verified
accepted,1,baseline,measured,refunds,165,34522.0,,1,93.727608,state_verified
accepted,1,baseline,measured,refunds,166,925.0,,1,93.727608,state_verified
accepted,1,baseline,measured,refunds,167,912.0,,1,93.727608,state_verified
accepted,1,baseline,measured,refunds,168,848.0,,1,93.727608,state_verified
accepted,1,baseline,measured,refunds,169,38836.0,,1,93.727608,state_verified
accepted,1,baseline,measured,refunds,170,1005.0,,1,93.727608,state_verified
accepted,1,baseline,measured,refunds,171,1037.0,,1,93.727608,state_verified
accepted,1,baseline,measured,refunds,172,772.0,,1,93.727608,state_verified
accepted,1,baseline,measured,refunds,173,34450.0,,1,93.727608,state_verified
accepted,1,baseline,measured,refunds,174,956.0,,1,93.727608,state_verified
accepted,1,baseline,measured,refunds,175,1129.0,,1,93.727608,state_verified
accepted,1,baseline,measured,refunds,176,924.0,,1,93.727608,state_verified
accepted,1,baseline,measured,refunds,177,39724.0,,1,93.727608,state_verified
accepted,1,baseline,measured,refunds,178,1034.0,,1,93.727608,state_verified
accepted,1,baseline,measured,refunds,179,841.0,,1,93.727608,state_verified
accepted,1,baseline,measured,refunds,180,719.0,,1,93.727608,state_verified
accepted,1,baseline,measured,refunds,181,34789.0,,1,93.727608,state_verified
accepted,1,baseline,measured,refunds,182,1091.0,,1,93.727608,state_verified
accepted,1,baseline,measured,refunds,183,1030.0,,1,93.727608,state_verified
accepted,1,baseline,measured,refunds,184,1218.0,,1,93.727608,state_verified
accepted,1,baseline,measured,refunds,185,38937.0,,1,93.727608,state_verified
accepted,1,baseline,measured,refunds,186,1096.0,,1,93.727608,state_verified
accepted,1,baseline,measured,refunds,187,1013.0,,1,93.727608,state_verified
accepted,1,baseline,measured,refunds,188,1077.0,,1,93.727608,state_verified
accepted,1,baseline,measured,refunds,189,35176.0,,1,93.727608,state_verified
accepted,1,baseline,measured,refunds,190,877.0,,1,93.727608,state_verified
accepted,1,baseline,measured,refunds,191,1143.0,,1,93.727608,state_verified
accepted,1,baseline,measured,refunds,192,865.0,,1,93.727608,state_verified
accepted,1,baseline,measured,refunds,193,38902.0,,1,93.727608,state_verified
accepted,1,baseline,measured,refunds,194,831.0,,1,93.727608,state_verified
accepted,1,baseline,measured,refunds,195,773.0,,1,93.727608,state_verified
accepted,1,baseline,measured,refunds,196,847.0,,1,93.727608,state_verified
accepted,1,baseline,measured,refunds,197,35075.0,,1,93.727608,state_verified
accepted,1,baseline,measured,refunds,198,1273.0,,1,93.727608,state_verified
accepted,1,baseline,measured,refunds,199,760.0,,1,93.727608,state_verified
accepted,1,baseline,measured,refunds,200,777.0,,1,93.727608,state_verified
accepted,1,protected,measured,refunds,1,18418.0,,1,91.527316,state_verified
accepted,1,protected,measured,refunds,2,1143.0,,1,91.527316,state_verified
accepted,1,protected,measured,refunds,3,1024.0,,1,91.527316,state_verified
accepted,1,protected,measured,refunds,4,1296.0,,1,91.527316,state_verified
accepted,1,protected,measured,refunds,5,33431.0,,1,91.527316,state_verified
accepted,1,protected,measured,refunds,6,1170.0,,1,91.527316,state_verified
accepted,1,protected,measured,refunds,7,1116.0,,1,91.527316,state_verified
accepted,1,protected,measured,refunds,8,1008.0,,1,91.527316,state_verified
accepted,1,protected,measured,refunds,9,38329.0,,1,91.527316,state_verified
accepted,1,protected,measured,refunds,10,1154.0,,1,91.527316,state_verified
accepted,1,protected,measured,refunds,11,896.0,,1,91.527316,state_verified
accepted,1,protected,measured,refunds,12,895.0,,1,91.527316,state_verified
accepted,1,protected,measured,refunds,13,33576.0,,1,91.527316,state_verified
accepted,1,protected,measured,refunds,14,1019.0,,1,91.527316,state_verified
accepted,1,protected,measured,refunds,15,842.0,,1,91.527316,state_verified
accepted,1,protected,measured,refunds,16,771.0,,1,91.527316,state_verified
accepted,1,protected,measured,refunds,17,40144.0,,1,91.527316,state_verified
accepted,1,protected,measured,refunds,18,1186.0,,1,91.527316,state_verified
accepted,1,protected,measured,refunds,19,1095.0,,1,91.527316,state_verified
accepted,1,protected,measured,refunds,20,1201.0,,1,91.527316,state_verified
accepted,1,protected,measured,refunds,21,34572.0,,1,91.527316,state_verified
accepted,1,protected,measured,refunds,22,1134.0,,1,91.527316,state_verified
accepted,1,protected,measured,refunds,23,803.0,,1,91.527316,state_verified
accepted,1,protected,measured,refunds,24,964.0,,1,91.527316,state_verified
accepted,1,protected,measured,refunds,25,38276.0,,1,91.527316,state_verified
accepted,1,protected,measured,refunds,26,1009.0,,1,91.527316,state_verified
accepted,1,protected,measured,refunds,27,887.0,,1,91.527316,state_verified
accepted,1,protected,measured,refunds,28,832.0,,1,91.527316,state_verified
accepted,1,protected,measured,refunds,29,34198.0,,1,91.527316,state_verified
accepted,1,protected,measured,refunds,30,1377.0,,1,91.527316,state_verified
accepted,1,protected,measured,refunds,31,1204.0,,1,91.527316,state_verified
accepted,1,protected,measured,refunds,32,1136.0,,1,91.527316,state_verified
accepted,1,protected,measured,refunds,33,37712.0,,1,91.527316,state_verified
accepted,1,protected,measured,refunds,34,1205.0,,1,91.527316,state_verified
accepted,1,protected,measured,refunds,35,1320.0,,1,91.527316,state_verified
accepted,1,protected,measured,refunds,36,1008.0,,1,91.527316,state_verified
accepted,1,protected,measured,refunds,37,33205.0,,1,91.527316,state_verified
accepted,1,protected,measured,refunds,38,1346.0,,1,91.527316,state_verified
accepted,1,protected,measured,refunds,39,1168.0,,1,91.527316,state_verified
accepted,1,protected,measured,refunds,40,946.0,,1,91.527316,state_verified
accepted,1,protected,measured,refunds,41,37679.0,,1,91.527316,state_verified
accepted,1,protected,measured,refunds,42,1343.0,,1,91.527316,state_verified
accepted,1,protected,measured,refunds,43,1089.0,,1,91.527316,state_verified
accepted,1,protected,measured,refunds,44,932.0,,1,91.527316,state_verified
accepted,1,protected,measured,refunds,45,33978.0,,1,91.527316,state_verified
accepted,1,protected,measured,refunds,46,1450.0,,1,91.527316,state_verified
accepted,1,protected,measured,refunds,47,987.0,,1,91.527316,state_verified
accepted,1,protected,measured,refunds,48,921.0,,1,91.527316,state_verified
accepted,1,protected,measured,refunds,49,37921.0,,1,91.527316,state_verified
accepted,1,protected,measured,refunds,50,940.0,,1,91.527316,state_verified
accepted,1,protected,measured,refunds,51,832.0,,1,91.527316,state_verified
accepted,1,protected,measured,refunds,52,928.0,,1,91.527316,state_verified
accepted,1,protected,measured,refunds,53,33106.0,,1,91.527316,state_verified
accepted,1,protected,measured,refunds,54,946.0,,1,91.527316,state_verified
accepted,1,protected,measured,refunds,55,982.0,,1,91.527316,state_verified
accepted,1,protected,measured,refunds,56,889.0,,1,91.527316,state_verified
accepted,1,protected,measured,refunds,57,37636.0,,1,91.527316,state_verified
accepted,1,protected,measured,refunds,58,1242.0,,1,91.527316,state_verified
accepted,1,protected,measured,refunds,59,1581.0,,1,91.527316,state_verified
accepted,1,protected,measured,refunds,60,1191.0,,1,91.527316,state_verified
accepted,1,protected,measured,refunds,61,33166.0,,1,91.527316,state_verified
accepted,1,protected,measured,refunds,62,1226.0,,1,91.527316,state_verified
accepted,1,protected,measured,refunds,63,954.0,,1,91.527316,state_verified
accepted,1,protected,measured,refunds,64,960.0,,1,91.527316,state_verified
accepted,1,protected,measured,refunds,65,36755.0,,1,91.527316,state_verified
accepted,1,protected,measured,refunds,66,1001.0,,1,91.527316,state_verified
accepted,1,protected,measured,refunds,67,891.0,,1,91.527316,state_verified
accepted,1,protected,measured,refunds,68,912.0,,1,91.527316,state_verified
accepted,1,protected,measured,refunds,69,32309.0,,1,91.527316,state_verified
accepted,1,protected,measured,refunds,70,882.0,,1,91.527316,state_verified
accepted,1,protected,measured,refunds,71,907.0,,1,91.527316,state_verified
accepted,1,protected,measured,refunds,72,899.0,,1,91.527316,state_verified
accepted,1,protected,measured,refunds,73,37706.0,,1,91.527316,state_verified
accepted,1,protected,measured,refunds,74,912.0,,1,91.527316,state_verified
accepted,1,protected,measured,refunds,75,881.0,,1,91.527316,state_verified
accepted,1,protected,measured,refunds,76,844.0,,1,91.527316,state_verified
accepted,1,protected,measured,refunds,77,31884.0,,1,91.527316,state_verified
accepted,1,protected,measured,refunds,78,1085.0,,1,91.527316,state_verified
accepted,1,protected,measured,refunds,79,895.0,,1,91.527316,state_verified
accepted,1,protected,measured,refunds,80,946.0,,1,91.527316,state_verified
accepted,1,protected,measured,refunds,81,36661.0,,1,91.527316,state_verified
accepted,1,protected,measured,refunds,82,1211.0,,1,91.527316,state_verified
accepted,1,protected,measured,refunds,83,1126.0,,1,91.527316,state_verified
accepted,1,protected,measured,refunds,84,1139.0,,1,91.527316,state_verified
accepted,1,protected,measured,refunds,85,32499.0,,1,91.527316,state_verified
accepted,1,protected,measured,refunds,86,933.0,,1,91.527316,state_verified
accepted,1,protected,measured,refunds,87,904.0,,1,91.527316,state_verified
accepted,1,protected,measured,refunds,88,897.0,,1,91.527316,state_verified
accepted,1,protected,measured,refunds,89,37173.0,,1,91.527316,state_verified
accepted,1,protected,measured,refunds,90,1044.0,,1,91.527316,state_verified
accepted,1,protected,measured,refunds,91,1039.0,,1,91.527316,state_verified
accepted,1,protected,measured,refunds,92,1037.0,,1,91.527316,state_verified
accepted,1,protected,measured,refunds,93,32272.0,,1,91.527316,state_verified
accepted,1,protected,measured,refunds,94,1105.0,,1,91.527316,state_verified
accepted,1,protected,measured,refunds,95,1049.0,,1,91.527316,state_verified
accepted,1,protected,measured,refunds,96,897.0,,1,91.527316,state_verified
accepted,1,protected,measured,refunds,97,36409.0,,1,91.527316,state_verified
accepted,1,protected,measured,refunds,98,1017.0,,1,91.527316,state_verified
accepted,1,protected,measured,refunds,99,977.0,,1,91.527316,state_verified
accepted,1,protected,measured,refunds,100,1124.0,,1,91.527316,state_verified
accepted,1,protected,measured,refunds,101,33523.0,,1,91.527316,state_verified
accepted,1,protected,measured,refunds,102,1121.0,,1,91.527316,state_verified
accepted,1,protected,measured,refunds,103,1212.0,,1,91.527316,state_verified
accepted,1,protected,measured,refunds,104,1014.0,,1,91.527316,state_verified
accepted,1,protected,measured,refunds,105,36934.0,,1,91.527316,state_verified
accepted,1,protected,measured,refunds,106,899.0,,1,91.527316,state_verified
accepted,1,protected,measured,refunds,107,964.0,,1,91.527316,state_verified
accepted,1,protected,measured,refunds,108,1046.0,,1,91.527316,state_verified
accepted,1,protected,measured,refunds,109,33421.0,,1,91.527316,state_verified
accepted,1,protected,measured,refunds,110,1487.0,,1,91.527316,state_verified
accepted,1,protected,measured,refunds,111,1053.0,,1,91.527316,state_verified
accepted,1,protected,measured,refunds,112,1174.0,,1,91.527316,state_verified
accepted,1,protected,measured,refunds,113,37131.0,,1,91.527316,state_verified
accepted,1,protected,measured,refunds,114,974.0,,1,91.527316,state_verified
accepted,1,protected,measured,refunds,115,920.0,,1,91.527316,state_verified
accepted,1,protected,measured,refunds,116,844.0,,1,91.527316,state_verified
accepted,1,protected,measured,refunds,117,34271.0,,1,91.527316,state_verified
accepted,1,protected,measured,refunds,118,1124.0,,1,91.527316,state_verified
accepted,1,protected,measured,refunds,119,1615.0,,1,91.527316,state_verified
accepted,1,protected,measured,refunds,120,1239.0,,1,91.527316,state_verified
accepted,1,protected,measured,refunds,121,37172.0,,1,91.527316,state_verified
accepted,1,protected,measured,refunds,122,1199.0,,1,91.527316,state_verified
accepted,1,protected,measured,refunds,123,1046.0,,1,91.527316,state_verified
accepted,1,protected,measured,refunds,124,1085.0,,1,91.527316,state_verified
accepted,1,protected,measured,refunds,125,33403.0,,1,91.527316,state_verified
accepted,1,protected,measured,refunds,126,1013.0,,1,91.527316,state_verified
accepted,1,protected,measured,refunds,127,1017.0,,1,91.527316,state_verified
accepted,1,protected,measured,refunds,128,1253.0,,1,91.527316,state_verified
accepted,1,protected,measured,refunds,129,39232.0,,1,91.527316,state_verified
accepted,1,protected,measured,refunds,130,903.0,,1,91.527316,state_verified
accepted,1,protected,measured,refunds,131,809.0,,1,91.527316,state_verified
accepted,1,protected,measured,refunds,132,971.0,,1,91.527316,state_verified
accepted,1,protected,measured,refunds,133,36185.0,,1,91.527316,state_verified
accepted,1,protected,measured,refunds,134,1594.0,,1,91.527316,state_verified
accepted,1,protected,measured,refunds,135,1062.0,,1,91.527316,state_verified
accepted,1,protected,measured,refunds,136,1114.0,,1,91.527316,state_verified
accepted,1,protected,measured,refunds,137,40532.0,,1,91.527316,state_verified
accepted,1,protected,measured,refunds,138,1008.0,,1,91.527316,state_verified
accepted,1,protected,measured,refunds,139,926.0,,1,91.527316,state_verified
accepted,1,protected,measured,refunds,140,896.0,,1,91.527316,state_verified
accepted,1,protected,measured,refunds,141,36231.0,,1,91.527316,state_verified
accepted,1,protected,measured,refunds,142,872.0,,1,91.527316,state_verified
accepted,1,protected,measured,refunds,143,724.0,,1,91.527316,state_verified
accepted,1,protected,measured,refunds,144,785.0,,1,91.527316,state_verified
accepted,1,protected,measured,refunds,145,42081.0,,1,91.527316,state_verified
accepted,1,protected,measured,refunds,146,1361.0,,1,91.527316,state_verified
accepted,1,protected,measured,refunds,147,1230.0,,1,91.527316,state_verified
accepted,1,protected,measured,refunds,148,1178.0,,1,91.527316,state_verified
accepted,1,protected,measured,refunds,149,36784.0,,1,91.527316,state_verified
accepted,1,protected,measured,refunds,150,1028.0,,1,91.527316,state_verified
accepted,1,protected,measured,refunds,151,782.0,,1,91.527316,state_verified
accepted,1,protected,measured,refunds,152,794.0,,1,91.527316,state_verified
accepted,1,protected,measured,refunds,153,41568.0,,1,91.527316,state_verified
accepted,1,protected,measured,refunds,154,886.0,,1,91.527316,state_verified
accepted,1,protected,measured,refunds,155,687.0,,1,91.527316,state_verified
accepted,1,protected,measured,refunds,156,683.0,,1,91.527316,state_verified
accepted,1,protected,measured,refunds,157,37852.0,,1,91.527316,state_verified
accepted,1,protected,measured,refunds,158,1063.0,,1,91.527316,state_verified
accepted,1,protected,measured,refunds,159,1187.0,,1,91.527316,state_verified
accepted,1,protected,measured,refunds,160,981.0,,1,91.527316,state_verified
accepted,1,protected,measured,refunds,161,42241.0,,1,91.527316,state_verified
accepted,1,protected,measured,refunds,162,79472.0,,1,91.527316,state_verified
accepted,1,protected,measured,refunds,163,118007.0,,1,91.527316,state_verified
accepted,1,protected,measured,refunds,164,2638.0,,1,91.527316,state_verified
accepted,1,protected,measured,refunds,165,1275.0,,1,91.527316,state_verified
accepted,1,protected,measured,refunds,166,998.0,,1,91.527316,state_verified
accepted,1,protected,measured,refunds,167,1045.0,,1,91.527316,state_verified
accepted,1,protected,measured,refunds,168,41273.0,,1,91.527316,state_verified
accepted,1,protected,measured,refunds,169,882.0,,1,91.527316,state_verified
accepted,1,protected,measured,refunds,170,862.0,,1,91.527316,state_verified
accepted,1,protected,measured,refunds,171,883.0,,1,91.527316,state_verified
accepted,1,protected,measured,refunds,172,36835.0,,1,91.527316,state_verified
accepted,1,protected,measured,refunds,173,848.0,,1,91.527316,state_verified
accepted,1,protected,measured,refunds,174,800.0,,1,91.527316,state_verified
accepted,1,protected,measured,refunds,175,852.0,,1,91.527316,state_verified
accepted,1,protected,measured,refunds,176,40637.0,,1,91.527316,state_verified
accepted,1,protected,measured,refunds,177,1282.0,,1,91.527316,state_verified
accepted,1,protected,measured,refunds,178,1255.0,,1,91.527316,state_verified
accepted,1,protected,measured,refunds,179,1046.0,,1,91.527316,state_verified
accepted,1,protected,measured,refunds,180,36034.0,,1,91.527316,state_verified
accepted,1,protected,measured,refunds,181,959.0,,1,91.527316,state_verified
accepted,1,protected,measured,refunds,182,1005.0,,1,91.527316,state_verified
accepted,1,protected,measured,refunds,183,926.0,,1,91.527316,state_verified
accepted,1,protected,measured,refunds,184,41661.0,,1,91.527316,state_verified
accepted,1,protected,measured,refunds,185,868.0,,1,91.527316,state_verified
accepted,1,protected,measured,refunds,186,944.0,,1,91.527316,state_verified
accepted,1,protected,measured,refunds,187,962.0,,1,91.527316,state_verified
accepted,1,protected,measured,refunds,188,36786.0,,1,91.527316,state_verified
accepted,1,protected,measured,refunds,189,1458.0,,1,91.527316,state_verified
accepted,1,protected,measured,refunds,190,949.0,,1,91.527316,state_verified
accepted,1,protected,measured,refunds,191,946.0,,1,91.527316,state_verified
accepted,1,protected,measured,refunds,192,41718.0,,1,91.527316,state_verified
accepted,1,protected,measured,refunds,193,1300.0,,1,91.527316,state_verified
accepted,1,protected,measured,refunds,194,1218.0,,1,91.527316,state_verified
accepted,1,protected,measured,refunds,195,1198.0,,1,91.527316,state_verified
accepted,1,protected,measured,refunds,196,36512.0,,1,91.527316,state_verified
accepted,1,protected,measured,refunds,197,1048.0,,1,91.527316,state_verified
accepted,1,protected,measured,refunds,198,755.0,,1,91.527316,state_verified
accepted,1,protected,measured,refunds,199,672.0,,1,91.527316,state_verified
accepted,1,protected,measured,refunds,200,50757.0,,1,91.527316,state_verified
accepted,1,baseline,measured,mixed,1,5703.0,,7,841.765013,state_verified
accepted,1,baseline,measured,mixed,2,1346.0,,7,841.765013,state_verified
accepted,1,baseline,measured,mixed,3,1733.0,,7,841.765013,state_verified
accepted,1,baseline,measured,mixed,4,1428.0,,7,841.765013,state_verified
accepted,1,baseline,measured,mixed,5,1335.0,,7,841.765013,state_verified
accepted,1,baseline,measured,mixed,6,1451.0,,7,841.765013,state_verified
accepted,1,baseline,measured,mixed,7,1096.0,,7,841.765013,state_verified
accepted,1,baseline,measured,mixed,8,1078.0,,7,841.765013,state_verified
accepted,1,baseline,measured,mixed,9,1357.0,,7,841.765013,state_verified
accepted,1,baseline,measured,mixed,10,1229.0,,7,841.765013,state_verified
accepted,1,baseline,measured,mixed,11,1294.0,,7,841.765013,state_verified
accepted,1,baseline,measured,mixed,12,1229.0,,7,841.765013,state_verified
accepted,1,baseline,measured,mixed,13,1462.0,,7,841.765013,state_verified
accepted,1,baseline,measured,mixed,14,1450.0,,7,841.765013,state_verified
accepted,1,baseline,measured,mixed,15,1615.0,,7,841.765013,state_verified
accepted,1,baseline,measured,mixed,16,1470.0,,7,841.765013,state_verified
accepted,1,baseline,measured,mixed,17,1030.0,,7,841.765013,state_verified
accepted,1,baseline,measured,mixed,18,1094.0,,7,841.765013,state_verified
accepted,1,baseline,measured,mixed,19,1045.0,,7,841.765013,state_verified
accepted,1,baseline,measured,mixed,20,1110.0,,7,841.765013,state_verified
accepted,1,baseline,measured,mixed,21,1092.0,,7,841.765013,state_verified
accepted,1,baseline,measured,mixed,22,1200.0,,7,841.765013,state_verified
accepted,1,baseline,measured,mixed,23,1113.0,,7,841.765013,state_verified
accepted,1,baseline,measured,mixed,24,1100.0,,7,841.765013,state_verified
accepted,1,baseline,measured,mixed,25,1207.0,,7,841.765013,state_verified
accepted,1,baseline,measured,mixed,26,1055.0,,7,841.765013,state_verified
accepted,1,baseline,measured,mixed,27,1164.0,,7,841.765013,state_verified
accepted,1,baseline,measured,mixed,28,1238.0,,7,841.765013,state_verified
accepted,1,baseline,measured,mixed,29,1014.0,,7,841.765013,state_verified
accepted,1,baseline,measured,mixed,30,1039.0,,7,841.765013,state_verified
accepted,1,baseline,measured,mixed,31,1233.0,,7,841.765013,state_verified
accepted,1,baseline,measured,mixed,32,1156.0,,7,841.765013,state_verified
accepted,1,baseline,measured,mixed,33,1447.0,,7,841.765013,state_verified
accepted,1,baseline,measured,mixed,34,1080.0,,7,841.765013,state_verified
accepted,1,baseline,measured,mixed,35,1222.0,,7,841.765013,state_verified
accepted,1,baseline,measured,mixed,36,1274.0,,7,841.765013,state_verified
accepted,1,baseline,measured,mixed,37,1151.0,,7,841.765013,state_verified
accepted,1,baseline,measured,mixed,38,1114.0,,7,841.765013,state_verified
accepted,1,baseline,measured,mixed,39,1270.0,,7,841.765013,state_verified
accepted,1,baseline,measured,mixed,40,1054.0,,7,841.765013,state_verified
accepted,1,baseline,measured,mixed,41,1178.0,,7,841.765013,state_verified
accepted,1,baseline,measured,mixed,42,1129.0,,7,841.765013,state_verified
accepted,1,baseline,measured,mixed,43,1006.0,,7,841.765013,state_verified
accepted,1,baseline,measured,mixed,44,1045.0,,7,841.765013,state_verified
accepted,1,baseline,measured,mixed,45,1178.0,,7,841.765013,state_verified
accepted,1,baseline,measured,mixed,46,1140.0,,7,841.765013,state_verified
accepted,1,baseline,measured,mixed,47,1160.0,,7,841.765013,state_verified
accepted,1,baseline,measured,mixed,48,1054.0,,7,841.765013,state_verified
accepted,1,baseline,measured,mixed,49,1083.0,,7,841.765013,state_verified
accepted,1,baseline,measured,mixed,50,1155.0,,7,841.765013,state_verified
accepted,1,baseline,measured,mixed,51,1210.0,,7,841.765013,state_verified
accepted,1,baseline,measured,mixed,52,1121.0,,7,841.765013,state_verified
accepted,1,baseline,measured,mixed,53,1152.0,,7,841.765013,state_verified
accepted,1,baseline,measured,mixed,54,1240.0,,7,841.765013,state_verified
accepted,1,baseline,measured,mixed,55,1003.0,,7,841.765013,state_verified
accepted,1,baseline,measured,mixed,56,979.0,,7,841.765013,state_verified
accepted,1,baseline,measured,mixed,57,951.0,,7,841.765013,state_verified
accepted,1,baseline,measured,mixed,58,1117.0,,7,841.765013,state_verified
accepted,1,baseline,measured,mixed,59,1048.0,,7,841.765013,state_verified
accepted,1,baseline,measured,mixed,60,985.0,,7,841.765013,state_verified
accepted,1,baseline,measured,mixed,61,1171.0,,7,841.765013,state_verified
accepted,1,baseline,measured,mixed,62,1035.0,,7,841.765013,state_verified
accepted,1,baseline,measured,mixed,63,1075.0,,7,841.765013,state_verified
accepted,1,baseline,measured,mixed,64,1120.0,,7,841.765013,state_verified
accepted,1,baseline,measured,mixed,65,1013.0,,7,841.765013,state_verified
accepted,1,baseline,measured,mixed,66,1083.0,,7,841.765013,state_verified
accepted,1,baseline,measured,mixed,67,1151.0,,7,841.765013,state_verified
accepted,1,baseline,measured,mixed,68,1131.0,,7,841.765013,state_verified
accepted,1,baseline,measured,mixed,69,1122.0,,7,841.765013,state_verified
accepted,1,baseline,measured,mixed,70,1135.0,,7,841.765013,state_verified
accepted,1,baseline,measured,mixed,71,974.0,,7,841.765013,state_verified
accepted,1,baseline,measured,mixed,72,1031.0,,7,841.765013,state_verified
accepted,1,baseline,measured,mixed,73,1016.0,,7,841.765013,state_verified
accepted,1,baseline,measured,mixed,74,985.0,,7,841.765013,state_verified
accepted,1,baseline,measured,mixed,75,1091.0,,7,841.765013,state_verified
accepted,1,baseline,measured,mixed,76,1028.0,,7,841.765013,state_verified
accepted,1,baseline,measured,mixed,77,1420.0,,7,841.765013,state_verified
accepted,1,baseline,measured,mixed,78,1390.0,,7,841.765013,state_verified
accepted,1,baseline,measured,mixed,79,1420.0,,7,841.765013,state_verified
accepted,1,baseline,measured,mixed,80,1367.0,,7,841.765013,state_verified
accepted,1,baseline,measured,mixed,81,1202.0,,7,841.765013,state_verified
accepted,1,baseline,measured,mixed,82,983.0,,7,841.765013,state_verified
accepted,1,baseline,measured,mixed,83,1206.0,,7,841.765013,state_verified
accepted,1,baseline,measured,mixed,84,1057.0,,7,841.765013,state_verified
accepted,1,baseline,measured,mixed,85,1001.0,,7,841.765013,state_verified
accepted,1,baseline,measured,mixed,86,1088.0,,7,841.765013,state_verified
accepted,1,baseline,measured,mixed,87,985.0,,7,841.765013,state_verified
accepted,1,baseline,measured,mixed,88,1019.0,,7,841.765013,state_verified
accepted,1,baseline,measured,mixed,89,989.0,,7,841.765013,state_verified
accepted,1,baseline,measured,mixed,90,1054.0,,7,841.765013,state_verified
accepted,1,baseline,measured,mixed,91,1213.0,,7,841.765013,state_verified
accepted,1,baseline,measured,mixed,92,1110.0,,7,841.765013,state_verified
accepted,1,baseline,measured,mixed,93,1110.0,,7,841.765013,state_verified
accepted,1,baseline,measured,mixed,94,1005.0,,7,841.765013,state_verified
accepted,1,baseline,measured,mixed,95,1169.0,,7,841.765013,state_verified
accepted,1,baseline,measured,mixed,96,999.0,,7,841.765013,state_verified
accepted,1,baseline,measured,mixed,97,1024.0,,7,841.765013,state_verified
accepted,1,baseline,measured,mixed,98,998.0,,7,841.765013,state_verified
accepted,1,baseline,measured,mixed,99,1070.0,,7,841.765013,state_verified
accepted,1,baseline,measured,mixed,100,1169.0,,7,841.765013,state_verified
accepted,1,baseline,measured,mixed,101,1014.0,,7,841.765013,state_verified
accepted,1,baseline,measured,mixed,102,1037.0,,7,841.765013,state_verified
accepted,1,baseline,measured,mixed,103,1002.0,,7,841.765013,state_verified
accepted,1,baseline,measured,mixed,104,1007.0,,7,841.765013,state_verified
accepted,1,baseline,measured,mixed,105,951.0,,7,841.765013,state_verified
accepted,1,baseline,measured,mixed,106,1040.0,,7,841.765013,state_verified
accepted,1,baseline,measured,mixed,107,1002.0,,7,841.765013,state_verified
accepted,1,baseline,measured,mixed,108,1045.0,,7,841.765013,state_verified
accepted,1,baseline,measured,mixed,109,1537.0,,7,841.765013,state_verified
accepted,1,baseline,measured,mixed,110,1143.0,,7,841.765013,state_verified
accepted,1,baseline,measured,mixed,111,1484.0,,7,841.765013,state_verified
accepted,1,baseline,measured,mixed,112,1001.0,,7,841.765013,state_verified
accepted,1,baseline,measured,mixed,113,934.0,,7,841.765013,state_verified
accepted,1,baseline,measured,mixed,114,853.0,,7,841.765013,state_verified
accepted,1,baseline,measured,mixed,115,842.0,,7,841.765013,state_verified
accepted,1,baseline,measured,mixed,116,869.0,,7,841.765013,state_verified
accepted,1,baseline,measured,mixed,117,927.0,,7,841.765013,state_verified
accepted,1,baseline,measured,mixed,118,1013.0,,7,841.765013,state_verified
accepted,1,baseline,measured,mixed,119,1082.0,,7,841.765013,state_verified
accepted,1,baseline,measured,mixed,120,1040.0,,7,841.765013,state_verified
accepted,1,baseline,measured,mixed,121,1394.0,,7,841.765013,state_verified
accepted,1,baseline,measured,mixed,122,1511.0,,7,841.765013,state_verified
accepted,1,baseline,measured,mixed,123,1324.0,,7,841.765013,state_verified
accepted,1,baseline,measured,mixed,124,1094.0,,7,841.765013,state_verified
accepted,1,baseline,measured,mixed,125,1003.0,,7,841.765013,state_verified
accepted,1,baseline,measured,mixed,126,878.0,,7,841.765013,state_verified
accepted,1,baseline,measured,mixed,127,848.0,,7,841.765013,state_verified
accepted,1,baseline,measured,mixed,128,859.0,,7,841.765013,state_verified
accepted,1,baseline,measured,mixed,129,812.0,,7,841.765013,state_verified
accepted,1,baseline,measured,mixed,130,1089.0,,7,841.765013,state_verified
accepted,1,baseline,measured,mixed,131,1417.0,,7,841.765013,state_verified
accepted,1,baseline,measured,mixed,132,1002.0,,7,841.765013,state_verified
accepted,1,baseline,measured,mixed,133,978.0,,7,841.765013,state_verified
accepted,1,baseline,measured,mixed,134,886.0,,7,841.765013,state_verified
accepted,1,baseline,measured,mixed,135,972.0,,7,841.765013,state_verified
accepted,1,baseline,measured,mixed,136,1278.0,,7,841.765013,state_verified
accepted,1,baseline,measured,mixed,137,1804.0,,7,841.765013,state_verified
accepted,1,baseline,measured,mixed,138,1235.0,,7,841.765013,state_verified
accepted,1,baseline,measured,mixed,139,1264.0,,7,841.765013,state_verified
accepted,1,baseline,measured,mixed,140,1176.0,,7,841.765013,state_verified
accepted,1,baseline,measured,mixed,141,1827.0,,7,841.765013,state_verified
accepted,1,baseline,measured,mixed,142,1772.0,,7,841.765013,state_verified
accepted,1,baseline,measured,mixed,143,1448.0,,7,841.765013,state_verified
accepted,1,baseline,measured,mixed,144,1378.0,,7,841.765013,state_verified
accepted,1,baseline,measured,mixed,145,1116.0,,7,841.765013,state_verified
accepted,1,baseline,measured,mixed,146,973.0,,7,841.765013,state_verified
accepted,1,baseline,measured,mixed,147,1198.0,,7,841.765013,state_verified
accepted,1,baseline,measured,mixed,148,1190.0,,7,841.765013,state_verified
accepted,1,baseline,measured,mixed,149,1067.0,,7,841.765013,state_verified
accepted,1,baseline,measured,mixed,150,1197.0,,7,841.765013,state_verified
accepted,1,baseline,measured,mixed,151,1211.0,,7,841.765013,state_verified
accepted,1,baseline,measured,mixed,152,1254.0,,7,841.765013,state_verified
accepted,1,baseline,measured,mixed,153,1263.0,,7,841.765013,state_verified
accepted,1,baseline,measured,mixed,154,1204.0,,7,841.765013,state_verified
accepted,1,baseline,measured,mixed,155,968.0,,7,841.765013,state_verified
accepted,1,baseline,measured,mixed,156,1089.0,,7,841.765013,state_verified
accepted,1,baseline,measured,mixed,157,1127.0,,7,841.765013,state_verified
accepted,1,baseline,measured,mixed,158,1185.0,,7,841.765013,state_verified
accepted,1,baseline,measured,mixed,159,1171.0,,7,841.765013,state_verified
accepted,1,baseline,measured,mixed,160,1213.0,,7,841.765013,state_verified
accepted,1,baseline,measured,mixed,161,1070.0,,7,841.765013,state_verified
accepted,1,baseline,measured,mixed,162,1060.0,,7,841.765013,state_verified
accepted,1,baseline,measured,mixed,163,1024.0,,7,841.765013,state_verified
accepted,1,baseline,measured,mixed,164,1155.0,,7,841.765013,state_verified
accepted,1,baseline,measured,mixed,165,1011.0,,7,841.765013,state_verified
accepted,1,baseline,measured,mixed,166,1227.0,,7,841.765013,state_verified
accepted,1,baseline,measured,mixed,167,1257.0,,7,841.765013,state_verified
accepted,1,baseline,measured,mixed,168,943.0,,7,841.765013,state_verified
accepted,1,baseline,measured,mixed,169,1105.0,,7,841.765013,state_verified
accepted,1,baseline,measured,mixed,170,1307.0,,7,841.765013,state_verified
accepted,1,baseline,measured,mixed,171,1284.0,,7,841.765013,state_verified
accepted,1,baseline,measured,mixed,172,1001.0,,7,841.765013,state_verified
accepted,1,baseline,measured,mixed,173,1104.0,,7,841.765013,state_verified
accepted,1,baseline,measured,mixed,174,1417.0,,7,841.765013,state_verified
accepted,1,baseline,measured,mixed,175,1295.0,,7,841.765013,state_verified
accepted,1,baseline,measured,mixed,176,1697.0,,7,841.765013,state_verified
accepted,1,baseline,measured,mixed,177,1298.0,,7,841.765013,state_verified
accepted,1,baseline,measured,mixed,178,1036.0,,7,841.765013,state_verified
accepted,1,baseline,measured,mixed,179,1142.0,,7,841.765013,state_verified
accepted,1,baseline,measured,mixed,180,1124.0,,7,841.765013,state_verified
accepted,1,baseline,measured,mixed,181,991.0,,7,841.765013,state_verified
accepted,1,baseline,measured,mixed,182,1074.0,,7,841.765013,state_verified
accepted,1,baseline,measured,mixed,183,929.0,,7,841.765013,state_verified
accepted,1,baseline,measured,mixed,184,920.0,,7,841.765013,state_verified
accepted,1,baseline,measured,mixed,185,1105.0,,7,841.765013,state_verified
accepted,1,baseline,measured,mixed,186,998.0,,7,841.765013,state_verified
accepted,1,baseline,measured,mixed,187,998.0,,7,841.765013,state_verified
accepted,1,baseline,measured,mixed,188,1205.0,,7,841.765013,state_verified
accepted,1,baseline,measured,mixed,189,1464.0,,7,841.765013,state_verified
accepted,1,baseline,measured,mixed,190,1394.0,,7,841.765013,state_verified
accepted,1,baseline,measured,mixed,191,1218.0,,7,841.765013,state_verified
accepted,1,baseline,measured,mixed,192,1182.0,,7,841.765013,state_verified
accepted,1,baseline,measured,mixed,193,1222.0,,7,841.765013,state_verified
accepted,1,baseline,measured,mixed,194,932.0,,7,841.765013,state_verified
accepted,1,baseline,measured,mixed,195,1004.0,,7,841.765013,state_verified
accepted,1,baseline,measured,mixed,196,1103.0,,7,841.765013,state_verified
accepted,1,baseline,measured,mixed,197,1259.0,,7,841.765013,state_verified
accepted,1,baseline,measured,mixed,198,1219.0,,7,841.765013,state_verified
accepted,1,baseline,measured,mixed,199,1408.0,,7,841.765013,state_verified
accepted,1,baseline,measured,mixed,200,1610.0,,7,841.765013,state_verified
accepted,1,protected,measured,mixed,1,10526.0,,7,593.885944,state_verified
accepted,1,protected,measured,mixed,2,1761.0,,7,593.885944,state_verified
accepted,1,protected,measured,mixed,3,2155.0,,7,593.885944,state_verified
accepted,1,protected,measured,mixed,4,3098.0,,7,593.885944,state_verified
accepted,1,protected,measured,mixed,5,2955.0,,7,593.885944,state_verified
accepted,1,protected,measured,mixed,6,2679.0,,7,593.885944,state_verified
accepted,1,protected,measured,mixed,7,2882.0,,7,593.885944,state_verified
accepted,1,protected,measured,mixed,8,1830.0,,7,593.885944,state_verified
accepted,1,protected,measured,mixed,9,1908.0,,7,593.885944,state_verified
accepted,1,protected,measured,mixed,10,1871.0,,7,593.885944,state_verified
accepted,1,protected,measured,mixed,11,1468.0,,7,593.885944,state_verified
accepted,1,protected,measured,mixed,12,1520.0,,7,593.885944,state_verified
accepted,1,protected,measured,mixed,13,1487.0,,7,593.885944,state_verified
accepted,1,protected,measured,mixed,14,1722.0,,7,593.885944,state_verified
accepted,1,protected,measured,mixed,15,1657.0,,7,593.885944,state_verified
accepted,1,protected,measured,mixed,16,1467.0,,7,593.885944,state_verified
accepted,1,protected,measured,mixed,17,1727.0,,7,593.885944,state_verified
accepted,1,protected,measured,mixed,18,1699.0,,7,593.885944,state_verified
accepted,1,protected,measured,mixed,19,2258.0,,7,593.885944,state_verified
accepted,1,protected,measured,mixed,20,2294.0,,7,593.885944,state_verified
accepted,1,protected,measured,mixed,21,1440.0,,7,593.885944,state_verified
accepted,1,protected,measured,mixed,22,1540.0,,7,593.885944,state_verified
accepted,1,protected,measured,mixed,23,1872.0,,7,593.885944,state_verified
accepted,1,protected,measured,mixed,24,1844.0,,7,593.885944,state_verified
accepted,1,protected,measured,mixed,25,1487.0,,7,593.885944,state_verified
accepted,1,protected,measured,mixed,26,1588.0,,7,593.885944,state_verified
accepted,1,protected,measured,mixed,27,1661.0,,7,593.885944,state_verified
accepted,1,protected,measured,mixed,28,1818.0,,7,593.885944,state_verified
accepted,1,protected,measured,mixed,29,1571.0,,7,593.885944,state_verified
accepted,1,protected,measured,mixed,30,1700.0,,7,593.885944,state_verified
accepted,1,protected,measured,mixed,31,1641.0,,7,593.885944,state_verified
accepted,1,protected,measured,mixed,32,1834.0,,7,593.885944,state_verified
accepted,1,protected,measured,mixed,33,2657.0,,7,593.885944,state_verified
accepted,1,protected,measured,mixed,34,1672.0,,7,593.885944,state_verified
accepted,1,protected,measured,mixed,35,1626.0,,7,593.885944,state_verified
accepted,1,protected,measured,mixed,36,2203.0,,7,593.885944,state_verified
accepted,1,protected,measured,mixed,37,1862.0,,7,593.885944,state_verified
accepted,1,protected,measured,mixed,38,2111.0,,7,593.885944,state_verified
accepted,1,protected,measured,mixed,39,1541.0,,7,593.885944,state_verified
accepted,1,protected,measured,mixed,40,1735.0,,7,593.885944,state_verified
accepted,1,protected,measured,mixed,41,2420.0,,7,593.885944,state_verified
accepted,1,protected,measured,mixed,42,1579.0,,7,593.885944,state_verified
accepted,1,protected,measured,mixed,43,1309.0,,7,593.885944,state_verified
accepted,1,protected,measured,mixed,44,1441.0,,7,593.885944,state_verified
accepted,1,protected,measured,mixed,45,1524.0,,7,593.885944,state_verified
accepted,1,protected,measured,mixed,46,1211.0,,7,593.885944,state_verified
accepted,1,protected,measured,mixed,47,1476.0,,7,593.885944,state_verified
accepted,1,protected,measured,mixed,48,1222.0,,7,593.885944,state_verified
accepted,1,protected,measured,mixed,49,1731.0,,7,593.885944,state_verified
accepted,1,protected,measured,mixed,50,1146.0,,7,593.885944,state_verified
accepted,1,protected,measured,mixed,51,1103.0,,7,593.885944,state_verified
accepted,1,protected,measured,mixed,52,1127.0,,7,593.885944,state_verified
accepted,1,protected,measured,mixed,53,1120.0,,7,593.885944,state_verified
accepted,1,protected,measured,mixed,54,1442.0,,7,593.885944,state_verified
accepted,1,protected,measured,mixed,55,2789.0,,7,593.885944,state_verified
accepted,1,protected,measured,mixed,56,1617.0,,7,593.885944,state_verified
accepted,1,protected,measured,mixed,57,1592.0,,7,593.885944,state_verified
accepted,1,protected,measured,mixed,58,1815.0,,7,593.885944,state_verified
accepted,1,protected,measured,mixed,59,1625.0,,7,593.885944,state_verified
accepted,1,protected,measured,mixed,60,1636.0,,7,593.885944,state_verified
accepted,1,protected,measured,mixed,61,1252.0,,7,593.885944,state_verified
accepted,1,protected,measured,mixed,62,1382.0,,7,593.885944,state_verified
accepted,1,protected,measured,mixed,63,1942.0,,7,593.885944,state_verified
accepted,1,protected,measured,mixed,64,1533.0,,7,593.885944,state_verified
accepted,1,protected,measured,mixed,65,1680.0,,7,593.885944,state_verified
accepted,1,protected,measured,mixed,66,1634.0,,7,593.885944,state_verified
accepted,1,protected,measured,mixed,67,1556.0,,7,593.885944,state_verified
accepted,1,protected,measured,mixed,68,1790.0,,7,593.885944,state_verified
accepted,1,protected,measured,mixed,69,1535.0,,7,593.885944,state_verified
accepted,1,protected,measured,mixed,70,2109.0,,7,593.885944,state_verified
accepted,1,protected,measured,mixed,71,2063.0,,7,593.885944,state_verified
accepted,1,protected,measured,mixed,72,1570.0,,7,593.885944,state_verified
accepted,1,protected,measured,mixed,73,2091.0,,7,593.885944,state_verified
accepted,1,protected,measured,mixed,74,2371.0,,7,593.885944,state_verified
accepted,1,protected,measured,mixed,75,1907.0,,7,593.885944,state_verified
accepted,1,protected,measured,mixed,76,2759.0,,7,593.885944,state_verified
accepted,1,protected,measured,mixed,77,2928.0,,7,593.885944,state_verified
accepted,1,protected,measured,mixed,78,2081.0,,7,593.885944,state_verified
accepted,1,protected,measured,mixed,79,1581.0,,7,593.885944,state_verified
accepted,1,protected,measured,mixed,80,1441.0,,7,593.885944,state_verified
accepted,1,protected,measured,mixed,81,1528.0,,7,593.885944,state_verified
accepted,1,protected,measured,mixed,82,2117.0,,7,593.885944,state_verified
accepted,1,protected,measured,mixed,83,1333.0,,7,593.885944,state_verified
accepted,1,protected,measured,mixed,84,1270.0,,7,593.885944,state_verified
accepted,1,protected,measured,mixed,85,1638.0,,7,593.885944,state_verified
accepted,1,protected,measured,mixed,86,2139.0,,7,593.885944,state_verified
accepted,1,protected,measured,mixed,87,2203.0,,7,593.885944,state_verified
accepted,1,protected,measured,mixed,88,1699.0,,7,593.885944,state_verified
accepted,1,protected,measured,mixed,89,1955.0,,7,593.885944,state_verified
accepted,1,protected,measured,mixed,90,2172.0,,7,593.885944,state_verified
accepted,1,protected,measured,mixed,91,3776.0,,7,593.885944,state_verified
accepted,1,protected,measured,mixed,92,1695.0,,7,593.885944,state_verified
accepted,1,protected,measured,mixed,93,1705.0,,7,593.885944,state_verified
accepted,1,protected,measured,mixed,94,2267.0,,7,593.885944,state_verified
accepted,1,protected,measured,mixed,95,1197.0,,7,593.885944,state_verified
accepted,1,protected,measured,mixed,96,1236.0,,7,593.885944,state_verified
accepted,1,protected,measured,mixed,97,1349.0,,7,593.885944,state_verified
accepted,1,protected,measured,mixed,98,1319.0,,7,593.885944,state_verified
accepted,1,protected,measured,mixed,99,1614.0,,7,593.885944,state_verified
accepted,1,protected,measured,mixed,100,1164.0,,7,593.885944,state_verified
accepted,1,protected,measured,mixed,101,1215.0,,7,593.885944,state_verified
accepted,1,protected,measured,mixed,102,1520.0,,7,593.885944,state_verified
accepted,1,protected,measured,mixed,103,1554.0,,7,593.885944,state_verified
accepted,1,protected,measured,mixed,104,1778.0,,7,593.885944,state_verified
accepted,1,protected,measured,mixed,105,1748.0,,7,593.885944,state_verified
accepted,1,protected,measured,mixed,106,1538.0,,7,593.885944,state_verified
accepted,1,protected,measured,mixed,107,1550.0,,7,593.885944,state_verified
accepted,1,protected,measured,mixed,108,1407.0,,7,593.885944,state_verified
accepted,1,protected,measured,mixed,109,2225.0,,7,593.885944,state_verified
accepted,1,protected,measured,mixed,110,1470.0,,7,593.885944,state_verified
accepted,1,protected,measured,mixed,111,1386.0,,7,593.885944,state_verified
accepted,1,protected,measured,mixed,112,1604.0,,7,593.885944,state_verified
accepted,1,protected,measured,mixed,113,1714.0,,7,593.885944,state_verified
accepted,1,protected,measured,mixed,114,1646.0,,7,593.885944,state_verified
accepted,1,protected,measured,mixed,115,1712.0,,7,593.885944,state_verified
accepted,1,protected,measured,mixed,116,1916.0,,7,593.885944,state_verified
accepted,1,protected,measured,mixed,117,1632.0,,7,593.885944,state_verified
accepted,1,protected,measured,mixed,118,1608.0,,7,593.885944,state_verified
accepted,1,protected,measured,mixed,119,2774.0,,7,593.885944,state_verified
accepted,1,protected,measured,mixed,120,1560.0,,7,593.885944,state_verified
accepted,1,protected,measured,mixed,121,1427.0,,7,593.885944,state_verified
accepted,1,protected,measured,mixed,122,1308.0,,7,593.885944,state_verified
accepted,1,protected,measured,mixed,123,1373.0,,7,593.885944,state_verified
accepted,1,protected,measured,mixed,124,1654.0,,7,593.885944,state_verified
accepted,1,protected,measured,mixed,125,1566.0,,7,593.885944,state_verified
accepted,1,protected,measured,mixed,126,2226.0,,7,593.885944,state_verified
accepted,1,protected,measured,mixed,127,1815.0,,7,593.885944,state_verified
accepted,1,protected,measured,mixed,128,1827.0,,7,593.885944,state_verified
accepted,1,protected,measured,mixed,129,1726.0,,7,593.885944,state_verified
accepted,1,protected,measured,mixed,130,1473.0,,7,593.885944,state_verified
accepted,1,protected,measured,mixed,131,1559.0,,7,593.885944,state_verified
accepted,1,protected,measured,mixed,132,1574.0,,7,593.885944,state_verified
accepted,1,protected,measured,mixed,133,1607.0,,7,593.885944,state_verified
accepted,1,protected,measured,mixed,134,1725.0,,7,593.885944,state_verified
accepted,1,protected,measured,mixed,135,1495.0,,7,593.885944,state_verified
accepted,1,protected,measured,mixed,136,1461.0,,7,593.885944,state_verified
accepted,1,protected,measured,mixed,137,1956.0,,7,593.885944,state_verified
accepted,1,protected,measured,mixed,138,1557.0,,7,593.885944,state_verified
accepted,1,protected,measured,mixed,139,1440.0,,7,593.885944,state_verified
accepted,1,protected,measured,mixed,140,1328.0,,7,593.885944,state_verified
accepted,1,protected,measured,mixed,141,1675.0,,7,593.885944,state_verified
accepted,1,protected,measured,mixed,142,1895.0,,7,593.885944,state_verified
accepted,1,protected,measured,mixed,143,1701.0,,7,593.885944,state_verified
accepted,1,protected,measured,mixed,144,1598.0,,7,593.885944,state_verified
accepted,1,protected,measured,mixed,145,1139.0,,7,593.885944,state_verified
accepted,1,protected,measured,mixed,146,1314.0,,7,593.885944,state_verified
accepted,1,protected,measured,mixed,147,1465.0,,7,593.885944,state_verified
accepted,1,protected,measured,mixed,148,1282.0,,7,593.885944,state_verified
accepted,1,protected,measured,mixed,149,1080.0,,7,593.885944,state_verified
accepted,1,protected,measured,mixed,150,1058.0,,7,593.885944,state_verified
accepted,1,protected,measured,mixed,151,1055.0,,7,593.885944,state_verified
accepted,1,protected,measured,mixed,152,1092.0,,7,593.885944,state_verified
accepted,1,protected,measured,mixed,153,1081.0,,7,593.885944,state_verified
accepted,1,protected,measured,mixed,154,1031.0,,7,593.885944,state_verified
accepted,1,protected,measured,mixed,155,1338.0,,7,593.885944,state_verified
accepted,1,protected,measured,mixed,156,1357.0,,7,593.885944,state_verified
accepted,1,protected,measured,mixed,157,1567.0,,7,593.885944,state_verified
accepted,1,protected,measured,mixed,158,1327.0,,7,593.885944,state_verified
accepted,1,protected,measured,mixed,159,1250.0,,7,593.885944,state_verified
accepted,1,protected,measured,mixed,160,1378.0,,7,593.885944,state_verified
accepted,1,protected,measured,mixed,161,1388.0,,7,593.885944,state_verified
accepted,1,protected,measured,mixed,162,1294.0,,7,593.885944,state_verified
accepted,1,protected,measured,mixed,163,1496.0,,7,593.885944,state_verified
accepted,1,protected,measured,mixed,164,1286.0,,7,593.885944,state_verified
accepted,1,protected,measured,mixed,165,1340.0,,7,593.885944,state_verified
accepted,1,protected,measured,mixed,166,1690.0,,7,593.885944,state_verified
accepted,1,protected,measured,mixed,167,1808.0,,7,593.885944,state_verified
accepted,1,protected,measured,mixed,168,1989.0,,7,593.885944,state_verified
accepted,1,protected,measured,mixed,169,2143.0,,7,593.885944,state_verified
accepted,1,protected,measured,mixed,170,1378.0,,7,593.885944,state_verified
accepted,1,protected,measured,mixed,171,1380.0,,7,593.885944,state_verified
accepted,1,protected,measured,mixed,172,1273.0,,7,593.885944,state_verified
accepted,1,protected,measured,mixed,173,1256.0,,7,593.885944,state_verified
accepted,1,protected,measured,mixed,174,1257.0,,7,593.885944,state_verified
accepted,1,protected,measured,mixed,175,1288.0,,7,593.885944,state_verified
accepted,1,protected,measured,mixed,176,1252.0,,7,593.885944,state_verified
accepted,1,protected,measured,mixed,177,1314.0,,7,593.885944,state_verified
accepted,1,protected,measured,mixed,178,1346.0,,7,593.885944,state_verified
accepted,1,protected,measured,mixed,179,1183.0,,7,593.885944,state_verified
accepted,1,protected,measured,mixed,180,1329.0,,7,593.885944,state_verified
accepted,1,protected,measured,mixed,181,1232.0,,7,593.885944,state_verified
accepted,1,protected,measured,mixed,182,1171.0,,7,593.885944,state_verified
accepted,1,protected,measured,mixed,183,1197.0,,7,593.885944,state_verified
accepted,1,protected,measured,mixed,184,1236.0,,7,593.885944,state_verified
accepted,1,protected,measured,mixed,185,1121.0,,7,593.885944,state_verified
accepted,1,protected,measured,mixed,186,1215.0,,7,593.885944,state_verified
accepted,1,protected,measured,mixed,187,1201.0,,7,593.885944,state_verified
accepted,1,protected,measured,mixed,188,1177.0,,7,593.885944,state_verified
accepted,1,protected,measured,mixed,189,1213.0,,7,593.885944,state_verified
accepted,1,protected,measured,mixed,190,1242.0,,7,593.885944,state_verified
accepted,1,protected,measured,mixed,191,1230.0,,7,593.885944,state_verified
accepted,1,protected,measured,mixed,192,1306.0,,7,593.885944,state_verified
accepted,1,protected,measured,mixed,193,1256.0,,7,593.885944,state_verified
accepted,1,protected,measured,mixed,194,1317.0,,7,593.885944,state_verified
accepted,1,protected,measured,mixed,195,1256.0,,7,593.885944,state_verified
accepted,1,protected,measured,mixed,196,1196.0,,7,593.885944,state_verified
accepted,1,protected,measured,mixed,197,1256.0,,7,593.885944,state_verified
accepted,1,protected,measured,mixed,198,1222.0,,7,593.885944,state_verified
accepted,1,protected,measured,mixed,199,1372.0,,7,593.885944,state_verified
accepted,1,protected,measured,mixed,200,1193.0,,7,593.885944,state_verified
accepted,2,protected,measured,1,1,3057.0,,1,1251.822967,state_verified
accepted,2,protected,measured,1,2,1057.0,,1,1251.822967,state_verified
accepted,2,protected,measured,1,3,1651.0,,1,1251.822967,state_verified
accepted,2,protected,measured,1,4,865.0,,1,1251.822967,state_verified
accepted,2,protected,measured,1,5,790.0,,1,1251.822967,state_verified
accepted,2,protected,measured,1,6,929.0,,1,1251.822967,state_verified
accepted,2,protected,measured,1,7,820.0,,1,1251.822967,state_verified
accepted,2,protected,measured,1,8,774.0,,1,1251.822967,state_verified
accepted,2,protected,measured,1,9,690.0,,1,1251.822967,state_verified
accepted,2,protected,measured,1,10,660.0,,1,1251.822967,state_verified
accepted,2,protected,measured,1,11,652.0,,1,1251.822967,state_verified
accepted,2,protected,measured,1,12,656.0,,1,1251.822967,state_verified
accepted,2,protected,measured,1,13,681.0,,1,1251.822967,state_verified
accepted,2,protected,measured,1,14,696.0,,1,1251.822967,state_verified
accepted,2,protected,measured,1,15,1100.0,,1,1251.822967,state_verified
accepted,2,protected,measured,1,16,944.0,,1,1251.822967,state_verified
accepted,2,protected,measured,1,17,946.0,,1,1251.822967,state_verified
accepted,2,protected,measured,1,18,986.0,,1,1251.822967,state_verified
accepted,2,protected,measured,1,19,655.0,,1,1251.822967,state_verified
accepted,2,protected,measured,1,20,705.0,,1,1251.822967,state_verified
accepted,2,protected,measured,1,21,675.0,,1,1251.822967,state_verified
accepted,2,protected,measured,1,22,633.0,,1,1251.822967,state_verified
accepted,2,protected,measured,1,23,640.0,,1,1251.822967,state_verified
accepted,2,protected,measured,1,24,648.0,,1,1251.822967,state_verified
accepted,2,protected,measured,1,25,619.0,,1,1251.822967,state_verified
accepted,2,protected,measured,1,26,638.0,,1,1251.822967,state_verified
accepted,2,protected,measured,1,27,607.0,,1,1251.822967,state_verified
accepted,2,protected,measured,1,28,668.0,,1,1251.822967,state_verified
accepted,2,protected,measured,1,29,650.0,,1,1251.822967,state_verified
accepted,2,protected,measured,1,30,697.0,,1,1251.822967,state_verified
accepted,2,protected,measured,1,31,673.0,,1,1251.822967,state_verified
accepted,2,protected,measured,1,32,658.0,,1,1251.822967,state_verified
accepted,2,protected,measured,1,33,671.0,,1,1251.822967,state_verified
accepted,2,protected,measured,1,34,669.0,,1,1251.822967,state_verified
accepted,2,protected,measured,1,35,660.0,,1,1251.822967,state_verified
accepted,2,protected,measured,1,36,717.0,,1,1251.822967,state_verified
accepted,2,protected,measured,1,37,796.0,,1,1251.822967,state_verified
accepted,2,protected,measured,1,38,850.0,,1,1251.822967,state_verified
accepted,2,protected,measured,1,39,698.0,,1,1251.822967,state_verified
accepted,2,protected,measured,1,40,656.0,,1,1251.822967,state_verified
accepted,2,protected,measured,1,41,605.0,,1,1251.822967,state_verified
accepted,2,protected,measured,1,42,632.0,,1,1251.822967,state_verified
accepted,2,protected,measured,1,43,670.0,,1,1251.822967,state_verified
accepted,2,protected,measured,1,44,592.0,,1,1251.822967,state_verified
accepted,2,protected,measured,1,45,650.0,,1,1251.822967,state_verified
accepted,2,protected,measured,1,46,643.0,,1,1251.822967,state_verified
accepted,2,protected,measured,1,47,658.0,,1,1251.822967,state_verified
accepted,2,protected,measured,1,48,631.0,,1,1251.822967,state_verified
accepted,2,protected,measured,1,49,641.0,,1,1251.822967,state_verified
accepted,2,protected,measured,1,50,630.0,,1,1251.822967,state_verified
accepted,2,protected,measured,1,51,641.0,,1,1251.822967,state_verified
accepted,2,protected,measured,1,52,596.0,,1,1251.822967,state_verified
accepted,2,protected,measured,1,53,591.0,,1,1251.822967,state_verified
accepted,2,protected,measured,1,54,647.0,,1,1251.822967,state_verified
accepted,2,protected,measured,1,55,658.0,,1,1251.822967,state_verified
accepted,2,protected,measured,1,56,615.0,,1,1251.822967,state_verified
accepted,2,protected,measured,1,57,640.0,,1,1251.822967,state_verified
accepted,2,protected,measured,1,58,633.0,,1,1251.822967,state_verified
accepted,2,protected,measured,1,59,602.0,,1,1251.822967,state_verified
accepted,2,protected,measured,1,60,578.0,,1,1251.822967,state_verified
accepted,2,protected,measured,1,61,646.0,,1,1251.822967,state_verified
accepted,2,protected,measured,1,62,781.0,,1,1251.822967,state_verified
accepted,2,protected,measured,1,63,831.0,,1,1251.822967,state_verified
accepted,2,protected,measured,1,64,1318.0,,1,1251.822967,state_verified
accepted,2,protected,measured,1,65,831.0,,1,1251.822967,state_verified
accepted,2,protected,measured,1,66,828.0,,1,1251.822967,state_verified
accepted,2,protected,measured,1,67,633.0,,1,1251.822967,state_verified
accepted,2,protected,measured,1,68,788.0,,1,1251.822967,state_verified
accepted,2,protected,measured,1,69,865.0,,1,1251.822967,state_verified
accepted,2,protected,measured,1,70,847.0,,1,1251.822967,state_verified
accepted,2,protected,measured,1,71,846.0,,1,1251.822967,state_verified
accepted,2,protected,measured,1,72,811.0,,1,1251.822967,state_verified
accepted,2,protected,measured,1,73,779.0,,1,1251.822967,state_verified
accepted,2,protected,measured,1,74,661.0,,1,1251.822967,state_verified
accepted,2,protected,measured,1,75,755.0,,1,1251.822967,state_verified
accepted,2,protected,measured,1,76,555.0,,1,1251.822967,state_verified
accepted,2,protected,measured,1,77,586.0,,1,1251.822967,state_verified
accepted,2,protected,measured,1,78,592.0,,1,1251.822967,state_verified
accepted,2,protected,measured,1,79,938.0,,1,1251.822967,state_verified
accepted,2,protected,measured,1,80,805.0,,1,1251.822967,state_verified
accepted,2,protected,measured,1,81,4362.0,,1,1251.822967,state_verified
accepted,2,protected,measured,1,82,6108.0,,1,1251.822967,state_verified
accepted,2,protected,measured,1,83,753.0,,1,1251.822967,state_verified
accepted,2,protected,measured,1,84,643.0,,1,1251.822967,state_verified
accepted,2,protected,measured,1,85,682.0,,1,1251.822967,state_verified
accepted,2,protected,measured,1,86,626.0,,1,1251.822967,state_verified
accepted,2,protected,measured,1,87,625.0,,1,1251.822967,state_verified
accepted,2,protected,measured,1,88,635.0,,1,1251.822967,state_verified
accepted,2,protected,measured,1,89,689.0,,1,1251.822967,state_verified
accepted,2,protected,measured,1,90,774.0,,1,1251.822967,state_verified
accepted,2,protected,measured,1,91,767.0,,1,1251.822967,state_verified
accepted,2,protected,measured,1,92,681.0,,1,1251.822967,state_verified
accepted,2,protected,measured,1,93,647.0,,1,1251.822967,state_verified
accepted,2,protected,measured,1,94,862.0,,1,1251.822967,state_verified
accepted,2,protected,measured,1,95,945.0,,1,1251.822967,state_verified
accepted,2,protected,measured,1,96,915.0,,1,1251.822967,state_verified
accepted,2,protected,measured,1,97,940.0,,1,1251.822967,state_verified
accepted,2,protected,measured,1,98,889.0,,1,1251.822967,state_verified
accepted,2,protected,measured,1,99,647.0,,1,1251.822967,state_verified
accepted,2,protected,measured,1,100,608.0,,1,1251.822967,state_verified
accepted,2,protected,measured,1,101,612.0,,1,1251.822967,state_verified
accepted,2,protected,measured,1,102,636.0,,1,1251.822967,state_verified
accepted,2,protected,measured,1,103,655.0,,1,1251.822967,state_verified
accepted,2,protected,measured,1,104,640.0,,1,1251.822967,state_verified
accepted,2,protected,measured,1,105,636.0,,1,1251.822967,state_verified
accepted,2,protected,measured,1,106,652.0,,1,1251.822967,state_verified
accepted,2,protected,measured,1,107,654.0,,1,1251.822967,state_verified
accepted,2,protected,measured,1,108,657.0,,1,1251.822967,state_verified
accepted,2,protected,measured,1,109,685.0,,1,1251.822967,state_verified
accepted,2,protected,measured,1,110,666.0,,1,1251.822967,state_verified
accepted,2,protected,measured,1,111,630.0,,1,1251.822967,state_verified
accepted,2,protected,measured,1,112,725.0,,1,1251.822967,state_verified
accepted,2,protected,measured,1,113,652.0,,1,1251.822967,state_verified
accepted,2,protected,measured,1,114,669.0,,1,1251.822967,state_verified
accepted,2,protected,measured,1,115,603.0,,1,1251.822967,state_verified
accepted,2,protected,measured,1,116,732.0,,1,1251.822967,state_verified
accepted,2,protected,measured,1,117,1010.0,,1,1251.822967,state_verified
accepted,2,protected,measured,1,118,1181.0,,1,1251.822967,state_verified
accepted,2,protected,measured,1,119,899.0,,1,1251.822967,state_verified
accepted,2,protected,measured,1,120,733.0,,1,1251.822967,state_verified
accepted,2,protected,measured,1,121,661.0,,1,1251.822967,state_verified
accepted,2,protected,measured,1,122,626.0,,1,1251.822967,state_verified
accepted,2,protected,measured,1,123,674.0,,1,1251.822967,state_verified
accepted,2,protected,measured,1,124,662.0,,1,1251.822967,state_verified
accepted,2,protected,measured,1,125,634.0,,1,1251.822967,state_verified
accepted,2,protected,measured,1,126,709.0,,1,1251.822967,state_verified
accepted,2,protected,measured,1,127,624.0,,1,1251.822967,state_verified
accepted,2,protected,measured,1,128,673.0,,1,1251.822967,state_verified
accepted,2,protected,measured,1,129,645.0,,1,1251.822967,state_verified
accepted,2,protected,measured,1,130,595.0,,1,1251.822967,state_verified
accepted,2,protected,measured,1,131,622.0,,1,1251.822967,state_verified
accepted,2,protected,measured,1,132,651.0,,1,1251.822967,state_verified
accepted,2,protected,measured,1,133,604.0,,1,1251.822967,state_verified
accepted,2,protected,measured,1,134,638.0,,1,1251.822967,state_verified
accepted,2,protected,measured,1,135,617.0,,1,1251.822967,state_verified
accepted,2,protected,measured,1,136,961.0,,1,1251.822967,state_verified
accepted,2,protected,measured,1,137,1042.0,,1,1251.822967,state_verified
accepted,2,protected,measured,1,138,1235.0,,1,1251.822967,state_verified
accepted,2,protected,measured,1,139,1293.0,,1,1251.822967,state_verified
accepted,2,protected,measured,1,140,847.0,,1,1251.822967,state_verified
accepted,2,protected,measured,1,141,813.0,,1,1251.822967,state_verified
accepted,2,protected,measured,1,142,753.0,,1,1251.822967,state_verified
accepted,2,protected,measured,1,143,680.0,,1,1251.822967,state_verified
accepted,2,protected,measured,1,144,830.0,,1,1251.822967,state_verified
accepted,2,protected,measured,1,145,838.0,,1,1251.822967,state_verified
accepted,2,protected,measured,1,146,711.0,,1,1251.822967,state_verified
accepted,2,protected,measured,1,147,680.0,,1,1251.822967,state_verified
accepted,2,protected,measured,1,148,663.0,,1,1251.822967,state_verified
accepted,2,protected,measured,1,149,673.0,,1,1251.822967,state_verified
accepted,2,protected,measured,1,150,620.0,,1,1251.822967,state_verified
accepted,2,protected,measured,1,151,636.0,,1,1251.822967,state_verified
accepted,2,protected,measured,1,152,666.0,,1,1251.822967,state_verified
accepted,2,protected,measured,1,153,649.0,,1,1251.822967,state_verified
accepted,2,protected,measured,1,154,655.0,,1,1251.822967,state_verified
accepted,2,protected,measured,1,155,697.0,,1,1251.822967,state_verified
accepted,2,protected,measured,1,156,719.0,,1,1251.822967,state_verified
accepted,2,protected,measured,1,157,721.0,,1,1251.822967,state_verified
accepted,2,protected,measured,1,158,736.0,,1,1251.822967,state_verified
accepted,2,protected,measured,1,159,724.0,,1,1251.822967,state_verified
accepted,2,protected,measured,1,160,660.0,,1,1251.822967,state_verified
accepted,2,protected,measured,1,161,783.0,,1,1251.822967,state_verified
accepted,2,protected,measured,1,162,668.0,,1,1251.822967,state_verified
accepted,2,protected,measured,1,163,666.0,,1,1251.822967,state_verified
accepted,2,protected,measured,1,164,663.0,,1,1251.822967,state_verified
accepted,2,protected,measured,1,165,663.0,,1,1251.822967,state_verified
accepted,2,protected,measured,1,166,654.0,,1,1251.822967,state_verified
accepted,2,protected,measured,1,167,614.0,,1,1251.822967,state_verified
accepted,2,protected,measured,1,168,781.0,,1,1251.822967,state_verified
accepted,2,protected,measured,1,169,631.0,,1,1251.822967,state_verified
accepted,2,protected,measured,1,170,619.0,,1,1251.822967,state_verified
accepted,2,protected,measured,1,171,650.0,,1,1251.822967,state_verified
accepted,2,protected,measured,1,172,635.0,,1,1251.822967,state_verified
accepted,2,protected,measured,1,173,624.0,,1,1251.822967,state_verified
accepted,2,protected,measured,1,174,673.0,,1,1251.822967,state_verified
accepted,2,protected,measured,1,175,654.0,,1,1251.822967,state_verified
accepted,2,protected,measured,1,176,631.0,,1,1251.822967,state_verified
accepted,2,protected,measured,1,177,651.0,,1,1251.822967,state_verified
accepted,2,protected,measured,1,178,644.0,,1,1251.822967,state_verified
accepted,2,protected,measured,1,179,625.0,,1,1251.822967,state_verified
accepted,2,protected,measured,1,180,619.0,,1,1251.822967,state_verified
accepted,2,protected,measured,1,181,677.0,,1,1251.822967,state_verified
accepted,2,protected,measured,1,182,782.0,,1,1251.822967,state_verified
accepted,2,protected,measured,1,183,854.0,,1,1251.822967,state_verified
accepted,2,protected,measured,1,184,956.0,,1,1251.822967,state_verified
accepted,2,protected,measured,1,185,971.0,,1,1251.822967,state_verified
accepted,2,protected,measured,1,186,943.0,,1,1251.822967,state_verified
accepted,2,protected,measured,1,187,798.0,,1,1251.822967,state_verified
accepted,2,protected,measured,1,188,779.0,,1,1251.822967,state_verified
accepted,2,protected,measured,1,189,766.0,,1,1251.822967,state_verified
accepted,2,protected,measured,1,190,816.0,,1,1251.822967,state_verified
accepted,2,protected,measured,1,191,805.0,,1,1251.822967,state_verified
accepted,2,protected,measured,1,192,770.0,,1,1251.822967,state_verified
accepted,2,protected,measured,1,193,755.0,,1,1251.822967,state_verified
accepted,2,protected,measured,1,194,816.0,,1,1251.822967,state_verified
accepted,2,protected,measured,1,195,744.0,,1,1251.822967,state_verified
accepted,2,protected,measured,1,196,773.0,,1,1251.822967,state_verified
accepted,2,protected,measured,1,197,752.0,,1,1251.822967,state_verified
accepted,2,protected,measured,1,198,718.0,,1,1251.822967,state_verified
accepted,2,protected,measured,1,199,739.0,,1,1251.822967,state_verified
accepted,2,protected,measured,1,200,1105.0,,1,1251.822967,state_verified
accepted,2,baseline,measured,1,1,3594.0,,1,974.568632,state_verified
accepted,2,baseline,measured,1,2,1036.0,,1,974.568632,state_verified
accepted,2,baseline,measured,1,3,986.0,,1,974.568632,state_verified
accepted,2,baseline,measured,1,4,940.0,,1,974.568632,state_verified
accepted,2,baseline,measured,1,5,983.0,,1,974.568632,state_verified
accepted,2,baseline,measured,1,6,1064.0,,1,974.568632,state_verified
accepted,2,baseline,measured,1,7,822.0,,1,974.568632,state_verified
accepted,2,baseline,measured,1,8,856.0,,1,974.568632,state_verified
accepted,2,baseline,measured,1,9,912.0,,1,974.568632,state_verified
accepted,2,baseline,measured,1,10,887.0,,1,974.568632,state_verified
accepted,2,baseline,measured,1,11,957.0,,1,974.568632,state_verified
accepted,2,baseline,measured,1,12,877.0,,1,974.568632,state_verified
accepted,2,baseline,measured,1,13,806.0,,1,974.568632,state_verified
accepted,2,baseline,measured,1,14,805.0,,1,974.568632,state_verified
accepted,2,baseline,measured,1,15,693.0,,1,974.568632,state_verified
accepted,2,baseline,measured,1,16,797.0,,1,974.568632,state_verified
accepted,2,baseline,measured,1,17,751.0,,1,974.568632,state_verified
accepted,2,baseline,measured,1,18,831.0,,1,974.568632,state_verified
accepted,2,baseline,measured,1,19,809.0,,1,974.568632,state_verified
accepted,2,baseline,measured,1,20,789.0,,1,974.568632,state_verified
accepted,2,baseline,measured,1,21,803.0,,1,974.568632,state_verified
accepted,2,baseline,measured,1,22,992.0,,1,974.568632,state_verified
accepted,2,baseline,measured,1,23,776.0,,1,974.568632,state_verified
accepted,2,baseline,measured,1,24,796.0,,1,974.568632,state_verified
accepted,2,baseline,measured,1,25,744.0,,1,974.568632,state_verified
accepted,2,baseline,measured,1,26,1002.0,,1,974.568632,state_verified
accepted,2,baseline,measured,1,27,793.0,,1,974.568632,state_verified
accepted,2,baseline,measured,1,28,793.0,,1,974.568632,state_verified
accepted,2,baseline,measured,1,29,826.0,,1,974.568632,state_verified
accepted,2,baseline,measured,1,30,802.0,,1,974.568632,state_verified
accepted,2,baseline,measured,1,31,922.0,,1,974.568632,state_verified
accepted,2,baseline,measured,1,32,1047.0,,1,974.568632,state_verified
accepted,2,baseline,measured,1,33,1049.0,,1,974.568632,state_verified
accepted,2,baseline,measured,1,34,47460.0,,1,974.568632,state_verified
accepted,2,baseline,measured,1,35,1225.0,,1,974.568632,state_verified
accepted,2,baseline,measured,1,36,1217.0,,1,974.568632,state_verified
accepted,2,baseline,measured,1,37,1138.0,,1,974.568632,state_verified
accepted,2,baseline,measured,1,38,878.0,,1,974.568632,state_verified
accepted,2,baseline,measured,1,39,958.0,,1,974.568632,state_verified
accepted,2,baseline,measured,1,40,814.0,,1,974.568632,state_verified
accepted,2,baseline,measured,1,41,868.0,,1,974.568632,state_verified
accepted,2,baseline,measured,1,42,962.0,,1,974.568632,state_verified
accepted,2,baseline,measured,1,43,808.0,,1,974.568632,state_verified
accepted,2,baseline,measured,1,44,1084.0,,1,974.568632,state_verified
accepted,2,baseline,measured,1,45,764.0,,1,974.568632,state_verified
accepted,2,baseline,measured,1,46,818.0,,1,974.568632,state_verified
accepted,2,baseline,measured,1,47,786.0,,1,974.568632,state_verified
accepted,2,baseline,measured,1,48,810.0,,1,974.568632,state_verified
accepted,2,baseline,measured,1,49,751.0,,1,974.568632,state_verified
accepted,2,baseline,measured,1,50,744.0,,1,974.568632,state_verified
accepted,2,baseline,measured,1,51,727.0,,1,974.568632,state_verified
accepted,2,baseline,measured,1,52,812.0,,1,974.568632,state_verified
accepted,2,baseline,measured,1,53,851.0,,1,974.568632,state_verified
accepted,2,baseline,measured,1,54,911.0,,1,974.568632,state_verified
accepted,2,baseline,measured,1,55,1019.0,,1,974.568632,state_verified
accepted,2,baseline,measured,1,56,795.0,,1,974.568632,state_verified
accepted,2,baseline,measured,1,57,839.0,,1,974.568632,state_verified
accepted,2,baseline,measured,1,58,943.0,,1,974.568632,state_verified
accepted,2,baseline,measured,1,59,747.0,,1,974.568632,state_verified
accepted,2,baseline,measured,1,60,742.0,,1,974.568632,state_verified
accepted,2,baseline,measured,1,61,742.0,,1,974.568632,state_verified
accepted,2,baseline,measured,1,62,797.0,,1,974.568632,state_verified
accepted,2,baseline,measured,1,63,704.0,,1,974.568632,state_verified
accepted,2,baseline,measured,1,64,840.0,,1,974.568632,state_verified
accepted,2,baseline,measured,1,65,755.0,,1,974.568632,state_verified
accepted,2,baseline,measured,1,66,698.0,,1,974.568632,state_verified
accepted,2,baseline,measured,1,67,719.0,,1,974.568632,state_verified
accepted,2,baseline,measured,1,68,736.0,,1,974.568632,state_verified
accepted,2,baseline,measured,1,69,703.0,,1,974.568632,state_verified
accepted,2,baseline,measured,1,70,701.0,,1,974.568632,state_verified
accepted,2,baseline,measured,1,71,685.0,,1,974.568632,state_verified
accepted,2,baseline,measured,1,72,789.0,,1,974.568632,state_verified
accepted,2,baseline,measured,1,73,917.0,,1,974.568632,state_verified
accepted,2,baseline,measured,1,74,683.0,,1,974.568632,state_verified
accepted,2,baseline,measured,1,75,735.0,,1,974.568632,state_verified
accepted,2,baseline,measured,1,76,738.0,,1,974.568632,state_verified
accepted,2,baseline,measured,1,77,634.0,,1,974.568632,state_verified
accepted,2,baseline,measured,1,78,745.0,,1,974.568632,state_verified
accepted,2,baseline,measured,1,79,718.0,,1,974.568632,state_verified
accepted,2,baseline,measured,1,80,738.0,,1,974.568632,state_verified
accepted,2,baseline,measured,1,81,630.0,,1,974.568632,state_verified
accepted,2,baseline,measured,1,82,789.0,,1,974.568632,state_verified
accepted,2,baseline,measured,1,83,804.0,,1,974.568632,state_verified
accepted,2,baseline,measured,1,84,746.0,,1,974.568632,state_verified
accepted,2,baseline,measured,1,85,706.0,,1,974.568632,state_verified
accepted,2,baseline,measured,1,86,730.0,,1,974.568632,state_verified
accepted,2,baseline,measured,1,87,642.0,,1,974.568632,state_verified
accepted,2,baseline,measured,1,88,620.0,,1,974.568632,state_verified
accepted,2,baseline,measured,1,89,729.0,,1,974.568632,state_verified
accepted,2,baseline,measured,1,90,645.0,,1,974.568632,state_verified
accepted,2,baseline,measured,1,91,651.0,,1,974.568632,state_verified
accepted,2,baseline,measured,1,92,778.0,,1,974.568632,state_verified
accepted,2,baseline,measured,1,93,671.0,,1,974.568632,state_verified
accepted,2,baseline,measured,1,94,695.0,,1,974.568632,state_verified
accepted,2,baseline,measured,1,95,602.0,,1,974.568632,state_verified
accepted,2,baseline,measured,1,96,605.0,,1,974.568632,state_verified
accepted,2,baseline,measured,1,97,624.0,,1,974.568632,state_verified
accepted,2,baseline,measured,1,98,937.0,,1,974.568632,state_verified
accepted,2,baseline,measured,1,99,952.0,,1,974.568632,state_verified
accepted,2,baseline,measured,1,100,913.0,,1,974.568632,state_verified
accepted,2,baseline,measured,1,101,890.0,,1,974.568632,state_verified
accepted,2,baseline,measured,1,102,664.0,,1,974.568632,state_verified
accepted,2,baseline,measured,1,103,649.0,,1,974.568632,state_verified
accepted,2,baseline,measured,1,104,924.0,,1,974.568632,state_verified
accepted,2,baseline,measured,1,105,671.0,,1,974.568632,state_verified
accepted,2,baseline,measured,1,106,662.0,,1,974.568632,state_verified
accepted,2,baseline,measured,1,107,648.0,,1,974.568632,state_verified
accepted,2,baseline,measured,1,108,671.0,,1,974.568632,state_verified
accepted,2,baseline,measured,1,109,737.0,,1,974.568632,state_verified
accepted,2,baseline,measured,1,110,787.0,,1,974.568632,state_verified
accepted,2,baseline,measured,1,111,759.0,,1,974.568632,state_verified
accepted,2,baseline,measured,1,112,684.0,,1,974.568632,state_verified
accepted,2,baseline,measured,1,113,635.0,,1,974.568632,state_verified
accepted,2,baseline,measured,1,114,695.0,,1,974.568632,state_verified
accepted,2,baseline,measured,1,115,766.0,,1,974.568632,state_verified
accepted,2,baseline,measured,1,116,631.0,,1,974.568632,state_verified
accepted,2,baseline,measured,1,117,654.0,,1,974.568632,state_verified
accepted,2,baseline,measured,1,118,644.0,,1,974.568632,state_verified
accepted,2,baseline,measured,1,119,656.0,,1,974.568632,state_verified
accepted,2,baseline,measured,1,120,747.0,,1,974.568632,state_verified
accepted,2,baseline,measured,1,121,727.0,,1,974.568632,state_verified
accepted,2,baseline,measured,1,122,988.0,,1,974.568632,state_verified
accepted,2,baseline,measured,1,123,719.0,,1,974.568632,state_verified
accepted,2,baseline,measured,1,124,701.0,,1,974.568632,state_verified
accepted,2,baseline,measured,1,125,686.0,,1,974.568632,state_verified
accepted,2,baseline,measured,1,126,706.0,,1,974.568632,state_verified
accepted,2,baseline,measured,1,127,721.0,,1,974.568632,state_verified
accepted,2,baseline,measured,1,128,745.0,,1,974.568632,state_verified
accepted,2,baseline,measured,1,129,644.0,,1,974.568632,state_verified
accepted,2,baseline,measured,1,130,697.0,,1,974.568632,state_verified
accepted,2,baseline,measured,1,131,1221.0,,1,974.568632,state_verified
accepted,2,baseline,measured,1,132,848.0,,1,974.568632,state_verified
accepted,2,baseline,measured,1,133,791.0,,1,974.568632,state_verified
accepted,2,baseline,measured,1,134,745.0,,1,974.568632,state_verified
accepted,2,baseline,measured,1,135,784.0,,1,974.568632,state_verified
accepted,2,baseline,measured,1,136,693.0,,1,974.568632,state_verified
accepted,2,baseline,measured,1,137,623.0,,1,974.568632,state_verified
accepted,2,baseline,measured,1,138,658.0,,1,974.568632,state_verified
accepted,2,baseline,measured,1,139,642.0,,1,974.568632,state_verified
accepted,2,baseline,measured,1,140,626.0,,1,974.568632,state_verified
accepted,2,baseline,measured,1,141,641.0,,1,974.568632,state_verified
accepted,2,baseline,measured,1,142,625.0,,1,974.568632,state_verified
accepted,2,baseline,measured,1,143,621.0,,1,974.568632,state_verified
accepted,2,baseline,measured,1,144,616.0,,1,974.568632,state_verified
accepted,2,baseline,measured,1,145,669.0,,1,974.568632,state_verified
accepted,2,baseline,measured,1,146,761.0,,1,974.568632,state_verified
accepted,2,baseline,measured,1,147,678.0,,1,974.568632,state_verified
accepted,2,baseline,measured,1,148,957.0,,1,974.568632,state_verified
accepted,2,baseline,measured,1,149,1026.0,,1,974.568632,state_verified
accepted,2,baseline,measured,1,150,747.0,,1,974.568632,state_verified
accepted,2,baseline,measured,1,151,756.0,,1,974.568632,state_verified
accepted,2,baseline,measured,1,152,781.0,,1,974.568632,state_verified
accepted,2,baseline,measured,1,153,726.0,,1,974.568632,state_verified
accepted,2,baseline,measured,1,154,743.0,,1,974.568632,state_verified
accepted,2,baseline,measured,1,155,815.0,,1,974.568632,state_verified
accepted,2,baseline,measured,1,156,785.0,,1,974.568632,state_verified
accepted,2,baseline,measured,1,157,788.0,,1,974.568632,state_verified
accepted,2,baseline,measured,1,158,731.0,,1,974.568632,state_verified
accepted,2,baseline,measured,1,159,717.0,,1,974.568632,state_verified
accepted,2,baseline,measured,1,160,682.0,,1,974.568632,state_verified
accepted,2,baseline,measured,1,161,673.0,,1,974.568632,state_verified
accepted,2,baseline,measured,1,162,953.0,,1,974.568632,state_verified
accepted,2,baseline,measured,1,163,1032.0,,1,974.568632,state_verified
accepted,2,baseline,measured,1,164,897.0,,1,974.568632,state_verified
accepted,2,baseline,measured,1,165,934.0,,1,974.568632,state_verified
accepted,2,baseline,measured,1,166,805.0,,1,974.568632,state_verified
accepted,2,baseline,measured,1,167,1015.0,,1,974.568632,state_verified
accepted,2,baseline,measured,1,168,706.0,,1,974.568632,state_verified
accepted,2,baseline,measured,1,169,859.0,,1,974.568632,state_verified
accepted,2,baseline,measured,1,170,772.0,,1,974.568632,state_verified
accepted,2,baseline,measured,1,171,703.0,,1,974.568632,state_verified
accepted,2,baseline,measured,1,172,670.0,,1,974.568632,state_verified
accepted,2,baseline,measured,1,173,637.0,,1,974.568632,state_verified
accepted,2,baseline,measured,1,174,609.0,,1,974.568632,state_verified
accepted,2,baseline,measured,1,175,594.0,,1,974.568632,state_verified
accepted,2,baseline,measured,1,176,604.0,,1,974.568632,state_verified
accepted,2,baseline,measured,1,177,605.0,,1,974.568632,state_verified
accepted,2,baseline,measured,1,178,631.0,,1,974.568632,state_verified
accepted,2,baseline,measured,1,179,648.0,,1,974.568632,state_verified
accepted,2,baseline,measured,1,180,683.0,,1,974.568632,state_verified
accepted,2,baseline,measured,1,181,629.0,,1,974.568632,state_verified
accepted,2,baseline,measured,1,182,646.0,,1,974.568632,state_verified
accepted,2,baseline,measured,1,183,632.0,,1,974.568632,state_verified
accepted,2,baseline,measured,1,184,652.0,,1,974.568632,state_verified
accepted,2,baseline,measured,1,185,651.0,,1,974.568632,state_verified
accepted,2,baseline,measured,1,186,588.0,,1,974.568632,state_verified
accepted,2,baseline,measured,1,187,667.0,,1,974.568632,state_verified
accepted,2,baseline,measured,1,188,637.0,,1,974.568632,state_verified
accepted,2,baseline,measured,1,189,777.0,,1,974.568632,state_verified
accepted,2,baseline,measured,1,190,630.0,,1,974.568632,state_verified
accepted,2,baseline,measured,1,191,658.0,,1,974.568632,state_verified
accepted,2,baseline,measured,1,192,638.0,,1,974.568632,state_verified
accepted,2,baseline,measured,1,193,684.0,,1,974.568632,state_verified
accepted,2,baseline,measured,1,194,625.0,,1,974.568632,state_verified
accepted,2,baseline,measured,1,195,601.0,,1,974.568632,state_verified
accepted,2,baseline,measured,1,196,602.0,,1,974.568632,state_verified
accepted,2,baseline,measured,1,197,651.0,,1,974.568632,state_verified
accepted,2,baseline,measured,1,198,650.0,,1,974.568632,state_verified
accepted,2,baseline,measured,1,199,625.0,,1,974.568632,state_verified
accepted,2,baseline,measured,1,200,638.0,,1,974.568632,state_verified
accepted,2,protected,measured,5,1,2645.0,,5,1090.441193,state_verified
accepted,2,protected,measured,5,2,1060.0,,5,1090.441193,state_verified
accepted,2,protected,measured,5,3,825.0,,5,1090.441193,state_verified
accepted,2,protected,measured,5,4,910.0,,5,1090.441193,state_verified
accepted,2,protected,measured,5,5,1330.0,,5,1090.441193,state_verified
accepted,2,protected,measured,5,6,978.0,,5,1090.441193,state_verified
accepted,2,protected,measured,5,7,960.0,,5,1090.441193,state_verified
accepted,2,protected,measured,5,8,900.0,,5,1090.441193,state_verified
accepted,2,protected,measured,5,9,862.0,,5,1090.441193,state_verified
accepted,2,protected,measured,5,10,843.0,,5,1090.441193,state_verified
accepted,2,protected,measured,5,11,892.0,,5,1090.441193,state_verified
accepted,2,protected,measured,5,12,897.0,,5,1090.441193,state_verified
accepted,2,protected,measured,5,13,987.0,,5,1090.441193,state_verified
accepted,2,protected,measured,5,14,981.0,,5,1090.441193,state_verified
accepted,2,protected,measured,5,15,971.0,,5,1090.441193,state_verified
accepted,2,protected,measured,5,16,1087.0,,5,1090.441193,state_verified
accepted,2,protected,measured,5,17,979.0,,5,1090.441193,state_verified
accepted,2,protected,measured,5,18,1115.0,,5,1090.441193,state_verified
accepted,2,protected,measured,5,19,926.0,,5,1090.441193,state_verified
accepted,2,protected,measured,5,20,860.0,,5,1090.441193,state_verified
accepted,2,protected,measured,5,21,1019.0,,5,1090.441193,state_verified
accepted,2,protected,measured,5,22,953.0,,5,1090.441193,state_verified
accepted,2,protected,measured,5,23,1554.0,,5,1090.441193,state_verified
accepted,2,protected,measured,5,24,981.0,,5,1090.441193,state_verified
accepted,2,protected,measured,5,25,1122.0,,5,1090.441193,state_verified
accepted,2,protected,measured,5,26,1058.0,,5,1090.441193,state_verified
accepted,2,protected,measured,5,27,1007.0,,5,1090.441193,state_verified
accepted,2,protected,measured,5,28,1052.0,,5,1090.441193,state_verified
accepted,2,protected,measured,5,29,1268.0,,5,1090.441193,state_verified
accepted,2,protected,measured,5,30,946.0,,5,1090.441193,state_verified
accepted,2,protected,measured,5,31,921.0,,5,1090.441193,state_verified
accepted,2,protected,measured,5,32,882.0,,5,1090.441193,state_verified
accepted,2,protected,measured,5,33,988.0,,5,1090.441193,state_verified
accepted,2,protected,measured,5,34,876.0,,5,1090.441193,state_verified
accepted,2,protected,measured,5,35,1010.0,,5,1090.441193,state_verified
accepted,2,protected,measured,5,36,2341.0,,5,1090.441193,state_verified
accepted,2,protected,measured,5,37,1551.0,,5,1090.441193,state_verified
accepted,2,protected,measured,5,38,1121.0,,5,1090.441193,state_verified
accepted,2,protected,measured,5,39,1103.0,,5,1090.441193,state_verified
accepted,2,protected,measured,5,40,1108.0,,5,1090.441193,state_verified
accepted,2,protected,measured,5,41,1296.0,,5,1090.441193,state_verified
accepted,2,protected,measured,5,42,1161.0,,5,1090.441193,state_verified
accepted,2,protected,measured,5,43,1202.0,,5,1090.441193,state_verified
accepted,2,protected,measured,5,44,1094.0,,5,1090.441193,state_verified
accepted,2,protected,measured,5,45,1081.0,,5,1090.441193,state_verified
accepted,2,protected,measured,5,46,1059.0,,5,1090.441193,state_verified
accepted,2,protected,measured,5,47,1204.0,,5,1090.441193,state_verified
accepted,2,protected,measured,5,48,1231.0,,5,1090.441193,state_verified
accepted,2,protected,measured,5,49,1435.0,,5,1090.441193,state_verified
accepted,2,protected,measured,5,50,1579.0,,5,1090.441193,state_verified
accepted,2,protected,measured,5,51,1146.0,,5,1090.441193,state_verified
accepted,2,protected,measured,5,52,1024.0,,5,1090.441193,state_verified
accepted,2,protected,measured,5,53,972.0,,5,1090.441193,state_verified
accepted,2,protected,measured,5,54,975.0,,5,1090.441193,state_verified
accepted,2,protected,measured,5,55,950.0,,5,1090.441193,state_verified
accepted,2,protected,measured,5,56,913.0,,5,1090.441193,state_verified
accepted,2,protected,measured,5,57,910.0,,5,1090.441193,state_verified
accepted,2,protected,measured,5,58,871.0,,5,1090.441193,state_verified
accepted,2,protected,measured,5,59,816.0,,5,1090.441193,state_verified
accepted,2,protected,measured,5,60,754.0,,5,1090.441193,state_verified
accepted,2,protected,measured,5,61,738.0,,5,1090.441193,state_verified
accepted,2,protected,measured,5,62,749.0,,5,1090.441193,state_verified
accepted,2,protected,measured,5,63,762.0,,5,1090.441193,state_verified
accepted,2,protected,measured,5,64,781.0,,5,1090.441193,state_verified
accepted,2,protected,measured,5,65,762.0,,5,1090.441193,state_verified
accepted,2,protected,measured,5,66,747.0,,5,1090.441193,state_verified
accepted,2,protected,measured,5,67,776.0,,5,1090.441193,state_verified
accepted,2,protected,measured,5,68,714.0,,5,1090.441193,state_verified
accepted,2,protected,measured,5,69,746.0,,5,1090.441193,state_verified
accepted,2,protected,measured,5,70,716.0,,5,1090.441193,state_verified
accepted,2,protected,measured,5,71,803.0,,5,1090.441193,state_verified
accepted,2,protected,measured,5,72,875.0,,5,1090.441193,state_verified
accepted,2,protected,measured,5,73,699.0,,5,1090.441193,state_verified
accepted,2,protected,measured,5,74,679.0,,5,1090.441193,state_verified
accepted,2,protected,measured,5,75,774.0,,5,1090.441193,state_verified
accepted,2,protected,measured,5,76,771.0,,5,1090.441193,state_verified
accepted,2,protected,measured,5,77,1061.0,,5,1090.441193,state_verified
accepted,2,protected,measured,5,78,1025.0,,5,1090.441193,state_verified
accepted,2,protected,measured,5,79,1062.0,,5,1090.441193,state_verified
accepted,2,protected,measured,5,80,1064.0,,5,1090.441193,state_verified
accepted,2,protected,measured,5,81,732.0,,5,1090.441193,state_verified
accepted,2,protected,measured,5,82,767.0,,5,1090.441193,state_verified
accepted,2,protected,measured,5,83,827.0,,5,1090.441193,state_verified
accepted,2,protected,measured,5,84,950.0,,5,1090.441193,state_verified
accepted,2,protected,measured,5,85,920.0,,5,1090.441193,state_verified
accepted,2,protected,measured,5,86,931.0,,5,1090.441193,state_verified
accepted,2,protected,measured,5,87,1003.0,,5,1090.441193,state_verified
accepted,2,protected,measured,5,88,974.0,,5,1090.441193,state_verified
accepted,2,protected,measured,5,89,914.0,,5,1090.441193,state_verified
accepted,2,protected,measured,5,90,907.0,,5,1090.441193,state_verified
accepted,2,protected,measured,5,91,870.0,,5,1090.441193,state_verified
accepted,2,protected,measured,5,92,752.0,,5,1090.441193,state_verified
accepted,2,protected,measured,5,93,817.0,,5,1090.441193,state_verified
accepted,2,protected,measured,5,94,927.0,,5,1090.441193,state_verified
accepted,2,protected,measured,5,95,667.0,,5,1090.441193,state_verified
accepted,2,protected,measured,5,96,719.0,,5,1090.441193,state_verified
accepted,2,protected,measured,5,97,726.0,,5,1090.441193,state_verified
accepted,2,protected,measured,5,98,683.0,,5,1090.441193,state_verified
accepted,2,protected,measured,5,99,731.0,,5,1090.441193,state_verified
accepted,2,protected,measured,5,100,747.0,,5,1090.441193,state_verified
accepted,2,protected,measured,5,101,746.0,,5,1090.441193,state_verified
accepted,2,protected,measured,5,102,895.0,,5,1090.441193,state_verified
accepted,2,protected,measured,5,103,810.0,,5,1090.441193,state_verified
accepted,2,protected,measured,5,104,777.0,,5,1090.441193,state_verified
accepted,2,protected,measured,5,105,806.0,,5,1090.441193,state_verified
accepted,2,protected,measured,5,106,752.0,,5,1090.441193,state_verified
accepted,2,protected,measured,5,107,779.0,,5,1090.441193,state_verified
accepted,2,protected,measured,5,108,736.0,,5,1090.441193,state_verified
accepted,2,protected,measured,5,109,861.0,,5,1090.441193,state_verified
accepted,2,protected,measured,5,110,794.0,,5,1090.441193,state_verified
accepted,2,protected,measured,5,111,745.0,,5,1090.441193,state_verified
accepted,2,protected,measured,5,112,782.0,,5,1090.441193,state_verified
accepted,2,protected,measured,5,113,742.0,,5,1090.441193,state_verified
accepted,2,protected,measured,5,114,726.0,,5,1090.441193,state_verified
accepted,2,protected,measured,5,115,721.0,,5,1090.441193,state_verified
accepted,2,protected,measured,5,116,668.0,,5,1090.441193,state_verified
accepted,2,protected,measured,5,117,754.0,,5,1090.441193,state_verified
accepted,2,protected,measured,5,118,729.0,,5,1090.441193,state_verified
accepted,2,protected,measured,5,119,720.0,,5,1090.441193,state_verified
accepted,2,protected,measured,5,120,743.0,,5,1090.441193,state_verified
accepted,2,protected,measured,5,121,745.0,,5,1090.441193,state_verified
accepted,2,protected,measured,5,122,808.0,,5,1090.441193,state_verified
accepted,2,protected,measured,5,123,870.0,,5,1090.441193,state_verified
accepted,2,protected,measured,5,124,884.0,,5,1090.441193,state_verified
accepted,2,protected,measured,5,125,877.0,,5,1090.441193,state_verified
accepted,2,protected,measured,5,126,1128.0,,5,1090.441193,state_verified
accepted,2,protected,measured,5,127,889.0,,5,1090.441193,state_verified
accepted,2,protected,measured,5,128,807.0,,5,1090.441193,state_verified
accepted,2,protected,measured,5,129,733.0,,5,1090.441193,state_verified
accepted,2,protected,measured,5,130,737.0,,5,1090.441193,state_verified
accepted,2,protected,measured,5,131,725.0,,5,1090.441193,state_verified
accepted,2,protected,measured,5,132,807.0,,5,1090.441193,state_verified
accepted,2,protected,measured,5,133,778.0,,5,1090.441193,state_verified
accepted,2,protected,measured,5,134,743.0,,5,1090.441193,state_verified
accepted,2,protected,measured,5,135,744.0,,5,1090.441193,state_verified
accepted,2,protected,measured,5,136,824.0,,5,1090.441193,state_verified
accepted,2,protected,measured,5,137,699.0,,5,1090.441193,state_verified
accepted,2,protected,measured,5,138,683.0,,5,1090.441193,state_verified
accepted,2,protected,measured,5,139,741.0,,5,1090.441193,state_verified
accepted,2,protected,measured,5,140,795.0,,5,1090.441193,state_verified
accepted,2,protected,measured,5,141,1115.0,,5,1090.441193,state_verified
accepted,2,protected,measured,5,142,1182.0,,5,1090.441193,state_verified
accepted,2,protected,measured,5,143,1121.0,,5,1090.441193,state_verified
accepted,2,protected,measured,5,144,1098.0,,5,1090.441193,state_verified
accepted,2,protected,measured,5,145,751.0,,5,1090.441193,state_verified
accepted,2,protected,measured,5,146,728.0,,5,1090.441193,state_verified
accepted,2,protected,measured,5,147,887.0,,5,1090.441193,state_verified
accepted,2,protected,measured,5,148,906.0,,5,1090.441193,state_verified
accepted,2,protected,measured,5,149,1065.0,,5,1090.441193,state_verified
accepted,2,protected,measured,5,150,1061.0,,5,1090.441193,state_verified
accepted,2,protected,measured,5,151,915.0,,5,1090.441193,state_verified
accepted,2,protected,measured,5,152,942.0,,5,1090.441193,state_verified
accepted,2,protected,measured,5,153,1116.0,,5,1090.441193,state_verified
accepted,2,protected,measured,5,154,867.0,,5,1090.441193,state_verified
accepted,2,protected,measured,5,155,755.0,,5,1090.441193,state_verified
accepted,2,protected,measured,5,156,762.0,,5,1090.441193,state_verified
accepted,2,protected,measured,5,157,689.0,,5,1090.441193,state_verified
accepted,2,protected,measured,5,158,667.0,,5,1090.441193,state_verified
accepted,2,protected,measured,5,159,755.0,,5,1090.441193,state_verified
accepted,2,protected,measured,5,160,908.0,,5,1090.441193,state_verified
accepted,2,protected,measured,5,161,820.0,,5,1090.441193,state_verified
accepted,2,protected,measured,5,162,938.0,,5,1090.441193,state_verified
accepted,2,protected,measured,5,163,999.0,,5,1090.441193,state_verified
accepted,2,protected,measured,5,164,778.0,,5,1090.441193,state_verified
accepted,2,protected,measured,5,165,779.0,,5,1090.441193,state_verified
accepted,2,protected,measured,5,166,782.0,,5,1090.441193,state_verified
accepted,2,protected,measured,5,167,872.0,,5,1090.441193,state_verified
accepted,2,protected,measured,5,168,814.0,,5,1090.441193,state_verified
accepted,2,protected,measured,5,169,788.0,,5,1090.441193,state_verified
accepted,2,protected,measured,5,170,879.0,,5,1090.441193,state_verified
accepted,2,protected,measured,5,171,912.0,,5,1090.441193,state_verified
accepted,2,protected,measured,5,172,821.0,,5,1090.441193,state_verified
accepted,2,protected,measured,5,173,758.0,,5,1090.441193,state_verified
accepted,2,protected,measured,5,174,747.0,,5,1090.441193,state_verified
accepted,2,protected,measured,5,175,857.0,,5,1090.441193,state_verified
accepted,2,protected,measured,5,176,732.0,,5,1090.441193,state_verified
accepted,2,protected,measured,5,177,747.0,,5,1090.441193,state_verified
accepted,2,protected,measured,5,178,762.0,,5,1090.441193,state_verified
accepted,2,protected,measured,5,179,816.0,,5,1090.441193,state_verified
accepted,2,protected,measured,5,180,846.0,,5,1090.441193,state_verified
accepted,2,protected,measured,5,181,907.0,,5,1090.441193,state_verified
accepted,2,protected,measured,5,182,913.0,,5,1090.441193,state_verified
accepted,2,protected,measured,5,183,876.0,,5,1090.441193,state_verified
accepted,2,protected,measured,5,184,810.0,,5,1090.441193,state_verified
accepted,2,protected,measured,5,185,826.0,,5,1090.441193,state_verified
accepted,2,protected,measured,5,186,781.0,,5,1090.441193,state_verified
accepted,2,protected,measured,5,187,800.0,,5,1090.441193,state_verified
accepted,2,protected,measured,5,188,761.0,,5,1090.441193,state_verified
accepted,2,protected,measured,5,189,701.0,,5,1090.441193,state_verified
accepted,2,protected,measured,5,190,746.0,,5,1090.441193,state_verified
accepted,2,protected,measured,5,191,760.0,,5,1090.441193,state_verified
accepted,2,protected,measured,5,192,733.0,,5,1090.441193,state_verified
accepted,2,protected,measured,5,193,749.0,,5,1090.441193,state_verified
accepted,2,protected,measured,5,194,843.0,,5,1090.441193,state_verified
accepted,2,protected,measured,5,195,1069.0,,5,1090.441193,state_verified
accepted,2,protected,measured,5,196,861.0,,5,1090.441193,state_verified
accepted,2,protected,measured,5,197,741.0,,5,1090.441193,state_verified
accepted,2,protected,measured,5,198,858.0,,5,1090.441193,state_verified
accepted,2,protected,measured,5,199,852.0,,5,1090.441193,state_verified
accepted,2,protected,measured,5,200,936.0,,5,1090.441193,state_verified
accepted,2,baseline,measured,5,1,2823.0,,5,1565.986767,state_verified
accepted,2,baseline,measured,5,2,696.0,,5,1565.986767,state_verified
accepted,2,baseline,measured,5,3,622.0,,5,1565.986767,state_verified
accepted,2,baseline,measured,5,4,579.0,,5,1565.986767,state_verified
accepted,2,baseline,measured,5,5,562.0,,5,1565.986767,state_verified
accepted,2,baseline,measured,5,6,597.0,,5,1565.986767,state_verified
accepted,2,baseline,measured,5,7,554.0,,5,1565.986767,state_verified
accepted,2,baseline,measured,5,8,556.0,,5,1565.986767,state_verified
accepted,2,baseline,measured,5,9,515.0,,5,1565.986767,state_verified
accepted,2,baseline,measured,5,10,542.0,,5,1565.986767,state_verified
accepted,2,baseline,measured,5,11,546.0,,5,1565.986767,state_verified
accepted,2,baseline,measured,5,12,527.0,,5,1565.986767,state_verified
accepted,2,baseline,measured,5,13,540.0,,5,1565.986767,state_verified
accepted,2,baseline,measured,5,14,532.0,,5,1565.986767,state_verified
accepted,2,baseline,measured,5,15,542.0,,5,1565.986767,state_verified
accepted,2,baseline,measured,5,16,635.0,,5,1565.986767,state_verified
accepted,2,baseline,measured,5,17,645.0,,5,1565.986767,state_verified
accepted,2,baseline,measured,5,18,510.0,,5,1565.986767,state_verified
accepted,2,baseline,measured,5,19,539.0,,5,1565.986767,state_verified
accepted,2,baseline,measured,5,20,512.0,,5,1565.986767,state_verified
accepted,2,baseline,measured,5,21,509.0,,5,1565.986767,state_verified
accepted,2,baseline,measured,5,22,512.0,,5,1565.986767,state_verified
accepted,2,baseline,measured,5,23,550.0,,5,1565.986767,state_verified
accepted,2,baseline,measured,5,24,526.0,,5,1565.986767,state_verified
accepted,2,baseline,measured,5,25,532.0,,5,1565.986767,state_verified
accepted,2,baseline,measured,5,26,523.0,,5,1565.986767,state_verified
accepted,2,baseline,measured,5,27,522.0,,5,1565.986767,state_verified
accepted,2,baseline,measured,5,28,525.0,,5,1565.986767,state_verified
accepted,2,baseline,measured,5,29,562.0,,5,1565.986767,state_verified
accepted,2,baseline,measured,5,30,726.0,,5,1565.986767,state_verified
accepted,2,baseline,measured,5,31,828.0,,5,1565.986767,state_verified
accepted,2,baseline,measured,5,32,779.0,,5,1565.986767,state_verified
accepted,2,baseline,measured,5,33,868.0,,5,1565.986767,state_verified
accepted,2,baseline,measured,5,34,673.0,,5,1565.986767,state_verified
accepted,2,baseline,measured,5,35,647.0,,5,1565.986767,state_verified
accepted,2,baseline,measured,5,36,631.0,,5,1565.986767,state_verified
accepted,2,baseline,measured,5,37,596.0,,5,1565.986767,state_verified
accepted,2,baseline,measured,5,38,589.0,,5,1565.986767,state_verified
accepted,2,baseline,measured,5,39,602.0,,5,1565.986767,state_verified
accepted,2,baseline,measured,5,40,591.0,,5,1565.986767,state_verified
accepted,2,baseline,measured,5,41,545.0,,5,1565.986767,state_verified
accepted,2,baseline,measured,5,42,942.0,,5,1565.986767,state_verified
accepted,2,baseline,measured,5,43,938.0,,5,1565.986767,state_verified
accepted,2,baseline,measured,5,44,840.0,,5,1565.986767,state_verified
accepted,2,baseline,measured,5,45,876.0,,5,1565.986767,state_verified
accepted,2,baseline,measured,5,46,540.0,,5,1565.986767,state_verified
accepted,2,baseline,measured,5,47,529.0,,5,1565.986767,state_verified
accepted,2,baseline,measured,5,48,517.0,,5,1565.986767,state_verified
accepted,2,baseline,measured,5,49,526.0,,5,1565.986767,state_verified
accepted,2,baseline,measured,5,50,520.0,,5,1565.986767,state_verified
accepted,2,baseline,measured,5,51,502.0,,5,1565.986767,state_verified
accepted,2,baseline,measured,5,52,533.0,,5,1565.986767,state_verified
accepted,2,baseline,measured,5,53,543.0,,5,1565.986767,state_verified
accepted,2,baseline,measured,5,54,616.0,,5,1565.986767,state_verified
accepted,2,baseline,measured,5,55,845.0,,5,1565.986767,state_verified
accepted,2,baseline,measured,5,56,782.0,,5,1565.986767,state_verified
accepted,2,baseline,measured,5,57,775.0,,5,1565.986767,state_verified
accepted,2,baseline,measured,5,58,746.0,,5,1565.986767,state_verified
accepted,2,baseline,measured,5,59,660.0,,5,1565.986767,state_verified
accepted,2,baseline,measured,5,60,606.0,,5,1565.986767,state_verified
accepted,2,baseline,measured,5,61,598.0,,5,1565.986767,state_verified
accepted,2,baseline,measured,5,62,614.0,,5,1565.986767,state_verified
accepted,2,baseline,measured,5,63,616.0,,5,1565.986767,state_verified
accepted,2,baseline,measured,5,64,644.0,,5,1565.986767,state_verified
accepted,2,baseline,measured,5,65,535.0,,5,1565.986767,state_verified
accepted,2,baseline,measured,5,66,522.0,,5,1565.986767,state_verified
accepted,2,baseline,measured,5,67,524.0,,5,1565.986767,state_verified
accepted,2,baseline,measured,5,68,539.0,,5,1565.986767,state_verified
accepted,2,baseline,measured,5,69,508.0,,5,1565.986767,state_verified
accepted,2,baseline,measured,5,70,511.0,,5,1565.986767,state_verified
accepted,2,baseline,measured,5,71,539.0,,5,1565.986767,state_verified
accepted,2,baseline,measured,5,72,525.0,,5,1565.986767,state_verified
accepted,2,baseline,measured,5,73,548.0,,5,1565.986767,state_verified
accepted,2,baseline,measured,5,74,552.0,,5,1565.986767,state_verified
accepted,2,baseline,measured,5,75,602.0,,5,1565.986767,state_verified
accepted,2,baseline,measured,5,76,564.0,,5,1565.986767,state_verified
accepted,2,baseline,measured,5,77,564.0,,5,1565.986767,state_verified
accepted,2,baseline,measured,5,78,540.0,,5,1565.986767,state_verified
accepted,2,baseline,measured,5,79,541.0,,5,1565.986767,state_verified
accepted,2,baseline,measured,5,80,551.0,,5,1565.986767,state_verified
accepted,2,baseline,measured,5,81,770.0,,5,1565.986767,state_verified
accepted,2,baseline,measured,5,82,726.0,,5,1565.986767,state_verified
accepted,2,baseline,measured,5,83,878.0,,5,1565.986767,state_verified
accepted,2,baseline,measured,5,84,734.0,,5,1565.986767,state_verified
accepted,2,baseline,measured,5,85,675.0,,5,1565.986767,state_verified
accepted,2,baseline,measured,5,86,642.0,,5,1565.986767,state_verified
accepted,2,baseline,measured,5,87,649.0,,5,1565.986767,state_verified
accepted,2,baseline,measured,5,88,666.0,,5,1565.986767,state_verified
accepted,2,baseline,measured,5,89,661.0,,5,1565.986767,state_verified
accepted,2,baseline,measured,5,90,731.0,,5,1565.986767,state_verified
accepted,2,baseline,measured,5,91,558.0,,5,1565.986767,state_verified
accepted,2,baseline,measured,5,92,574.0,,5,1565.986767,state_verified
accepted,2,baseline,measured,5,93,639.0,,5,1565.986767,state_verified
accepted,2,baseline,measured,5,94,734.0,,5,1565.986767,state_verified
accepted,2,baseline,measured,5,95,527.0,,5,1565.986767,state_verified
accepted,2,baseline,measured,5,96,519.0,,5,1565.986767,state_verified
accepted,2,baseline,measured,5,97,509.0,,5,1565.986767,state_verified
accepted,2,baseline,measured,5,98,505.0,,5,1565.986767,state_verified
accepted,2,baseline,measured,5,99,524.0,,5,1565.986767,state_verified
accepted,2,baseline,measured,5,100,508.0,,5,1565.986767,state_verified
accepted,2,baseline,measured,5,101,521.0,,5,1565.986767,state_verified
accepted,2,baseline,measured,5,102,532.0,,5,1565.986767,state_verified
accepted,2,baseline,measured,5,103,512.0,,5,1565.986767,state_verified
accepted,2,baseline,measured,5,104,511.0,,5,1565.986767,state_verified
accepted,2,baseline,measured,5,105,530.0,,5,1565.986767,state_verified
accepted,2,baseline,measured,5,106,907.0,,5,1565.986767,state_verified
accepted,2,baseline,measured,5,107,1160.0,,5,1565.986767,state_verified
accepted,2,baseline,measured,5,108,1113.0,,5,1565.986767,state_verified
accepted,2,baseline,measured,5,109,1087.0,,5,1565.986767,state_verified
accepted,2,baseline,measured,5,110,696.0,,5,1565.986767,state_verified
accepted,2,baseline,measured,5,111,627.0,,5,1565.986767,state_verified
accepted,2,baseline,measured,5,112,615.0,,5,1565.986767,state_verified
accepted,2,baseline,measured,5,113,613.0,,5,1565.986767,state_verified
accepted,2,baseline,measured,5,114,567.0,,5,1565.986767,state_verified
accepted,2,baseline,measured,5,115,536.0,,5,1565.986767,state_verified
accepted,2,baseline,measured,5,116,516.0,,5,1565.986767,state_verified
accepted,2,baseline,measured,5,117,519.0,,5,1565.986767,state_verified
accepted,2,baseline,measured,5,118,511.0,,5,1565.986767,state_verified
accepted,2,baseline,measured,5,119,505.0,,5,1565.986767,state_verified
accepted,2,baseline,measured,5,120,537.0,,5,1565.986767,state_verified
accepted,2,baseline,measured,5,121,529.0,,5,1565.986767,state_verified
accepted,2,baseline,measured,5,122,528.0,,5,1565.986767,state_verified
accepted,2,baseline,measured,5,123,509.0,,5,1565.986767,state_verified
accepted,2,baseline,measured,5,124,523.0,,5,1565.986767,state_verified
accepted,2,baseline,measured,5,125,509.0,,5,1565.986767,state_verified
accepted,2,baseline,measured,5,126,530.0,,5,1565.986767,state_verified
accepted,2,baseline,measured,5,127,522.0,,5,1565.986767,state_verified
accepted,2,baseline,measured,5,128,531.0,,5,1565.986767,state_verified
accepted,2,baseline,measured,5,129,512.0,,5,1565.986767,state_verified
accepted,2,baseline,measured,5,130,533.0,,5,1565.986767,state_verified
accepted,2,baseline,measured,5,131,509.0,,5,1565.986767,state_verified
accepted,2,baseline,measured,5,132,843.0,,5,1565.986767,state_verified
accepted,2,baseline,measured,5,133,783.0,,5,1565.986767,state_verified
accepted,2,baseline,measured,5,134,799.0,,5,1565.986767,state_verified
accepted,2,baseline,measured,5,135,659.0,,5,1565.986767,state_verified
accepted,2,baseline,measured,5,136,637.0,,5,1565.986767,state_verified
accepted,2,baseline,measured,5,137,642.0,,5,1565.986767,state_verified
accepted,2,baseline,measured,5,138,567.0,,5,1565.986767,state_verified
accepted,2,baseline,measured,5,139,585.0,,5,1565.986767,state_verified
accepted,2,baseline,measured,5,140,581.0,,5,1565.986767,state_verified
accepted,2,baseline,measured,5,141,579.0,,5,1565.986767,state_verified
accepted,2,baseline,measured,5,142,543.0,,5,1565.986767,state_verified
accepted,2,baseline,measured,5,143,509.0,,5,1565.986767,state_verified
accepted,2,baseline,measured,5,144,515.0,,5,1565.986767,state_verified
accepted,2,baseline,measured,5,145,545.0,,5,1565.986767,state_verified
accepted,2,baseline,measured,5,146,506.0,,5,1565.986767,state_verified
accepted,2,baseline,measured,5,147,510.0,,5,1565.986767,state_verified
accepted,2,baseline,measured,5,148,551.0,,5,1565.986767,state_verified
accepted,2,baseline,measured,5,149,548.0,,5,1565.986767,state_verified
accepted,2,baseline,measured,5,150,535.0,,5,1565.986767,state_verified
accepted,2,baseline,measured,5,151,516.0,,5,1565.986767,state_verified
accepted,2,baseline,measured,5,152,514.0,,5,1565.986767,state_verified
accepted,2,baseline,measured,5,153,513.0,,5,1565.986767,state_verified
accepted,2,baseline,measured,5,154,516.0,,5,1565.986767,state_verified
accepted,2,baseline,measured,5,155,500.0,,5,1565.986767,state_verified
accepted,2,baseline,measured,5,156,513.0,,5,1565.986767,state_verified
accepted,2,baseline,measured,5,157,507.0,,5,1565.986767,state_verified
accepted,2,baseline,measured,5,158,518.0,,5,1565.986767,state_verified
accepted,2,baseline,measured,5,159,512.0,,5,1565.986767,state_verified
accepted,2,baseline,measured,5,160,526.0,,5,1565.986767,state_verified
accepted,2,baseline,measured,5,161,521.0,,5,1565.986767,state_verified
accepted,2,baseline,measured,5,162,507.0,,5,1565.986767,state_verified
accepted,2,baseline,measured,5,163,518.0,,5,1565.986767,state_verified
accepted,2,baseline,measured,5,164,514.0,,5,1565.986767,state_verified
accepted,2,baseline,measured,5,165,521.0,,5,1565.986767,state_verified
accepted,2,baseline,measured,5,166,507.0,,5,1565.986767,state_verified
accepted,2,baseline,measured,5,167,505.0,,5,1565.986767,state_verified
accepted,2,baseline,measured,5,168,504.0,,5,1565.986767,state_verified
accepted,2,baseline,measured,5,169,515.0,,5,1565.986767,state_verified
accepted,2,baseline,measured,5,170,826.0,,5,1565.986767,state_verified
accepted,2,baseline,measured,5,171,839.0,,5,1565.986767,state_verified
accepted,2,baseline,measured,5,172,843.0,,5,1565.986767,state_verified
accepted,2,baseline,measured,5,173,830.0,,5,1565.986767,state_verified
accepted,2,baseline,measured,5,174,529.0,,5,1565.986767,state_verified
accepted,2,baseline,measured,5,175,526.0,,5,1565.986767,state_verified
accepted,2,baseline,measured,5,176,532.0,,5,1565.986767,state_verified
accepted,2,baseline,measured,5,177,548.0,,5,1565.986767,state_verified
accepted,2,baseline,measured,5,178,564.0,,5,1565.986767,state_verified
accepted,2,baseline,measured,5,179,666.0,,5,1565.986767,state_verified
accepted,2,baseline,measured,5,180,874.0,,5,1565.986767,state_verified
accepted,2,baseline,measured,5,181,773.0,,5,1565.986767,state_verified
accepted,2,baseline,measured,5,182,876.0,,5,1565.986767,state_verified
accepted,2,baseline,measured,5,183,767.0,,5,1565.986767,state_verified
accepted,2,baseline,measured,5,184,762.0,,5,1565.986767,state_verified
accepted,2,baseline,measured,5,185,772.0,,5,1565.986767,state_verified
accepted,2,baseline,measured,5,186,766.0,,5,1565.986767,state_verified
accepted,2,baseline,measured,5,187,787.0,,5,1565.986767,state_verified
accepted,2,baseline,measured,5,188,785.0,,5,1565.986767,state_verified
accepted,2,baseline,measured,5,189,739.0,,5,1565.986767,state_verified
accepted,2,baseline,measured,5,190,646.0,,5,1565.986767,state_verified
accepted,2,baseline,measured,5,191,663.0,,5,1565.986767,state_verified
accepted,2,baseline,measured,5,192,841.0,,5,1565.986767,state_verified
accepted,2,baseline,measured,5,193,672.0,,5,1565.986767,state_verified
accepted,2,baseline,measured,5,194,736.0,,5,1565.986767,state_verified
accepted,2,baseline,measured,5,195,922.0,,5,1565.986767,state_verified
accepted,2,baseline,measured,5,196,797.0,,5,1565.986767,state_verified
accepted,2,baseline,measured,5,197,897.0,,5,1565.986767,state_verified
accepted,2,baseline,measured,5,198,789.0,,5,1565.986767,state_verified
accepted,2,baseline,measured,5,199,718.0,,5,1565.986767,state_verified
accepted,2,baseline,measured,5,200,862.0,,5,1565.986767,state_verified
accepted,2,protected,measured,100,1,4091.0,,100,638.861294,state_verified
accepted,2,protected,measured,100,2,1394.0,,100,638.861294,state_verified
accepted,2,protected,measured,100,3,1379.0,,100,638.861294,state_verified
accepted,2,protected,measured,100,4,1900.0,,100,638.861294,state_verified
accepted,2,protected,measured,100,5,1951.0,,100,638.861294,state_verified
accepted,2,protected,measured,100,6,2350.0,,100,638.861294,state_verified
accepted,2,protected,measured,100,7,1766.0,,100,638.861294,state_verified
accepted,2,protected,measured,100,8,1534.0,,100,638.861294,state_verified
accepted,2,protected,measured,100,9,1535.0,,100,638.861294,state_verified
accepted,2,protected,measured,100,10,1469.0,,100,638.861294,state_verified
accepted,2,protected,measured,100,11,1320.0,,100,638.861294,state_verified
accepted,2,protected,measured,100,12,1168.0,,100,638.861294,state_verified
accepted,2,protected,measured,100,13,1274.0,,100,638.861294,state_verified
accepted,2,protected,measured,100,14,1924.0,,100,638.861294,state_verified
accepted,2,protected,measured,100,15,1554.0,,100,638.861294,state_verified
accepted,2,protected,measured,100,16,1140.0,,100,638.861294,state_verified
accepted,2,protected,measured,100,17,1286.0,,100,638.861294,state_verified
accepted,2,protected,measured,100,18,1284.0,,100,638.861294,state_verified
accepted,2,protected,measured,100,19,1330.0,,100,638.861294,state_verified
accepted,2,protected,measured,100,20,1617.0,,100,638.861294,state_verified
accepted,2,protected,measured,100,21,1606.0,,100,638.861294,state_verified
accepted,2,protected,measured,100,22,1930.0,,100,638.861294,state_verified
accepted,2,protected,measured,100,23,1812.0,,100,638.861294,state_verified
accepted,2,protected,measured,100,24,1656.0,,100,638.861294,state_verified
accepted,2,protected,measured,100,25,1662.0,,100,638.861294,state_verified
accepted,2,protected,measured,100,26,1489.0,,100,638.861294,state_verified
accepted,2,protected,measured,100,27,1414.0,,100,638.861294,state_verified
accepted,2,protected,measured,100,28,1381.0,,100,638.861294,state_verified
accepted,2,protected,measured,100,29,1325.0,,100,638.861294,state_verified
accepted,2,protected,measured,100,30,1693.0,,100,638.861294,state_verified
accepted,2,protected,measured,100,31,1296.0,,100,638.861294,state_verified
accepted,2,protected,measured,100,32,1448.0,,100,638.861294,state_verified
accepted,2,protected,measured,100,33,1190.0,,100,638.861294,state_verified
accepted,2,protected,measured,100,34,1537.0,,100,638.861294,state_verified
accepted,2,protected,measured,100,35,1822.0,,100,638.861294,state_verified
accepted,2,protected,measured,100,36,1593.0,,100,638.861294,state_verified
accepted,2,protected,measured,100,37,1490.0,,100,638.861294,state_verified
accepted,2,protected,measured,100,38,1409.0,,100,638.861294,state_verified
accepted,2,protected,measured,100,39,1397.0,,100,638.861294,state_verified
accepted,2,protected,measured,100,40,1534.0,,100,638.861294,state_verified
accepted,2,protected,measured,100,41,1225.0,,100,638.861294,state_verified
accepted,2,protected,measured,100,42,1374.0,,100,638.861294,state_verified
accepted,2,protected,measured,100,43,1618.0,,100,638.861294,state_verified
accepted,2,protected,measured,100,44,1545.0,,100,638.861294,state_verified
accepted,2,protected,measured,100,45,1566.0,,100,638.861294,state_verified
accepted,2,protected,measured,100,46,1569.0,,100,638.861294,state_verified
accepted,2,protected,measured,100,47,1675.0,,100,638.861294,state_verified
accepted,2,protected,measured,100,48,1430.0,,100,638.861294,state_verified
accepted,2,protected,measured,100,49,1420.0,,100,638.861294,state_verified
accepted,2,protected,measured,100,50,1477.0,,100,638.861294,state_verified
accepted,2,protected,measured,100,51,1609.0,,100,638.861294,state_verified
accepted,2,protected,measured,100,52,1692.0,,100,638.861294,state_verified
accepted,2,protected,measured,100,53,1704.0,,100,638.861294,state_verified
accepted,2,protected,measured,100,54,1734.0,,100,638.861294,state_verified
accepted,2,protected,measured,100,55,1914.0,,100,638.861294,state_verified
accepted,2,protected,measured,100,56,1561.0,,100,638.861294,state_verified
accepted,2,protected,measured,100,57,1682.0,,100,638.861294,state_verified
accepted,2,protected,measured,100,58,1432.0,,100,638.861294,state_verified
accepted,2,protected,measured,100,59,1627.0,,100,638.861294,state_verified
accepted,2,protected,measured,100,60,1342.0,,100,638.861294,state_verified
accepted,2,protected,measured,100,61,1818.0,,100,638.861294,state_verified
accepted,2,protected,measured,100,62,1516.0,,100,638.861294,state_verified
accepted,2,protected,measured,100,63,1659.0,,100,638.861294,state_verified
accepted,2,protected,measured,100,64,1378.0,,100,638.861294,state_verified
accepted,2,protected,measured,100,65,1533.0,,100,638.861294,state_verified
accepted,2,protected,measured,100,66,1737.0,,100,638.861294,state_verified
accepted,2,protected,measured,100,67,1711.0,,100,638.861294,state_verified
accepted,2,protected,measured,100,68,1680.0,,100,638.861294,state_verified
accepted,2,protected,measured,100,69,1439.0,,100,638.861294,state_verified
accepted,2,protected,measured,100,70,1237.0,,100,638.861294,state_verified
accepted,2,protected,measured,100,71,1614.0,,100,638.861294,state_verified
accepted,2,protected,measured,100,72,1638.0,,100,638.861294,state_verified
accepted,2,protected,measured,100,73,1275.0,,100,638.861294,state_verified
accepted,2,protected,measured,100,74,1346.0,,100,638.861294,state_verified
accepted,2,protected,measured,100,75,1686.0,,100,638.861294,state_verified
accepted,2,protected,measured,100,76,1288.0,,100,638.861294,state_verified
accepted,2,protected,measured,100,77,1540.0,,100,638.861294,state_verified
accepted,2,protected,measured,100,78,1440.0,,100,638.861294,state_verified
accepted,2,protected,measured,100,79,1521.0,,100,638.861294,state_verified
accepted,2,protected,measured,100,80,1481.0,,100,638.861294,state_verified
accepted,2,protected,measured,100,81,1429.0,,100,638.861294,state_verified
accepted,2,protected,measured,100,82,1194.0,,100,638.861294,state_verified
accepted,2,protected,measured,100,83,1246.0,,100,638.861294,state_verified
accepted,2,protected,measured,100,84,1774.0,,100,638.861294,state_verified
accepted,2,protected,measured,100,85,1696.0,,100,638.861294,state_verified
accepted,2,protected,measured,100,86,3577.0,,100,638.861294,state_verified
accepted,2,protected,measured,100,87,2081.0,,100,638.861294,state_verified
accepted,2,protected,measured,100,88,1762.0,,100,638.861294,state_verified
accepted,2,protected,measured,100,89,1926.0,,100,638.861294,state_verified
accepted,2,protected,measured,100,90,1240.0,,100,638.861294,state_verified
accepted,2,protected,measured,100,91,1424.0,,100,638.861294,state_verified
accepted,2,protected,measured,100,92,1553.0,,100,638.861294,state_verified
accepted,2,protected,measured,100,93,1591.0,,100,638.861294,state_verified
accepted,2,protected,measured,100,94,2628.0,,100,638.861294,state_verified
accepted,2,protected,measured,100,95,1919.0,,100,638.861294,state_verified
accepted,2,protected,measured,100,96,1678.0,,100,638.861294,state_verified
accepted,2,protected,measured,100,97,1422.0,,100,638.861294,state_verified
accepted,2,protected,measured,100,98,1629.0,,100,638.861294,state_verified
accepted,2,protected,measured,100,99,1395.0,,100,638.861294,state_verified
accepted,2,protected,measured,100,100,1261.0,,100,638.861294,state_verified
accepted,2,protected,measured,100,101,1567.0,,100,638.861294,state_verified
accepted,2,protected,measured,100,102,1600.0,,100,638.861294,state_verified
accepted,2,protected,measured,100,103,1590.0,,100,638.861294,state_verified
accepted,2,protected,measured,100,104,1631.0,,100,638.861294,state_verified
accepted,2,protected,measured,100,105,1806.0,,100,638.861294,state_verified
accepted,2,protected,measured,100,106,1575.0,,100,638.861294,state_verified
accepted,2,protected,measured,100,107,1380.0,,100,638.861294,state_verified
accepted,2,protected,measured,100,108,1357.0,,100,638.861294,state_verified
accepted,2,protected,measured,100,109,1316.0,,100,638.861294,state_verified
accepted,2,protected,measured,100,110,1300.0,,100,638.861294,state_verified
accepted,2,protected,measured,100,111,1542.0,,100,638.861294,state_verified
accepted,2,protected,measured,100,112,1379.0,,100,638.861294,state_verified
accepted,2,protected,measured,100,113,1542.0,,100,638.861294,state_verified
accepted,2,protected,measured,100,114,1389.0,,100,638.861294,state_verified
accepted,2,protected,measured,100,115,1484.0,,100,638.861294,state_verified
accepted,2,protected,measured,100,116,1544.0,,100,638.861294,state_verified
accepted,2,protected,measured,100,117,1628.0,,100,638.861294,state_verified
accepted,2,protected,measured,100,118,1685.0,,100,638.861294,state_verified
accepted,2,protected,measured,100,119,1415.0,,100,638.861294,state_verified
accepted,2,protected,measured,100,120,1523.0,,100,638.861294,state_verified
accepted,2,protected,measured,100,121,1204.0,,100,638.861294,state_verified
accepted,2,protected,measured,100,122,1331.0,,100,638.861294,state_verified
accepted,2,protected,measured,100,123,1423.0,,100,638.861294,state_verified
accepted,2,protected,measured,100,124,1607.0,,100,638.861294,state_verified
accepted,2,protected,measured,100,125,1332.0,,100,638.861294,state_verified
accepted,2,protected,measured,100,126,1530.0,,100,638.861294,state_verified
accepted,2,protected,measured,100,127,1365.0,,100,638.861294,state_verified
accepted,2,protected,measured,100,128,1416.0,,100,638.861294,state_verified
accepted,2,protected,measured,100,129,1464.0,,100,638.861294,state_verified
accepted,2,protected,measured,100,130,1358.0,,100,638.861294,state_verified
accepted,2,protected,measured,100,131,1374.0,,100,638.861294,state_verified
accepted,2,protected,measured,100,132,1494.0,,100,638.861294,state_verified
accepted,2,protected,measured,100,133,1374.0,,100,638.861294,state_verified
accepted,2,protected,measured,100,134,2175.0,,100,638.861294,state_verified
accepted,2,protected,measured,100,135,1374.0,,100,638.861294,state_verified
accepted,2,protected,measured,100,136,1375.0,,100,638.861294,state_verified
accepted,2,protected,measured,100,137,1602.0,,100,638.861294,state_verified
accepted,2,protected,measured,100,138,1593.0,,100,638.861294,state_verified
accepted,2,protected,measured,100,139,1740.0,,100,638.861294,state_verified
accepted,2,protected,measured,100,140,1448.0,,100,638.861294,state_verified
accepted,2,protected,measured,100,141,1474.0,,100,638.861294,state_verified
accepted,2,protected,measured,100,142,1434.0,,100,638.861294,state_verified
accepted,2,protected,measured,100,143,1434.0,,100,638.861294,state_verified
accepted,2,protected,measured,100,144,1468.0,,100,638.861294,state_verified
accepted,2,protected,measured,100,145,1456.0,,100,638.861294,state_verified
accepted,2,protected,measured,100,146,1971.0,,100,638.861294,state_verified
accepted,2,protected,measured,100,147,1340.0,,100,638.861294,state_verified
accepted,2,protected,measured,100,148,1755.0,,100,638.861294,state_verified
accepted,2,protected,measured,100,149,1804.0,,100,638.861294,state_verified
accepted,2,protected,measured,100,150,2052.0,,100,638.861294,state_verified
accepted,2,protected,measured,100,151,1929.0,,100,638.861294,state_verified
accepted,2,protected,measured,100,152,1409.0,,100,638.861294,state_verified
accepted,2,protected,measured,100,153,1761.0,,100,638.861294,state_verified
accepted,2,protected,measured,100,154,1813.0,,100,638.861294,state_verified
accepted,2,protected,measured,100,155,1507.0,,100,638.861294,state_verified
accepted,2,protected,measured,100,156,1633.0,,100,638.861294,state_verified
accepted,2,protected,measured,100,157,1544.0,,100,638.861294,state_verified
accepted,2,protected,measured,100,158,1482.0,,100,638.861294,state_verified
accepted,2,protected,measured,100,159,1408.0,,100,638.861294,state_verified
accepted,2,protected,measured,100,160,1288.0,,100,638.861294,state_verified
accepted,2,protected,measured,100,161,1453.0,,100,638.861294,state_verified
accepted,2,protected,measured,100,162,1352.0,,100,638.861294,state_verified
accepted,2,protected,measured,100,163,1382.0,,100,638.861294,state_verified
accepted,2,protected,measured,100,164,1337.0,,100,638.861294,state_verified
accepted,2,protected,measured,100,165,1574.0,,100,638.861294,state_verified
accepted,2,protected,measured,100,166,1623.0,,100,638.861294,state_verified
accepted,2,protected,measured,100,167,1468.0,,100,638.861294,state_verified
accepted,2,protected,measured,100,168,1394.0,,100,638.861294,state_verified
accepted,2,protected,measured,100,169,1483.0,,100,638.861294,state_verified
accepted,2,protected,measured,100,170,1371.0,,100,638.861294,state_verified
accepted,2,protected,measured,100,171,1513.0,,100,638.861294,state_verified
accepted,2,protected,measured,100,172,1469.0,,100,638.861294,state_verified
accepted,2,protected,measured,100,173,1437.0,,100,638.861294,state_verified
accepted,2,protected,measured,100,174,1322.0,,100,638.861294,state_verified
accepted,2,protected,measured,100,175,1429.0,,100,638.861294,state_verified
accepted,2,protected,measured,100,176,1412.0,,100,638.861294,state_verified
accepted,2,protected,measured,100,177,1544.0,,100,638.861294,state_verified
accepted,2,protected,measured,100,178,1500.0,,100,638.861294,state_verified
accepted,2,protected,measured,100,179,1646.0,,100,638.861294,state_verified
accepted,2,protected,measured,100,180,1313.0,,100,638.861294,state_verified
accepted,2,protected,measured,100,181,1431.0,,100,638.861294,state_verified
accepted,2,protected,measured,100,182,1653.0,,100,638.861294,state_verified
accepted,2,protected,measured,100,183,1206.0,,100,638.861294,state_verified
accepted,2,protected,measured,100,184,1508.0,,100,638.861294,state_verified
accepted,2,protected,measured,100,185,1665.0,,100,638.861294,state_verified
accepted,2,protected,measured,100,186,1482.0,,100,638.861294,state_verified
accepted,2,protected,measured,100,187,1817.0,,100,638.861294,state_verified
accepted,2,protected,measured,100,188,1339.0,,100,638.861294,state_verified
accepted,2,protected,measured,100,189,1302.0,,100,638.861294,state_verified
accepted,2,protected,measured,100,190,1502.0,,100,638.861294,state_verified
accepted,2,protected,measured,100,191,1527.0,,100,638.861294,state_verified
accepted,2,protected,measured,100,192,1313.0,,100,638.861294,state_verified
accepted,2,protected,measured,100,193,1389.0,,100,638.861294,state_verified
accepted,2,protected,measured,100,194,1533.0,,100,638.861294,state_verified
accepted,2,protected,measured,100,195,1445.0,,100,638.861294,state_verified
accepted,2,protected,measured,100,196,1500.0,,100,638.861294,state_verified
accepted,2,protected,measured,100,197,1623.0,,100,638.861294,state_verified
accepted,2,protected,measured,100,198,1563.0,,100,638.861294,state_verified
accepted,2,protected,measured,100,199,1705.0,,100,638.861294,state_verified
accepted,2,protected,measured,100,200,1645.0,,100,638.861294,state_verified
accepted,2,baseline,measured,100,1,5057.0,,100,860.266855,state_verified
accepted,2,baseline,measured,100,2,1383.0,,100,860.266855,state_verified
accepted,2,baseline,measured,100,3,1042.0,,100,860.266855,state_verified
accepted,2,baseline,measured,100,4,1197.0,,100,860.266855,state_verified
accepted,2,baseline,measured,100,5,1113.0,,100,860.266855,state_verified
accepted,2,baseline,measured,100,6,1325.0,,100,860.266855,state_verified
accepted,2,baseline,measured,100,7,950.0,,100,860.266855,state_verified
accepted,2,baseline,measured,100,8,944.0,,100,860.266855,state_verified
accepted,2,baseline,measured,100,9,996.0,,100,860.266855,state_verified
accepted,2,baseline,measured,100,10,1055.0,,100,860.266855,state_verified
accepted,2,baseline,measured,100,11,988.0,,100,860.266855,state_verified
accepted,2,baseline,measured,100,12,845.0,,100,860.266855,state_verified
accepted,2,baseline,measured,100,13,1005.0,,100,860.266855,state_verified
accepted,2,baseline,measured,100,14,1340.0,,100,860.266855,state_verified
accepted,2,baseline,measured,100,15,21579.0,,100,860.266855,state_verified
accepted,2,baseline,measured,100,16,952.0,,100,860.266855,state_verified
accepted,2,baseline,measured,100,17,1125.0,,100,860.266855,state_verified
accepted,2,baseline,measured,100,18,963.0,,100,860.266855,state_verified
accepted,2,baseline,measured,100,19,1022.0,,100,860.266855,state_verified
accepted,2,baseline,measured,100,20,1041.0,,100,860.266855,state_verified
accepted,2,baseline,measured,100,21,1002.0,,100,860.266855,state_verified
accepted,2,baseline,measured,100,22,1240.0,,100,860.266855,state_verified
accepted,2,baseline,measured,100,23,882.0,,100,860.266855,state_verified
accepted,2,baseline,measured,100,24,832.0,,100,860.266855,state_verified
accepted,2,baseline,measured,100,25,827.0,,100,860.266855,state_verified
accepted,2,baseline,measured,100,26,854.0,,100,860.266855,state_verified
accepted,2,baseline,measured,100,27,847.0,,100,860.266855,state_verified
accepted,2,baseline,measured,100,28,827.0,,100,860.266855,state_verified
accepted,2,baseline,measured,100,29,870.0,,100,860.266855,state_verified
accepted,2,baseline,measured,100,30,1050.0,,100,860.266855,state_verified
accepted,2,baseline,measured,100,31,1066.0,,100,860.266855,state_verified
accepted,2,baseline,measured,100,32,1279.0,,100,860.266855,state_verified
accepted,2,baseline,measured,100,33,1204.0,,100,860.266855,state_verified
accepted,2,baseline,measured,100,34,974.0,,100,860.266855,state_verified
accepted,2,baseline,measured,100,35,979.0,,100,860.266855,state_verified
accepted,2,baseline,measured,100,36,810.0,,100,860.266855,state_verified
accepted,2,baseline,measured,100,37,912.0,,100,860.266855,state_verified
accepted,2,baseline,measured,100,38,988.0,,100,860.266855,state_verified
accepted,2,baseline,measured,100,39,1230.0,,100,860.266855,state_verified
accepted,2,baseline,measured,100,40,1018.0,,100,860.266855,state_verified
accepted,2,baseline,measured,100,41,1744.0,,100,860.266855,state_verified
accepted,2,baseline,measured,100,42,971.0,,100,860.266855,state_verified
accepted,2,baseline,measured,100,43,1058.0,,100,860.266855,state_verified
accepted,2,baseline,measured,100,44,904.0,,100,860.266855,state_verified
accepted,2,baseline,measured,100,45,1250.0,,100,860.266855,state_verified
accepted,2,baseline,measured,100,46,1177.0,,100,860.266855,state_verified
accepted,2,baseline,measured,100,47,1399.0,,100,860.266855,state_verified
accepted,2,baseline,measured,100,48,1559.0,,100,860.266855,state_verified
accepted,2,baseline,measured,100,49,1339.0,,100,860.266855,state_verified
accepted,2,baseline,measured,100,50,935.0,,100,860.266855,state_verified
accepted,2,baseline,measured,100,51,1016.0,,100,860.266855,state_verified
accepted,2,baseline,measured,100,52,1244.0,,100,860.266855,state_verified
accepted,2,baseline,measured,100,53,1019.0,,100,860.266855,state_verified
accepted,2,baseline,measured,100,54,1119.0,,100,860.266855,state_verified
accepted,2,baseline,measured,100,55,1136.0,,100,860.266855,state_verified
accepted,2,baseline,measured,100,56,946.0,,100,860.266855,state_verified
accepted,2,baseline,measured,100,57,853.0,,100,860.266855,state_verified
accepted,2,baseline,measured,100,58,849.0,,100,860.266855,state_verified
accepted,2,baseline,measured,100,59,984.0,,100,860.266855,state_verified
accepted,2,baseline,measured,100,60,810.0,,100,860.266855,state_verified
accepted,2,baseline,measured,100,61,1065.0,,100,860.266855,state_verified
accepted,2,baseline,measured,100,62,1303.0,,100,860.266855,state_verified
accepted,2,baseline,measured,100,63,1095.0,,100,860.266855,state_verified
accepted,2,baseline,measured,100,64,1007.0,,100,860.266855,state_verified
accepted,2,baseline,measured,100,65,1217.0,,100,860.266855,state_verified
accepted,2,baseline,measured,100,66,1353.0,,100,860.266855,state_verified
accepted,2,baseline,measured,100,67,1161.0,,100,860.266855,state_verified
accepted,2,baseline,measured,100,68,1316.0,,100,860.266855,state_verified
accepted,2,baseline,measured,100,69,1212.0,,100,860.266855,state_verified
accepted,2,baseline,measured,100,70,1090.0,,100,860.266855,state_verified
accepted,2,baseline,measured,100,71,1167.0,,100,860.266855,state_verified
accepted,2,baseline,measured,100,72,1171.0,,100,860.266855,state_verified
accepted,2,baseline,measured,100,73,1250.0,,100,860.266855,state_verified
accepted,2,baseline,measured,100,74,1061.0,,100,860.266855,state_verified
accepted,2,baseline,measured,100,75,1031.0,,100,860.266855,state_verified
accepted,2,baseline,measured,100,76,904.0,,100,860.266855,state_verified
accepted,2,baseline,measured,100,77,1114.0,,100,860.266855,state_verified
accepted,2,baseline,measured,100,78,1169.0,,100,860.266855,state_verified
accepted,2,baseline,measured,100,79,1011.0,,100,860.266855,state_verified
accepted,2,baseline,measured,100,80,914.0,,100,860.266855,state_verified
accepted,2,baseline,measured,100,81,938.0,,100,860.266855,state_verified
accepted,2,baseline,measured,100,82,795.0,,100,860.266855,state_verified
accepted,2,baseline,measured,100,83,897.0,,100,860.266855,state_verified
accepted,2,baseline,measured,100,84,955.0,,100,860.266855,state_verified
accepted,2,baseline,measured,100,85,939.0,,100,860.266855,state_verified
accepted,2,baseline,measured,100,86,967.0,,100,860.266855,state_verified
accepted,2,baseline,measured,100,87,919.0,,100,860.266855,state_verified
accepted,2,baseline,measured,100,88,899.0,,100,860.266855,state_verified
accepted,2,baseline,measured,100,89,984.0,,100,860.266855,state_verified
accepted,2,baseline,measured,100,90,871.0,,100,860.266855,state_verified
accepted,2,baseline,measured,100,91,950.0,,100,860.266855,state_verified
accepted,2,baseline,measured,100,92,1192.0,,100,860.266855,state_verified
accepted,2,baseline,measured,100,93,1043.0,,100,860.266855,state_verified
accepted,2,baseline,measured,100,94,870.0,,100,860.266855,state_verified
accepted,2,baseline,measured,100,95,1271.0,,100,860.266855,state_verified
accepted,2,baseline,measured,100,96,1197.0,,100,860.266855,state_verified
accepted,2,baseline,measured,100,97,960.0,,100,860.266855,state_verified
accepted,2,baseline,measured,100,98,959.0,,100,860.266855,state_verified
accepted,2,baseline,measured,100,99,1063.0,,100,860.266855,state_verified
accepted,2,baseline,measured,100,100,963.0,,100,860.266855,state_verified
accepted,2,baseline,measured,100,101,952.0,,100,860.266855,state_verified
accepted,2,baseline,measured,100,102,980.0,,100,860.266855,state_verified
accepted,2,baseline,measured,100,103,1355.0,,100,860.266855,state_verified
accepted,2,baseline,measured,100,104,1370.0,,100,860.266855,state_verified
accepted,2,baseline,measured,100,105,1414.0,,100,860.266855,state_verified
accepted,2,baseline,measured,100,106,1332.0,,100,860.266855,state_verified
accepted,2,baseline,measured,100,107,960.0,,100,860.266855,state_verified
accepted,2,baseline,measured,100,108,1302.0,,100,860.266855,state_verified
accepted,2,baseline,measured,100,109,1441.0,,100,860.266855,state_verified
accepted,2,baseline,measured,100,110,1236.0,,100,860.266855,state_verified
accepted,2,baseline,measured,100,111,989.0,,100,860.266855,state_verified
accepted,2,baseline,measured,100,112,961.0,,100,860.266855,state_verified
accepted,2,baseline,measured,100,113,988.0,,100,860.266855,state_verified
accepted,2,baseline,measured,100,114,965.0,,100,860.266855,state_verified
accepted,2,baseline,measured,100,115,1015.0,,100,860.266855,state_verified
accepted,2,baseline,measured,100,116,987.0,,100,860.266855,state_verified
accepted,2,baseline,measured,100,117,964.0,,100,860.266855,state_verified
accepted,2,baseline,measured,100,118,1007.0,,100,860.266855,state_verified
accepted,2,baseline,measured,100,119,1171.0,,100,860.266855,state_verified
accepted,2,baseline,measured,100,120,928.0,,100,860.266855,state_verified
accepted,2,baseline,measured,100,121,889.0,,100,860.266855,state_verified
accepted,2,baseline,measured,100,122,1027.0,,100,860.266855,state_verified
accepted,2,baseline,measured,100,123,1199.0,,100,860.266855,state_verified
accepted,2,baseline,measured,100,124,1173.0,,100,860.266855,state_verified
accepted,2,baseline,measured,100,125,953.0,,100,860.266855,state_verified
accepted,2,baseline,measured,100,126,923.0,,100,860.266855,state_verified
accepted,2,baseline,measured,100,127,923.0,,100,860.266855,state_verified
accepted,2,baseline,measured,100,128,819.0,,100,860.266855,state_verified
accepted,2,baseline,measured,100,129,1079.0,,100,860.266855,state_verified
accepted,2,baseline,measured,100,130,1071.0,,100,860.266855,state_verified
accepted,2,baseline,measured,100,131,1008.0,,100,860.266855,state_verified
accepted,2,baseline,measured,100,132,1176.0,,100,860.266855,state_verified
accepted,2,baseline,measured,100,133,986.0,,100,860.266855,state_verified
accepted,2,baseline,measured,100,134,1184.0,,100,860.266855,state_verified
accepted,2,baseline,measured,100,135,1007.0,,100,860.266855,state_verified
accepted,2,baseline,measured,100,136,989.0,,100,860.266855,state_verified
accepted,2,baseline,measured,100,137,1224.0,,100,860.266855,state_verified
accepted,2,baseline,measured,100,138,1230.0,,100,860.266855,state_verified
accepted,2,baseline,measured,100,139,1288.0,,100,860.266855,state_verified
accepted,2,baseline,measured,100,140,1108.0,,100,860.266855,state_verified
accepted,2,baseline,measured,100,141,997.0,,100,860.266855,state_verified
accepted,2,baseline,measured,100,142,810.0,,100,860.266855,state_verified
accepted,2,baseline,measured,100,143,914.0,,100,860.266855,state_verified
accepted,2,baseline,measured,100,144,817.0,,100,860.266855,state_verified
accepted,2,baseline,measured,100,145,775.0,,100,860.266855,state_verified
accepted,2,baseline,measured,100,146,1186.0,,100,860.266855,state_verified
accepted,2,baseline,measured,100,147,828.0,,100,860.266855,state_verified
accepted,2,baseline,measured,100,148,766.0,,100,860.266855,state_verified
accepted,2,baseline,measured,100,149,772.0,,100,860.266855,state_verified
accepted,2,baseline,measured,100,150,916.0,,100,860.266855,state_verified
accepted,2,baseline,measured,100,151,900.0,,100,860.266855,state_verified
accepted,2,baseline,measured,100,152,888.0,,100,860.266855,state_verified
accepted,2,baseline,measured,100,153,1015.0,,100,860.266855,state_verified
accepted,2,baseline,measured,100,154,1123.0,,100,860.266855,state_verified
accepted,2,baseline,measured,100,155,979.0,,100,860.266855,state_verified
accepted,2,baseline,measured,100,156,1115.0,,100,860.266855,state_verified
accepted,2,baseline,measured,100,157,1003.0,,100,860.266855,state_verified
accepted,2,baseline,measured,100,158,804.0,,100,860.266855,state_verified
accepted,2,baseline,measured,100,159,891.0,,100,860.266855,state_verified
accepted,2,baseline,measured,100,160,814.0,,100,860.266855,state_verified
accepted,2,baseline,measured,100,161,769.0,,100,860.266855,state_verified
accepted,2,baseline,measured,100,162,814.0,,100,860.266855,state_verified
accepted,2,baseline,measured,100,163,896.0,,100,860.266855,state_verified
accepted,2,baseline,measured,100,164,824.0,,100,860.266855,state_verified
accepted,2,baseline,measured,100,165,988.0,,100,860.266855,state_verified
accepted,2,baseline,measured,100,166,860.0,,100,860.266855,state_verified
accepted,2,baseline,measured,100,167,1181.0,,100,860.266855,state_verified
accepted,2,baseline,measured,100,168,1183.0,,100,860.266855,state_verified
accepted,2,baseline,measured,100,169,1204.0,,100,860.266855,state_verified
accepted,2,baseline,measured,100,170,1139.0,,100,860.266855,state_verified
accepted,2,baseline,measured,100,171,878.0,,100,860.266855,state_verified
accepted,2,baseline,measured,100,172,976.0,,100,860.266855,state_verified
accepted,2,baseline,measured,100,173,844.0,,100,860.266855,state_verified
accepted,2,baseline,measured,100,174,989.0,,100,860.266855,state_verified
accepted,2,baseline,measured,100,175,914.0,,100,860.266855,state_verified
accepted,2,baseline,measured,100,176,874.0,,100,860.266855,state_verified
accepted,2,baseline,measured,100,177,871.0,,100,860.266855,state_verified
accepted,2,baseline,measured,100,178,855.0,,100,860.266855,state_verified
accepted,2,baseline,measured,100,179,978.0,,100,860.266855,state_verified
accepted,2,baseline,measured,100,180,814.0,,100,860.266855,state_verified
accepted,2,baseline,measured,100,181,800.0,,100,860.266855,state_verified
accepted,2,baseline,measured,100,182,1084.0,,100,860.266855,state_verified
accepted,2,baseline,measured,100,183,1143.0,,100,860.266855,state_verified
accepted,2,baseline,measured,100,184,1510.0,,100,860.266855,state_verified
accepted,2,baseline,measured,100,185,1471.0,,100,860.266855,state_verified
accepted,2,baseline,measured,100,186,956.0,,100,860.266855,state_verified
accepted,2,baseline,measured,100,187,1016.0,,100,860.266855,state_verified
accepted,2,baseline,measured,100,188,737.0,,100,860.266855,state_verified
accepted,2,baseline,measured,100,189,821.0,,100,860.266855,state_verified
accepted,2,baseline,measured,100,190,864.0,,100,860.266855,state_verified
accepted,2,baseline,measured,100,191,782.0,,100,860.266855,state_verified
accepted,2,baseline,measured,100,192,789.0,,100,860.266855,state_verified
accepted,2,baseline,measured,100,193,881.0,,100,860.266855,state_verified
accepted,2,baseline,measured,100,194,1331.0,,100,860.266855,state_verified
accepted,2,baseline,measured,100,195,1054.0,,100,860.266855,state_verified
accepted,2,baseline,measured,100,196,892.0,,100,860.266855,state_verified
accepted,2,baseline,measured,100,197,905.0,,100,860.266855,state_verified
accepted,2,baseline,measured,100,198,854.0,,100,860.266855,state_verified
accepted,2,baseline,measured,100,199,883.0,,100,860.266855,state_verified
accepted,2,baseline,measured,100,200,783.0,,100,860.266855,state_verified
accepted,2,protected,measured,users,1,3856.0,,1,1278.510791,state_verified
accepted,2,protected,measured,users,2,732.0,,1,1278.510791,state_verified
accepted,2,protected,measured,users,3,622.0,,1,1278.510791,state_verified
accepted,2,protected,measured,users,4,598.0,,1,1278.510791,state_verified
accepted,2,protected,measured,users,5,925.0,,1,1278.510791,state_verified
accepted,2,protected,measured,users,6,1002.0,,1,1278.510791,state_verified
accepted,2,protected,measured,users,7,924.0,,1,1278.510791,state_verified
accepted,2,protected,measured,users,8,1192.0,,1,1278.510791,state_verified
accepted,2,protected,measured,users,9,647.0,,1,1278.510791,state_verified
accepted,2,protected,measured,users,10,625.0,,1,1278.510791,state_verified
accepted,2,protected,measured,users,11,589.0,,1,1278.510791,state_verified
accepted,2,protected,measured,users,12,602.0,,1,1278.510791,state_verified
accepted,2,protected,measured,users,13,541.0,,1,1278.510791,state_verified
accepted,2,protected,measured,users,14,551.0,,1,1278.510791,state_verified
accepted,2,protected,measured,users,15,607.0,,1,1278.510791,state_verified
accepted,2,protected,measured,users,16,584.0,,1,1278.510791,state_verified
accepted,2,protected,measured,users,17,565.0,,1,1278.510791,state_verified
accepted,2,protected,measured,users,18,548.0,,1,1278.510791,state_verified
accepted,2,protected,measured,users,19,602.0,,1,1278.510791,state_verified
accepted,2,protected,measured,users,20,579.0,,1,1278.510791,state_verified
accepted,2,protected,measured,users,21,662.0,,1,1278.510791,state_verified
accepted,2,protected,measured,users,22,907.0,,1,1278.510791,state_verified
accepted,2,protected,measured,users,23,967.0,,1,1278.510791,state_verified
accepted,2,protected,measured,users,24,902.0,,1,1278.510791,state_verified
accepted,2,protected,measured,users,25,788.0,,1,1278.510791,state_verified
accepted,2,protected,measured,users,26,717.0,,1,1278.510791,state_verified
accepted,2,protected,measured,users,27,744.0,,1,1278.510791,state_verified
accepted,2,protected,measured,users,28,697.0,,1,1278.510791,state_verified
accepted,2,protected,measured,users,29,708.0,,1,1278.510791,state_verified
accepted,2,protected,measured,users,30,764.0,,1,1278.510791,state_verified
accepted,2,protected,measured,users,31,807.0,,1,1278.510791,state_verified
accepted,2,protected,measured,users,32,782.0,,1,1278.510791,state_verified
accepted,2,protected,measured,users,33,716.0,,1,1278.510791,state_verified
accepted,2,protected,measured,users,34,803.0,,1,1278.510791,state_verified
accepted,2,protected,measured,users,35,887.0,,1,1278.510791,state_verified
accepted,2,protected,measured,users,36,781.0,,1,1278.510791,state_verified
accepted,2,protected,measured,users,37,754.0,,1,1278.510791,state_verified
accepted,2,protected,measured,users,38,791.0,,1,1278.510791,state_verified
accepted,2,protected,measured,users,39,739.0,,1,1278.510791,state_verified
accepted,2,protected,measured,users,40,687.0,,1,1278.510791,state_verified
accepted,2,protected,measured,users,41,669.0,,1,1278.510791,state_verified
accepted,2,protected,measured,users,42,762.0,,1,1278.510791,state_verified
accepted,2,protected,measured,users,43,805.0,,1,1278.510791,state_verified
accepted,2,protected,measured,users,44,1182.0,,1,1278.510791,state_verified
accepted,2,protected,measured,users,45,985.0,,1,1278.510791,state_verified
accepted,2,protected,measured,users,46,774.0,,1,1278.510791,state_verified
accepted,2,protected,measured,users,47,720.0,,1,1278.510791,state_verified
accepted,2,protected,measured,users,48,691.0,,1,1278.510791,state_verified
accepted,2,protected,measured,users,49,712.0,,1,1278.510791,state_verified
accepted,2,protected,measured,users,50,676.0,,1,1278.510791,state_verified
accepted,2,protected,measured,users,51,675.0,,1,1278.510791,state_verified
accepted,2,protected,measured,users,52,720.0,,1,1278.510791,state_verified
accepted,2,protected,measured,users,53,681.0,,1,1278.510791,state_verified
accepted,2,protected,measured,users,54,674.0,,1,1278.510791,state_verified
accepted,2,protected,measured,users,55,683.0,,1,1278.510791,state_verified
accepted,2,protected,measured,users,56,682.0,,1,1278.510791,state_verified
accepted,2,protected,measured,users,57,717.0,,1,1278.510791,state_verified
accepted,2,protected,measured,users,58,674.0,,1,1278.510791,state_verified
accepted,2,protected,measured,users,59,684.0,,1,1278.510791,state_verified
accepted,2,protected,measured,users,60,677.0,,1,1278.510791,state_verified
accepted,2,protected,measured,users,61,678.0,,1,1278.510791,state_verified
accepted,2,protected,measured,users,62,684.0,,1,1278.510791,state_verified
accepted,2,protected,measured,users,63,690.0,,1,1278.510791,state_verified
accepted,2,protected,measured,users,64,775.0,,1,1278.510791,state_verified
accepted,2,protected,measured,users,65,738.0,,1,1278.510791,state_verified
accepted,2,protected,measured,users,66,776.0,,1,1278.510791,state_verified
accepted,2,protected,measured,users,67,708.0,,1,1278.510791,state_verified
accepted,2,protected,measured,users,68,710.0,,1,1278.510791,state_verified
accepted,2,protected,measured,users,69,1025.0,,1,1278.510791,state_verified
accepted,2,protected,measured,users,70,1039.0,,1,1278.510791,state_verified
accepted,2,protected,measured,users,71,1080.0,,1,1278.510791,state_verified
accepted,2,protected,measured,users,72,1032.0,,1,1278.510791,state_verified
accepted,2,protected,measured,users,73,880.0,,1,1278.510791,state_verified
accepted,2,protected,measured,users,74,825.0,,1,1278.510791,state_verified
accepted,2,protected,measured,users,75,687.0,,1,1278.510791,state_verified
accepted,2,protected,measured,users,76,694.0,,1,1278.510791,state_verified
accepted,2,protected,measured,users,77,704.0,,1,1278.510791,state_verified
accepted,2,protected,measured,users,78,653.0,,1,1278.510791,state_verified
accepted,2,protected,measured,users,79,669.0,,1,1278.510791,state_verified
accepted,2,protected,measured,users,80,695.0,,1,1278.510791,state_verified
accepted,2,protected,measured,users,81,639.0,,1,1278.510791,state_verified
accepted,2,protected,measured,users,82,688.0,,1,1278.510791,state_verified
accepted,2,protected,measured,users,83,692.0,,1,1278.510791,state_verified
accepted,2,protected,measured,users,84,833.0,,1,1278.510791,state_verified
accepted,2,protected,measured,users,85,806.0,,1,1278.510791,state_verified
accepted,2,protected,measured,users,86,874.0,,1,1278.510791,state_verified
accepted,2,protected,measured,users,87,859.0,,1,1278.510791,state_verified
accepted,2,protected,measured,users,88,712.0,,1,1278.510791,state_verified
accepted,2,protected,measured,users,89,711.0,,1,1278.510791,state_verified
accepted,2,protected,measured,users,90,695.0,,1,1278.510791,state_verified
accepted,2,protected,measured,users,91,665.0,,1,1278.510791,state_verified
accepted,2,protected,measured,users,92,678.0,,1,1278.510791,state_verified
accepted,2,protected,measured,users,93,694.0,,1,1278.510791,state_verified
accepted,2,protected,measured,users,94,675.0,,1,1278.510791,state_verified
accepted,2,protected,measured,users,95,678.0,,1,1278.510791,state_verified
accepted,2,protected,measured,users,96,678.0,,1,1278.510791,state_verified
accepted,2,protected,measured,users,97,701.0,,1,1278.510791,state_verified
accepted,2,protected,measured,users,98,663.0,,1,1278.510791,state_verified
accepted,2,protected,measured,users,99,696.0,,1,1278.510791,state_verified
accepted,2,protected,measured,users,100,683.0,,1,1278.510791,state_verified
accepted,2,protected,measured,users,101,676.0,,1,1278.510791,state_verified
accepted,2,protected,measured,users,102,675.0,,1,1278.510791,state_verified
accepted,2,protected,measured,users,103,694.0,,1,1278.510791,state_verified
accepted,2,protected,measured,users,104,658.0,,1,1278.510791,state_verified
accepted,2,protected,measured,users,105,666.0,,1,1278.510791,state_verified
accepted,2,protected,measured,users,106,815.0,,1,1278.510791,state_verified
accepted,2,protected,measured,users,107,749.0,,1,1278.510791,state_verified
accepted,2,protected,measured,users,108,683.0,,1,1278.510791,state_verified
accepted,2,protected,measured,users,109,715.0,,1,1278.510791,state_verified
accepted,2,protected,measured,users,110,719.0,,1,1278.510791,state_verified
accepted,2,protected,measured,users,111,719.0,,1,1278.510791,state_verified
accepted,2,protected,measured,users,112,712.0,,1,1278.510791,state_verified
accepted,2,protected,measured,users,113,692.0,,1,1278.510791,state_verified
accepted,2,protected,measured,users,114,713.0,,1,1278.510791,state_verified
accepted,2,protected,measured,users,115,686.0,,1,1278.510791,state_verified
accepted,2,protected,measured,users,116,686.0,,1,1278.510791,state_verified
accepted,2,protected,measured,users,117,979.0,,1,1278.510791,state_verified
accepted,2,protected,measured,users,118,662.0,,1,1278.510791,state_verified
accepted,2,protected,measured,users,119,608.0,,1,1278.510791,state_verified
accepted,2,protected,measured,users,120,567.0,,1,1278.510791,state_verified
accepted,2,protected,measured,users,121,582.0,,1,1278.510791,state_verified
accepted,2,protected,measured,users,122,645.0,,1,1278.510791,state_verified
accepted,2,protected,measured,users,123,972.0,,1,1278.510791,state_verified
accepted,2,protected,measured,users,124,1044.0,,1,1278.510791,state_verified
accepted,2,protected,measured,users,125,726.0,,1,1278.510791,state_verified
accepted,2,protected,measured,users,126,739.0,,1,1278.510791,state_verified
accepted,2,protected,measured,users,127,714.0,,1,1278.510791,state_verified
accepted,2,protected,measured,users,128,694.0,,1,1278.510791,state_verified
accepted,2,protected,measured,users,129,670.0,,1,1278.510791,state_verified
accepted,2,protected,measured,users,130,712.0,,1,1278.510791,state_verified
accepted,2,protected,measured,users,131,730.0,,1,1278.510791,state_verified
accepted,2,protected,measured,users,132,704.0,,1,1278.510791,state_verified
accepted,2,protected,measured,users,133,1013.0,,1,1278.510791,state_verified
accepted,2,protected,measured,users,134,1136.0,,1,1278.510791,state_verified
accepted,2,protected,measured,users,135,1357.0,,1,1278.510791,state_verified
accepted,2,protected,measured,users,136,963.0,,1,1278.510791,state_verified
accepted,2,protected,measured,users,137,669.0,,1,1278.510791,state_verified
accepted,2,protected,measured,users,138,622.0,,1,1278.510791,state_verified
accepted,2,protected,measured,users,139,594.0,,1,1278.510791,state_verified
accepted,2,protected,measured,users,140,613.0,,1,1278.510791,state_verified
accepted,2,protected,measured,users,141,597.0,,1,1278.510791,state_verified
accepted,2,protected,measured,users,142,604.0,,1,1278.510791,state_verified
accepted,2,protected,measured,users,143,630.0,,1,1278.510791,state_verified
accepted,2,protected,measured,users,144,714.0,,1,1278.510791,state_verified
accepted,2,protected,measured,users,145,850.0,,1,1278.510791,state_verified
accepted,2,protected,measured,users,146,1589.0,,1,1278.510791,state_verified
accepted,2,protected,measured,users,147,855.0,,1,1278.510791,state_verified
accepted,2,protected,measured,users,148,844.0,,1,1278.510791,state_verified
accepted,2,protected,measured,users,149,719.0,,1,1278.510791,state_verified
accepted,2,protected,measured,users,150,677.0,,1,1278.510791,state_verified
accepted,2,protected,measured,users,151,666.0,,1,1278.510791,state_verified
accepted,2,protected,measured,users,152,681.0,,1,1278.510791,state_verified
accepted,2,protected,measured,users,153,693.0,,1,1278.510791,state_verified
accepted,2,protected,measured,users,154,696.0,,1,1278.510791,state_verified
accepted,2,protected,measured,users,155,739.0,,1,1278.510791,state_verified
accepted,2,protected,measured,users,156,910.0,,1,1278.510791,state_verified
accepted,2,protected,measured,users,157,751.0,,1,1278.510791,state_verified
accepted,2,protected,measured,users,158,657.0,,1,1278.510791,state_verified
accepted,2,protected,measured,users,159,652.0,,1,1278.510791,state_verified
accepted,2,protected,measured,users,160,646.0,,1,1278.510791,state_verified
accepted,2,protected,measured,users,161,687.0,,1,1278.510791,state_verified
accepted,2,protected,measured,users,162,685.0,,1,1278.510791,state_verified
accepted,2,protected,measured,users,163,690.0,,1,1278.510791,state_verified
accepted,2,protected,measured,users,164,697.0,,1,1278.510791,state_verified
accepted,2,protected,measured,users,165,709.0,,1,1278.510791,state_verified
accepted,2,protected,measured,users,166,715.0,,1,1278.510791,state_verified
accepted,2,protected,measured,users,167,818.0,,1,1278.510791,state_verified
accepted,2,protected,measured,users,168,727.0,,1,1278.510791,state_verified
accepted,2,protected,measured,users,169,876.0,,1,1278.510791,state_verified
accepted,2,protected,measured,users,170,859.0,,1,1278.510791,state_verified
accepted,2,protected,measured,users,171,847.0,,1,1278.510791,state_verified
accepted,2,protected,measured,users,172,826.0,,1,1278.510791,state_verified
accepted,2,protected,measured,users,173,802.0,,1,1278.510791,state_verified
accepted,2,protected,measured,users,174,830.0,,1,1278.510791,state_verified
accepted,2,protected,measured,users,175,818.0,,1,1278.510791,state_verified
accepted,2,protected,measured,users,176,725.0,,1,1278.510791,state_verified
accepted,2,protected,measured,users,177,675.0,,1,1278.510791,state_verified
accepted,2,protected,measured,users,178,649.0,,1,1278.510791,state_verified
accepted,2,protected,measured,users,179,664.0,,1,1278.510791,state_verified
accepted,2,protected,measured,users,180,727.0,,1,1278.510791,state_verified
accepted,2,protected,measured,users,181,638.0,,1,1278.510791,state_verified
accepted,2,protected,measured,users,182,731.0,,1,1278.510791,state_verified
accepted,2,protected,measured,users,183,838.0,,1,1278.510791,state_verified
accepted,2,protected,measured,users,184,822.0,,1,1278.510791,state_verified
accepted,2,protected,measured,users,185,709.0,,1,1278.510791,state_verified
accepted,2,protected,measured,users,186,686.0,,1,1278.510791,state_verified
accepted,2,protected,measured,users,187,776.0,,1,1278.510791,state_verified
accepted,2,protected,measured,users,188,836.0,,1,1278.510791,state_verified
accepted,2,protected,measured,users,189,855.0,,1,1278.510791,state_verified
accepted,2,protected,measured,users,190,810.0,,1,1278.510791,state_verified
accepted,2,protected,measured,users,191,816.0,,1,1278.510791,state_verified
accepted,2,protected,measured,users,192,876.0,,1,1278.510791,state_verified
accepted,2,protected,measured,users,193,790.0,,1,1278.510791,state_verified
accepted,2,protected,measured,users,194,827.0,,1,1278.510791,state_verified
accepted,2,protected,measured,users,195,829.0,,1,1278.510791,state_verified
accepted,2,protected,measured,users,196,864.0,,1,1278.510791,state_verified
accepted,2,protected,measured,users,197,1070.0,,1,1278.510791,state_verified
accepted,2,protected,measured,users,198,1019.0,,1,1278.510791,state_verified
accepted,2,protected,measured,users,199,1006.0,,1,1278.510791,state_verified
accepted,2,protected,measured,users,200,1036.0,,1,1278.510791,state_verified
accepted,2,baseline,measured,users,1,3129.0,,1,1554.714282,state_verified
accepted,2,baseline,measured,users,2,908.0,,1,1554.714282,state_verified
accepted,2,baseline,measured,users,3,888.0,,1,1554.714282,state_verified
accepted,2,baseline,measured,users,4,670.0,,1,1554.714282,state_verified
accepted,2,baseline,measured,users,5,687.0,,1,1554.714282,state_verified
accepted,2,baseline,measured,users,6,594.0,,1,1554.714282,state_verified
accepted,2,baseline,measured,users,7,533.0,,1,1554.714282,state_verified
accepted,2,baseline,measured,users,8,548.0,,1,1554.714282,state_verified
accepted,2,baseline,measured,users,9,598.0,,1,1554.714282,state_verified
accepted,2,baseline,measured,users,10,576.0,,1,1554.714282,state_verified
accepted,2,baseline,measured,users,11,526.0,,1,1554.714282,state_verified
accepted,2,baseline,measured,users,12,515.0,,1,1554.714282,state_verified
accepted,2,baseline,measured,users,13,504.0,,1,1554.714282,state_verified
accepted,2,baseline,measured,users,14,527.0,,1,1554.714282,state_verified
accepted,2,baseline,measured,users,15,531.0,,1,1554.714282,state_verified
accepted,2,baseline,measured,users,16,544.0,,1,1554.714282,state_verified
accepted,2,baseline,measured,users,17,684.0,,1,1554.714282,state_verified
accepted,2,baseline,measured,users,18,640.0,,1,1554.714282,state_verified
accepted,2,baseline,measured,users,19,640.0,,1,1554.714282,state_verified
accepted,2,baseline,measured,users,20,818.0,,1,1554.714282,state_verified
accepted,2,baseline,measured,users,21,664.0,,1,1554.714282,state_verified
accepted,2,baseline,measured,users,22,767.0,,1,1554.714282,state_verified
accepted,2,baseline,measured,users,23,890.0,,1,1554.714282,state_verified
accepted,2,baseline,measured,users,24,923.0,,1,1554.714282,state_verified
accepted,2,baseline,measured,users,25,782.0,,1,1554.714282,state_verified
accepted,2,baseline,measured,users,26,628.0,,1,1554.714282,state_verified
accepted,2,baseline,measured,users,27,719.0,,1,1554.714282,state_verified
accepted,2,baseline,measured,users,28,522.0,,1,1554.714282,state_verified
accepted,2,baseline,measured,users,29,490.0,,1,1554.714282,state_verified
accepted,2,baseline,measured,users,30,545.0,,1,1554.714282,state_verified
accepted,2,baseline,measured,users,31,593.0,,1,1554.714282,state_verified
accepted,2,baseline,measured,users,32,532.0,,1,1554.714282,state_verified
accepted,2,baseline,measured,users,33,498.0,,1,1554.714282,state_verified
accepted,2,baseline,measured,users,34,501.0,,1,1554.714282,state_verified
accepted,2,baseline,measured,users,35,534.0,,1,1554.714282,state_verified
accepted,2,baseline,measured,users,36,510.0,,1,1554.714282,state_verified
accepted,2,baseline,measured,users,37,828.0,,1,1554.714282,state_verified
accepted,2,baseline,measured,users,38,836.0,,1,1554.714282,state_verified
accepted,2,baseline,measured,users,39,836.0,,1,1554.714282,state_verified
accepted,2,baseline,measured,users,40,890.0,,1,1554.714282,state_verified
accepted,2,baseline,measured,users,41,774.0,,1,1554.714282,state_verified
accepted,2,baseline,measured,users,42,639.0,,1,1554.714282,state_verified
accepted,2,baseline,measured,users,43,739.0,,1,1554.714282,state_verified
accepted,2,baseline,measured,users,44,603.0,,1,1554.714282,state_verified
accepted,2,baseline,measured,users,45,635.0,,1,1554.714282,state_verified
accepted,2,baseline,measured,users,46,596.0,,1,1554.714282,state_verified
accepted,2,baseline,measured,users,47,578.0,,1,1554.714282,state_verified
accepted,2,baseline,measured,users,48,572.0,,1,1554.714282,state_verified
accepted,2,baseline,measured,users,49,578.0,,1,1554.714282,state_verified
accepted,2,baseline,measured,users,50,604.0,,1,1554.714282,state_verified
accepted,2,baseline,measured,users,51,565.0,,1,1554.714282,state_verified
accepted,2,baseline,measured,users,52,519.0,,1,1554.714282,state_verified
accepted,2,baseline,measured,users,53,529.0,,1,1554.714282,state_verified
accepted,2,baseline,measured,users,54,512.0,,1,1554.714282,state_verified
accepted,2,baseline,measured,users,55,520.0,,1,1554.714282,state_verified
accepted,2,baseline,measured,users,56,519.0,,1,1554.714282,state_verified
accepted,2,baseline,measured,users,57,498.0,,1,1554.714282,state_verified
accepted,2,baseline,measured,users,58,504.0,,1,1554.714282,state_verified
accepted,2,baseline,measured,users,59,524.0,,1,1554.714282,state_verified
accepted,2,baseline,measured,users,60,552.0,,1,1554.714282,state_verified
accepted,2,baseline,measured,users,61,549.0,,1,1554.714282,state_verified
accepted,2,baseline,measured,users,62,584.0,,1,1554.714282,state_verified
accepted,2,baseline,measured,users,63,552.0,,1,1554.714282,state_verified
accepted,2,baseline,measured,users,64,551.0,,1,1554.714282,state_verified
accepted,2,baseline,measured,users,65,525.0,,1,1554.714282,state_verified
accepted,2,baseline,measured,users,66,511.0,,1,1554.714282,state_verified
accepted,2,baseline,measured,users,67,523.0,,1,1554.714282,state_verified
accepted,2,baseline,measured,users,68,509.0,,1,1554.714282,state_verified
accepted,2,baseline,measured,users,69,510.0,,1,1554.714282,state_verified
accepted,2,baseline,measured,users,70,509.0,,1,1554.714282,state_verified
accepted,2,baseline,measured,users,71,520.0,,1,1554.714282,state_verified
accepted,2,baseline,measured,users,72,500.0,,1,1554.714282,state_verified
accepted,2,baseline,measured,users,73,504.0,,1,1554.714282,state_verified
accepted,2,baseline,measured,users,74,507.0,,1,1554.714282,state_verified
accepted,2,baseline,measured,users,75,521.0,,1,1554.714282,state_verified
accepted,2,baseline,measured,users,76,527.0,,1,1554.714282,state_verified
accepted,2,baseline,measured,users,77,572.0,,1,1554.714282,state_verified
accepted,2,baseline,measured,users,78,489.0,,1,1554.714282,state_verified
accepted,2,baseline,measured,users,79,503.0,,1,1554.714282,state_verified
accepted,2,baseline,measured,users,80,523.0,,1,1554.714282,state_verified
accepted,2,baseline,measured,users,81,507.0,,1,1554.714282,state_verified
accepted,2,baseline,measured,users,82,515.0,,1,1554.714282,state_verified
accepted,2,baseline,measured,users,83,506.0,,1,1554.714282,state_verified
accepted,2,baseline,measured,users,84,527.0,,1,1554.714282,state_verified
accepted,2,baseline,measured,users,85,510.0,,1,1554.714282,state_verified
accepted,2,baseline,measured,users,86,503.0,,1,1554.714282,state_verified
accepted,2,baseline,measured,users,87,488.0,,1,1554.714282,state_verified
accepted,2,baseline,measured,users,88,507.0,,1,1554.714282,state_verified
accepted,2,baseline,measured,users,89,526.0,,1,1554.714282,state_verified
accepted,2,baseline,measured,users,90,511.0,,1,1554.714282,state_verified
accepted,2,baseline,measured,users,91,507.0,,1,1554.714282,state_verified
accepted,2,baseline,measured,users,92,507.0,,1,1554.714282,state_verified
accepted,2,baseline,measured,users,93,532.0,,1,1554.714282,state_verified
accepted,2,baseline,measured,users,94,668.0,,1,1554.714282,state_verified
accepted,2,baseline,measured,users,95,832.0,,1,1554.714282,state_verified
accepted,2,baseline,measured,users,96,672.0,,1,1554.714282,state_verified
accepted,2,baseline,measured,users,97,795.0,,1,1554.714282,state_verified
accepted,2,baseline,measured,users,98,687.0,,1,1554.714282,state_verified
accepted,2,baseline,measured,users,99,680.0,,1,1554.714282,state_verified
accepted,2,baseline,measured,users,100,646.0,,1,1554.714282,state_verified
accepted,2,baseline,measured,users,101,986.0,,1,1554.714282,state_verified
accepted,2,baseline,measured,users,102,1025.0,,1,1554.714282,state_verified
accepted,2,baseline,measured,users,103,973.0,,1,1554.714282,state_verified
accepted,2,baseline,measured,users,104,944.0,,1,1554.714282,state_verified
accepted,2,baseline,measured,users,105,687.0,,1,1554.714282,state_verified
accepted,2,baseline,measured,users,106,690.0,,1,1554.714282,state_verified
accepted,2,baseline,measured,users,107,508.0,,1,1554.714282,state_verified
accepted,2,baseline,measured,users,108,520.0,,1,1554.714282,state_verified
accepted,2,baseline,measured,users,109,537.0,,1,1554.714282,state_verified
accepted,2,baseline,measured,users,110,534.0,,1,1554.714282,state_verified
accepted,2,baseline,measured,users,111,504.0,,1,1554.714282,state_verified
accepted,2,baseline,measured,users,112,501.0,,1,1554.714282,state_verified
accepted,2,baseline,measured,users,113,508.0,,1,1554.714282,state_verified
accepted,2,baseline,measured,users,114,492.0,,1,1554.714282,state_verified
accepted,2,baseline,measured,users,115,510.0,,1,1554.714282,state_verified
accepted,2,baseline,measured,users,116,508.0,,1,1554.714282,state_verified
accepted,2,baseline,measured,users,117,512.0,,1,1554.714282,state_verified
accepted,2,baseline,measured,users,118,718.0,,1,1554.714282,state_verified
accepted,2,baseline,measured,users,119,820.0,,1,1554.714282,state_verified
accepted,2,baseline,measured,users,120,811.0,,1,1554.714282,state_verified
accepted,2,baseline,measured,users,121,670.0,,1,1554.714282,state_verified
accepted,2,baseline,measured,users,122,700.0,,1,1554.714282,state_verified
accepted,2,baseline,measured,users,123,614.0,,1,1554.714282,state_verified
accepted,2,baseline,measured,users,124,576.0,,1,1554.714282,state_verified
accepted,2,baseline,measured,users,125,589.0,,1,1554.714282,state_verified
accepted,2,baseline,measured,users,126,561.0,,1,1554.714282,state_verified
accepted,2,baseline,measured,users,127,571.0,,1,1554.714282,state_verified
accepted,2,baseline,measured,users,128,566.0,,1,1554.714282,state_verified
accepted,2,baseline,measured,users,129,497.0,,1,1554.714282,state_verified
accepted,2,baseline,measured,users,130,504.0,,1,1554.714282,state_verified
accepted,2,baseline,measured,users,131,502.0,,1,1554.714282,state_verified
accepted,2,baseline,measured,users,132,501.0,,1,1554.714282,state_verified
accepted,2,baseline,measured,users,133,492.0,,1,1554.714282,state_verified
accepted,2,baseline,measured,users,134,504.0,,1,1554.714282,state_verified
accepted,2,baseline,measured,users,135,490.0,,1,1554.714282,state_verified
accepted,2,baseline,measured,users,136,530.0,,1,1554.714282,state_verified
accepted,2,baseline,measured,users,137,532.0,,1,1554.714282,state_verified
accepted,2,baseline,measured,users,138,569.0,,1,1554.714282,state_verified
accepted,2,baseline,measured,users,139,579.0,,1,1554.714282,state_verified
accepted,2,baseline,measured,users,140,782.0,,1,1554.714282,state_verified
accepted,2,baseline,measured,users,141,734.0,,1,1554.714282,state_verified
accepted,2,baseline,measured,users,142,710.0,,1,1554.714282,state_verified
accepted,2,baseline,measured,users,143,798.0,,1,1554.714282,state_verified
accepted,2,baseline,measured,users,144,1118.0,,1,1554.714282,state_verified
accepted,2,baseline,measured,users,145,913.0,,1,1554.714282,state_verified
accepted,2,baseline,measured,users,146,877.0,,1,1554.714282,state_verified
accepted,2,baseline,measured,users,147,789.0,,1,1554.714282,state_verified
accepted,2,baseline,measured,users,148,659.0,,1,1554.714282,state_verified
accepted,2,baseline,measured,users,149,610.0,,1,1554.714282,state_verified
accepted,2,baseline,measured,users,150,600.0,,1,1554.714282,state_verified
accepted,2,baseline,measured,users,151,599.0,,1,1554.714282,state_verified
accepted,2,baseline,measured,users,152,645.0,,1,1554.714282,state_verified
accepted,2,baseline,measured,users,153,622.0,,1,1554.714282,state_verified
accepted,2,baseline,measured,users,154,872.0,,1,1554.714282,state_verified
accepted,2,baseline,measured,users,155,521.0,,1,1554.714282,state_verified
accepted,2,baseline,measured,users,156,512.0,,1,1554.714282,state_verified
accepted,2,baseline,measured,users,157,502.0,,1,1554.714282,state_verified
accepted,2,baseline,measured,users,158,487.0,,1,1554.714282,state_verified
accepted,2,baseline,measured,users,159,524.0,,1,1554.714282,state_verified
accepted,2,baseline,measured,users,160,522.0,,1,1554.714282,state_verified
accepted,2,baseline,measured,users,161,526.0,,1,1554.714282,state_verified
accepted,2,baseline,measured,users,162,538.0,,1,1554.714282,state_verified
accepted,2,baseline,measured,users,163,546.0,,1,1554.714282,state_verified
accepted,2,baseline,measured,users,164,508.0,,1,1554.714282,state_verified
accepted,2,baseline,measured,users,165,843.0,,1,1554.714282,state_verified
accepted,2,baseline,measured,users,166,807.0,,1,1554.714282,state_verified
accepted,2,baseline,measured,users,167,844.0,,1,1554.714282,state_verified
accepted,2,baseline,measured,users,168,1258.0,,1,1554.714282,state_verified
accepted,2,baseline,measured,users,169,866.0,,1,1554.714282,state_verified
accepted,2,baseline,measured,users,170,748.0,,1,1554.714282,state_verified
accepted,2,baseline,measured,users,171,625.0,,1,1554.714282,state_verified
accepted,2,baseline,measured,users,172,664.0,,1,1554.714282,state_verified
accepted,2,baseline,measured,users,173,579.0,,1,1554.714282,state_verified
accepted,2,baseline,measured,users,174,578.0,,1,1554.714282,state_verified
accepted,2,baseline,measured,users,175,599.0,,1,1554.714282,state_verified
accepted,2,baseline,measured,users,176,614.0,,1,1554.714282,state_verified
accepted,2,baseline,measured,users,177,604.0,,1,1554.714282,state_verified
accepted,2,baseline,measured,users,178,523.0,,1,1554.714282,state_verified
accepted,2,baseline,measured,users,179,649.0,,1,1554.714282,state_verified
accepted,2,baseline,measured,users,180,720.0,,1,1554.714282,state_verified
accepted,2,baseline,measured,users,181,522.0,,1,1554.714282,state_verified
accepted,2,baseline,measured,users,182,510.0,,1,1554.714282,state_verified
accepted,2,baseline,measured,users,183,529.0,,1,1554.714282,state_verified
accepted,2,baseline,measured,users,184,510.0,,1,1554.714282,state_verified
accepted,2,baseline,measured,users,185,530.0,,1,1554.714282,state_verified
accepted,2,baseline,measured,users,186,511.0,,1,1554.714282,state_verified
accepted,2,baseline,measured,users,187,513.0,,1,1554.714282,state_verified
accepted,2,baseline,measured,users,188,544.0,,1,1554.714282,state_verified
accepted,2,baseline,measured,users,189,512.0,,1,1554.714282,state_verified
accepted,2,baseline,measured,users,190,529.0,,1,1554.714282,state_verified
accepted,2,baseline,measured,users,191,616.0,,1,1554.714282,state_verified
accepted,2,baseline,measured,users,192,928.0,,1,1554.714282,state_verified
accepted,2,baseline,measured,users,193,1061.0,,1,1554.714282,state_verified
accepted,2,baseline,measured,users,194,836.0,,1,1554.714282,state_verified
accepted,2,baseline,measured,users,195,767.0,,1,1554.714282,state_verified
accepted,2,baseline,measured,users,196,722.0,,1,1554.714282,state_verified
accepted,2,baseline,measured,users,197,801.0,,1,1554.714282,state_verified
accepted,2,baseline,measured,users,198,708.0,,1,1554.714282,state_verified
accepted,2,baseline,measured,users,199,738.0,,1,1554.714282,state_verified
accepted,2,baseline,measured,users,200,721.0,,1,1554.714282,state_verified
accepted,2,protected,measured,refunds,1,3045.0,,1,1175.903388,state_verified
accepted,2,protected,measured,refunds,2,647.0,,1,1175.903388,state_verified
accepted,2,protected,measured,refunds,3,718.0,,1,1175.903388,state_verified
accepted,2,protected,measured,refunds,4,718.0,,1,1175.903388,state_verified
accepted,2,protected,measured,refunds,5,684.0,,1,1175.903388,state_verified
accepted,2,protected,measured,refunds,6,717.0,,1,1175.903388,state_verified
accepted,2,protected,measured,refunds,7,648.0,,1,1175.903388,state_verified
accepted,2,protected,measured,refunds,8,605.0,,1,1175.903388,state_verified
accepted,2,protected,measured,refunds,9,859.0,,1,1175.903388,state_verified
accepted,2,protected,measured,refunds,10,780.0,,1,1175.903388,state_verified
accepted,2,protected,measured,refunds,11,837.0,,1,1175.903388,state_verified
accepted,2,protected,measured,refunds,12,779.0,,1,1175.903388,state_verified
accepted,2,protected,measured,refunds,13,661.0,,1,1175.903388,state_verified
accepted,2,protected,measured,refunds,14,616.0,,1,1175.903388,state_verified
accepted,2,protected,measured,refunds,15,657.0,,1,1175.903388,state_verified
accepted,2,protected,measured,refunds,16,622.0,,1,1175.903388,state_verified
accepted,2,protected,measured,refunds,17,989.0,,1,1175.903388,state_verified
accepted,2,protected,measured,refunds,18,962.0,,1,1175.903388,state_verified
accepted,2,protected,measured,refunds,19,957.0,,1,1175.903388,state_verified
accepted,2,protected,measured,refunds,20,984.0,,1,1175.903388,state_verified
accepted,2,protected,measured,refunds,21,814.0,,1,1175.903388,state_verified
accepted,2,protected,measured,refunds,22,770.0,,1,1175.903388,state_verified
accepted,2,protected,measured,refunds,23,623.0,,1,1175.903388,state_verified
accepted,2,protected,measured,refunds,24,630.0,,1,1175.903388,state_verified
accepted,2,protected,measured,refunds,25,628.0,,1,1175.903388,state_verified
accepted,2,protected,measured,refunds,26,651.0,,1,1175.903388,state_verified
accepted,2,protected,measured,refunds,27,659.0,,1,1175.903388,state_verified
accepted,2,protected,measured,refunds,28,665.0,,1,1175.903388,state_verified
accepted,2,protected,measured,refunds,29,624.0,,1,1175.903388,state_verified
accepted,2,protected,measured,refunds,30,632.0,,1,1175.903388,state_verified
accepted,2,protected,measured,refunds,31,822.0,,1,1175.903388,state_verified
accepted,2,protected,measured,refunds,32,797.0,,1,1175.903388,state_verified
accepted,2,protected,measured,refunds,33,1660.0,,1,1175.903388,state_verified
accepted,2,protected,measured,refunds,34,737.0,,1,1175.903388,state_verified
accepted,2,protected,measured,refunds,35,693.0,,1,1175.903388,state_verified
accepted,2,protected,measured,refunds,36,663.0,,1,1175.903388,state_verified
accepted,2,protected,measured,refunds,37,661.0,,1,1175.903388,state_verified
accepted,2,protected,measured,refunds,38,700.0,,1,1175.903388,state_verified
accepted,2,protected,measured,refunds,39,718.0,,1,1175.903388,state_verified
accepted,2,protected,measured,refunds,40,611.0,,1,1175.903388,state_verified
accepted,2,protected,measured,refunds,41,648.0,,1,1175.903388,state_verified
accepted,2,protected,measured,refunds,42,633.0,,1,1175.903388,state_verified
accepted,2,protected,measured,refunds,43,676.0,,1,1175.903388,state_verified
accepted,2,protected,measured,refunds,44,656.0,,1,1175.903388,state_verified
accepted,2,protected,measured,refunds,45,643.0,,1,1175.903388,state_verified
accepted,2,protected,measured,refunds,46,652.0,,1,1175.903388,state_verified
accepted,2,protected,measured,refunds,47,673.0,,1,1175.903388,state_verified
accepted,2,protected,measured,refunds,48,653.0,,1,1175.903388,state_verified
accepted,2,protected,measured,refunds,49,638.0,,1,1175.903388,state_verified
accepted,2,protected,measured,refunds,50,662.0,,1,1175.903388,state_verified
accepted,2,protected,measured,refunds,51,637.0,,1,1175.903388,state_verified
accepted,2,protected,measured,refunds,52,752.0,,1,1175.903388,state_verified
accepted,2,protected,measured,refunds,53,883.0,,1,1175.903388,state_verified
accepted,2,protected,measured,refunds,54,820.0,,1,1175.903388,state_verified
accepted,2,protected,measured,refunds,55,881.0,,1,1175.903388,state_verified
accepted,2,protected,measured,refunds,56,752.0,,1,1175.903388,state_verified
accepted,2,protected,measured,refunds,57,711.0,,1,1175.903388,state_verified
accepted,2,protected,measured,refunds,58,752.0,,1,1175.903388,state_verified
accepted,2,protected,measured,refunds,59,907.0,,1,1175.903388,state_verified
accepted,2,protected,measured,refunds,60,915.0,,1,1175.903388,state_verified
accepted,2,protected,measured,refunds,61,921.0,,1,1175.903388,state_verified
accepted,2,protected,measured,refunds,62,752.0,,1,1175.903388,state_verified
accepted,2,protected,measured,refunds,63,726.0,,1,1175.903388,state_verified
accepted,2,protected,measured,refunds,64,710.0,,1,1175.903388,state_verified
accepted,2,protected,measured,refunds,65,716.0,,1,1175.903388,state_verified
accepted,2,protected,measured,refunds,66,661.0,,1,1175.903388,state_verified
accepted,2,protected,measured,refunds,67,638.0,,1,1175.903388,state_verified
accepted,2,protected,measured,refunds,68,684.0,,1,1175.903388,state_verified
accepted,2,protected,measured,refunds,69,622.0,,1,1175.903388,state_verified
accepted,2,protected,measured,refunds,70,659.0,,1,1175.903388,state_verified
accepted,2,protected,measured,refunds,71,676.0,,1,1175.903388,state_verified
accepted,2,protected,measured,refunds,72,629.0,,1,1175.903388,state_verified
accepted,2,protected,measured,refunds,73,767.0,,1,1175.903388,state_verified
accepted,2,protected,measured,refunds,74,806.0,,1,1175.903388,state_verified
accepted,2,protected,measured,refunds,75,776.0,,1,1175.903388,state_verified
accepted,2,protected,measured,refunds,76,771.0,,1,1175.903388,state_verified
accepted,2,protected,measured,refunds,77,729.0,,1,1175.903388,state_verified
accepted,2,protected,measured,refunds,78,667.0,,1,1175.903388,state_verified
accepted,2,protected,measured,refunds,79,683.0,,1,1175.903388,state_verified
accepted,2,protected,measured,refunds,80,639.0,,1,1175.903388,state_verified
accepted,2,protected,measured,refunds,81,985.0,,1,1175.903388,state_verified
accepted,2,protected,measured,refunds,82,992.0,,1,1175.903388,state_verified
accepted,2,protected,measured,refunds,83,1018.0,,1,1175.903388,state_verified
accepted,2,protected,measured,refunds,84,956.0,,1,1175.903388,state_verified
accepted,2,protected,measured,refunds,85,679.0,,1,1175.903388,state_verified
accepted,2,protected,measured,refunds,86,684.0,,1,1175.903388,state_verified
accepted,2,protected,measured,refunds,87,658.0,,1,1175.903388,state_verified
accepted,2,protected,measured,refunds,88,764.0,,1,1175.903388,state_verified
accepted,2,protected,measured,refunds,89,815.0,,1,1175.903388,state_verified
accepted,2,protected,measured,refunds,90,662.0,,1,1175.903388,state_verified
accepted,2,protected,measured,refunds,91,721.0,,1,1175.903388,state_verified
accepted,2,protected,measured,refunds,92,821.0,,1,1175.903388,state_verified
accepted,2,protected,measured,refunds,93,631.0,,1,1175.903388,state_verified
accepted,2,protected,measured,refunds,94,652.0,,1,1175.903388,state_verified
accepted,2,protected,measured,refunds,95,634.0,,1,1175.903388,state_verified
accepted,2,protected,measured,refunds,96,672.0,,1,1175.903388,state_verified
accepted,2,protected,measured,refunds,97,661.0,,1,1175.903388,state_verified
accepted,2,protected,measured,refunds,98,664.0,,1,1175.903388,state_verified
accepted,2,protected,measured,refunds,99,670.0,,1,1175.903388,state_verified
accepted,2,protected,measured,refunds,100,692.0,,1,1175.903388,state_verified
accepted,2,protected,measured,refunds,101,665.0,,1,1175.903388,state_verified
accepted,2,protected,measured,refunds,102,684.0,,1,1175.903388,state_verified
accepted,2,protected,measured,refunds,103,647.0,,1,1175.903388,state_verified
accepted,2,protected,measured,refunds,104,666.0,,1,1175.903388,state_verified
accepted,2,protected,measured,refunds,105,686.0,,1,1175.903388,state_verified
accepted,2,protected,measured,refunds,106,673.0,,1,1175.903388,state_verified
accepted,2,protected,measured,refunds,107,658.0,,1,1175.903388,state_verified
accepted,2,protected,measured,refunds,108,666.0,,1,1175.903388,state_verified
accepted,2,protected,measured,refunds,109,668.0,,1,1175.903388,state_verified
accepted,2,protected,measured,refunds,110,657.0,,1,1175.903388,state_verified
accepted,2,protected,measured,refunds,111,791.0,,1,1175.903388,state_verified
accepted,2,protected,measured,refunds,112,712.0,,1,1175.903388,state_verified
accepted,2,protected,measured,refunds,113,765.0,,1,1175.903388,state_verified
accepted,2,protected,measured,refunds,114,764.0,,1,1175.903388,state_verified
accepted,2,protected,measured,refunds,115,831.0,,1,1175.903388,state_verified
accepted,2,protected,measured,refunds,116,735.0,,1,1175.903388,state_verified
accepted,2,protected,measured,refunds,117,693.0,,1,1175.903388,state_verified
accepted,2,protected,measured,refunds,118,690.0,,1,1175.903388,state_verified
accepted,2,protected,measured,refunds,119,720.0,,1,1175.903388,state_verified
accepted,2,protected,measured,refunds,120,762.0,,1,1175.903388,state_verified
accepted,2,protected,measured,refunds,121,899.0,,1,1175.903388,state_verified
accepted,2,protected,measured,refunds,122,901.0,,1,1175.903388,state_verified
accepted,2,protected,measured,refunds,123,1523.0,,1,1175.903388,state_verified
accepted,2,protected,measured,refunds,124,922.0,,1,1175.903388,state_verified
accepted,2,protected,measured,refunds,125,762.0,,1,1175.903388,state_verified
accepted,2,protected,measured,refunds,126,695.0,,1,1175.903388,state_verified
accepted,2,protected,measured,refunds,127,697.0,,1,1175.903388,state_verified
accepted,2,protected,measured,refunds,128,977.0,,1,1175.903388,state_verified
accepted,2,protected,measured,refunds,129,737.0,,1,1175.903388,state_verified
accepted,2,protected,measured,refunds,130,989.0,,1,1175.903388,state_verified
accepted,2,protected,measured,refunds,131,1085.0,,1,1175.903388,state_verified
accepted,2,protected,measured,refunds,132,879.0,,1,1175.903388,state_verified
accepted,2,protected,measured,refunds,133,896.0,,1,1175.903388,state_verified
accepted,2,protected,measured,refunds,134,1220.0,,1,1175.903388,state_verified
accepted,2,protected,measured,refunds,135,1218.0,,1,1175.903388,state_verified
accepted,2,protected,measured,refunds,136,1483.0,,1,1175.903388,state_verified
accepted,2,protected,measured,refunds,137,1011.0,,1,1175.903388,state_verified
accepted,2,protected,measured,refunds,138,1011.0,,1,1175.903388,state_verified
accepted,2,protected,measured,refunds,139,1163.0,,1,1175.903388,state_verified
accepted,2,protected,measured,refunds,140,1407.0,,1,1175.903388,state_verified
accepted,2,protected,measured,refunds,141,1899.0,,1,1175.903388,state_verified
accepted,2,protected,measured,refunds,142,1835.0,,1,1175.903388,state_verified
accepted,2,protected,measured,refunds,143,1726.0,,1,1175.903388,state_verified
accepted,2,protected,measured,refunds,144,1760.0,,1,1175.903388,state_verified
accepted,2,protected,measured,refunds,145,1250.0,,1,1175.903388,state_verified
accepted,2,protected,measured,refunds,146,1163.0,,1,1175.903388,state_verified
accepted,2,protected,measured,refunds,147,2163.0,,1,1175.903388,state_verified
accepted,2,protected,measured,refunds,148,1357.0,,1,1175.903388,state_verified
accepted,2,protected,measured,refunds,149,1461.0,,1,1175.903388,state_verified
accepted,2,protected,measured,refunds,150,1003.0,,1,1175.903388,state_verified
accepted,2,protected,measured,refunds,151,978.0,,1,1175.903388,state_verified
accepted,2,protected,measured,refunds,152,953.0,,1,1175.903388,state_verified
accepted,2,protected,measured,refunds,153,1582.0,,1,1175.903388,state_verified
accepted,2,protected,measured,refunds,154,779.0,,1,1175.903388,state_verified
accepted,2,protected,measured,refunds,155,698.0,,1,1175.903388,state_verified
accepted,2,protected,measured,refunds,156,721.0,,1,1175.903388,state_verified
accepted,2,protected,measured,refunds,157,734.0,,1,1175.903388,state_verified
accepted,2,protected,measured,refunds,158,843.0,,1,1175.903388,state_verified
accepted,2,protected,measured,refunds,159,1224.0,,1,1175.903388,state_verified
accepted,2,protected,measured,refunds,160,927.0,,1,1175.903388,state_verified
accepted,2,protected,measured,refunds,161,940.0,,1,1175.903388,state_verified
accepted,2,protected,measured,refunds,162,791.0,,1,1175.903388,state_verified
accepted,2,protected,measured,refunds,163,1028.0,,1,1175.903388,state_verified
accepted,2,protected,measured,refunds,164,903.0,,1,1175.903388,state_verified
accepted,2,protected,measured,refunds,165,761.0,,1,1175.903388,state_verified
accepted,2,protected,measured,refunds,166,814.0,,1,1175.903388,state_verified
accepted,2,protected,measured,refunds,167,915.0,,1,1175.903388,state_verified
accepted,2,protected,measured,refunds,168,869.0,,1,1175.903388,state_verified
accepted,2,protected,measured,refunds,169,738.0,,1,1175.903388,state_verified
accepted,2,protected,measured,refunds,170,711.0,,1,1175.903388,state_verified
accepted,2,protected,measured,refunds,171,866.0,,1,1175.903388,state_verified
accepted,2,protected,measured,refunds,172,820.0,,1,1175.903388,state_verified
accepted,2,protected,measured,refunds,173,830.0,,1,1175.903388,state_verified
accepted,2,protected,measured,refunds,174,717.0,,1,1175.903388,state_verified
accepted,2,protected,measured,refunds,175,873.0,,1,1175.903388,state_verified
accepted,2,protected,measured,refunds,176,933.0,,1,1175.903388,state_verified
accepted,2,protected,measured,refunds,177,829.0,,1,1175.903388,state_verified
accepted,2,protected,measured,refunds,178,823.0,,1,1175.903388,state_verified
accepted,2,protected,measured,refunds,179,821.0,,1,1175.903388,state_verified
accepted,2,protected,measured,refunds,180,655.0,,1,1175.903388,state_verified
accepted,2,protected,measured,refunds,181,631.0,,1,1175.903388,state_verified
accepted,2,protected,measured,refunds,182,614.0,,1,1175.903388,state_verified
accepted,2,protected,measured,refunds,183,747.0,,1,1175.903388,state_verified
accepted,2,protected,measured,refunds,184,921.0,,1,1175.903388,state_verified
accepted,2,protected,measured,refunds,185,838.0,,1,1175.903388,state_verified
accepted,2,protected,measured,refunds,186,750.0,,1,1175.903388,state_verified
accepted,2,protected,measured,refunds,187,802.0,,1,1175.903388,state_verified
accepted,2,protected,measured,refunds,188,793.0,,1,1175.903388,state_verified
accepted,2,protected,measured,refunds,189,765.0,,1,1175.903388,state_verified
accepted,2,protected,measured,refunds,190,808.0,,1,1175.903388,state_verified
accepted,2,protected,measured,refunds,191,670.0,,1,1175.903388,state_verified
accepted,2,protected,measured,refunds,192,640.0,,1,1175.903388,state_verified
accepted,2,protected,measured,refunds,193,641.0,,1,1175.903388,state_verified
accepted,2,protected,measured,refunds,194,635.0,,1,1175.903388,state_verified
accepted,2,protected,measured,refunds,195,810.0,,1,1175.903388,state_verified
accepted,2,protected,measured,refunds,196,917.0,,1,1175.903388,state_verified
accepted,2,protected,measured,refunds,197,928.0,,1,1175.903388,state_verified
accepted,2,protected,measured,refunds,198,799.0,,1,1175.903388,state_verified
accepted,2,protected,measured,refunds,199,717.0,,1,1175.903388,state_verified
accepted,2,protected,measured,refunds,200,811.0,,1,1175.903388,state_verified
accepted,2,baseline,measured,refunds,1,2978.0,,1,1441.919483,state_verified
accepted,2,baseline,measured,refunds,2,674.0,,1,1441.919483,state_verified
accepted,2,baseline,measured,refunds,3,560.0,,1,1441.919483,state_verified
accepted,2,baseline,measured,refunds,4,583.0,,1,1441.919483,state_verified
accepted,2,baseline,measured,refunds,5,608.0,,1,1441.919483,state_verified
accepted,2,baseline,measured,refunds,6,628.0,,1,1441.919483,state_verified
accepted,2,baseline,measured,refunds,7,596.0,,1,1441.919483,state_verified
accepted,2,baseline,measured,refunds,8,550.0,,1,1441.919483,state_verified
accepted,2,baseline,measured,refunds,9,560.0,,1,1441.919483,state_verified
accepted,2,baseline,measured,refunds,10,596.0,,1,1441.919483,state_verified
accepted,2,baseline,measured,refunds,11,543.0,,1,1441.919483,state_verified
accepted,2,baseline,measured,refunds,12,567.0,,1,1441.919483,state_verified
accepted,2,baseline,measured,refunds,13,546.0,,1,1441.919483,state_verified
accepted,2,baseline,measured,refunds,14,548.0,,1,1441.919483,state_verified
accepted,2,baseline,measured,refunds,15,595.0,,1,1441.919483,state_verified
accepted,2,baseline,measured,refunds,16,530.0,,1,1441.919483,state_verified
accepted,2,baseline,measured,refunds,17,551.0,,1,1441.919483,state_verified
accepted,2,baseline,measured,refunds,18,651.0,,1,1441.919483,state_verified
accepted,2,baseline,measured,refunds,19,943.0,,1,1441.919483,state_verified
accepted,2,baseline,measured,refunds,20,1126.0,,1,1441.919483,state_verified
accepted,2,baseline,measured,refunds,21,1001.0,,1,1441.919483,state_verified
accepted,2,baseline,measured,refunds,22,823.0,,1,1441.919483,state_verified
accepted,2,baseline,measured,refunds,23,699.0,,1,1441.919483,state_verified
accepted,2,baseline,measured,refunds,24,677.0,,1,1441.919483,state_verified
accepted,2,baseline,measured,refunds,25,845.0,,1,1441.919483,state_verified
accepted,2,baseline,measured,refunds,26,646.0,,1,1441.919483,state_verified
accepted,2,baseline,measured,refunds,27,849.0,,1,1441.919483,state_verified
accepted,2,baseline,measured,refunds,28,714.0,,1,1441.919483,state_verified
accepted,2,baseline,measured,refunds,29,582.0,,1,1441.919483,state_verified
accepted,2,baseline,measured,refunds,30,610.0,,1,1441.919483,state_verified
accepted,2,baseline,measured,refunds,31,581.0,,1,1441.919483,state_verified
accepted,2,baseline,measured,refunds,32,577.0,,1,1441.919483,state_verified
accepted,2,baseline,measured,refunds,33,592.0,,1,1441.919483,state_verified
accepted,2,baseline,measured,refunds,34,574.0,,1,1441.919483,state_verified
accepted,2,baseline,measured,refunds,35,561.0,,1,1441.919483,state_verified
accepted,2,baseline,measured,refunds,36,530.0,,1,1441.919483,state_verified
accepted,2,baseline,measured,refunds,37,604.0,,1,1441.919483,state_verified
accepted,2,baseline,measured,refunds,38,640.0,,1,1441.919483,state_verified
accepted,2,baseline,measured,refunds,39,515.0,,1,1441.919483,state_verified
accepted,2,baseline,measured,refunds,40,540.0,,1,1441.919483,state_verified
accepted,2,baseline,measured,refunds,41,520.0,,1,1441.919483,state_verified
accepted,2,baseline,measured,refunds,42,494.0,,1,1441.919483,state_verified
accepted,2,baseline,measured,refunds,43,509.0,,1,1441.919483,state_verified
accepted,2,baseline,measured,refunds,44,533.0,,1,1441.919483,state_verified
accepted,2,baseline,measured,refunds,45,852.0,,1,1441.919483,state_verified
accepted,2,baseline,measured,refunds,46,983.0,,1,1441.919483,state_verified
accepted,2,baseline,measured,refunds,47,943.0,,1,1441.919483,state_verified
accepted,2,baseline,measured,refunds,48,1035.0,,1,1441.919483,state_verified
accepted,2,baseline,measured,refunds,49,891.0,,1,1441.919483,state_verified
accepted,2,baseline,measured,refunds,50,618.0,,1,1441.919483,state_verified
accepted,2,baseline,measured,refunds,51,641.0,,1,1441.919483,state_verified
accepted,2,baseline,measured,refunds,52,748.0,,1,1441.919483,state_verified
accepted,2,baseline,measured,refunds,53,721.0,,1,1441.919483,state_verified
accepted,2,baseline,measured,refunds,54,701.0,,1,1441.919483,state_verified
accepted,2,baseline,measured,refunds,55,606.0,,1,1441.919483,state_verified
accepted,2,baseline,measured,refunds,56,581.0,,1,1441.919483,state_verified
accepted,2,baseline,measured,refunds,57,598.0,,1,1441.919483,state_verified
accepted,2,baseline,measured,refunds,58,837.0,,1,1441.919483,state_verified
accepted,2,baseline,measured,refunds,59,730.0,,1,1441.919483,state_verified
accepted,2,baseline,measured,refunds,60,661.0,,1,1441.919483,state_verified
accepted,2,baseline,measured,refunds,61,531.0,,1,1441.919483,state_verified
accepted,2,baseline,measured,refunds,62,516.0,,1,1441.919483,state_verified
accepted,2,baseline,measured,refunds,63,592.0,,1,1441.919483,state_verified
accepted,2,baseline,measured,refunds,64,578.0,,1,1441.919483,state_verified
accepted,2,baseline,measured,refunds,65,592.0,,1,1441.919483,state_verified
accepted,2,baseline,measured,refunds,66,530.0,,1,1441.919483,state_verified
accepted,2,baseline,measured,refunds,67,521.0,,1,1441.919483,state_verified
accepted,2,baseline,measured,refunds,68,567.0,,1,1441.919483,state_verified
accepted,2,baseline,measured,refunds,69,515.0,,1,1441.919483,state_verified
accepted,2,baseline,measured,refunds,70,564.0,,1,1441.919483,state_verified
accepted,2,baseline,measured,refunds,71,605.0,,1,1441.919483,state_verified
accepted,2,baseline,measured,refunds,72,599.0,,1,1441.919483,state_verified
accepted,2,baseline,measured,refunds,73,556.0,,1,1441.919483,state_verified
accepted,2,baseline,measured,refunds,74,574.0,,1,1441.919483,state_verified
accepted,2,baseline,measured,refunds,75,748.0,,1,1441.919483,state_verified
accepted,2,baseline,measured,refunds,76,783.0,,1,1441.919483,state_verified
accepted,2,baseline,measured,refunds,77,858.0,,1,1441.919483,state_verified
accepted,2,baseline,measured,refunds,78,1114.0,,1,1441.919483,state_verified
accepted,2,baseline,measured,refunds,79,915.0,,1,1441.919483,state_verified
accepted,2,baseline,measured,refunds,80,843.0,,1,1441.919483,state_verified
accepted,2,baseline,measured,refunds,81,740.0,,1,1441.919483,state_verified
accepted,2,baseline,measured,refunds,82,708.0,,1,1441.919483,state_verified
accepted,2,baseline,measured,refunds,83,599.0,,1,1441.919483,state_verified
accepted,2,baseline,measured,refunds,84,629.0,,1,1441.919483,state_verified
accepted,2,baseline,measured,refunds,85,652.0,,1,1441.919483,state_verified
accepted,2,baseline,measured,refunds,86,614.0,,1,1441.919483,state_verified
accepted,2,baseline,measured,refunds,87,656.0,,1,1441.919483,state_verified
accepted,2,baseline,measured,refunds,88,645.0,,1,1441.919483,state_verified
accepted,2,baseline,measured,refunds,89,615.0,,1,1441.919483,state_verified
accepted,2,baseline,measured,refunds,90,648.0,,1,1441.919483,state_verified
accepted,2,baseline,measured,refunds,91,798.0,,1,1441.919483,state_verified
accepted,2,baseline,measured,refunds,92,788.0,,1,1441.919483,state_verified
accepted,2,baseline,measured,refunds,93,541.0,,1,1441.919483,state_verified
accepted,2,baseline,measured,refunds,94,613.0,,1,1441.919483,state_verified
accepted,2,baseline,measured,refunds,95,673.0,,1,1441.919483,state_verified
accepted,2,baseline,measured,refunds,96,644.0,,1,1441.919483,state_verified
accepted,2,baseline,measured,refunds,97,659.0,,1,1441.919483,state_verified
accepted,2,baseline,measured,refunds,98,715.0,,1,1441.919483,state_verified
accepted,2,baseline,measured,refunds,99,975.0,,1,1441.919483,state_verified
accepted,2,baseline,measured,refunds,100,866.0,,1,1441.919483,state_verified
accepted,2,baseline,measured,refunds,101,757.0,,1,1441.919483,state_verified
accepted,2,baseline,measured,refunds,102,688.0,,1,1441.919483,state_verified
accepted,2,baseline,measured,refunds,103,657.0,,1,1441.919483,state_verified
accepted,2,baseline,measured,refunds,104,657.0,,1,1441.919483,state_verified
accepted,2,baseline,measured,refunds,105,632.0,,1,1441.919483,state_verified
accepted,2,baseline,measured,refunds,106,604.0,,1,1441.919483,state_verified
accepted,2,baseline,measured,refunds,107,609.0,,1,1441.919483,state_verified
accepted,2,baseline,measured,refunds,108,635.0,,1,1441.919483,state_verified
accepted,2,baseline,measured,refunds,109,959.0,,1,1441.919483,state_verified
accepted,2,baseline,measured,refunds,110,941.0,,1,1441.919483,state_verified
accepted,2,baseline,measured,refunds,111,977.0,,1,1441.919483,state_verified
accepted,2,baseline,measured,refunds,112,952.0,,1,1441.919483,state_verified
accepted,2,baseline,measured,refunds,113,644.0,,1,1441.919483,state_verified
accepted,2,baseline,measured,refunds,114,643.0,,1,1441.919483,state_verified
accepted,2,baseline,measured,refunds,115,618.0,,1,1441.919483,state_verified
accepted,2,baseline,measured,refunds,116,634.0,,1,1441.919483,state_verified
accepted,2,baseline,measured,refunds,117,644.0,,1,1441.919483,state_verified
accepted,2,baseline,measured,refunds,118,640.0,,1,1441.919483,state_verified
accepted,2,baseline,measured,refunds,119,625.0,,1,1441.919483,state_verified
accepted,2,baseline,measured,refunds,120,656.0,,1,1441.919483,state_verified
accepted,2,baseline,measured,refunds,121,681.0,,1,1441.919483,state_verified
accepted,2,baseline,measured,refunds,122,899.0,,1,1441.919483,state_verified
accepted,2,baseline,measured,refunds,123,821.0,,1,1441.919483,state_verified
accepted,2,baseline,measured,refunds,124,697.0,,1,1441.919483,state_verified
accepted,2,baseline,measured,refunds,125,633.0,,1,1441.919483,state_verified
accepted,2,baseline,measured,refunds,126,612.0,,1,1441.919483,state_verified
accepted,2,baseline,measured,refunds,127,653.0,,1,1441.919483,state_verified
accepted,2,baseline,measured,refunds,128,620.0,,1,1441.919483,state_verified
accepted,2,baseline,measured,refunds,129,631.0,,1,1441.919483,state_verified
accepted,2,baseline,measured,refunds,130,607.0,,1,1441.919483,state_verified
accepted,2,baseline,measured,refunds,131,611.0,,1,1441.919483,state_verified
accepted,2,baseline,measured,refunds,132,645.0,,1,1441.919483,state_verified
accepted,2,baseline,measured,refunds,133,633.0,,1,1441.919483,state_verified
accepted,2,baseline,measured,refunds,134,619.0,,1,1441.919483,state_verified
accepted,2,baseline,measured,refunds,135,645.0,,1,1441.919483,state_verified
accepted,2,baseline,measured,refunds,136,614.0,,1,1441.919483,state_verified
accepted,2,baseline,measured,refunds,137,639.0,,1,1441.919483,state_verified
accepted,2,baseline,measured,refunds,138,732.0,,1,1441.919483,state_verified
accepted,2,baseline,measured,refunds,139,618.0,,1,1441.919483,state_verified
accepted,2,baseline,measured,refunds,140,625.0,,1,1441.919483,state_verified
accepted,2,baseline,measured,refunds,141,603.0,,1,1441.919483,state_verified
accepted,2,baseline,measured,refunds,142,599.0,,1,1441.919483,state_verified
accepted,2,baseline,measured,refunds,143,637.0,,1,1441.919483,state_verified
accepted,2,baseline,measured,refunds,144,632.0,,1,1441.919483,state_verified
accepted,2,baseline,measured,refunds,145,634.0,,1,1441.919483,state_verified
accepted,2,baseline,measured,refunds,146,677.0,,1,1441.919483,state_verified
accepted,2,baseline,measured,refunds,147,870.0,,1,1441.919483,state_verified
accepted,2,baseline,measured,refunds,148,780.0,,1,1441.919483,state_verified
accepted,2,baseline,measured,refunds,149,693.0,,1,1441.919483,state_verified
accepted,2,baseline,measured,refunds,150,657.0,,1,1441.919483,state_verified
accepted,2,baseline,measured,refunds,151,619.0,,1,1441.919483,state_verified
accepted,2,baseline,measured,refunds,152,610.0,,1,1441.919483,state_verified
accepted,2,baseline,measured,refunds,153,633.0,,1,1441.919483,state_verified
accepted,2,baseline,measured,refunds,154,612.0,,1,1441.919483,state_verified
accepted,2,baseline,measured,refunds,155,610.0,,1,1441.919483,state_verified
accepted,2,baseline,measured,refunds,156,649.0,,1,1441.919483,state_verified
accepted,2,baseline,measured,refunds,157,608.0,,1,1441.919483,state_verified
accepted,2,baseline,measured,refunds,158,614.0,,1,1441.919483,state_verified
accepted,2,baseline,measured,refunds,159,618.0,,1,1441.919483,state_verified
accepted,2,baseline,measured,refunds,160,622.0,,1,1441.919483,state_verified
accepted,2,baseline,measured,refunds,161,624.0,,1,1441.919483,state_verified
accepted,2,baseline,measured,refunds,162,623.0,,1,1441.919483,state_verified
accepted,2,baseline,measured,refunds,163,643.0,,1,1441.919483,state_verified
accepted,2,baseline,measured,refunds,164,675.0,,1,1441.919483,state_verified
accepted,2,baseline,measured,refunds,165,602.0,,1,1441.919483,state_verified
accepted,2,baseline,measured,refunds,166,647.0,,1,1441.919483,state_verified
accepted,2,baseline,measured,refunds,167,768.0,,1,1441.919483,state_verified
accepted,2,baseline,measured,refunds,168,597.0,,1,1441.919483,state_verified
accepted,2,baseline,measured,refunds,169,623.0,,1,1441.919483,state_verified
accepted,2,baseline,measured,refunds,170,615.0,,1,1441.919483,state_verified
accepted,2,baseline,measured,refunds,171,614.0,,1,1441.919483,state_verified
accepted,2,baseline,measured,refunds,172,761.0,,1,1441.919483,state_verified
accepted,2,baseline,measured,refunds,173,1130.0,,1,1441.919483,state_verified
accepted,2,baseline,measured,refunds,174,1038.0,,1,1441.919483,state_verified
accepted,2,baseline,measured,refunds,175,963.0,,1,1441.919483,state_verified
accepted,2,baseline,measured,refunds,176,968.0,,1,1441.919483,state_verified
accepted,2,baseline,measured,refunds,177,624.0,,1,1441.919483,state_verified
accepted,2,baseline,measured,refunds,178,633.0,,1,1441.919483,state_verified
accepted,2,baseline,measured,refunds,179,644.0,,1,1441.919483,state_verified
accepted,2,baseline,measured,refunds,180,674.0,,1,1441.919483,state_verified
accepted,2,baseline,measured,refunds,181,614.0,,1,1441.919483,state_verified
accepted,2,baseline,measured,refunds,182,626.0,,1,1441.919483,state_verified
accepted,2,baseline,measured,refunds,183,589.0,,1,1441.919483,state_verified
accepted,2,baseline,measured,refunds,184,625.0,,1,1441.919483,state_verified
accepted,2,baseline,measured,refunds,185,663.0,,1,1441.919483,state_verified
accepted,2,baseline,measured,refunds,186,623.0,,1,1441.919483,state_verified
accepted,2,baseline,measured,refunds,187,632.0,,1,1441.919483,state_verified
accepted,2,baseline,measured,refunds,188,637.0,,1,1441.919483,state_verified
accepted,2,baseline,measured,refunds,189,626.0,,1,1441.919483,state_verified
accepted,2,baseline,measured,refunds,190,591.0,,1,1441.919483,state_verified
accepted,2,baseline,measured,refunds,191,619.0,,1,1441.919483,state_verified
accepted,2,baseline,measured,refunds,192,596.0,,1,1441.919483,state_verified
accepted,2,baseline,measured,refunds,193,610.0,,1,1441.919483,state_verified
accepted,2,baseline,measured,refunds,194,628.0,,1,1441.919483,state_verified
accepted,2,baseline,measured,refunds,195,632.0,,1,1441.919483,state_verified
accepted,2,baseline,measured,refunds,196,867.0,,1,1441.919483,state_verified
accepted,2,baseline,measured,refunds,197,828.0,,1,1441.919483,state_verified
accepted,2,baseline,measured,refunds,198,653.0,,1,1441.919483,state_verified
accepted,2,baseline,measured,refunds,199,669.0,,1,1441.919483,state_verified
accepted,2,baseline,measured,refunds,200,653.0,,1,1441.919483,state_verified
accepted,2,protected,measured,mixed,1,6524.0,,7,913.20865,state_verified
accepted,2,protected,measured,mixed,2,1763.0,,7,913.20865,state_verified
accepted,2,protected,measured,mixed,3,1389.0,,7,913.20865,state_verified
accepted,2,protected,measured,mixed,4,1158.0,,7,913.20865,state_verified
accepted,2,protected,measured,mixed,5,1150.0,,7,913.20865,state_verified
accepted,2,protected,measured,mixed,6,1211.0,,7,913.20865,state_verified
accepted,2,protected,measured,mixed,7,1179.0,,7,913.20865,state_verified
accepted,2,protected,measured,mixed,8,1339.0,,7,913.20865,state_verified
accepted,2,protected,measured,mixed,9,1019.0,,7,913.20865,state_verified
accepted,2,protected,measured,mixed,10,1156.0,,7,913.20865,state_verified
accepted,2,protected,measured,mixed,11,1587.0,,7,913.20865,state_verified
accepted,2,protected,measured,mixed,12,1887.0,,7,913.20865,state_verified
accepted,2,protected,measured,mixed,13,1391.0,,7,913.20865,state_verified
accepted,2,protected,measured,mixed,14,1709.0,,7,913.20865,state_verified
accepted,2,protected,measured,mixed,15,1384.0,,7,913.20865,state_verified
accepted,2,protected,measured,mixed,16,1673.0,,7,913.20865,state_verified
accepted,2,protected,measured,mixed,17,1235.0,,7,913.20865,state_verified
accepted,2,protected,measured,mixed,18,1402.0,,7,913.20865,state_verified
accepted,2,protected,measured,mixed,19,1333.0,,7,913.20865,state_verified
accepted,2,protected,measured,mixed,20,1357.0,,7,913.20865,state_verified
accepted,2,protected,measured,mixed,21,1182.0,,7,913.20865,state_verified
accepted,2,protected,measured,mixed,22,1454.0,,7,913.20865,state_verified
accepted,2,protected,measured,mixed,23,1878.0,,7,913.20865,state_verified
accepted,2,protected,measured,mixed,24,2033.0,,7,913.20865,state_verified
accepted,2,protected,measured,mixed,25,1590.0,,7,913.20865,state_verified
accepted,2,protected,measured,mixed,26,1847.0,,7,913.20865,state_verified
accepted,2,protected,measured,mixed,27,1690.0,,7,913.20865,state_verified
accepted,2,protected,measured,mixed,28,1584.0,,7,913.20865,state_verified
accepted,2,protected,measured,mixed,29,1225.0,,7,913.20865,state_verified
accepted,2,protected,measured,mixed,30,1256.0,,7,913.20865,state_verified
accepted,2,protected,measured,mixed,31,1221.0,,7,913.20865,state_verified
accepted,2,protected,measured,mixed,32,1075.0,,7,913.20865,state_verified
accepted,2,protected,measured,mixed,33,1104.0,,7,913.20865,state_verified
accepted,2,protected,measured,mixed,34,1149.0,,7,913.20865,state_verified
accepted,2,protected,measured,mixed,35,1279.0,,7,913.20865,state_verified
accepted,2,protected,measured,mixed,36,1440.0,,7,913.20865,state_verified
accepted,2,protected,measured,mixed,37,1281.0,,7,913.20865,state_verified
accepted,2,protected,measured,mixed,38,1352.0,,7,913.20865,state_verified
accepted,2,protected,measured,mixed,39,1237.0,,7,913.20865,state_verified
accepted,2,protected,measured,mixed,40,1228.0,,7,913.20865,state_verified
accepted,2,protected,measured,mixed,41,1147.0,,7,913.20865,state_verified
accepted,2,protected,measured,mixed,42,1178.0,,7,913.20865,state_verified
accepted,2,protected,measured,mixed,43,1249.0,,7,913.20865,state_verified
accepted,2,protected,measured,mixed,44,1278.0,,7,913.20865,state_verified
accepted,2,protected,measured,mixed,45,1164.0,,7,913.20865,state_verified
accepted,2,protected,measured,mixed,46,1122.0,,7,913.20865,state_verified
accepted,2,protected,measured,mixed,47,1283.0,,7,913.20865,state_verified
accepted,2,protected,measured,mixed,48,1069.0,,7,913.20865,state_verified
accepted,2,protected,measured,mixed,49,1190.0,,7,913.20865,state_verified
accepted,2,protected,measured,mixed,50,1039.0,,7,913.20865,state_verified
accepted,2,protected,measured,mixed,51,1042.0,,7,913.20865,state_verified
accepted,2,protected,measured,mixed,52,1097.0,,7,913.20865,state_verified
accepted,2,protected,measured,mixed,53,1238.0,,7,913.20865,state_verified
accepted,2,protected,measured,mixed,54,1244.0,,7,913.20865,state_verified
accepted,2,protected,measured,mixed,55,1223.0,,7,913.20865,state_verified
accepted,2,protected,measured,mixed,56,1246.0,,7,913.20865,state_verified
accepted,2,protected,measured,mixed,57,1230.0,,7,913.20865,state_verified
accepted,2,protected,measured,mixed,58,989.0,,7,913.20865,state_verified
accepted,2,protected,measured,mixed,59,965.0,,7,913.20865,state_verified
accepted,2,protected,measured,mixed,60,1114.0,,7,913.20865,state_verified
accepted,2,protected,measured,mixed,61,936.0,,7,913.20865,state_verified
accepted,2,protected,measured,mixed,62,932.0,,7,913.20865,state_verified
accepted,2,protected,measured,mixed,63,983.0,,7,913.20865,state_verified
accepted,2,protected,measured,mixed,64,936.0,,7,913.20865,state_verified
accepted,2,protected,measured,mixed,65,1010.0,,7,913.20865,state_verified
accepted,2,protected,measured,mixed,66,1001.0,,7,913.20865,state_verified
accepted,2,protected,measured,mixed,67,928.0,,7,913.20865,state_verified
accepted,2,protected,measured,mixed,68,954.0,,7,913.20865,state_verified
accepted,2,protected,measured,mixed,69,1012.0,,7,913.20865,state_verified
accepted,2,protected,measured,mixed,70,972.0,,7,913.20865,state_verified
accepted,2,protected,measured,mixed,71,1195.0,,7,913.20865,state_verified
accepted,2,protected,measured,mixed,72,1133.0,,7,913.20865,state_verified
accepted,2,protected,measured,mixed,73,1121.0,,7,913.20865,state_verified
accepted,2,protected,measured,mixed,74,944.0,,7,913.20865,state_verified
accepted,2,protected,measured,mixed,75,953.0,,7,913.20865,state_verified
accepted,2,protected,measured,mixed,76,922.0,,7,913.20865,state_verified
accepted,2,protected,measured,mixed,77,978.0,,7,913.20865,state_verified
accepted,2,protected,measured,mixed,78,1150.0,,7,913.20865,state_verified
accepted,2,protected,measured,mixed,79,1078.0,,7,913.20865,state_verified
accepted,2,protected,measured,mixed,80,962.0,,7,913.20865,state_verified
accepted,2,protected,measured,mixed,81,990.0,,7,913.20865,state_verified
accepted,2,protected,measured,mixed,82,935.0,,7,913.20865,state_verified
accepted,2,protected,measured,mixed,83,1004.0,,7,913.20865,state_verified
accepted,2,protected,measured,mixed,84,1056.0,,7,913.20865,state_verified
accepted,2,protected,measured,mixed,85,995.0,,7,913.20865,state_verified
accepted,2,protected,measured,mixed,86,1051.0,,7,913.20865,state_verified
accepted,2,protected,measured,mixed,87,952.0,,7,913.20865,state_verified
accepted,2,protected,measured,mixed,88,1009.0,,7,913.20865,state_verified
accepted,2,protected,measured,mixed,89,1286.0,,7,913.20865,state_verified
accepted,2,protected,measured,mixed,90,1258.0,,7,913.20865,state_verified
accepted,2,protected,measured,mixed,91,1215.0,,7,913.20865,state_verified
accepted,2,protected,measured,mixed,92,1185.0,,7,913.20865,state_verified
accepted,2,protected,measured,mixed,93,920.0,,7,913.20865,state_verified
accepted,2,protected,measured,mixed,94,927.0,,7,913.20865,state_verified
accepted,2,protected,measured,mixed,95,886.0,,7,913.20865,state_verified
accepted,2,protected,measured,mixed,96,937.0,,7,913.20865,state_verified
accepted,2,protected,measured,mixed,97,943.0,,7,913.20865,state_verified
accepted,2,protected,measured,mixed,98,902.0,,7,913.20865,state_verified
accepted,2,protected,measured,mixed,99,892.0,,7,913.20865,state_verified
accepted,2,protected,measured,mixed,100,883.0,,7,913.20865,state_verified
accepted,2,protected,measured,mixed,101,906.0,,7,913.20865,state_verified
accepted,2,protected,measured,mixed,102,944.0,,7,913.20865,state_verified
accepted,2,protected,measured,mixed,103,936.0,,7,913.20865,state_verified
accepted,2,protected,measured,mixed,104,894.0,,7,913.20865,state_verified
accepted,2,protected,measured,mixed,105,893.0,,7,913.20865,state_verified
accepted,2,protected,measured,mixed,106,917.0,,7,913.20865,state_verified
accepted,2,protected,measured,mixed,107,852.0,,7,913.20865,state_verified
accepted,2,protected,measured,mixed,108,926.0,,7,913.20865,state_verified
accepted,2,protected,measured,mixed,109,909.0,,7,913.20865,state_verified
accepted,2,protected,measured,mixed,110,900.0,,7,913.20865,state_verified
accepted,2,protected,measured,mixed,111,901.0,,7,913.20865,state_verified
accepted,2,protected,measured,mixed,112,909.0,,7,913.20865,state_verified
accepted,2,protected,measured,mixed,113,935.0,,7,913.20865,state_verified
accepted,2,protected,measured,mixed,114,910.0,,7,913.20865,state_verified
accepted,2,protected,measured,mixed,115,897.0,,7,913.20865,state_verified
accepted,2,protected,measured,mixed,116,892.0,,7,913.20865,state_verified
accepted,2,protected,measured,mixed,117,959.0,,7,913.20865,state_verified
accepted,2,protected,measured,mixed,118,986.0,,7,913.20865,state_verified
accepted,2,protected,measured,mixed,119,925.0,,7,913.20865,state_verified
accepted,2,protected,measured,mixed,120,878.0,,7,913.20865,state_verified
accepted,2,protected,measured,mixed,121,866.0,,7,913.20865,state_verified
accepted,2,protected,measured,mixed,122,906.0,,7,913.20865,state_verified
accepted,2,protected,measured,mixed,123,882.0,,7,913.20865,state_verified
accepted,2,protected,measured,mixed,124,884.0,,7,913.20865,state_verified
accepted,2,protected,measured,mixed,125,925.0,,7,913.20865,state_verified
accepted,2,protected,measured,mixed,126,928.0,,7,913.20865,state_verified
accepted,2,protected,measured,mixed,127,882.0,,7,913.20865,state_verified
accepted,2,protected,measured,mixed,128,932.0,,7,913.20865,state_verified
accepted,2,protected,measured,mixed,129,890.0,,7,913.20865,state_verified
accepted,2,protected,measured,mixed,130,907.0,,7,913.20865,state_verified
accepted,2,protected,measured,mixed,131,897.0,,7,913.20865,state_verified
accepted,2,protected,measured,mixed,132,899.0,,7,913.20865,state_verified
accepted,2,protected,measured,mixed,133,1311.0,,7,913.20865,state_verified
accepted,2,protected,measured,mixed,134,885.0,,7,913.20865,state_verified
accepted,2,protected,measured,mixed,135,876.0,,7,913.20865,state_verified
accepted,2,protected,measured,mixed,136,890.0,,7,913.20865,state_verified
accepted,2,protected,measured,mixed,137,913.0,,7,913.20865,state_verified
accepted,2,protected,measured,mixed,138,900.0,,7,913.20865,state_verified
accepted,2,protected,measured,mixed,139,870.0,,7,913.20865,state_verified
accepted,2,protected,measured,mixed,140,940.0,,7,913.20865,state_verified
accepted,2,protected,measured,mixed,141,927.0,,7,913.20865,state_verified
accepted,2,protected,measured,mixed,142,905.0,,7,913.20865,state_verified
accepted,2,protected,measured,mixed,143,917.0,,7,913.20865,state_verified
accepted,2,protected,measured,mixed,144,903.0,,7,913.20865,state_verified
accepted,2,protected,measured,mixed,145,875.0,,7,913.20865,state_verified
accepted,2,protected,measured,mixed,146,993.0,,7,913.20865,state_verified
accepted,2,protected,measured,mixed,147,913.0,,7,913.20865,state_verified
accepted,2,protected,measured,mixed,148,881.0,,7,913.20865,state_verified
accepted,2,protected,measured,mixed,149,913.0,,7,913.20865,state_verified
accepted,2,protected,measured,mixed,150,889.0,,7,913.20865,state_verified
accepted,2,protected,measured,mixed,151,945.0,,7,913.20865,state_verified
accepted,2,protected,measured,mixed,152,1043.0,,7,913.20865,state_verified
accepted,2,protected,measured,mixed,153,1191.0,,7,913.20865,state_verified
accepted,2,protected,measured,mixed,154,1161.0,,7,913.20865,state_verified
accepted,2,protected,measured,mixed,155,1202.0,,7,913.20865,state_verified
accepted,2,protected,measured,mixed,156,1211.0,,7,913.20865,state_verified
accepted,2,protected,measured,mixed,157,898.0,,7,913.20865,state_verified
accepted,2,protected,measured,mixed,158,941.0,,7,913.20865,state_verified
accepted,2,protected,measured,mixed,159,948.0,,7,913.20865,state_verified
accepted,2,protected,measured,mixed,160,961.0,,7,913.20865,state_verified
accepted,2,protected,measured,mixed,161,958.0,,7,913.20865,state_verified
accepted,2,protected,measured,mixed,162,939.0,,7,913.20865,state_verified
accepted,2,protected,measured,mixed,163,946.0,,7,913.20865,state_verified
accepted,2,protected,measured,mixed,164,982.0,,7,913.20865,state_verified
accepted,2,protected,measured,mixed,165,943.0,,7,913.20865,state_verified
accepted,2,protected,measured,mixed,166,952.0,,7,913.20865,state_verified
accepted,2,protected,measured,mixed,167,961.0,,7,913.20865,state_verified
accepted,2,protected,measured,mixed,168,919.0,,7,913.20865,state_verified
accepted,2,protected,measured,mixed,169,915.0,,7,913.20865,state_verified
accepted,2,protected,measured,mixed,170,905.0,,7,913.20865,state_verified
accepted,2,protected,measured,mixed,171,884.0,,7,913.20865,state_verified
accepted,2,protected,measured,mixed,172,923.0,,7,913.20865,state_verified
accepted,2,protected,measured,mixed,173,865.0,,7,913.20865,state_verified
accepted,2,protected,measured,mixed,174,901.0,,7,913.20865,state_verified
accepted,2,protected,measured,mixed,175,948.0,,7,913.20865,state_verified
accepted,2,protected,measured,mixed,176,940.0,,7,913.20865,state_verified
accepted,2,protected,measured,mixed,177,933.0,,7,913.20865,state_verified
accepted,2,protected,measured,mixed,178,923.0,,7,913.20865,state_verified
accepted,2,protected,measured,mixed,179,915.0,,7,913.20865,state_verified
accepted,2,protected,measured,mixed,180,903.0,,7,913.20865,state_verified
accepted,2,protected,measured,mixed,181,960.0,,7,913.20865,state_verified
accepted,2,protected,measured,mixed,182,833.0,,7,913.20865,state_verified
accepted,2,protected,measured,mixed,183,901.0,,7,913.20865,state_verified
accepted,2,protected,measured,mixed,184,873.0,,7,913.20865,state_verified
accepted,2,protected,measured,mixed,185,880.0,,7,913.20865,state_verified
accepted,2,protected,measured,mixed,186,879.0,,7,913.20865,state_verified
accepted,2,protected,measured,mixed,187,909.0,,7,913.20865,state_verified
accepted,2,protected,measured,mixed,188,922.0,,7,913.20865,state_verified
accepted,2,protected,measured,mixed,189,903.0,,7,913.20865,state_verified
accepted,2,protected,measured,mixed,190,905.0,,7,913.20865,state_verified
accepted,2,protected,measured,mixed,191,892.0,,7,913.20865,state_verified
accepted,2,protected,measured,mixed,192,874.0,,7,913.20865,state_verified
accepted,2,protected,measured,mixed,193,844.0,,7,913.20865,state_verified
accepted,2,protected,measured,mixed,194,893.0,,7,913.20865,state_verified
accepted,2,protected,measured,mixed,195,873.0,,7,913.20865,state_verified
accepted,2,protected,measured,mixed,196,910.0,,7,913.20865,state_verified
accepted,2,protected,measured,mixed,197,918.0,,7,913.20865,state_verified
accepted,2,protected,measured,mixed,198,882.0,,7,913.20865,state_verified
accepted,2,protected,measured,mixed,199,856.0,,7,913.20865,state_verified
accepted,2,protected,measured,mixed,200,933.0,,7,913.20865,state_verified
accepted,2,baseline,measured,mixed,1,3781.0,,7,1117.474508,state_verified
accepted,2,baseline,measured,mixed,2,1076.0,,7,1117.474508,state_verified
accepted,2,baseline,measured,mixed,3,1087.0,,7,1117.474508,state_verified
accepted,2,baseline,measured,mixed,4,976.0,,7,1117.474508,state_verified
accepted,2,baseline,measured,mixed,5,1025.0,,7,1117.474508,state_verified
accepted,2,baseline,measured,mixed,6,987.0,,7,1117.474508,state_verified
accepted,2,baseline,measured,mixed,7,792.0,,7,1117.474508,state_verified
accepted,2,baseline,measured,mixed,8,898.0,,7,1117.474508,state_verified
accepted,2,baseline,measured,mixed,9,897.0,,7,1117.474508,state_verified
accepted,2,baseline,measured,mixed,10,806.0,,7,1117.474508,state_verified
accepted,2,baseline,measured,mixed,11,759.0,,7,1117.474508,state_verified
accepted,2,baseline,measured,mixed,12,767.0,,7,1117.474508,state_verified
accepted,2,baseline,measured,mixed,13,724.0,,7,1117.474508,state_verified
accepted,2,baseline,measured,mixed,14,779.0,,7,1117.474508,state_verified
accepted,2,baseline,measured,mixed,15,813.0,,7,1117.474508,state_verified
accepted,2,baseline,measured,mixed,16,740.0,,7,1117.474508,state_verified
accepted,2,baseline,measured,mixed,17,687.0,,7,1117.474508,state_verified
accepted,2,baseline,measured,mixed,18,704.0,,7,1117.474508,state_verified
accepted,2,baseline,measured,mixed,19,764.0,,7,1117.474508,state_verified
accepted,2,baseline,measured,mixed,20,810.0,,7,1117.474508,state_verified
accepted,2,baseline,measured,mixed,21,687.0,,7,1117.474508,state_verified
accepted,2,baseline,measured,mixed,22,752.0,,7,1117.474508,state_verified
accepted,2,baseline,measured,mixed,23,962.0,,7,1117.474508,state_verified
accepted,2,baseline,measured,mixed,24,716.0,,7,1117.474508,state_verified
accepted,2,baseline,measured,mixed,25,685.0,,7,1117.474508,state_verified
accepted,2,baseline,measured,mixed,26,681.0,,7,1117.474508,state_verified
accepted,2,baseline,measured,mixed,27,721.0,,7,1117.474508,state_verified
accepted,2,baseline,measured,mixed,28,719.0,,7,1117.474508,state_verified
accepted,2,baseline,measured,mixed,29,719.0,,7,1117.474508,state_verified
accepted,2,baseline,measured,mixed,30,736.0,,7,1117.474508,state_verified
accepted,2,baseline,measured,mixed,31,898.0,,7,1117.474508,state_verified
accepted,2,baseline,measured,mixed,32,914.0,,7,1117.474508,state_verified
accepted,2,baseline,measured,mixed,33,1055.0,,7,1117.474508,state_verified
accepted,2,baseline,measured,mixed,34,943.0,,7,1117.474508,state_verified
accepted,2,baseline,measured,mixed,35,916.0,,7,1117.474508,state_verified
accepted,2,baseline,measured,mixed,36,974.0,,7,1117.474508,state_verified
accepted,2,baseline,measured,mixed,37,845.0,,7,1117.474508,state_verified
accepted,2,baseline,measured,mixed,38,739.0,,7,1117.474508,state_verified
accepted,2,baseline,measured,mixed,39,784.0,,7,1117.474508,state_verified
accepted,2,baseline,measured,mixed,40,1063.0,,7,1117.474508,state_verified
accepted,2,baseline,measured,mixed,41,725.0,,7,1117.474508,state_verified
accepted,2,baseline,measured,mixed,42,684.0,,7,1117.474508,state_verified
accepted,2,baseline,measured,mixed,43,726.0,,7,1117.474508,state_verified
accepted,2,baseline,measured,mixed,44,702.0,,7,1117.474508,state_verified
accepted,2,baseline,measured,mixed,45,694.0,,7,1117.474508,state_verified
accepted,2,baseline,measured,mixed,46,792.0,,7,1117.474508,state_verified
accepted,2,baseline,measured,mixed,47,717.0,,7,1117.474508,state_verified
accepted,2,baseline,measured,mixed,48,687.0,,7,1117.474508,state_verified
accepted,2,baseline,measured,mixed,49,687.0,,7,1117.474508,state_verified
accepted,2,baseline,measured,mixed,50,699.0,,7,1117.474508,state_verified
accepted,2,baseline,measured,mixed,51,873.0,,7,1117.474508,state_verified
accepted,2,baseline,measured,mixed,52,837.0,,7,1117.474508,state_verified
accepted,2,baseline,measured,mixed,53,892.0,,7,1117.474508,state_verified
accepted,2,baseline,measured,mixed,54,876.0,,7,1117.474508,state_verified
accepted,2,baseline,measured,mixed,55,859.0,,7,1117.474508,state_verified
accepted,2,baseline,measured,mixed,56,799.0,,7,1117.474508,state_verified
accepted,2,baseline,measured,mixed,57,1009.0,,7,1117.474508,state_verified
accepted,2,baseline,measured,mixed,58,1021.0,,7,1117.474508,state_verified
accepted,2,baseline,measured,mixed,59,1030.0,,7,1117.474508,state_verified
accepted,2,baseline,measured,mixed,60,1141.0,,7,1117.474508,state_verified
accepted,2,baseline,measured,mixed,61,727.0,,7,1117.474508,state_verified
accepted,2,baseline,measured,mixed,62,787.0,,7,1117.474508,state_verified
accepted,2,baseline,measured,mixed,63,806.0,,7,1117.474508,state_verified
accepted,2,baseline,measured,mixed,64,788.0,,7,1117.474508,state_verified
accepted,2,baseline,measured,mixed,65,794.0,,7,1117.474508,state_verified
accepted,2,baseline,measured,mixed,66,746.0,,7,1117.474508,state_verified
accepted,2,baseline,measured,mixed,67,768.0,,7,1117.474508,state_verified
accepted,2,baseline,measured,mixed,68,809.0,,7,1117.474508,state_verified
accepted,2,baseline,measured,mixed,69,941.0,,7,1117.474508,state_verified
accepted,2,baseline,measured,mixed,70,935.0,,7,1117.474508,state_verified
accepted,2,baseline,measured,mixed,71,956.0,,7,1117.474508,state_verified
accepted,2,baseline,measured,mixed,72,931.0,,7,1117.474508,state_verified
accepted,2,baseline,measured,mixed,73,1084.0,,7,1117.474508,state_verified
accepted,2,baseline,measured,mixed,74,946.0,,7,1117.474508,state_verified
accepted,2,baseline,measured,mixed,75,956.0,,7,1117.474508,state_verified
accepted,2,baseline,measured,mixed,76,690.0,,7,1117.474508,state_verified
accepted,2,baseline,measured,mixed,77,691.0,,7,1117.474508,state_verified
accepted,2,baseline,measured,mixed,78,788.0,,7,1117.474508,state_verified
accepted,2,baseline,measured,mixed,79,719.0,,7,1117.474508,state_verified
accepted,2,baseline,measured,mixed,80,706.0,,7,1117.474508,state_verified
accepted,2,baseline,measured,mixed,81,694.0,,7,1117.474508,state_verified
accepted,2,baseline,measured,mixed,82,704.0,,7,1117.474508,state_verified
accepted,2,baseline,measured,mixed,83,706.0,,7,1117.474508,state_verified
accepted,2,baseline,measured,mixed,84,712.0,,7,1117.474508,state_verified
accepted,2,baseline,measured,mixed,85,704.0,,7,1117.474508,state_verified
accepted,2,baseline,measured,mixed,86,707.0,,7,1117.474508,state_verified
accepted,2,baseline,measured,mixed,87,701.0,,7,1117.474508,state_verified
accepted,2,baseline,measured,mixed,88,685.0,,7,1117.474508,state_verified
accepted,2,baseline,measured,mixed,89,820.0,,7,1117.474508,state_verified
accepted,2,baseline,measured,mixed,90,877.0,,7,1117.474508,state_verified
accepted,2,baseline,measured,mixed,91,830.0,,7,1117.474508,state_verified
accepted,2,baseline,measured,mixed,92,851.0,,7,1117.474508,state_verified
accepted,2,baseline,measured,mixed,93,830.0,,7,1117.474508,state_verified
accepted,2,baseline,measured,mixed,94,809.0,,7,1117.474508,state_verified
accepted,2,baseline,measured,mixed,95,733.0,,7,1117.474508,state_verified
accepted,2,baseline,measured,mixed,96,688.0,,7,1117.474508,state_verified
accepted,2,baseline,measured,mixed,97,685.0,,7,1117.474508,state_verified
accepted,2,baseline,measured,mixed,98,679.0,,7,1117.474508,state_verified
accepted,2,baseline,measured,mixed,99,676.0,,7,1117.474508,state_verified
accepted,2,baseline,measured,mixed,100,716.0,,7,1117.474508,state_verified
accepted,2,baseline,measured,mixed,101,702.0,,7,1117.474508,state_verified
accepted,2,baseline,measured,mixed,102,687.0,,7,1117.474508,state_verified
accepted,2,baseline,measured,mixed,103,703.0,,7,1117.474508,state_verified
accepted,2,baseline,measured,mixed,104,727.0,,7,1117.474508,state_verified
accepted,2,baseline,measured,mixed,105,693.0,,7,1117.474508,state_verified
accepted,2,baseline,measured,mixed,106,695.0,,7,1117.474508,state_verified
accepted,2,baseline,measured,mixed,107,711.0,,7,1117.474508,state_verified
accepted,2,baseline,measured,mixed,108,707.0,,7,1117.474508,state_verified
accepted,2,baseline,measured,mixed,109,741.0,,7,1117.474508,state_verified
accepted,2,baseline,measured,mixed,110,755.0,,7,1117.474508,state_verified
accepted,2,baseline,measured,mixed,111,1025.0,,7,1117.474508,state_verified
accepted,2,baseline,measured,mixed,112,1136.0,,7,1117.474508,state_verified
accepted,2,baseline,measured,mixed,113,884.0,,7,1117.474508,state_verified
accepted,2,baseline,measured,mixed,114,915.0,,7,1117.474508,state_verified
accepted,2,baseline,measured,mixed,115,818.0,,7,1117.474508,state_verified
accepted,2,baseline,measured,mixed,116,730.0,,7,1117.474508,state_verified
accepted,2,baseline,measured,mixed,117,759.0,,7,1117.474508,state_verified
accepted,2,baseline,measured,mixed,118,799.0,,7,1117.474508,state_verified
accepted,2,baseline,measured,mixed,119,762.0,,7,1117.474508,state_verified
accepted,2,baseline,measured,mixed,120,740.0,,7,1117.474508,state_verified
accepted,2,baseline,measured,mixed,121,1060.0,,7,1117.474508,state_verified
accepted,2,baseline,measured,mixed,122,1044.0,,7,1117.474508,state_verified
accepted,2,baseline,measured,mixed,123,1163.0,,7,1117.474508,state_verified
accepted,2,baseline,measured,mixed,124,1157.0,,7,1117.474508,state_verified
accepted,2,baseline,measured,mixed,125,958.0,,7,1117.474508,state_verified
accepted,2,baseline,measured,mixed,126,971.0,,7,1117.474508,state_verified
accepted,2,baseline,measured,mixed,127,681.0,,7,1117.474508,state_verified
accepted,2,baseline,measured,mixed,128,662.0,,7,1117.474508,state_verified
accepted,2,baseline,measured,mixed,129,1066.0,,7,1117.474508,state_verified
accepted,2,baseline,measured,mixed,130,848.0,,7,1117.474508,state_verified
accepted,2,baseline,measured,mixed,131,892.0,,7,1117.474508,state_verified
accepted,2,baseline,measured,mixed,132,891.0,,7,1117.474508,state_verified
accepted,2,baseline,measured,mixed,133,1079.0,,7,1117.474508,state_verified
accepted,2,baseline,measured,mixed,134,1172.0,,7,1117.474508,state_verified
accepted,2,baseline,measured,mixed,135,1334.0,,7,1117.474508,state_verified
accepted,2,baseline,measured,mixed,136,1337.0,,7,1117.474508,state_verified
accepted,2,baseline,measured,mixed,137,1688.0,,7,1117.474508,state_verified
accepted,2,baseline,measured,mixed,138,1175.0,,7,1117.474508,state_verified
accepted,2,baseline,measured,mixed,139,1169.0,,7,1117.474508,state_verified
accepted,2,baseline,measured,mixed,140,1463.0,,7,1117.474508,state_verified
accepted,2,baseline,measured,mixed,141,1377.0,,7,1117.474508,state_verified
accepted,2,baseline,measured,mixed,142,1156.0,,7,1117.474508,state_verified
accepted,2,baseline,measured,mixed,143,1394.0,,7,1117.474508,state_verified
accepted,2,baseline,measured,mixed,144,933.0,,7,1117.474508,state_verified
accepted,2,baseline,measured,mixed,145,765.0,,7,1117.474508,state_verified
accepted,2,baseline,measured,mixed,146,797.0,,7,1117.474508,state_verified
accepted,2,baseline,measured,mixed,147,824.0,,7,1117.474508,state_verified
accepted,2,baseline,measured,mixed,148,792.0,,7,1117.474508,state_verified
accepted,2,baseline,measured,mixed,149,786.0,,7,1117.474508,state_verified
accepted,2,baseline,measured,mixed,150,1009.0,,7,1117.474508,state_verified
accepted,2,baseline,measured,mixed,151,1017.0,,7,1117.474508,state_verified
accepted,2,baseline,measured,mixed,152,1044.0,,7,1117.474508,state_verified
accepted,2,baseline,measured,mixed,153,1021.0,,7,1117.474508,state_verified
accepted,2,baseline,measured,mixed,154,1058.0,,7,1117.474508,state_verified
accepted,2,baseline,measured,mixed,155,891.0,,7,1117.474508,state_verified
accepted,2,baseline,measured,mixed,156,778.0,,7,1117.474508,state_verified
accepted,2,baseline,measured,mixed,157,804.0,,7,1117.474508,state_verified
accepted,2,baseline,measured,mixed,158,800.0,,7,1117.474508,state_verified
accepted,2,baseline,measured,mixed,159,799.0,,7,1117.474508,state_verified
accepted,2,baseline,measured,mixed,160,831.0,,7,1117.474508,state_verified
accepted,2,baseline,measured,mixed,161,935.0,,7,1117.474508,state_verified
accepted,2,baseline,measured,mixed,162,995.0,,7,1117.474508,state_verified
accepted,2,baseline,measured,mixed,163,882.0,,7,1117.474508,state_verified
accepted,2,baseline,measured,mixed,164,952.0,,7,1117.474508,state_verified
accepted,2,baseline,measured,mixed,165,865.0,,7,1117.474508,state_verified
accepted,2,baseline,measured,mixed,166,863.0,,7,1117.474508,state_verified
accepted,2,baseline,measured,mixed,167,1130.0,,7,1117.474508,state_verified
accepted,2,baseline,measured,mixed,168,1128.0,,7,1117.474508,state_verified
accepted,2,baseline,measured,mixed,169,1101.0,,7,1117.474508,state_verified
accepted,2,baseline,measured,mixed,170,1038.0,,7,1117.474508,state_verified
accepted,2,baseline,measured,mixed,171,990.0,,7,1117.474508,state_verified
accepted,2,baseline,measured,mixed,172,1216.0,,7,1117.474508,state_verified
accepted,2,baseline,measured,mixed,173,969.0,,7,1117.474508,state_verified
accepted,2,baseline,measured,mixed,174,794.0,,7,1117.474508,state_verified
accepted,2,baseline,measured,mixed,175,775.0,,7,1117.474508,state_verified
accepted,2,baseline,measured,mixed,176,783.0,,7,1117.474508,state_verified
accepted,2,baseline,measured,mixed,177,788.0,,7,1117.474508,state_verified
accepted,2,baseline,measured,mixed,178,833.0,,7,1117.474508,state_verified
accepted,2,baseline,measured,mixed,179,785.0,,7,1117.474508,state_verified
accepted,2,baseline,measured,mixed,180,809.0,,7,1117.474508,state_verified
accepted,2,baseline,measured,mixed,181,776.0,,7,1117.474508,state_verified
accepted,2,baseline,measured,mixed,182,811.0,,7,1117.474508,state_verified
accepted,2,baseline,measured,mixed,183,844.0,,7,1117.474508,state_verified
accepted,2,baseline,measured,mixed,184,791.0,,7,1117.474508,state_verified
accepted,2,baseline,measured,mixed,185,1463.0,,7,1117.474508,state_verified
accepted,2,baseline,measured,mixed,186,1356.0,,7,1117.474508,state_verified
accepted,2,baseline,measured,mixed,187,1300.0,,7,1117.474508,state_verified
accepted,2,baseline,measured,mixed,188,1297.0,,7,1117.474508,state_verified
accepted,2,baseline,measured,mixed,189,920.0,,7,1117.474508,state_verified
accepted,2,baseline,measured,mixed,190,778.0,,7,1117.474508,state_verified
accepted,2,baseline,measured,mixed,191,793.0,,7,1117.474508,state_verified
accepted,2,baseline,measured,mixed,192,812.0,,7,1117.474508,state_verified
accepted,2,baseline,measured,mixed,193,754.0,,7,1117.474508,state_verified
accepted,2,baseline,measured,mixed,194,827.0,,7,1117.474508,state_verified
accepted,2,baseline,measured,mixed,195,788.0,,7,1117.474508,state_verified
accepted,2,baseline,measured,mixed,196,775.0,,7,1117.474508,state_verified
accepted,2,baseline,measured,mixed,197,763.0,,7,1117.474508,state_verified
accepted,2,baseline,measured,mixed,198,744.0,,7,1117.474508,state_verified
accepted,2,baseline,measured,mixed,199,866.0,,7,1117.474508,state_verified
accepted,2,baseline,measured,mixed,200,832.0,,7,1117.474508,state_verified
accepted,3,baseline,measured,1,1,7693.0,,1,1434.452685,state_verified
accepted,3,baseline,measured,1,2,1160.0,,1,1434.452685,state_verified
accepted,3,baseline,measured,1,3,847.0,,1,1434.452685,state_verified
accepted,3,baseline,measured,1,4,707.0,,1,1434.452685,state_verified
accepted,3,baseline,measured,1,5,657.0,,1,1434.452685,state_verified
accepted,3,baseline,measured,1,6,628.0,,1,1434.452685,state_verified
accepted,3,baseline,measured,1,7,550.0,,1,1434.452685,state_verified
accepted,3,baseline,measured,1,8,553.0,,1,1434.452685,state_verified
accepted,3,baseline,measured,1,9,536.0,,1,1434.452685,state_verified
accepted,3,baseline,measured,1,10,562.0,,1,1434.452685,state_verified
accepted,3,baseline,measured,1,11,645.0,,1,1434.452685,state_verified
accepted,3,baseline,measured,1,12,598.0,,1,1434.452685,state_verified
accepted,3,baseline,measured,1,13,642.0,,1,1434.452685,state_verified
accepted,3,baseline,measured,1,14,657.0,,1,1434.452685,state_verified
accepted,3,baseline,measured,1,15,647.0,,1,1434.452685,state_verified
accepted,3,baseline,measured,1,16,615.0,,1,1434.452685,state_verified
accepted,3,baseline,measured,1,17,629.0,,1,1434.452685,state_verified
accepted,3,baseline,measured,1,18,661.0,,1,1434.452685,state_verified
accepted,3,baseline,measured,1,19,644.0,,1,1434.452685,state_verified
accepted,3,baseline,measured,1,20,627.0,,1,1434.452685,state_verified
accepted,3,baseline,measured,1,21,669.0,,1,1434.452685,state_verified
accepted,3,baseline,measured,1,22,706.0,,1,1434.452685,state_verified
accepted,3,baseline,measured,1,23,647.0,,1,1434.452685,state_verified
accepted,3,baseline,measured,1,24,660.0,,1,1434.452685,state_verified
accepted,3,baseline,measured,1,25,680.0,,1,1434.452685,state_verified
accepted,3,baseline,measured,1,26,624.0,,1,1434.452685,state_verified
accepted,3,baseline,measured,1,27,642.0,,1,1434.452685,state_verified
accepted,3,baseline,measured,1,28,623.0,,1,1434.452685,state_verified
accepted,3,baseline,measured,1,29,623.0,,1,1434.452685,state_verified
accepted,3,baseline,measured,1,30,610.0,,1,1434.452685,state_verified
accepted,3,baseline,measured,1,31,601.0,,1,1434.452685,state_verified
accepted,3,baseline,measured,1,32,642.0,,1,1434.452685,state_verified
accepted,3,baseline,measured,1,33,650.0,,1,1434.452685,state_verified
accepted,3,baseline,measured,1,34,633.0,,1,1434.452685,state_verified
accepted,3,baseline,measured,1,35,641.0,,1,1434.452685,state_verified
accepted,3,baseline,measured,1,36,661.0,,1,1434.452685,state_verified
accepted,3,baseline,measured,1,37,642.0,,1,1434.452685,state_verified
accepted,3,baseline,measured,1,38,980.0,,1,1434.452685,state_verified
accepted,3,baseline,measured,1,39,962.0,,1,1434.452685,state_verified
accepted,3,baseline,measured,1,40,957.0,,1,1434.452685,state_verified
accepted,3,baseline,measured,1,41,993.0,,1,1434.452685,state_verified
accepted,3,baseline,measured,1,42,653.0,,1,1434.452685,state_verified
accepted,3,baseline,measured,1,43,750.0,,1,1434.452685,state_verified
accepted,3,baseline,measured,1,44,766.0,,1,1434.452685,state_verified
accepted,3,baseline,measured,1,45,665.0,,1,1434.452685,state_verified
accepted,3,baseline,measured,1,46,635.0,,1,1434.452685,state_verified
accepted,3,baseline,measured,1,47,631.0,,1,1434.452685,state_verified
accepted,3,baseline,measured,1,48,686.0,,1,1434.452685,state_verified
accepted,3,baseline,measured,1,49,657.0,,1,1434.452685,state_verified
accepted,3,baseline,measured,1,50,657.0,,1,1434.452685,state_verified
accepted,3,baseline,measured,1,51,624.0,,1,1434.452685,state_verified
accepted,3,baseline,measured,1,52,605.0,,1,1434.452685,state_verified
accepted,3,baseline,measured,1,53,588.0,,1,1434.452685,state_verified
accepted,3,baseline,measured,1,54,600.0,,1,1434.452685,state_verified
accepted,3,baseline,measured,1,55,633.0,,1,1434.452685,state_verified
accepted,3,baseline,measured,1,56,591.0,,1,1434.452685,state_verified
accepted,3,baseline,measured,1,57,650.0,,1,1434.452685,state_verified
accepted,3,baseline,measured,1,58,617.0,,1,1434.452685,state_verified
accepted,3,baseline,measured,1,59,630.0,,1,1434.452685,state_verified
accepted,3,baseline,measured,1,60,638.0,,1,1434.452685,state_verified
accepted,3,baseline,measured,1,61,641.0,,1,1434.452685,state_verified
accepted,3,baseline,measured,1,62,654.0,,1,1434.452685,state_verified
accepted,3,baseline,measured,1,63,652.0,,1,1434.452685,state_verified
accepted,3,baseline,measured,1,64,620.0,,1,1434.452685,state_verified
accepted,3,baseline,measured,1,65,641.0,,1,1434.452685,state_verified
accepted,3,baseline,measured,1,66,649.0,,1,1434.452685,state_verified
accepted,3,baseline,measured,1,67,663.0,,1,1434.452685,state_verified
accepted,3,baseline,measured,1,68,646.0,,1,1434.452685,state_verified
accepted,3,baseline,measured,1,69,639.0,,1,1434.452685,state_verified
accepted,3,baseline,measured,1,70,630.0,,1,1434.452685,state_verified
accepted,3,baseline,measured,1,71,633.0,,1,1434.452685,state_verified
accepted,3,baseline,measured,1,72,635.0,,1,1434.452685,state_verified
accepted,3,baseline,measured,1,73,638.0,,1,1434.452685,state_verified
accepted,3,baseline,measured,1,74,681.0,,1,1434.452685,state_verified
accepted,3,baseline,measured,1,75,642.0,,1,1434.452685,state_verified
accepted,3,baseline,measured,1,76,636.0,,1,1434.452685,state_verified
accepted,3,baseline,measured,1,77,649.0,,1,1434.452685,state_verified
accepted,3,baseline,measured,1,78,625.0,,1,1434.452685,state_verified
accepted,3,baseline,measured,1,79,650.0,,1,1434.452685,state_verified
accepted,3,baseline,measured,1,80,616.0,,1,1434.452685,state_verified
accepted,3,baseline,measured,1,81,654.0,,1,1434.452685,state_verified
accepted,3,baseline,measured,1,82,680.0,,1,1434.452685,state_verified
accepted,3,baseline,measured,1,83,642.0,,1,1434.452685,state_verified
accepted,3,baseline,measured,1,84,595.0,,1,1434.452685,state_verified
accepted,3,baseline,measured,1,85,648.0,,1,1434.452685,state_verified
accepted,3,baseline,measured,1,86,626.0,,1,1434.452685,state_verified
accepted,3,baseline,measured,1,87,629.0,,1,1434.452685,state_verified
accepted,3,baseline,measured,1,88,629.0,,1,1434.452685,state_verified
accepted,3,baseline,measured,1,89,601.0,,1,1434.452685,state_verified
accepted,3,baseline,measured,1,90,622.0,,1,1434.452685,state_verified
accepted,3,baseline,measured,1,91,609.0,,1,1434.452685,state_verified
accepted,3,baseline,measured,1,92,644.0,,1,1434.452685,state_verified
accepted,3,baseline,measured,1,93,650.0,,1,1434.452685,state_verified
accepted,3,baseline,measured,1,94,614.0,,1,1434.452685,state_verified
accepted,3,baseline,measured,1,95,646.0,,1,1434.452685,state_verified
accepted,3,baseline,measured,1,96,627.0,,1,1434.452685,state_verified
accepted,3,baseline,measured,1,97,638.0,,1,1434.452685,state_verified
accepted,3,baseline,measured,1,98,643.0,,1,1434.452685,state_verified
accepted,3,baseline,measured,1,99,636.0,,1,1434.452685,state_verified
accepted,3,baseline,measured,1,100,619.0,,1,1434.452685,state_verified
accepted,3,baseline,measured,1,101,627.0,,1,1434.452685,state_verified
accepted,3,baseline,measured,1,102,1007.0,,1,1434.452685,state_verified
accepted,3,baseline,measured,1,103,983.0,,1,1434.452685,state_verified
accepted,3,baseline,measured,1,104,962.0,,1,1434.452685,state_verified
accepted,3,baseline,measured,1,105,948.0,,1,1434.452685,state_verified
accepted,3,baseline,measured,1,106,655.0,,1,1434.452685,state_verified
accepted,3,baseline,measured,1,107,631.0,,1,1434.452685,state_verified
accepted,3,baseline,measured,1,108,636.0,,1,1434.452685,state_verified
accepted,3,baseline,measured,1,109,615.0,,1,1434.452685,state_verified
accepted,3,baseline,measured,1,110,586.0,,1,1434.452685,state_verified
accepted,3,baseline,measured,1,111,642.0,,1,1434.452685,state_verified
accepted,3,baseline,measured,1,112,629.0,,1,1434.452685,state_verified
accepted,3,baseline,measured,1,113,629.0,,1,1434.452685,state_verified
accepted,3,baseline,measured,1,114,636.0,,1,1434.452685,state_verified
accepted,3,baseline,measured,1,115,627.0,,1,1434.452685,state_verified
accepted,3,baseline,measured,1,116,614.0,,1,1434.452685,state_verified
accepted,3,baseline,measured,1,117,644.0,,1,1434.452685,state_verified
accepted,3,baseline,measured,1,118,621.0,,1,1434.452685,state_verified
accepted,3,baseline,measured,1,119,660.0,,1,1434.452685,state_verified
accepted,3,baseline,measured,1,120,625.0,,1,1434.452685,state_verified
accepted,3,baseline,measured,1,121,599.0,,1,1434.452685,state_verified
accepted,3,baseline,measured,1,122,650.0,,1,1434.452685,state_verified
accepted,3,baseline,measured,1,123,621.0,,1,1434.452685,state_verified
accepted,3,baseline,measured,1,124,617.0,,1,1434.452685,state_verified
accepted,3,baseline,measured,1,125,624.0,,1,1434.452685,state_verified
accepted,3,baseline,measured,1,126,638.0,,1,1434.452685,state_verified
accepted,3,baseline,measured,1,127,653.0,,1,1434.452685,state_verified
accepted,3,baseline,measured,1,128,667.0,,1,1434.452685,state_verified
accepted,3,baseline,measured,1,129,685.0,,1,1434.452685,state_verified
accepted,3,baseline,measured,1,130,580.0,,1,1434.452685,state_verified
accepted,3,baseline,measured,1,131,613.0,,1,1434.452685,state_verified
accepted,3,baseline,measured,1,132,599.0,,1,1434.452685,state_verified
accepted,3,baseline,measured,1,133,623.0,,1,1434.452685,state_verified
accepted,3,baseline,measured,1,134,590.0,,1,1434.452685,state_verified
accepted,3,baseline,measured,1,135,623.0,,1,1434.452685,state_verified
accepted,3,baseline,measured,1,136,617.0,,1,1434.452685,state_verified
accepted,3,baseline,measured,1,137,601.0,,1,1434.452685,state_verified
accepted,3,baseline,measured,1,138,621.0,,1,1434.452685,state_verified
accepted,3,baseline,measured,1,139,603.0,,1,1434.452685,state_verified
accepted,3,baseline,measured,1,140,626.0,,1,1434.452685,state_verified
accepted,3,baseline,measured,1,141,627.0,,1,1434.452685,state_verified
accepted,3,baseline,measured,1,142,622.0,,1,1434.452685,state_verified
accepted,3,baseline,measured,1,143,613.0,,1,1434.452685,state_verified
accepted,3,baseline,measured,1,144,609.0,,1,1434.452685,state_verified
accepted,3,baseline,measured,1,145,595.0,,1,1434.452685,state_verified
accepted,3,baseline,measured,1,146,629.0,,1,1434.452685,state_verified
accepted,3,baseline,measured,1,147,606.0,,1,1434.452685,state_verified
accepted,3,baseline,measured,1,148,631.0,,1,1434.452685,state_verified
accepted,3,baseline,measured,1,149,625.0,,1,1434.452685,state_verified
accepted,3,baseline,measured,1,150,630.0,,1,1434.452685,state_verified
accepted,3,baseline,measured,1,151,600.0,,1,1434.452685,state_verified
accepted,3,baseline,measured,1,152,613.0,,1,1434.452685,state_verified
accepted,3,baseline,measured,1,153,637.0,,1,1434.452685,state_verified
accepted,3,baseline,measured,1,154,617.0,,1,1434.452685,state_verified
accepted,3,baseline,measured,1,155,616.0,,1,1434.452685,state_verified
accepted,3,baseline,measured,1,156,606.0,,1,1434.452685,state_verified
accepted,3,baseline,measured,1,157,622.0,,1,1434.452685,state_verified
accepted,3,baseline,measured,1,158,627.0,,1,1434.452685,state_verified
accepted,3,baseline,measured,1,159,628.0,,1,1434.452685,state_verified
accepted,3,baseline,measured,1,160,606.0,,1,1434.452685,state_verified
accepted,3,baseline,measured,1,161,629.0,,1,1434.452685,state_verified
accepted,3,baseline,measured,1,162,638.0,,1,1434.452685,state_verified
accepted,3,baseline,measured,1,163,628.0,,1,1434.452685,state_verified
accepted,3,baseline,measured,1,164,617.0,,1,1434.452685,state_verified
accepted,3,baseline,measured,1,165,642.0,,1,1434.452685,state_verified
accepted,3,baseline,measured,1,166,914.0,,1,1434.452685,state_verified
accepted,3,baseline,measured,1,167,980.0,,1,1434.452685,state_verified
accepted,3,baseline,measured,1,168,1025.0,,1,1434.452685,state_verified
accepted,3,baseline,measured,1,169,970.0,,1,1434.452685,state_verified
accepted,3,baseline,measured,1,170,664.0,,1,1434.452685,state_verified
accepted,3,baseline,measured,1,171,671.0,,1,1434.452685,state_verified
accepted,3,baseline,measured,1,172,671.0,,1,1434.452685,state_verified
accepted,3,baseline,measured,1,173,639.0,,1,1434.452685,state_verified
accepted,3,baseline,measured,1,174,633.0,,1,1434.452685,state_verified
accepted,3,baseline,measured,1,175,590.0,,1,1434.452685,state_verified
accepted,3,baseline,measured,1,176,573.0,,1,1434.452685,state_verified
accepted,3,baseline,measured,1,177,628.0,,1,1434.452685,state_verified
accepted,3,baseline,measured,1,178,606.0,,1,1434.452685,state_verified
accepted,3,baseline,measured,1,179,590.0,,1,1434.452685,state_verified
accepted,3,baseline,measured,1,180,583.0,,1,1434.452685,state_verified
accepted,3,baseline,measured,1,181,587.0,,1,1434.452685,state_verified
accepted,3,baseline,measured,1,182,626.0,,1,1434.452685,state_verified
accepted,3,baseline,measured,1,183,614.0,,1,1434.452685,state_verified
accepted,3,baseline,measured,1,184,611.0,,1,1434.452685,state_verified
accepted,3,baseline,measured,1,185,646.0,,1,1434.452685,state_verified
accepted,3,baseline,measured,1,186,612.0,,1,1434.452685,state_verified
accepted,3,baseline,measured,1,187,610.0,,1,1434.452685,state_verified
accepted,3,baseline,measured,1,188,608.0,,1,1434.452685,state_verified
accepted,3,baseline,measured,1,189,621.0,,1,1434.452685,state_verified
accepted,3,baseline,measured,1,190,619.0,,1,1434.452685,state_verified
accepted,3,baseline,measured,1,191,601.0,,1,1434.452685,state_verified
accepted,3,baseline,measured,1,192,622.0,,1,1434.452685,state_verified
accepted,3,baseline,measured,1,193,636.0,,1,1434.452685,state_verified
accepted,3,baseline,measured,1,194,611.0,,1,1434.452685,state_verified
accepted,3,baseline,measured,1,195,633.0,,1,1434.452685,state_verified
accepted,3,baseline,measured,1,196,613.0,,1,1434.452685,state_verified
accepted,3,baseline,measured,1,197,622.0,,1,1434.452685,state_verified
accepted,3,baseline,measured,1,198,612.0,,1,1434.452685,state_verified
accepted,3,baseline,measured,1,199,609.0,,1,1434.452685,state_verified
accepted,3,baseline,measured,1,200,618.0,,1,1434.452685,state_verified
accepted,3,protected,measured,1,1,3008.0,,1,1224.110072,state_verified
accepted,3,protected,measured,1,2,982.0,,1,1224.110072,state_verified
accepted,3,protected,measured,1,3,1407.0,,1,1224.110072,state_verified
accepted,3,protected,measured,1,4,1314.0,,1,1224.110072,state_verified
accepted,3,protected,measured,1,5,1419.0,,1,1224.110072,state_verified
accepted,3,protected,measured,1,6,1059.0,,1,1224.110072,state_verified
accepted,3,protected,measured,1,7,927.0,,1,1224.110072,state_verified
accepted,3,protected,measured,1,8,796.0,,1,1224.110072,state_verified
accepted,3,protected,measured,1,9,811.0,,1,1224.110072,state_verified
accepted,3,protected,measured,1,10,817.0,,1,1224.110072,state_verified
accepted,3,protected,measured,1,11,774.0,,1,1224.110072,state_verified
accepted,3,protected,measured,1,12,623.0,,1,1224.110072,state_verified
accepted,3,protected,measured,1,13,536.0,,1,1224.110072,state_verified
accepted,3,protected,measured,1,14,553.0,,1,1224.110072,state_verified
accepted,3,protected,measured,1,15,579.0,,1,1224.110072,state_verified
accepted,3,protected,measured,1,16,608.0,,1,1224.110072,state_verified
accepted,3,protected,measured,1,17,680.0,,1,1224.110072,state_verified
accepted,3,protected,measured,1,18,628.0,,1,1224.110072,state_verified
accepted,3,protected,measured,1,19,644.0,,1,1224.110072,state_verified
accepted,3,protected,measured,1,20,702.0,,1,1224.110072,state_verified
accepted,3,protected,measured,1,21,702.0,,1,1224.110072,state_verified
accepted,3,protected,measured,1,22,706.0,,1,1224.110072,state_verified
accepted,3,protected,measured,1,23,679.0,,1,1224.110072,state_verified
accepted,3,protected,measured,1,24,645.0,,1,1224.110072,state_verified
accepted,3,protected,measured,1,25,635.0,,1,1224.110072,state_verified
accepted,3,protected,measured,1,26,689.0,,1,1224.110072,state_verified
accepted,3,protected,measured,1,27,696.0,,1,1224.110072,state_verified
accepted,3,protected,measured,1,28,659.0,,1,1224.110072,state_verified
accepted,3,protected,measured,1,29,656.0,,1,1224.110072,state_verified
accepted,3,protected,measured,1,30,637.0,,1,1224.110072,state_verified
accepted,3,protected,measured,1,31,655.0,,1,1224.110072,state_verified
accepted,3,protected,measured,1,32,709.0,,1,1224.110072,state_verified
accepted,3,protected,measured,1,33,665.0,,1,1224.110072,state_verified
accepted,3,protected,measured,1,34,677.0,,1,1224.110072,state_verified
accepted,3,protected,measured,1,35,691.0,,1,1224.110072,state_verified
accepted,3,protected,measured,1,36,669.0,,1,1224.110072,state_verified
accepted,3,protected,measured,1,37,652.0,,1,1224.110072,state_verified
accepted,3,protected,measured,1,38,678.0,,1,1224.110072,state_verified
accepted,3,protected,measured,1,39,658.0,,1,1224.110072,state_verified
accepted,3,protected,measured,1,40,684.0,,1,1224.110072,state_verified
accepted,3,protected,measured,1,41,684.0,,1,1224.110072,state_verified
accepted,3,protected,measured,1,42,811.0,,1,1224.110072,state_verified
accepted,3,protected,measured,1,43,822.0,,1,1224.110072,state_verified
accepted,3,protected,measured,1,44,710.0,,1,1224.110072,state_verified
accepted,3,protected,measured,1,45,787.0,,1,1224.110072,state_verified
accepted,3,protected,measured,1,46,1017.0,,1,1224.110072,state_verified
accepted,3,protected,measured,1,47,984.0,,1,1224.110072,state_verified
accepted,3,protected,measured,1,48,946.0,,1,1224.110072,state_verified
accepted,3,protected,measured,1,49,970.0,,1,1224.110072,state_verified
accepted,3,protected,measured,1,50,802.0,,1,1224.110072,state_verified
accepted,3,protected,measured,1,51,900.0,,1,1224.110072,state_verified
accepted,3,protected,measured,1,52,845.0,,1,1224.110072,state_verified
accepted,3,protected,measured,1,53,781.0,,1,1224.110072,state_verified
accepted,3,protected,measured,1,54,783.0,,1,1224.110072,state_verified
accepted,3,protected,measured,1,55,771.0,,1,1224.110072,state_verified
accepted,3,protected,measured,1,56,736.0,,1,1224.110072,state_verified
accepted,3,protected,measured,1,57,731.0,,1,1224.110072,state_verified
accepted,3,protected,measured,1,58,752.0,,1,1224.110072,state_verified
accepted,3,protected,measured,1,59,790.0,,1,1224.110072,state_verified
accepted,3,protected,measured,1,60,824.0,,1,1224.110072,state_verified
accepted,3,protected,measured,1,61,955.0,,1,1224.110072,state_verified
accepted,3,protected,measured,1,62,984.0,,1,1224.110072,state_verified
accepted,3,protected,measured,1,63,808.0,,1,1224.110072,state_verified
accepted,3,protected,measured,1,64,1047.0,,1,1224.110072,state_verified
accepted,3,protected,measured,1,65,1129.0,,1,1224.110072,state_verified
accepted,3,protected,measured,1,66,1412.0,,1,1224.110072,state_verified
accepted,3,protected,measured,1,67,1033.0,,1,1224.110072,state_verified
accepted,3,protected,measured,1,68,973.0,,1,1224.110072,state_verified
accepted,3,protected,measured,1,69,1036.0,,1,1224.110072,state_verified
accepted,3,protected,measured,1,70,1129.0,,1,1224.110072,state_verified
accepted,3,protected,measured,1,71,903.0,,1,1224.110072,state_verified
accepted,3,protected,measured,1,72,801.0,,1,1224.110072,state_verified
accepted,3,protected,measured,1,73,665.0,,1,1224.110072,state_verified
accepted,3,protected,measured,1,74,664.0,,1,1224.110072,state_verified
accepted,3,protected,measured,1,75,696.0,,1,1224.110072,state_verified
accepted,3,protected,measured,1,76,786.0,,1,1224.110072,state_verified
accepted,3,protected,measured,1,77,734.0,,1,1224.110072,state_verified
accepted,3,protected,measured,1,78,722.0,,1,1224.110072,state_verified
accepted,3,protected,measured,1,79,767.0,,1,1224.110072,state_verified
accepted,3,protected,measured,1,80,831.0,,1,1224.110072,state_verified
accepted,3,protected,measured,1,81,656.0,,1,1224.110072,state_verified
accepted,3,protected,measured,1,82,882.0,,1,1224.110072,state_verified
accepted,3,protected,measured,1,83,939.0,,1,1224.110072,state_verified
accepted,3,protected,measured,1,84,793.0,,1,1224.110072,state_verified
accepted,3,protected,measured,1,85,752.0,,1,1224.110072,state_verified
accepted,3,protected,measured,1,86,619.0,,1,1224.110072,state_verified
accepted,3,protected,measured,1,87,595.0,,1,1224.110072,state_verified
accepted,3,protected,measured,1,88,765.0,,1,1224.110072,state_verified
accepted,3,protected,measured,1,89,602.0,,1,1224.110072,state_verified
accepted,3,protected,measured,1,90,611.0,,1,1224.110072,state_verified
accepted,3,protected,measured,1,91,613.0,,1,1224.110072,state_verified
accepted,3,protected,measured,1,92,642.0,,1,1224.110072,state_verified
accepted,3,protected,measured,1,93,630.0,,1,1224.110072,state_verified
accepted,3,protected,measured,1,94,631.0,,1,1224.110072,state_verified
accepted,3,protected,measured,1,95,629.0,,1,1224.110072,state_verified
accepted,3,protected,measured,1,96,608.0,,1,1224.110072,state_verified
accepted,3,protected,measured,1,97,591.0,,1,1224.110072,state_verified
accepted,3,protected,measured,1,98,615.0,,1,1224.110072,state_verified
accepted,3,protected,measured,1,99,701.0,,1,1224.110072,state_verified
accepted,3,protected,measured,1,100,629.0,,1,1224.110072,state_verified
accepted,3,protected,measured,1,101,677.0,,1,1224.110072,state_verified
accepted,3,protected,measured,1,102,646.0,,1,1224.110072,state_verified
accepted,3,protected,measured,1,103,724.0,,1,1224.110072,state_verified
accepted,3,protected,measured,1,104,901.0,,1,1224.110072,state_verified
accepted,3,protected,measured,1,105,973.0,,1,1224.110072,state_verified
accepted,3,protected,measured,1,106,962.0,,1,1224.110072,state_verified
accepted,3,protected,measured,1,107,1146.0,,1,1224.110072,state_verified
accepted,3,protected,measured,1,108,867.0,,1,1224.110072,state_verified
accepted,3,protected,measured,1,109,802.0,,1,1224.110072,state_verified
accepted,3,protected,measured,1,110,1119.0,,1,1224.110072,state_verified
accepted,3,protected,measured,1,111,797.0,,1,1224.110072,state_verified
accepted,3,protected,measured,1,112,961.0,,1,1224.110072,state_verified
accepted,3,protected,measured,1,113,841.0,,1,1224.110072,state_verified
accepted,3,protected,measured,1,114,808.0,,1,1224.110072,state_verified
accepted,3,protected,measured,1,115,821.0,,1,1224.110072,state_verified
accepted,3,protected,measured,1,116,833.0,,1,1224.110072,state_verified
accepted,3,protected,measured,1,117,888.0,,1,1224.110072,state_verified
accepted,3,protected,measured,1,118,853.0,,1,1224.110072,state_verified
accepted,3,protected,measured,1,119,891.0,,1,1224.110072,state_verified
accepted,3,protected,measured,1,120,1229.0,,1,1224.110072,state_verified
accepted,3,protected,measured,1,121,1151.0,,1,1224.110072,state_verified
accepted,3,protected,measured,1,122,991.0,,1,1224.110072,state_verified
accepted,3,protected,measured,1,123,903.0,,1,1224.110072,state_verified
accepted,3,protected,measured,1,124,893.0,,1,1224.110072,state_verified
accepted,3,protected,measured,1,125,814.0,,1,1224.110072,state_verified
accepted,3,protected,measured,1,126,893.0,,1,1224.110072,state_verified
accepted,3,protected,measured,1,127,921.0,,1,1224.110072,state_verified
accepted,3,protected,measured,1,128,843.0,,1,1224.110072,state_verified
accepted,3,protected,measured,1,129,1074.0,,1,1224.110072,state_verified
accepted,3,protected,measured,1,130,1315.0,,1,1224.110072,state_verified
accepted,3,protected,measured,1,131,1290.0,,1,1224.110072,state_verified
accepted,3,protected,measured,1,132,1521.0,,1,1224.110072,state_verified
accepted,3,protected,measured,1,133,1278.0,,1,1224.110072,state_verified
accepted,3,protected,measured,1,134,880.0,,1,1224.110072,state_verified
accepted,3,protected,measured,1,135,895.0,,1,1224.110072,state_verified
accepted,3,protected,measured,1,136,824.0,,1,1224.110072,state_verified
accepted,3,protected,measured,1,137,974.0,,1,1224.110072,state_verified
accepted,3,protected,measured,1,138,909.0,,1,1224.110072,state_verified
accepted,3,protected,measured,1,139,849.0,,1,1224.110072,state_verified
accepted,3,protected,measured,1,140,889.0,,1,1224.110072,state_verified
accepted,3,protected,measured,1,141,681.0,,1,1224.110072,state_verified
accepted,3,protected,measured,1,142,770.0,,1,1224.110072,state_verified
accepted,3,protected,measured,1,143,854.0,,1,1224.110072,state_verified
accepted,3,protected,measured,1,144,798.0,,1,1224.110072,state_verified
accepted,3,protected,measured,1,145,774.0,,1,1224.110072,state_verified
accepted,3,protected,measured,1,146,786.0,,1,1224.110072,state_verified
accepted,3,protected,measured,1,147,785.0,,1,1224.110072,state_verified
accepted,3,protected,measured,1,148,801.0,,1,1224.110072,state_verified
accepted,3,protected,measured,1,149,832.0,,1,1224.110072,state_verified
accepted,3,protected,measured,1,150,691.0,,1,1224.110072,state_verified
accepted,3,protected,measured,1,151,694.0,,1,1224.110072,state_verified
accepted,3,protected,measured,1,152,633.0,,1,1224.110072,state_verified
accepted,3,protected,measured,1,153,668.0,,1,1224.110072,state_verified
accepted,3,protected,measured,1,154,594.0,,1,1224.110072,state_verified
accepted,3,protected,measured,1,155,609.0,,1,1224.110072,state_verified
accepted,3,protected,measured,1,156,612.0,,1,1224.110072,state_verified
accepted,3,protected,measured,1,157,657.0,,1,1224.110072,state_verified
accepted,3,protected,measured,1,158,598.0,,1,1224.110072,state_verified
accepted,3,protected,measured,1,159,656.0,,1,1224.110072,state_verified
accepted,3,protected,measured,1,160,616.0,,1,1224.110072,state_verified
accepted,3,protected,measured,1,161,620.0,,1,1224.110072,state_verified
accepted,3,protected,measured,1,162,629.0,,1,1224.110072,state_verified
accepted,3,protected,measured,1,163,627.0,,1,1224.110072,state_verified
accepted,3,protected,measured,1,164,699.0,,1,1224.110072,state_verified
accepted,3,protected,measured,1,165,584.0,,1,1224.110072,state_verified
accepted,3,protected,measured,1,166,623.0,,1,1224.110072,state_verified
accepted,3,protected,measured,1,167,668.0,,1,1224.110072,state_verified
accepted,3,protected,measured,1,168,651.0,,1,1224.110072,state_verified
accepted,3,protected,measured,1,169,638.0,,1,1224.110072,state_verified
accepted,3,protected,measured,1,170,667.0,,1,1224.110072,state_verified
accepted,3,protected,measured,1,171,754.0,,1,1224.110072,state_verified
accepted,3,protected,measured,1,172,785.0,,1,1224.110072,state_verified
accepted,3,protected,measured,1,173,660.0,,1,1224.110072,state_verified
accepted,3,protected,measured,1,174,625.0,,1,1224.110072,state_verified
accepted,3,protected,measured,1,175,631.0,,1,1224.110072,state_verified
accepted,3,protected,measured,1,176,673.0,,1,1224.110072,state_verified
accepted,3,protected,measured,1,177,640.0,,1,1224.110072,state_verified
accepted,3,protected,measured,1,178,592.0,,1,1224.110072,state_verified
accepted,3,protected,measured,1,179,625.0,,1,1224.110072,state_verified
accepted,3,protected,measured,1,180,656.0,,1,1224.110072,state_verified
accepted,3,protected,measured,1,181,618.0,,1,1224.110072,state_verified
accepted,3,protected,measured,1,182,637.0,,1,1224.110072,state_verified
accepted,3,protected,measured,1,183,668.0,,1,1224.110072,state_verified
accepted,3,protected,measured,1,184,654.0,,1,1224.110072,state_verified
accepted,3,protected,measured,1,185,663.0,,1,1224.110072,state_verified
accepted,3,protected,measured,1,186,649.0,,1,1224.110072,state_verified
accepted,3,protected,measured,1,187,677.0,,1,1224.110072,state_verified
accepted,3,protected,measured,1,188,795.0,,1,1224.110072,state_verified
accepted,3,protected,measured,1,189,793.0,,1,1224.110072,state_verified
accepted,3,protected,measured,1,190,884.0,,1,1224.110072,state_verified
accepted,3,protected,measured,1,191,867.0,,1,1224.110072,state_verified
accepted,3,protected,measured,1,192,812.0,,1,1224.110072,state_verified
accepted,3,protected,measured,1,193,774.0,,1,1224.110072,state_verified
accepted,3,protected,measured,1,194,1101.0,,1,1224.110072,state_verified
accepted,3,protected,measured,1,195,1084.0,,1,1224.110072,state_verified
accepted,3,protected,measured,1,196,1188.0,,1,1224.110072,state_verified
accepted,3,protected,measured,1,197,1062.0,,1,1224.110072,state_verified
accepted,3,protected,measured,1,198,721.0,,1,1224.110072,state_verified
accepted,3,protected,measured,1,199,677.0,,1,1224.110072,state_verified
accepted,3,protected,measured,1,200,653.0,,1,1224.110072,state_verified
accepted,3,baseline,measured,5,1,3768.0,,5,1267.756515,state_verified
accepted,3,baseline,measured,5,2,1009.0,,5,1267.756515,state_verified
accepted,3,baseline,measured,5,3,1051.0,,5,1267.756515,state_verified
accepted,3,baseline,measured,5,4,941.0,,5,1267.756515,state_verified
accepted,3,baseline,measured,5,5,1082.0,,5,1267.756515,state_verified
accepted,3,baseline,measured,5,6,927.0,,5,1267.756515,state_verified
accepted,3,baseline,measured,5,7,934.0,,5,1267.756515,state_verified
accepted,3,baseline,measured,5,8,1180.0,,5,1267.756515,state_verified
accepted,3,baseline,measured,5,9,1153.0,,5,1267.756515,state_verified
accepted,3,baseline,measured,5,10,860.0,,5,1267.756515,state_verified
accepted,3,baseline,measured,5,11,1162.0,,5,1267.756515,state_verified
accepted,3,baseline,measured,5,12,963.0,,5,1267.756515,state_verified
accepted,3,baseline,measured,5,13,1362.0,,5,1267.756515,state_verified
accepted,3,baseline,measured,5,14,1182.0,,5,1267.756515,state_verified
accepted,3,baseline,measured,5,15,1172.0,,5,1267.756515,state_verified
accepted,3,baseline,measured,5,16,1125.0,,5,1267.756515,state_verified
accepted,3,baseline,measured,5,17,850.0,,5,1267.756515,state_verified
accepted,3,baseline,measured,5,18,904.0,,5,1267.756515,state_verified
accepted,3,baseline,measured,5,19,786.0,,5,1267.756515,state_verified
accepted,3,baseline,measured,5,20,776.0,,5,1267.756515,state_verified
accepted,3,baseline,measured,5,21,804.0,,5,1267.756515,state_verified
accepted,3,baseline,measured,5,22,801.0,,5,1267.756515,state_verified
accepted,3,baseline,measured,5,23,828.0,,5,1267.756515,state_verified
accepted,3,baseline,measured,5,24,765.0,,5,1267.756515,state_verified
accepted,3,baseline,measured,5,25,954.0,,5,1267.756515,state_verified
accepted,3,baseline,measured,5,26,910.0,,5,1267.756515,state_verified
accepted,3,baseline,measured,5,27,804.0,,5,1267.756515,state_verified
accepted,3,baseline,measured,5,28,764.0,,5,1267.756515,state_verified
accepted,3,baseline,measured,5,29,713.0,,5,1267.756515,state_verified
accepted,3,baseline,measured,5,30,742.0,,5,1267.756515,state_verified
accepted,3,baseline,measured,5,31,758.0,,5,1267.756515,state_verified
accepted,3,baseline,measured,5,32,873.0,,5,1267.756515,state_verified
accepted,3,baseline,measured,5,33,902.0,,5,1267.756515,state_verified
accepted,3,baseline,measured,5,34,712.0,,5,1267.756515,state_verified
accepted,3,baseline,measured,5,35,724.0,,5,1267.756515,state_verified
accepted,3,baseline,measured,5,36,771.0,,5,1267.756515,state_verified
accepted,3,baseline,measured,5,37,861.0,,5,1267.756515,state_verified
accepted,3,baseline,measured,5,38,773.0,,5,1267.756515,state_verified
accepted,3,baseline,measured,5,39,749.0,,5,1267.756515,state_verified
accepted,3,baseline,measured,5,40,755.0,,5,1267.756515,state_verified
accepted,3,baseline,measured,5,41,778.0,,5,1267.756515,state_verified
accepted,3,baseline,measured,5,42,758.0,,5,1267.756515,state_verified
accepted,3,baseline,measured,5,43,712.0,,5,1267.756515,state_verified
accepted,3,baseline,measured,5,44,709.0,,5,1267.756515,state_verified
accepted,3,baseline,measured,5,45,1213.0,,5,1267.756515,state_verified
accepted,3,baseline,measured,5,46,1065.0,,5,1267.756515,state_verified
accepted,3,baseline,measured,5,47,864.0,,5,1267.756515,state_verified
accepted,3,baseline,measured,5,48,646.0,,5,1267.756515,state_verified
accepted,3,baseline,measured,5,49,621.0,,5,1267.756515,state_verified
accepted,3,baseline,measured,5,50,635.0,,5,1267.756515,state_verified
accepted,3,baseline,measured,5,51,703.0,,5,1267.756515,state_verified
accepted,3,baseline,measured,5,52,756.0,,5,1267.756515,state_verified
accepted,3,baseline,measured,5,53,819.0,,5,1267.756515,state_verified
accepted,3,baseline,measured,5,54,783.0,,5,1267.756515,state_verified
accepted,3,baseline,measured,5,55,753.0,,5,1267.756515,state_verified
accepted,3,baseline,measured,5,56,715.0,,5,1267.756515,state_verified
accepted,3,baseline,measured,5,57,779.0,,5,1267.756515,state_verified
accepted,3,baseline,measured,5,58,792.0,,5,1267.756515,state_verified
accepted,3,baseline,measured,5,59,812.0,,5,1267.756515,state_verified
accepted,3,baseline,measured,5,60,801.0,,5,1267.756515,state_verified
accepted,3,baseline,measured,5,61,889.0,,5,1267.756515,state_verified
accepted,3,baseline,measured,5,62,861.0,,5,1267.756515,state_verified
accepted,3,baseline,measured,5,63,884.0,,5,1267.756515,state_verified
accepted,3,baseline,measured,5,64,886.0,,5,1267.756515,state_verified
accepted,3,baseline,measured,5,65,1035.0,,5,1267.756515,state_verified
accepted,3,baseline,measured,5,66,839.0,,5,1267.756515,state_verified
accepted,3,baseline,measured,5,67,755.0,,5,1267.756515,state_verified
accepted,3,baseline,measured,5,68,817.0,,5,1267.756515,state_verified
accepted,3,baseline,measured,5,69,713.0,,5,1267.756515,state_verified
accepted,3,baseline,measured,5,70,673.0,,5,1267.756515,state_verified
accepted,3,baseline,measured,5,71,733.0,,5,1267.756515,state_verified
accepted,3,baseline,measured,5,72,626.0,,5,1267.756515,state_verified
accepted,3,baseline,measured,5,73,672.0,,5,1267.756515,state_verified
accepted,3,baseline,measured,5,74,640.0,,5,1267.756515,state_verified
accepted,3,baseline,measured,5,75,638.0,,5,1267.756515,state_verified
accepted,3,baseline,measured,5,76,621.0,,5,1267.756515,state_verified
accepted,3,baseline,measured,5,77,956.0,,5,1267.756515,state_verified
accepted,3,baseline,measured,5,78,959.0,,5,1267.756515,state_verified
accepted,3,baseline,measured,5,79,991.0,,5,1267.756515,state_verified
accepted,3,baseline,measured,5,80,1188.0,,5,1267.756515,state_verified
accepted,3,baseline,measured,5,81,796.0,,5,1267.756515,state_verified
accepted,3,baseline,measured,5,82,1040.0,,5,1267.756515,state_verified
accepted,3,baseline,measured,5,83,821.0,,5,1267.756515,state_verified
accepted,3,baseline,measured,5,84,768.0,,5,1267.756515,state_verified
accepted,3,baseline,measured,5,85,896.0,,5,1267.756515,state_verified
accepted,3,baseline,measured,5,86,773.0,,5,1267.756515,state_verified
accepted,3,baseline,measured,5,87,635.0,,5,1267.756515,state_verified
accepted,3,baseline,measured,5,88,635.0,,5,1267.756515,state_verified
accepted,3,baseline,measured,5,89,607.0,,5,1267.756515,state_verified
accepted,3,baseline,measured,5,90,604.0,,5,1267.756515,state_verified
accepted,3,baseline,measured,5,91,624.0,,5,1267.756515,state_verified
accepted,3,baseline,measured,5,92,632.0,,5,1267.756515,state_verified
accepted,3,baseline,measured,5,93,640.0,,5,1267.756515,state_verified
accepted,3,baseline,measured,5,94,636.0,,5,1267.756515,state_verified
accepted,3,baseline,measured,5,95,611.0,,5,1267.756515,state_verified
accepted,3,baseline,measured,5,96,616.0,,5,1267.756515,state_verified
accepted,3,baseline,measured,5,97,610.0,,5,1267.756515,state_verified
accepted,3,baseline,measured,5,98,614.0,,5,1267.756515,state_verified
accepted,3,baseline,measured,5,99,631.0,,5,1267.756515,state_verified
accepted,3,baseline,measured,5,100,649.0,,5,1267.756515,state_verified
accepted,3,baseline,measured,5,101,835.0,,5,1267.756515,state_verified
accepted,3,baseline,measured,5,102,795.0,,5,1267.756515,state_verified
accepted,3,baseline,measured,5,103,886.0,,5,1267.756515,state_verified
accepted,3,baseline,measured,5,104,772.0,,5,1267.756515,state_verified
accepted,3,baseline,measured,5,105,814.0,,5,1267.756515,state_verified
accepted,3,baseline,measured,5,106,812.0,,5,1267.756515,state_verified
accepted,3,baseline,measured,5,107,758.0,,5,1267.756515,state_verified
accepted,3,baseline,measured,5,108,910.0,,5,1267.756515,state_verified
accepted,3,baseline,measured,5,109,963.0,,5,1267.756515,state_verified
accepted,3,baseline,measured,5,110,982.0,,5,1267.756515,state_verified
accepted,3,baseline,measured,5,111,848.0,,5,1267.756515,state_verified
accepted,3,baseline,measured,5,112,778.0,,5,1267.756515,state_verified
accepted,3,baseline,measured,5,113,807.0,,5,1267.756515,state_verified
accepted,3,baseline,measured,5,114,733.0,,5,1267.756515,state_verified
accepted,3,baseline,measured,5,115,725.0,,5,1267.756515,state_verified
accepted,3,baseline,measured,5,116,770.0,,5,1267.756515,state_verified
accepted,3,baseline,measured,5,117,810.0,,5,1267.756515,state_verified
accepted,3,baseline,measured,5,118,682.0,,5,1267.756515,state_verified
accepted,3,baseline,measured,5,119,618.0,,5,1267.756515,state_verified
accepted,3,baseline,measured,5,120,629.0,,5,1267.756515,state_verified
accepted,3,baseline,measured,5,121,634.0,,5,1267.756515,state_verified
accepted,3,baseline,measured,5,122,563.0,,5,1267.756515,state_verified
accepted,3,baseline,measured,5,123,605.0,,5,1267.756515,state_verified
accepted,3,baseline,measured,5,124,586.0,,5,1267.756515,state_verified
accepted,3,baseline,measured,5,125,579.0,,5,1267.756515,state_verified
accepted,3,baseline,measured,5,126,604.0,,5,1267.756515,state_verified
accepted,3,baseline,measured,5,127,569.0,,5,1267.756515,state_verified
accepted,3,baseline,measured,5,128,619.0,,5,1267.756515,state_verified
accepted,3,baseline,measured,5,129,604.0,,5,1267.756515,state_verified
accepted,3,baseline,measured,5,130,606.0,,5,1267.756515,state_verified
accepted,3,baseline,measured,5,131,569.0,,5,1267.756515,state_verified
accepted,3,baseline,measured,5,132,592.0,,5,1267.756515,state_verified
accepted,3,baseline,measured,5,133,653.0,,5,1267.756515,state_verified
accepted,3,baseline,measured,5,134,567.0,,5,1267.756515,state_verified
accepted,3,baseline,measured,5,135,570.0,,5,1267.756515,state_verified
accepted,3,baseline,measured,5,136,555.0,,5,1267.756515,state_verified
accepted,3,baseline,measured,5,137,550.0,,5,1267.756515,state_verified
accepted,3,baseline,measured,5,138,555.0,,5,1267.756515,state_verified
accepted,3,baseline,measured,5,139,603.0,,5,1267.756515,state_verified
accepted,3,baseline,measured,5,140,575.0,,5,1267.756515,state_verified
accepted,3,baseline,measured,5,141,883.0,,5,1267.756515,state_verified
accepted,3,baseline,measured,5,142,1039.0,,5,1267.756515,state_verified
accepted,3,baseline,measured,5,143,1190.0,,5,1267.756515,state_verified
accepted,3,baseline,measured,5,144,1166.0,,5,1267.756515,state_verified
accepted,3,baseline,measured,5,145,820.0,,5,1267.756515,state_verified
accepted,3,baseline,measured,5,146,824.0,,5,1267.756515,state_verified
accepted,3,baseline,measured,5,147,797.0,,5,1267.756515,state_verified
accepted,3,baseline,measured,5,148,751.0,,5,1267.756515,state_verified
accepted,3,baseline,measured,5,149,734.0,,5,1267.756515,state_verified
accepted,3,baseline,measured,5,150,621.0,,5,1267.756515,state_verified
accepted,3,baseline,measured,5,151,662.0,,5,1267.756515,state_verified
accepted,3,baseline,measured,5,152,580.0,,5,1267.756515,state_verified
accepted,3,baseline,measured,5,153,568.0,,5,1267.756515,state_verified
accepted,3,baseline,measured,5,154,530.0,,5,1267.756515,state_verified
accepted,3,baseline,measured,5,155,568.0,,5,1267.756515,state_verified
accepted,3,baseline,measured,5,156,643.0,,5,1267.756515,state_verified
accepted,3,baseline,measured,5,157,582.0,,5,1267.756515,state_verified
accepted,3,baseline,measured,5,158,561.0,,5,1267.756515,state_verified
accepted,3,baseline,measured,5,159,554.0,,5,1267.756515,state_verified
accepted,3,baseline,measured,5,160,634.0,,5,1267.756515,state_verified
accepted,3,baseline,measured,5,161,578.0,,5,1267.756515,state_verified
accepted,3,baseline,measured,5,162,560.0,,5,1267.756515,state_verified
accepted,3,baseline,measured,5,163,559.0,,5,1267.756515,state_verified
accepted,3,baseline,measured,5,164,606.0,,5,1267.756515,state_verified
accepted,3,baseline,measured,5,165,591.0,,5,1267.756515,state_verified
accepted,3,baseline,measured,5,166,680.0,,5,1267.756515,state_verified
accepted,3,baseline,measured,5,167,786.0,,5,1267.756515,state_verified
accepted,3,baseline,measured,5,168,923.0,,5,1267.756515,state_verified
accepted,3,baseline,measured,5,169,791.0,,5,1267.756515,state_verified
accepted,3,baseline,measured,5,170,825.0,,5,1267.756515,state_verified
accepted,3,baseline,measured,5,171,857.0,,5,1267.756515,state_verified
accepted,3,baseline,measured,5,172,756.0,,5,1267.756515,state_verified
accepted,3,baseline,measured,5,173,733.0,,5,1267.756515,state_verified
accepted,3,baseline,measured,5,174,671.0,,5,1267.756515,state_verified
accepted,3,baseline,measured,5,175,660.0,,5,1267.756515,state_verified
accepted,3,baseline,measured,5,176,732.0,,5,1267.756515,state_verified
accepted,3,baseline,measured,5,177,685.0,,5,1267.756515,state_verified
accepted,3,baseline,measured,5,178,601.0,,5,1267.756515,state_verified
accepted,3,baseline,measured,5,179,639.0,,5,1267.756515,state_verified
accepted,3,baseline,measured,5,180,646.0,,5,1267.756515,state_verified
accepted,3,baseline,measured,5,181,597.0,,5,1267.756515,state_verified
accepted,3,baseline,measured,5,182,583.0,,5,1267.756515,state_verified
accepted,3,baseline,measured,5,183,618.0,,5,1267.756515,state_verified
accepted,3,baseline,measured,5,184,625.0,,5,1267.756515,state_verified
accepted,3,baseline,measured,5,185,624.0,,5,1267.756515,state_verified
accepted,3,baseline,measured,5,186,583.0,,5,1267.756515,state_verified
accepted,3,baseline,measured,5,187,641.0,,5,1267.756515,state_verified
accepted,3,baseline,measured,5,188,647.0,,5,1267.756515,state_verified
accepted,3,baseline,measured,5,189,755.0,,5,1267.756515,state_verified
accepted,3,baseline,measured,5,190,852.0,,5,1267.756515,state_verified
accepted,3,baseline,measured,5,191,1983.0,,5,1267.756515,state_verified
accepted,3,baseline,measured,5,192,890.0,,5,1267.756515,state_verified
accepted,3,baseline,measured,5,193,774.0,,5,1267.756515,state_verified
accepted,3,baseline,measured,5,194,722.0,,5,1267.756515,state_verified
accepted,3,baseline,measured,5,195,715.0,,5,1267.756515,state_verified
accepted,3,baseline,measured,5,196,597.0,,5,1267.756515,state_verified
accepted,3,baseline,measured,5,197,614.0,,5,1267.756515,state_verified
accepted,3,baseline,measured,5,198,547.0,,5,1267.756515,state_verified
accepted,3,baseline,measured,5,199,554.0,,5,1267.756515,state_verified
accepted,3,baseline,measured,5,200,553.0,,5,1267.756515,state_verified
accepted,3,protected,measured,5,1,3680.0,,5,1276.145021,state_verified
accepted,3,protected,measured,5,2,961.0,,5,1276.145021,state_verified
accepted,3,protected,measured,5,3,954.0,,5,1276.145021,state_verified
accepted,3,protected,measured,5,4,773.0,,5,1276.145021,state_verified
accepted,3,protected,measured,5,5,848.0,,5,1276.145021,state_verified
accepted,3,protected,measured,5,6,786.0,,5,1276.145021,state_verified
accepted,3,protected,measured,5,7,648.0,,5,1276.145021,state_verified
accepted,3,protected,measured,5,8,643.0,,5,1276.145021,state_verified
accepted,3,protected,measured,5,9,674.0,,5,1276.145021,state_verified
accepted,3,protected,measured,5,10,701.0,,5,1276.145021,state_verified
accepted,3,protected,measured,5,11,867.0,,5,1276.145021,state_verified
accepted,3,protected,measured,5,12,1015.0,,5,1276.145021,state_verified
accepted,3,protected,measured,5,13,859.0,,5,1276.145021,state_verified
accepted,3,protected,measured,5,14,1022.0,,5,1276.145021,state_verified
accepted,3,protected,measured,5,15,1301.0,,5,1276.145021,state_verified
accepted,3,protected,measured,5,16,1141.0,,5,1276.145021,state_verified
accepted,3,protected,measured,5,17,843.0,,5,1276.145021,state_verified
accepted,3,protected,measured,5,18,840.0,,5,1276.145021,state_verified
accepted,3,protected,measured,5,19,694.0,,5,1276.145021,state_verified
accepted,3,protected,measured,5,20,630.0,,5,1276.145021,state_verified
accepted,3,protected,measured,5,21,633.0,,5,1276.145021,state_verified
accepted,3,protected,measured,5,22,622.0,,5,1276.145021,state_verified
accepted,3,protected,measured,5,23,631.0,,5,1276.145021,state_verified
accepted,3,protected,measured,5,24,650.0,,5,1276.145021,state_verified
accepted,3,protected,measured,5,25,636.0,,5,1276.145021,state_verified
accepted,3,protected,measured,5,26,582.0,,5,1276.145021,state_verified
accepted,3,protected,measured,5,27,609.0,,5,1276.145021,state_verified
accepted,3,protected,measured,5,28,657.0,,5,1276.145021,state_verified
accepted,3,protected,measured,5,29,670.0,,5,1276.145021,state_verified
accepted,3,protected,measured,5,30,614.0,,5,1276.145021,state_verified
accepted,3,protected,measured,5,31,615.0,,5,1276.145021,state_verified
accepted,3,protected,measured,5,32,690.0,,5,1276.145021,state_verified
accepted,3,protected,measured,5,33,960.0,,5,1276.145021,state_verified
accepted,3,protected,measured,5,34,941.0,,5,1276.145021,state_verified
accepted,3,protected,measured,5,35,1165.0,,5,1276.145021,state_verified
accepted,3,protected,measured,5,36,923.0,,5,1276.145021,state_verified
accepted,3,protected,measured,5,37,827.0,,5,1276.145021,state_verified
accepted,3,protected,measured,5,38,730.0,,5,1276.145021,state_verified
accepted,3,protected,measured,5,39,816.0,,5,1276.145021,state_verified
accepted,3,protected,measured,5,40,745.0,,5,1276.145021,state_verified
accepted,3,protected,measured,5,41,752.0,,5,1276.145021,state_verified
accepted,3,protected,measured,5,42,715.0,,5,1276.145021,state_verified
accepted,3,protected,measured,5,43,697.0,,5,1276.145021,state_verified
accepted,3,protected,measured,5,44,688.0,,5,1276.145021,state_verified
accepted,3,protected,measured,5,45,689.0,,5,1276.145021,state_verified
accepted,3,protected,measured,5,46,794.0,,5,1276.145021,state_verified
accepted,3,protected,measured,5,47,968.0,,5,1276.145021,state_verified
accepted,3,protected,measured,5,48,784.0,,5,1276.145021,state_verified
accepted,3,protected,measured,5,49,719.0,,5,1276.145021,state_verified
accepted,3,protected,measured,5,50,753.0,,5,1276.145021,state_verified
accepted,3,protected,measured,5,51,659.0,,5,1276.145021,state_verified
accepted,3,protected,measured,5,52,830.0,,5,1276.145021,state_verified
accepted,3,protected,measured,5,53,1455.0,,5,1276.145021,state_verified
accepted,3,protected,measured,5,54,1351.0,,5,1276.145021,state_verified
accepted,3,protected,measured,5,55,1090.0,,5,1276.145021,state_verified
accepted,3,protected,measured,5,56,1104.0,,5,1276.145021,state_verified
accepted,3,protected,measured,5,57,733.0,,5,1276.145021,state_verified
accepted,3,protected,measured,5,58,646.0,,5,1276.145021,state_verified
accepted,3,protected,measured,5,59,703.0,,5,1276.145021,state_verified
accepted,3,protected,measured,5,60,681.0,,5,1276.145021,state_verified
accepted,3,protected,measured,5,61,689.0,,5,1276.145021,state_verified
accepted,3,protected,measured,5,62,691.0,,5,1276.145021,state_verified
accepted,3,protected,measured,5,63,675.0,,5,1276.145021,state_verified
accepted,3,protected,measured,5,64,686.0,,5,1276.145021,state_verified
accepted,3,protected,measured,5,65,663.0,,5,1276.145021,state_verified
accepted,3,protected,measured,5,66,699.0,,5,1276.145021,state_verified
accepted,3,protected,measured,5,67,728.0,,5,1276.145021,state_verified
accepted,3,protected,measured,5,68,685.0,,5,1276.145021,state_verified
accepted,3,protected,measured,5,69,815.0,,5,1276.145021,state_verified
accepted,3,protected,measured,5,70,682.0,,5,1276.145021,state_verified
accepted,3,protected,measured,5,71,735.0,,5,1276.145021,state_verified
accepted,3,protected,measured,5,72,892.0,,5,1276.145021,state_verified
accepted,3,protected,measured,5,73,957.0,,5,1276.145021,state_verified
accepted,3,protected,measured,5,74,836.0,,5,1276.145021,state_verified
accepted,3,protected,measured,5,75,805.0,,5,1276.145021,state_verified
accepted,3,protected,measured,5,76,733.0,,5,1276.145021,state_verified
accepted,3,protected,measured,5,77,731.0,,5,1276.145021,state_verified
accepted,3,protected,measured,5,78,704.0,,5,1276.145021,state_verified
accepted,3,protected,measured,5,79,736.0,,5,1276.145021,state_verified
accepted,3,protected,measured,5,80,681.0,,5,1276.145021,state_verified
accepted,3,protected,measured,5,81,703.0,,5,1276.145021,state_verified
accepted,3,protected,measured,5,82,665.0,,5,1276.145021,state_verified
accepted,3,protected,measured,5,83,711.0,,5,1276.145021,state_verified
accepted,3,protected,measured,5,84,692.0,,5,1276.145021,state_verified
accepted,3,protected,measured,5,85,680.0,,5,1276.145021,state_verified
accepted,3,protected,measured,5,86,678.0,,5,1276.145021,state_verified
accepted,3,protected,measured,5,87,826.0,,5,1276.145021,state_verified
accepted,3,protected,measured,5,88,713.0,,5,1276.145021,state_verified
accepted,3,protected,measured,5,89,692.0,,5,1276.145021,state_verified
accepted,3,protected,measured,5,90,725.0,,5,1276.145021,state_verified
accepted,3,protected,measured,5,91,679.0,,5,1276.145021,state_verified
accepted,3,protected,measured,5,92,697.0,,5,1276.145021,state_verified
accepted,3,protected,measured,5,93,721.0,,5,1276.145021,state_verified
accepted,3,protected,measured,5,94,720.0,,5,1276.145021,state_verified
accepted,3,protected,measured,5,95,758.0,,5,1276.145021,state_verified
accepted,3,protected,measured,5,96,747.0,,5,1276.145021,state_verified
accepted,3,protected,measured,5,97,753.0,,5,1276.145021,state_verified
accepted,3,protected,measured,5,98,726.0,,5,1276.145021,state_verified
accepted,3,protected,measured,5,99,728.0,,5,1276.145021,state_verified
accepted,3,protected,measured,5,100,679.0,,5,1276.145021,state_verified
accepted,3,protected,measured,5,101,687.0,,5,1276.145021,state_verified
accepted,3,protected,measured,5,102,704.0,,5,1276.145021,state_verified
accepted,3,protected,measured,5,103,678.0,,5,1276.145021,state_verified
accepted,3,protected,measured,5,104,685.0,,5,1276.145021,state_verified
accepted,3,protected,measured,5,105,714.0,,5,1276.145021,state_verified
accepted,3,protected,measured,5,106,685.0,,5,1276.145021,state_verified
accepted,3,protected,measured,5,107,730.0,,5,1276.145021,state_verified
accepted,3,protected,measured,5,108,712.0,,5,1276.145021,state_verified
accepted,3,protected,measured,5,109,719.0,,5,1276.145021,state_verified
accepted,3,protected,measured,5,110,687.0,,5,1276.145021,state_verified
accepted,3,protected,measured,5,111,672.0,,5,1276.145021,state_verified
accepted,3,protected,measured,5,112,698.0,,5,1276.145021,state_verified
accepted,3,protected,measured,5,113,675.0,,5,1276.145021,state_verified
accepted,3,protected,measured,5,114,698.0,,5,1276.145021,state_verified
accepted,3,protected,measured,5,115,716.0,,5,1276.145021,state_verified
accepted,3,protected,measured,5,116,701.0,,5,1276.145021,state_verified
accepted,3,protected,measured,5,117,1052.0,,5,1276.145021,state_verified
accepted,3,protected,measured,5,118,1133.0,,5,1276.145021,state_verified
accepted,3,protected,measured,5,119,1040.0,,5,1276.145021,state_verified
accepted,3,protected,measured,5,120,1035.0,,5,1276.145021,state_verified
accepted,3,protected,measured,5,121,704.0,,5,1276.145021,state_verified
accepted,3,protected,measured,5,122,670.0,,5,1276.145021,state_verified
accepted,3,protected,measured,5,123,693.0,,5,1276.145021,state_verified
accepted,3,protected,measured,5,124,700.0,,5,1276.145021,state_verified
accepted,3,protected,measured,5,125,706.0,,5,1276.145021,state_verified
accepted,3,protected,measured,5,126,718.0,,5,1276.145021,state_verified
accepted,3,protected,measured,5,127,710.0,,5,1276.145021,state_verified
accepted,3,protected,measured,5,128,752.0,,5,1276.145021,state_verified
accepted,3,protected,measured,5,129,745.0,,5,1276.145021,state_verified
accepted,3,protected,measured,5,130,853.0,,5,1276.145021,state_verified
accepted,3,protected,measured,5,131,852.0,,5,1276.145021,state_verified
accepted,3,protected,measured,5,132,772.0,,5,1276.145021,state_verified
accepted,3,protected,measured,5,133,803.0,,5,1276.145021,state_verified
accepted,3,protected,measured,5,134,709.0,,5,1276.145021,state_verified
accepted,3,protected,measured,5,135,690.0,,5,1276.145021,state_verified
accepted,3,protected,measured,5,136,742.0,,5,1276.145021,state_verified
accepted,3,protected,measured,5,137,697.0,,5,1276.145021,state_verified
accepted,3,protected,measured,5,138,686.0,,5,1276.145021,state_verified
accepted,3,protected,measured,5,139,751.0,,5,1276.145021,state_verified
accepted,3,protected,measured,5,140,758.0,,5,1276.145021,state_verified
accepted,3,protected,measured,5,141,687.0,,5,1276.145021,state_verified
accepted,3,protected,measured,5,142,682.0,,5,1276.145021,state_verified
accepted,3,protected,measured,5,143,675.0,,5,1276.145021,state_verified
accepted,3,protected,measured,5,144,690.0,,5,1276.145021,state_verified
accepted,3,protected,measured,5,145,669.0,,5,1276.145021,state_verified
accepted,3,protected,measured,5,146,701.0,,5,1276.145021,state_verified
accepted,3,protected,measured,5,147,682.0,,5,1276.145021,state_verified
accepted,3,protected,measured,5,148,682.0,,5,1276.145021,state_verified
accepted,3,protected,measured,5,149,724.0,,5,1276.145021,state_verified
accepted,3,protected,measured,5,150,709.0,,5,1276.145021,state_verified
accepted,3,protected,measured,5,151,729.0,,5,1276.145021,state_verified
accepted,3,protected,measured,5,152,838.0,,5,1276.145021,state_verified
accepted,3,protected,measured,5,153,694.0,,5,1276.145021,state_verified
accepted,3,protected,measured,5,154,665.0,,5,1276.145021,state_verified
accepted,3,protected,measured,5,155,651.0,,5,1276.145021,state_verified
accepted,3,protected,measured,5,156,690.0,,5,1276.145021,state_verified
accepted,3,protected,measured,5,157,740.0,,5,1276.145021,state_verified
accepted,3,protected,measured,5,158,705.0,,5,1276.145021,state_verified
accepted,3,protected,measured,5,159,663.0,,5,1276.145021,state_verified
accepted,3,protected,measured,5,160,702.0,,5,1276.145021,state_verified
accepted,3,protected,measured,5,161,671.0,,5,1276.145021,state_verified
accepted,3,protected,measured,5,162,696.0,,5,1276.145021,state_verified
accepted,3,protected,measured,5,163,779.0,,5,1276.145021,state_verified
accepted,3,protected,measured,5,164,731.0,,5,1276.145021,state_verified
accepted,3,protected,measured,5,165,704.0,,5,1276.145021,state_verified
accepted,3,protected,measured,5,166,727.0,,5,1276.145021,state_verified
accepted,3,protected,measured,5,167,708.0,,5,1276.145021,state_verified
accepted,3,protected,measured,5,168,704.0,,5,1276.145021,state_verified
accepted,3,protected,measured,5,169,698.0,,5,1276.145021,state_verified
accepted,3,protected,measured,5,170,669.0,,5,1276.145021,state_verified
accepted,3,protected,measured,5,171,700.0,,5,1276.145021,state_verified
accepted,3,protected,measured,5,172,785.0,,5,1276.145021,state_verified
accepted,3,protected,measured,5,173,740.0,,5,1276.145021,state_verified
accepted,3,protected,measured,5,174,692.0,,5,1276.145021,state_verified
accepted,3,protected,measured,5,175,775.0,,5,1276.145021,state_verified
accepted,3,protected,measured,5,176,767.0,,5,1276.145021,state_verified
accepted,3,protected,measured,5,177,741.0,,5,1276.145021,state_verified
accepted,3,protected,measured,5,178,682.0,,5,1276.145021,state_verified
accepted,3,protected,measured,5,179,735.0,,5,1276.145021,state_verified
accepted,3,protected,measured,5,180,705.0,,5,1276.145021,state_verified
accepted,3,protected,measured,5,181,1060.0,,5,1276.145021,state_verified
accepted,3,protected,measured,5,182,1050.0,,5,1276.145021,state_verified
accepted,3,protected,measured,5,183,1033.0,,5,1276.145021,state_verified
accepted,3,protected,measured,5,184,1135.0,,5,1276.145021,state_verified
accepted,3,protected,measured,5,185,792.0,,5,1276.145021,state_verified
accepted,3,protected,measured,5,186,685.0,,5,1276.145021,state_verified
accepted,3,protected,measured,5,187,711.0,,5,1276.145021,state_verified
accepted,3,protected,measured,5,188,707.0,,5,1276.145021,state_verified
accepted,3,protected,measured,5,189,703.0,,5,1276.145021,state_verified
accepted,3,protected,measured,5,190,694.0,,5,1276.145021,state_verified
accepted,3,protected,measured,5,191,704.0,,5,1276.145021,state_verified
accepted,3,protected,measured,5,192,761.0,,5,1276.145021,state_verified
accepted,3,protected,measured,5,193,740.0,,5,1276.145021,state_verified
accepted,3,protected,measured,5,194,755.0,,5,1276.145021,state_verified
accepted,3,protected,measured,5,195,727.0,,5,1276.145021,state_verified
accepted,3,protected,measured,5,196,712.0,,5,1276.145021,state_verified
accepted,3,protected,measured,5,197,728.0,,5,1276.145021,state_verified
accepted,3,protected,measured,5,198,739.0,,5,1276.145021,state_verified
accepted,3,protected,measured,5,199,710.0,,5,1276.145021,state_verified
accepted,3,protected,measured,5,200,687.0,,5,1276.145021,state_verified
accepted,3,baseline,measured,100,1,3206.0,,100,1053.840723,state_verified
accepted,3,baseline,measured,100,2,979.0,,100,1053.840723,state_verified
accepted,3,baseline,measured,100,3,841.0,,100,1053.840723,state_verified
accepted,3,baseline,measured,100,4,951.0,,100,1053.840723,state_verified
accepted,3,baseline,measured,100,5,913.0,,100,1053.840723,state_verified
accepted,3,baseline,measured,100,6,1187.0,,100,1053.840723,state_verified
accepted,3,baseline,measured,100,7,862.0,,100,1053.840723,state_verified
accepted,3,baseline,measured,100,8,809.0,,100,1053.840723,state_verified
accepted,3,baseline,measured,100,9,855.0,,100,1053.840723,state_verified
accepted,3,baseline,measured,100,10,809.0,,100,1053.840723,state_verified
accepted,3,baseline,measured,100,11,845.0,,100,1053.840723,state_verified
accepted,3,baseline,measured,100,12,799.0,,100,1053.840723,state_verified
accepted,3,baseline,measured,100,13,977.0,,100,1053.840723,state_verified
accepted,3,baseline,measured,100,14,913.0,,100,1053.840723,state_verified
accepted,3,baseline,measured,100,15,941.0,,100,1053.840723,state_verified
accepted,3,baseline,measured,100,16,709.0,,100,1053.840723,state_verified
accepted,3,baseline,measured,100,17,785.0,,100,1053.840723,state_verified
accepted,3,baseline,measured,100,18,773.0,,100,1053.840723,state_verified
accepted,3,baseline,measured,100,19,1265.0,,100,1053.840723,state_verified
accepted,3,baseline,measured,100,20,1199.0,,100,1053.840723,state_verified
accepted,3,baseline,measured,100,21,1239.0,,100,1053.840723,state_verified
accepted,3,baseline,measured,100,22,1516.0,,100,1053.840723,state_verified
accepted,3,baseline,measured,100,23,1434.0,,100,1053.840723,state_verified
accepted,3,baseline,measured,100,24,984.0,,100,1053.840723,state_verified
accepted,3,baseline,measured,100,25,947.0,,100,1053.840723,state_verified
accepted,3,baseline,measured,100,26,1136.0,,100,1053.840723,state_verified
accepted,3,baseline,measured,100,27,986.0,,100,1053.840723,state_verified
accepted,3,baseline,measured,100,28,1001.0,,100,1053.840723,state_verified
accepted,3,baseline,measured,100,29,892.0,,100,1053.840723,state_verified
accepted,3,baseline,measured,100,30,1044.0,,100,1053.840723,state_verified
accepted,3,baseline,measured,100,31,808.0,,100,1053.840723,state_verified
accepted,3,baseline,measured,100,32,946.0,,100,1053.840723,state_verified
accepted,3,baseline,measured,100,33,1030.0,,100,1053.840723,state_verified
accepted,3,baseline,measured,100,34,927.0,,100,1053.840723,state_verified
accepted,3,baseline,measured,100,35,942.0,,100,1053.840723,state_verified
accepted,3,baseline,measured,100,36,723.0,,100,1053.840723,state_verified
accepted,3,baseline,measured,100,37,794.0,,100,1053.840723,state_verified
accepted,3,baseline,measured,100,38,876.0,,100,1053.840723,state_verified
accepted,3,baseline,measured,100,39,789.0,,100,1053.840723,state_verified
accepted,3,baseline,measured,100,40,814.0,,100,1053.840723,state_verified
accepted,3,baseline,measured,100,41,656.0,,100,1053.840723,state_verified
accepted,3,baseline,measured,100,42,664.0,,100,1053.840723,state_verified
accepted,3,baseline,measured,100,43,850.0,,100,1053.840723,state_verified
accepted,3,baseline,measured,100,44,888.0,,100,1053.840723,state_verified
accepted,3,baseline,measured,100,45,855.0,,100,1053.840723,state_verified
accepted,3,baseline,measured,100,46,759.0,,100,1053.840723,state_verified
accepted,3,baseline,measured,100,47,903.0,,100,1053.840723,state_verified
accepted,3,baseline,measured,100,48,998.0,,100,1053.840723,state_verified
accepted,3,baseline,measured,100,49,920.0,,100,1053.840723,state_verified
accepted,3,baseline,measured,100,50,920.0,,100,1053.840723,state_verified
accepted,3,baseline,measured,100,51,882.0,,100,1053.840723,state_verified
accepted,3,baseline,measured,100,52,1222.0,,100,1053.840723,state_verified
accepted,3,baseline,measured,100,53,959.0,,100,1053.840723,state_verified
accepted,3,baseline,measured,100,54,917.0,,100,1053.840723,state_verified
accepted,3,baseline,measured,100,55,977.0,,100,1053.840723,state_verified
accepted,3,baseline,measured,100,56,798.0,,100,1053.840723,state_verified
accepted,3,baseline,measured,100,57,827.0,,100,1053.840723,state_verified
accepted,3,baseline,measured,100,58,723.0,,100,1053.840723,state_verified
accepted,3,baseline,measured,100,59,823.0,,100,1053.840723,state_verified
accepted,3,baseline,measured,100,60,674.0,,100,1053.840723,state_verified
accepted,3,baseline,measured,100,61,890.0,,100,1053.840723,state_verified
accepted,3,baseline,measured,100,62,999.0,,100,1053.840723,state_verified
accepted,3,baseline,measured,100,63,949.0,,100,1053.840723,state_verified
accepted,3,baseline,measured,100,64,928.0,,100,1053.840723,state_verified
accepted,3,baseline,measured,100,65,981.0,,100,1053.840723,state_verified
accepted,3,baseline,measured,100,66,1097.0,,100,1053.840723,state_verified
accepted,3,baseline,measured,100,67,1047.0,,100,1053.840723,state_verified
accepted,3,baseline,measured,100,68,1028.0,,100,1053.840723,state_verified
accepted,3,baseline,measured,100,69,910.0,,100,1053.840723,state_verified
accepted,3,baseline,measured,100,70,849.0,,100,1053.840723,state_verified
accepted,3,baseline,measured,100,71,942.0,,100,1053.840723,state_verified
accepted,3,baseline,measured,100,72,970.0,,100,1053.840723,state_verified
accepted,3,baseline,measured,100,73,783.0,,100,1053.840723,state_verified
accepted,3,baseline,measured,100,74,841.0,,100,1053.840723,state_verified
accepted,3,baseline,measured,100,75,963.0,,100,1053.840723,state_verified
accepted,3,baseline,measured,100,76,819.0,,100,1053.840723,state_verified
accepted,3,baseline,measured,100,77,932.0,,100,1053.840723,state_verified
accepted,3,baseline,measured,100,78,893.0,,100,1053.840723,state_verified
accepted,3,baseline,measured,100,79,975.0,,100,1053.840723,state_verified
accepted,3,baseline,measured,100,80,1064.0,,100,1053.840723,state_verified
accepted,3,baseline,measured,100,81,914.0,,100,1053.840723,state_verified
accepted,3,baseline,measured,100,82,849.0,,100,1053.840723,state_verified
accepted,3,baseline,measured,100,83,1191.0,,100,1053.840723,state_verified
accepted,3,baseline,measured,100,84,1204.0,,100,1053.840723,state_verified
accepted,3,baseline,measured,100,85,1232.0,,100,1053.840723,state_verified
accepted,3,baseline,measured,100,86,1336.0,,100,1053.840723,state_verified
accepted,3,baseline,measured,100,87,900.0,,100,1053.840723,state_verified
accepted,3,baseline,measured,100,88,771.0,,100,1053.840723,state_verified
accepted,3,baseline,measured,100,89,829.0,,100,1053.840723,state_verified
accepted,3,baseline,measured,100,90,813.0,,100,1053.840723,state_verified
accepted,3,baseline,measured,100,91,886.0,,100,1053.840723,state_verified
accepted,3,baseline,measured,100,92,924.0,,100,1053.840723,state_verified
accepted,3,baseline,measured,100,93,948.0,,100,1053.840723,state_verified
accepted,3,baseline,measured,100,94,853.0,,100,1053.840723,state_verified
accepted,3,baseline,measured,100,95,969.0,,100,1053.840723,state_verified
accepted,3,baseline,measured,100,96,925.0,,100,1053.840723,state_verified
accepted,3,baseline,measured,100,97,815.0,,100,1053.840723,state_verified
accepted,3,baseline,measured,100,98,813.0,,100,1053.840723,state_verified
accepted,3,baseline,measured,100,99,882.0,,100,1053.840723,state_verified
accepted,3,baseline,measured,100,100,1000.0,,100,1053.840723,state_verified
accepted,3,baseline,measured,100,101,888.0,,100,1053.840723,state_verified
accepted,3,baseline,measured,100,102,979.0,,100,1053.840723,state_verified
accepted,3,baseline,measured,100,103,936.0,,100,1053.840723,state_verified
accepted,3,baseline,measured,100,104,946.0,,100,1053.840723,state_verified
accepted,3,baseline,measured,100,105,825.0,,100,1053.840723,state_verified
accepted,3,baseline,measured,100,106,922.0,,100,1053.840723,state_verified
accepted,3,baseline,measured,100,107,788.0,,100,1053.840723,state_verified
accepted,3,baseline,measured,100,108,939.0,,100,1053.840723,state_verified
accepted,3,baseline,measured,100,109,970.0,,100,1053.840723,state_verified
accepted,3,baseline,measured,100,110,976.0,,100,1053.840723,state_verified
accepted,3,baseline,measured,100,111,968.0,,100,1053.840723,state_verified
accepted,3,baseline,measured,100,112,977.0,,100,1053.840723,state_verified
accepted,3,baseline,measured,100,113,882.0,,100,1053.840723,state_verified
accepted,3,baseline,measured,100,114,836.0,,100,1053.840723,state_verified
accepted,3,baseline,measured,100,115,996.0,,100,1053.840723,state_verified
accepted,3,baseline,measured,100,116,872.0,,100,1053.840723,state_verified
accepted,3,baseline,measured,100,117,993.0,,100,1053.840723,state_verified
accepted,3,baseline,measured,100,118,987.0,,100,1053.840723,state_verified
accepted,3,baseline,measured,100,119,926.0,,100,1053.840723,state_verified
accepted,3,baseline,measured,100,120,865.0,,100,1053.840723,state_verified
accepted,3,baseline,measured,100,121,848.0,,100,1053.840723,state_verified
accepted,3,baseline,measured,100,122,903.0,,100,1053.840723,state_verified
accepted,3,baseline,measured,100,123,808.0,,100,1053.840723,state_verified
accepted,3,baseline,measured,100,124,911.0,,100,1053.840723,state_verified
accepted,3,baseline,measured,100,125,830.0,,100,1053.840723,state_verified
accepted,3,baseline,measured,100,126,853.0,,100,1053.840723,state_verified
accepted,3,baseline,measured,100,127,941.0,,100,1053.840723,state_verified
accepted,3,baseline,measured,100,128,834.0,,100,1053.840723,state_verified
accepted,3,baseline,measured,100,129,1121.0,,100,1053.840723,state_verified
accepted,3,baseline,measured,100,130,917.0,,100,1053.840723,state_verified
accepted,3,baseline,measured,100,131,888.0,,100,1053.840723,state_verified
accepted,3,baseline,measured,100,132,933.0,,100,1053.840723,state_verified
accepted,3,baseline,measured,100,133,883.0,,100,1053.840723,state_verified
accepted,3,baseline,measured,100,134,1225.0,,100,1053.840723,state_verified
accepted,3,baseline,measured,100,135,1200.0,,100,1053.840723,state_verified
accepted,3,baseline,measured,100,136,1055.0,,100,1053.840723,state_verified
accepted,3,baseline,measured,100,137,1074.0,,100,1053.840723,state_verified
accepted,3,baseline,measured,100,138,1040.0,,100,1053.840723,state_verified
accepted,3,baseline,measured,100,139,991.0,,100,1053.840723,state_verified
accepted,3,baseline,measured,100,140,817.0,,100,1053.840723,state_verified
accepted,3,baseline,measured,100,141,914.0,,100,1053.840723,state_verified
accepted,3,baseline,measured,100,142,840.0,,100,1053.840723,state_verified
accepted,3,baseline,measured,100,143,933.0,,100,1053.840723,state_verified
accepted,3,baseline,measured,100,144,877.0,,100,1053.840723,state_verified
accepted,3,baseline,measured,100,145,752.0,,100,1053.840723,state_verified
accepted,3,baseline,measured,100,146,1087.0,,100,1053.840723,state_verified
accepted,3,baseline,measured,100,147,1147.0,,100,1053.840723,state_verified
accepted,3,baseline,measured,100,148,1083.0,,100,1053.840723,state_verified
accepted,3,baseline,measured,100,149,1178.0,,100,1053.840723,state_verified
accepted,3,baseline,measured,100,150,1237.0,,100,1053.840723,state_verified
accepted,3,baseline,measured,100,151,945.0,,100,1053.840723,state_verified
accepted,3,baseline,measured,100,152,876.0,,100,1053.840723,state_verified
accepted,3,baseline,measured,100,153,1057.0,,100,1053.840723,state_verified
accepted,3,baseline,measured,100,154,1010.0,,100,1053.840723,state_verified
accepted,3,baseline,measured,100,155,841.0,,100,1053.840723,state_verified
accepted,3,baseline,measured,100,156,902.0,,100,1053.840723,state_verified
accepted,3,baseline,measured,100,157,902.0,,100,1053.840723,state_verified
accepted,3,baseline,measured,100,158,839.0,,100,1053.840723,state_verified
accepted,3,baseline,measured,100,159,906.0,,100,1053.840723,state_verified
accepted,3,baseline,measured,100,160,842.0,,100,1053.840723,state_verified
accepted,3,baseline,measured,100,161,855.0,,100,1053.840723,state_verified
accepted,3,baseline,measured,100,162,870.0,,100,1053.840723,state_verified
accepted,3,baseline,measured,100,163,1033.0,,100,1053.840723,state_verified
accepted,3,baseline,measured,100,164,801.0,,100,1053.840723,state_verified
accepted,3,baseline,measured,100,165,825.0,,100,1053.840723,state_verified
accepted,3,baseline,measured,100,166,867.0,,100,1053.840723,state_verified
accepted,3,baseline,measured,100,167,860.0,,100,1053.840723,state_verified
accepted,3,baseline,measured,100,168,859.0,,100,1053.840723,state_verified
accepted,3,baseline,measured,100,169,840.0,,100,1053.840723,state_verified
accepted,3,baseline,measured,100,170,874.0,,100,1053.840723,state_verified
accepted,3,baseline,measured,100,171,849.0,,100,1053.840723,state_verified
accepted,3,baseline,measured,100,172,828.0,,100,1053.840723,state_verified
accepted,3,baseline,measured,100,173,799.0,,100,1053.840723,state_verified
accepted,3,baseline,measured,100,174,823.0,,100,1053.840723,state_verified
accepted,3,baseline,measured,100,175,883.0,,100,1053.840723,state_verified
accepted,3,baseline,measured,100,176,864.0,,100,1053.840723,state_verified
accepted,3,baseline,measured,100,177,871.0,,100,1053.840723,state_verified
accepted,3,baseline,measured,100,178,843.0,,100,1053.840723,state_verified
accepted,3,baseline,measured,100,179,965.0,,100,1053.840723,state_verified
accepted,3,baseline,measured,100,180,895.0,,100,1053.840723,state_verified
accepted,3,baseline,measured,100,181,832.0,,100,1053.840723,state_verified
accepted,3,baseline,measured,100,182,983.0,,100,1053.840723,state_verified
accepted,3,baseline,measured,100,183,896.0,,100,1053.840723,state_verified
accepted,3,baseline,measured,100,184,1000.0,,100,1053.840723,state_verified
accepted,3,baseline,measured,100,185,952.0,,100,1053.840723,state_verified
accepted,3,baseline,measured,100,186,904.0,,100,1053.840723,state_verified
accepted,3,baseline,measured,100,187,1043.0,,100,1053.840723,state_verified
accepted,3,baseline,measured,100,188,866.0,,100,1053.840723,state_verified
accepted,3,baseline,measured,100,189,904.0,,100,1053.840723,state_verified
accepted,3,baseline,measured,100,190,964.0,,100,1053.840723,state_verified
accepted,3,baseline,measured,100,191,935.0,,100,1053.840723,state_verified
accepted,3,baseline,measured,100,192,867.0,,100,1053.840723,state_verified
accepted,3,baseline,measured,100,193,826.0,,100,1053.840723,state_verified
accepted,3,baseline,measured,100,194,891.0,,100,1053.840723,state_verified
accepted,3,baseline,measured,100,195,902.0,,100,1053.840723,state_verified
accepted,3,baseline,measured,100,196,926.0,,100,1053.840723,state_verified
accepted,3,baseline,measured,100,197,904.0,,100,1053.840723,state_verified
accepted,3,baseline,measured,100,198,830.0,,100,1053.840723,state_verified
accepted,3,baseline,measured,100,199,1060.0,,100,1053.840723,state_verified
accepted,3,baseline,measured,100,200,910.0,,100,1053.840723,state_verified
accepted,3,protected,measured,100,1,3816.0,,100,620.95024,state_verified
accepted,3,protected,measured,100,2,1451.0,,100,620.95024,state_verified
accepted,3,protected,measured,100,3,1285.0,,100,620.95024,state_verified
accepted,3,protected,measured,100,4,1770.0,,100,620.95024,state_verified
accepted,3,protected,measured,100,5,1766.0,,100,620.95024,state_verified
accepted,3,protected,measured,100,6,2141.0,,100,620.95024,state_verified
accepted,3,protected,measured,100,7,1556.0,,100,620.95024,state_verified
accepted,3,protected,measured,100,8,1399.0,,100,620.95024,state_verified
accepted,3,protected,measured,100,9,1520.0,,100,620.95024,state_verified
accepted,3,protected,measured,100,10,1467.0,,100,620.95024,state_verified
accepted,3,protected,measured,100,11,1467.0,,100,620.95024,state_verified
accepted,3,protected,measured,100,12,1293.0,,100,620.95024,state_verified
accepted,3,protected,measured,100,13,1411.0,,100,620.95024,state_verified
accepted,3,protected,measured,100,14,1586.0,,100,620.95024,state_verified
accepted,3,protected,measured,100,15,1939.0,,100,620.95024,state_verified
accepted,3,protected,measured,100,16,1595.0,,100,620.95024,state_verified
accepted,3,protected,measured,100,17,1654.0,,100,620.95024,state_verified
accepted,3,protected,measured,100,18,1631.0,,100,620.95024,state_verified
accepted,3,protected,measured,100,19,1612.0,,100,620.95024,state_verified
accepted,3,protected,measured,100,20,1643.0,,100,620.95024,state_verified
accepted,3,protected,measured,100,21,1603.0,,100,620.95024,state_verified
accepted,3,protected,measured,100,22,1711.0,,100,620.95024,state_verified
accepted,3,protected,measured,100,23,1364.0,,100,620.95024,state_verified
accepted,3,protected,measured,100,24,1469.0,,100,620.95024,state_verified
accepted,3,protected,measured,100,25,1224.0,,100,620.95024,state_verified
accepted,3,protected,measured,100,26,1381.0,,100,620.95024,state_verified
accepted,3,protected,measured,100,27,1339.0,,100,620.95024,state_verified
accepted,3,protected,measured,100,28,1483.0,,100,620.95024,state_verified
accepted,3,protected,measured,100,29,1512.0,,100,620.95024,state_verified
accepted,3,protected,measured,100,30,1769.0,,100,620.95024,state_verified
accepted,3,protected,measured,100,31,1392.0,,100,620.95024,state_verified
accepted,3,protected,measured,100,32,1804.0,,100,620.95024,state_verified
accepted,3,protected,measured,100,33,1664.0,,100,620.95024,state_verified
accepted,3,protected,measured,100,34,1608.0,,100,620.95024,state_verified
accepted,3,protected,measured,100,35,1410.0,,100,620.95024,state_verified
accepted,3,protected,measured,100,36,1330.0,,100,620.95024,state_verified
accepted,3,protected,measured,100,37,1502.0,,100,620.95024,state_verified
accepted,3,protected,measured,100,38,1425.0,,100,620.95024,state_verified
accepted,3,protected,measured,100,39,1626.0,,100,620.95024,state_verified
accepted,3,protected,measured,100,40,1641.0,,100,620.95024,state_verified
accepted,3,protected,measured,100,41,1374.0,,100,620.95024,state_verified
accepted,3,protected,measured,100,42,1548.0,,100,620.95024,state_verified
accepted,3,protected,measured,100,43,1811.0,,100,620.95024,state_verified
accepted,3,protected,measured,100,44,1850.0,,100,620.95024,state_verified
accepted,3,protected,measured,100,45,1456.0,,100,620.95024,state_verified
accepted,3,protected,measured,100,46,1324.0,,100,620.95024,state_verified
accepted,3,protected,measured,100,47,1760.0,,100,620.95024,state_verified
accepted,3,protected,measured,100,48,1459.0,,100,620.95024,state_verified
accepted,3,protected,measured,100,49,1484.0,,100,620.95024,state_verified
accepted,3,protected,measured,100,50,1376.0,,100,620.95024,state_verified
accepted,3,protected,measured,100,51,1601.0,,100,620.95024,state_verified
accepted,3,protected,measured,100,52,2260.0,,100,620.95024,state_verified
accepted,3,protected,measured,100,53,1819.0,,100,620.95024,state_verified
accepted,3,protected,measured,100,54,1913.0,,100,620.95024,state_verified
accepted,3,protected,measured,100,55,1611.0,,100,620.95024,state_verified
accepted,3,protected,measured,100,56,1696.0,,100,620.95024,state_verified
accepted,3,protected,measured,100,57,1692.0,,100,620.95024,state_verified
accepted,3,protected,measured,100,58,1690.0,,100,620.95024,state_verified
accepted,3,protected,measured,100,59,2223.0,,100,620.95024,state_verified
accepted,3,protected,measured,100,60,1910.0,,100,620.95024,state_verified
accepted,3,protected,measured,100,61,1829.0,,100,620.95024,state_verified
accepted,3,protected,measured,100,62,1850.0,,100,620.95024,state_verified
accepted,3,protected,measured,100,63,1414.0,,100,620.95024,state_verified
accepted,3,protected,measured,100,64,1583.0,,100,620.95024,state_verified
accepted,3,protected,measured,100,65,1545.0,,100,620.95024,state_verified
accepted,3,protected,measured,100,66,1755.0,,100,620.95024,state_verified
accepted,3,protected,measured,100,67,1611.0,,100,620.95024,state_verified
accepted,3,protected,measured,100,68,1339.0,,100,620.95024,state_verified
accepted,3,protected,measured,100,69,1616.0,,100,620.95024,state_verified
accepted,3,protected,measured,100,70,1560.0,,100,620.95024,state_verified
accepted,3,protected,measured,100,71,1856.0,,100,620.95024,state_verified
accepted,3,protected,measured,100,72,1977.0,,100,620.95024,state_verified
accepted,3,protected,measured,100,73,1503.0,,100,620.95024,state_verified
accepted,3,protected,measured,100,74,1816.0,,100,620.95024,state_verified
accepted,3,protected,measured,100,75,1731.0,,100,620.95024,state_verified
accepted,3,protected,measured,100,76,1369.0,,100,620.95024,state_verified
accepted,3,protected,measured,100,77,1592.0,,100,620.95024,state_verified
accepted,3,protected,measured,100,78,1621.0,,100,620.95024,state_verified
accepted,3,protected,measured,100,79,1508.0,,100,620.95024,state_verified
accepted,3,protected,measured,100,80,1452.0,,100,620.95024,state_verified
accepted,3,protected,measured,100,81,1433.0,,100,620.95024,state_verified
accepted,3,protected,measured,100,82,1488.0,,100,620.95024,state_verified
accepted,3,protected,measured,100,83,1324.0,,100,620.95024,state_verified
accepted,3,protected,measured,100,84,1396.0,,100,620.95024,state_verified
accepted,3,protected,measured,100,85,1709.0,,100,620.95024,state_verified
accepted,3,protected,measured,100,86,1591.0,,100,620.95024,state_verified
accepted,3,protected,measured,100,87,1710.0,,100,620.95024,state_verified
accepted,3,protected,measured,100,88,1827.0,,100,620.95024,state_verified
accepted,3,protected,measured,100,89,1783.0,,100,620.95024,state_verified
accepted,3,protected,measured,100,90,1556.0,,100,620.95024,state_verified
accepted,3,protected,measured,100,91,1300.0,,100,620.95024,state_verified
accepted,3,protected,measured,100,92,1771.0,,100,620.95024,state_verified
accepted,3,protected,measured,100,93,1650.0,,100,620.95024,state_verified
accepted,3,protected,measured,100,94,1375.0,,100,620.95024,state_verified
accepted,3,protected,measured,100,95,1549.0,,100,620.95024,state_verified
accepted,3,protected,measured,100,96,1453.0,,100,620.95024,state_verified
accepted,3,protected,measured,100,97,1515.0,,100,620.95024,state_verified
accepted,3,protected,measured,100,98,1613.0,,100,620.95024,state_verified
accepted,3,protected,measured,100,99,1471.0,,100,620.95024,state_verified
accepted,3,protected,measured,100,100,1355.0,,100,620.95024,state_verified
accepted,3,protected,measured,100,101,1412.0,,100,620.95024,state_verified
accepted,3,protected,measured,100,102,1829.0,,100,620.95024,state_verified
accepted,3,protected,measured,100,103,2281.0,,100,620.95024,state_verified
accepted,3,protected,measured,100,104,1998.0,,100,620.95024,state_verified
accepted,3,protected,measured,100,105,2192.0,,100,620.95024,state_verified
accepted,3,protected,measured,100,106,1925.0,,100,620.95024,state_verified
accepted,3,protected,measured,100,107,1520.0,,100,620.95024,state_verified
accepted,3,protected,measured,100,108,1708.0,,100,620.95024,state_verified
accepted,3,protected,measured,100,109,1730.0,,100,620.95024,state_verified
accepted,3,protected,measured,100,110,1473.0,,100,620.95024,state_verified
accepted,3,protected,measured,100,111,1550.0,,100,620.95024,state_verified
accepted,3,protected,measured,100,112,1519.0,,100,620.95024,state_verified
accepted,3,protected,measured,100,113,1581.0,,100,620.95024,state_verified
accepted,3,protected,measured,100,114,1615.0,,100,620.95024,state_verified
accepted,3,protected,measured,100,115,1607.0,,100,620.95024,state_verified
accepted,3,protected,measured,100,116,1491.0,,100,620.95024,state_verified
accepted,3,protected,measured,100,117,1343.0,,100,620.95024,state_verified
accepted,3,protected,measured,100,118,1588.0,,100,620.95024,state_verified
accepted,3,protected,measured,100,119,1555.0,,100,620.95024,state_verified
accepted,3,protected,measured,100,120,1622.0,,100,620.95024,state_verified
accepted,3,protected,measured,100,121,1621.0,,100,620.95024,state_verified
accepted,3,protected,measured,100,122,1964.0,,100,620.95024,state_verified
accepted,3,protected,measured,100,123,1869.0,,100,620.95024,state_verified
accepted,3,protected,measured,100,124,1742.0,,100,620.95024,state_verified
accepted,3,protected,measured,100,125,1542.0,,100,620.95024,state_verified
accepted,3,protected,measured,100,126,1689.0,,100,620.95024,state_verified
accepted,3,protected,measured,100,127,1740.0,,100,620.95024,state_verified
accepted,3,protected,measured,100,128,1554.0,,100,620.95024,state_verified
accepted,3,protected,measured,100,129,1822.0,,100,620.95024,state_verified
accepted,3,protected,measured,100,130,1400.0,,100,620.95024,state_verified
accepted,3,protected,measured,100,131,1326.0,,100,620.95024,state_verified
accepted,3,protected,measured,100,132,1507.0,,100,620.95024,state_verified
accepted,3,protected,measured,100,133,1567.0,,100,620.95024,state_verified
accepted,3,protected,measured,100,134,1696.0,,100,620.95024,state_verified
accepted,3,protected,measured,100,135,1516.0,,100,620.95024,state_verified
accepted,3,protected,measured,100,136,1354.0,,100,620.95024,state_verified
accepted,3,protected,measured,100,137,1678.0,,100,620.95024,state_verified
accepted,3,protected,measured,100,138,1628.0,,100,620.95024,state_verified
accepted,3,protected,measured,100,139,1709.0,,100,620.95024,state_verified
accepted,3,protected,measured,100,140,1794.0,,100,620.95024,state_verified
accepted,3,protected,measured,100,141,1687.0,,100,620.95024,state_verified
accepted,3,protected,measured,100,142,1642.0,,100,620.95024,state_verified
accepted,3,protected,measured,100,143,1981.0,,100,620.95024,state_verified
accepted,3,protected,measured,100,144,1713.0,,100,620.95024,state_verified
accepted,3,protected,measured,100,145,1248.0,,100,620.95024,state_verified
accepted,3,protected,measured,100,146,1845.0,,100,620.95024,state_verified
accepted,3,protected,measured,100,147,1425.0,,100,620.95024,state_verified
accepted,3,protected,measured,100,148,1510.0,,100,620.95024,state_verified
accepted,3,protected,measured,100,149,1324.0,,100,620.95024,state_verified
accepted,3,protected,measured,100,150,1561.0,,100,620.95024,state_verified
accepted,3,protected,measured,100,151,1580.0,,100,620.95024,state_verified
accepted,3,protected,measured,100,152,1853.0,,100,620.95024,state_verified
accepted,3,protected,measured,100,153,2000.0,,100,620.95024,state_verified
accepted,3,protected,measured,100,154,1484.0,,100,620.95024,state_verified
accepted,3,protected,measured,100,155,1148.0,,100,620.95024,state_verified
accepted,3,protected,measured,100,156,1565.0,,100,620.95024,state_verified
accepted,3,protected,measured,100,157,1619.0,,100,620.95024,state_verified
accepted,3,protected,measured,100,158,1321.0,,100,620.95024,state_verified
accepted,3,protected,measured,100,159,1395.0,,100,620.95024,state_verified
accepted,3,protected,measured,100,160,1363.0,,100,620.95024,state_verified
accepted,3,protected,measured,100,161,1471.0,,100,620.95024,state_verified
accepted,3,protected,measured,100,162,1490.0,,100,620.95024,state_verified
accepted,3,protected,measured,100,163,1820.0,,100,620.95024,state_verified
accepted,3,protected,measured,100,164,1604.0,,100,620.95024,state_verified
accepted,3,protected,measured,100,165,1271.0,,100,620.95024,state_verified
accepted,3,protected,measured,100,166,1306.0,,100,620.95024,state_verified
accepted,3,protected,measured,100,167,1283.0,,100,620.95024,state_verified
accepted,3,protected,measured,100,168,1313.0,,100,620.95024,state_verified
accepted,3,protected,measured,100,169,1436.0,,100,620.95024,state_verified
accepted,3,protected,measured,100,170,1291.0,,100,620.95024,state_verified
accepted,3,protected,measured,100,171,1501.0,,100,620.95024,state_verified
accepted,3,protected,measured,100,172,1598.0,,100,620.95024,state_verified
accepted,3,protected,measured,100,173,1501.0,,100,620.95024,state_verified
accepted,3,protected,measured,100,174,1466.0,,100,620.95024,state_verified
accepted,3,protected,measured,100,175,1384.0,,100,620.95024,state_verified
accepted,3,protected,measured,100,176,1390.0,,100,620.95024,state_verified
accepted,3,protected,measured,100,177,1351.0,,100,620.95024,state_verified
accepted,3,protected,measured,100,178,1272.0,,100,620.95024,state_verified
accepted,3,protected,measured,100,179,1567.0,,100,620.95024,state_verified
accepted,3,protected,measured,100,180,1344.0,,100,620.95024,state_verified
accepted,3,protected,measured,100,181,1496.0,,100,620.95024,state_verified
accepted,3,protected,measured,100,182,1494.0,,100,620.95024,state_verified
accepted,3,protected,measured,100,183,1338.0,,100,620.95024,state_verified
accepted,3,protected,measured,100,184,1739.0,,100,620.95024,state_verified
accepted,3,protected,measured,100,185,1988.0,,100,620.95024,state_verified
accepted,3,protected,measured,100,186,1705.0,,100,620.95024,state_verified
accepted,3,protected,measured,100,187,2030.0,,100,620.95024,state_verified
accepted,3,protected,measured,100,188,1477.0,,100,620.95024,state_verified
accepted,3,protected,measured,100,189,1605.0,,100,620.95024,state_verified
accepted,3,protected,measured,100,190,1597.0,,100,620.95024,state_verified
accepted,3,protected,measured,100,191,1675.0,,100,620.95024,state_verified
accepted,3,protected,measured,100,192,1539.0,,100,620.95024,state_verified
accepted,3,protected,measured,100,193,1360.0,,100,620.95024,state_verified
accepted,3,protected,measured,100,194,1378.0,,100,620.95024,state_verified
accepted,3,protected,measured,100,195,1516.0,,100,620.95024,state_verified
accepted,3,protected,measured,100,196,1349.0,,100,620.95024,state_verified
accepted,3,protected,measured,100,197,1397.0,,100,620.95024,state_verified
accepted,3,protected,measured,100,198,1293.0,,100,620.95024,state_verified
accepted,3,protected,measured,100,199,2868.0,,100,620.95024,state_verified
accepted,3,protected,measured,100,200,1505.0,,100,620.95024,state_verified
accepted,3,baseline,measured,users,1,3192.0,,1,1468.083857,state_verified
accepted,3,baseline,measured,users,2,792.0,,1,1468.083857,state_verified
accepted,3,baseline,measured,users,3,868.0,,1,1468.083857,state_verified
accepted,3,baseline,measured,users,4,928.0,,1,1468.083857,state_verified
accepted,3,baseline,measured,users,5,711.0,,1,1468.083857,state_verified
accepted,3,baseline,measured,users,6,790.0,,1,1468.083857,state_verified
accepted,3,baseline,measured,users,7,794.0,,1,1468.083857,state_verified
accepted,3,baseline,measured,users,8,754.0,,1,1468.083857,state_verified
accepted,3,baseline,measured,users,9,730.0,,1,1468.083857,state_verified
accepted,3,baseline,measured,users,10,750.0,,1,1468.083857,state_verified
accepted,3,baseline,measured,users,11,651.0,,1,1468.083857,state_verified
accepted,3,baseline,measured,users,12,596.0,,1,1468.083857,state_verified
accepted,3,baseline,measured,users,13,691.0,,1,1468.083857,state_verified
accepted,3,baseline,measured,users,14,773.0,,1,1468.083857,state_verified
accepted,3,baseline,measured,users,15,716.0,,1,1468.083857,state_verified
accepted,3,baseline,measured,users,16,632.0,,1,1468.083857,state_verified
accepted,3,baseline,measured,users,17,655.0,,1,1468.083857,state_verified
accepted,3,baseline,measured,users,18,616.0,,1,1468.083857,state_verified
accepted,3,baseline,measured,users,19,612.0,,1,1468.083857,state_verified
accepted,3,baseline,measured,users,20,616.0,,1,1468.083857,state_verified
accepted,3,baseline,measured,users,21,641.0,,1,1468.083857,state_verified
accepted,3,baseline,measured,users,22,959.0,,1,1468.083857,state_verified
accepted,3,baseline,measured,users,23,955.0,,1,1468.083857,state_verified
accepted,3,baseline,measured,users,24,1031.0,,1,1468.083857,state_verified
accepted,3,baseline,measured,users,25,924.0,,1,1468.083857,state_verified
accepted,3,baseline,measured,users,26,640.0,,1,1468.083857,state_verified
accepted,3,baseline,measured,users,27,567.0,,1,1468.083857,state_verified
accepted,3,baseline,measured,users,28,586.0,,1,1468.083857,state_verified
accepted,3,baseline,measured,users,29,602.0,,1,1468.083857,state_verified
accepted,3,baseline,measured,users,30,610.0,,1,1468.083857,state_verified
accepted,3,baseline,measured,users,31,618.0,,1,1468.083857,state_verified
accepted,3,baseline,measured,users,32,558.0,,1,1468.083857,state_verified
accepted,3,baseline,measured,users,33,553.0,,1,1468.083857,state_verified
accepted,3,baseline,measured,users,34,551.0,,1,1468.083857,state_verified
accepted,3,baseline,measured,users,35,578.0,,1,1468.083857,state_verified
accepted,3,baseline,measured,users,36,563.0,,1,1468.083857,state_verified
accepted,3,baseline,measured,users,37,551.0,,1,1468.083857,state_verified
accepted,3,baseline,measured,users,38,639.0,,1,1468.083857,state_verified
accepted,3,baseline,measured,users,39,737.0,,1,1468.083857,state_verified
accepted,3,baseline,measured,users,40,804.0,,1,1468.083857,state_verified
accepted,3,baseline,measured,users,41,758.0,,1,1468.083857,state_verified
accepted,3,baseline,measured,users,42,713.0,,1,1468.083857,state_verified
accepted,3,baseline,measured,users,43,728.0,,1,1468.083857,state_verified
accepted,3,baseline,measured,users,44,756.0,,1,1468.083857,state_verified
accepted,3,baseline,measured,users,45,668.0,,1,1468.083857,state_verified
accepted,3,baseline,measured,users,46,747.0,,1,1468.083857,state_verified
accepted,3,baseline,measured,users,47,709.0,,1,1468.083857,state_verified
accepted,3,baseline,measured,users,48,590.0,,1,1468.083857,state_verified
accepted,3,baseline,measured,users,49,669.0,,1,1468.083857,state_verified
accepted,3,baseline,measured,users,50,560.0,,1,1468.083857,state_verified
accepted,3,baseline,measured,users,51,621.0,,1,1468.083857,state_verified
accepted,3,baseline,measured,users,52,630.0,,1,1468.083857,state_verified
accepted,3,baseline,measured,users,53,601.0,,1,1468.083857,state_verified
accepted,3,baseline,measured,users,54,621.0,,1,1468.083857,state_verified
accepted,3,baseline,measured,users,55,1052.0,,1,1468.083857,state_verified
accepted,3,baseline,measured,users,56,598.0,,1,1468.083857,state_verified
accepted,3,baseline,measured,users,57,587.0,,1,1468.083857,state_verified
accepted,3,baseline,measured,users,58,586.0,,1,1468.083857,state_verified
accepted,3,baseline,measured,users,59,629.0,,1,1468.083857,state_verified
accepted,3,baseline,measured,users,60,599.0,,1,1468.083857,state_verified
accepted,3,baseline,measured,users,61,617.0,,1,1468.083857,state_verified
accepted,3,baseline,measured,users,62,583.0,,1,1468.083857,state_verified
accepted,3,baseline,measured,users,63,707.0,,1,1468.083857,state_verified
accepted,3,baseline,measured,users,64,734.0,,1,1468.083857,state_verified
accepted,3,baseline,measured,users,65,707.0,,1,1468.083857,state_verified
accepted,3,baseline,measured,users,66,628.0,,1,1468.083857,state_verified
accepted,3,baseline,measured,users,67,636.0,,1,1468.083857,state_verified
accepted,3,baseline,measured,users,68,599.0,,1,1468.083857,state_verified
accepted,3,baseline,measured,users,69,578.0,,1,1468.083857,state_verified
accepted,3,baseline,measured,users,70,608.0,,1,1468.083857,state_verified
accepted,3,baseline,measured,users,71,601.0,,1,1468.083857,state_verified
accepted,3,baseline,measured,users,72,633.0,,1,1468.083857,state_verified
accepted,3,baseline,measured,users,73,590.0,,1,1468.083857,state_verified
accepted,3,baseline,measured,users,74,574.0,,1,1468.083857,state_verified
accepted,3,baseline,measured,users,75,565.0,,1,1468.083857,state_verified
accepted,3,baseline,measured,users,76,593.0,,1,1468.083857,state_verified
accepted,3,baseline,measured,users,77,638.0,,1,1468.083857,state_verified
accepted,3,baseline,measured,users,78,647.0,,1,1468.083857,state_verified
accepted,3,baseline,measured,users,79,632.0,,1,1468.083857,state_verified
accepted,3,baseline,measured,users,80,652.0,,1,1468.083857,state_verified
accepted,3,baseline,measured,users,81,613.0,,1,1468.083857,state_verified
accepted,3,baseline,measured,users,82,1041.0,,1,1468.083857,state_verified
accepted,3,baseline,measured,users,83,985.0,,1,1468.083857,state_verified
accepted,3,baseline,measured,users,84,1111.0,,1,1468.083857,state_verified
accepted,3,baseline,measured,users,85,1299.0,,1,1468.083857,state_verified
accepted,3,baseline,measured,users,86,1204.0,,1,1468.083857,state_verified
accepted,3,baseline,measured,users,87,903.0,,1,1468.083857,state_verified
accepted,3,baseline,measured,users,88,679.0,,1,1468.083857,state_verified
accepted,3,baseline,measured,users,89,663.0,,1,1468.083857,state_verified
accepted,3,baseline,measured,users,90,591.0,,1,1468.083857,state_verified
accepted,3,baseline,measured,users,91,594.0,,1,1468.083857,state_verified
accepted,3,baseline,measured,users,92,564.0,,1,1468.083857,state_verified
accepted,3,baseline,measured,users,93,606.0,,1,1468.083857,state_verified
accepted,3,baseline,measured,users,94,590.0,,1,1468.083857,state_verified
accepted,3,baseline,measured,users,95,576.0,,1,1468.083857,state_verified
accepted,3,baseline,measured,users,96,555.0,,1,1468.083857,state_verified
accepted,3,baseline,measured,users,97,597.0,,1,1468.083857,state_verified
accepted,3,baseline,measured,users,98,558.0,,1,1468.083857,state_verified
accepted,3,baseline,measured,users,99,560.0,,1,1468.083857,state_verified
accepted,3,baseline,measured,users,100,620.0,,1,1468.083857,state_verified
accepted,3,baseline,measured,users,101,600.0,,1,1468.083857,state_verified
accepted,3,baseline,measured,users,102,592.0,,1,1468.083857,state_verified
accepted,3,baseline,measured,users,103,579.0,,1,1468.083857,state_verified
accepted,3,baseline,measured,users,104,573.0,,1,1468.083857,state_verified
accepted,3,baseline,measured,users,105,699.0,,1,1468.083857,state_verified
accepted,3,baseline,measured,users,106,879.0,,1,1468.083857,state_verified
accepted,3,baseline,measured,users,107,584.0,,1,1468.083857,state_verified
accepted,3,baseline,measured,users,108,551.0,,1,1468.083857,state_verified
accepted,3,baseline,measured,users,109,543.0,,1,1468.083857,state_verified
accepted,3,baseline,measured,users,110,634.0,,1,1468.083857,state_verified
accepted,3,baseline,measured,users,111,625.0,,1,1468.083857,state_verified
accepted,3,baseline,measured,users,112,625.0,,1,1468.083857,state_verified
accepted,3,baseline,measured,users,113,596.0,,1,1468.083857,state_verified
accepted,3,baseline,measured,users,114,636.0,,1,1468.083857,state_verified
accepted,3,baseline,measured,users,115,596.0,,1,1468.083857,state_verified
accepted,3,baseline,measured,users,116,593.0,,1,1468.083857,state_verified
accepted,3,baseline,measured,users,117,545.0,,1,1468.083857,state_verified
accepted,3,baseline,measured,users,118,576.0,,1,1468.083857,state_verified
accepted,3,baseline,measured,users,119,563.0,,1,1468.083857,state_verified
accepted,3,baseline,measured,users,120,554.0,,1,1468.083857,state_verified
accepted,3,baseline,measured,users,121,545.0,,1,1468.083857,state_verified
accepted,3,baseline,measured,users,122,608.0,,1,1468.083857,state_verified
accepted,3,baseline,measured,users,123,565.0,,1,1468.083857,state_verified
accepted,3,baseline,measured,users,124,580.0,,1,1468.083857,state_verified
accepted,3,baseline,measured,users,125,586.0,,1,1468.083857,state_verified
accepted,3,baseline,measured,users,126,618.0,,1,1468.083857,state_verified
accepted,3,baseline,measured,users,127,654.0,,1,1468.083857,state_verified
accepted,3,baseline,measured,users,128,595.0,,1,1468.083857,state_verified
accepted,3,baseline,measured,users,129,570.0,,1,1468.083857,state_verified
accepted,3,baseline,measured,users,130,581.0,,1,1468.083857,state_verified
accepted,3,baseline,measured,users,131,548.0,,1,1468.083857,state_verified
accepted,3,baseline,measured,users,132,540.0,,1,1468.083857,state_verified
accepted,3,baseline,measured,users,133,554.0,,1,1468.083857,state_verified
accepted,3,baseline,measured,users,134,600.0,,1,1468.083857,state_verified
accepted,3,baseline,measured,users,135,575.0,,1,1468.083857,state_verified
accepted,3,baseline,measured,users,136,589.0,,1,1468.083857,state_verified
accepted,3,baseline,measured,users,137,603.0,,1,1468.083857,state_verified
accepted,3,baseline,measured,users,138,638.0,,1,1468.083857,state_verified
accepted,3,baseline,measured,users,139,613.0,,1,1468.083857,state_verified
accepted,3,baseline,measured,users,140,583.0,,1,1468.083857,state_verified
accepted,3,baseline,measured,users,141,596.0,,1,1468.083857,state_verified
accepted,3,baseline,measured,users,142,591.0,,1,1468.083857,state_verified
accepted,3,baseline,measured,users,143,596.0,,1,1468.083857,state_verified
accepted,3,baseline,measured,users,144,606.0,,1,1468.083857,state_verified
accepted,3,baseline,measured,users,145,601.0,,1,1468.083857,state_verified
accepted,3,baseline,measured,users,146,933.0,,1,1468.083857,state_verified
accepted,3,baseline,measured,users,147,915.0,,1,1468.083857,state_verified
accepted,3,baseline,measured,users,148,993.0,,1,1468.083857,state_verified
accepted,3,baseline,measured,users,149,1004.0,,1,1468.083857,state_verified
accepted,3,baseline,measured,users,150,651.0,,1,1468.083857,state_verified
accepted,3,baseline,measured,users,151,642.0,,1,1468.083857,state_verified
accepted,3,baseline,measured,users,152,643.0,,1,1468.083857,state_verified
accepted,3,baseline,measured,users,153,641.0,,1,1468.083857,state_verified
accepted,3,baseline,measured,users,154,691.0,,1,1468.083857,state_verified
accepted,3,baseline,measured,users,155,706.0,,1,1468.083857,state_verified
accepted,3,baseline,measured,users,156,602.0,,1,1468.083857,state_verified
accepted,3,baseline,measured,users,157,608.0,,1,1468.083857,state_verified
accepted,3,baseline,measured,users,158,652.0,,1,1468.083857,state_verified
accepted,3,baseline,measured,users,159,626.0,,1,1468.083857,state_verified
accepted,3,baseline,measured,users,160,908.0,,1,1468.083857,state_verified
accepted,3,baseline,measured,users,161,612.0,,1,1468.083857,state_verified
accepted,3,baseline,measured,users,162,557.0,,1,1468.083857,state_verified
accepted,3,baseline,measured,users,163,566.0,,1,1468.083857,state_verified
accepted,3,baseline,measured,users,164,544.0,,1,1468.083857,state_verified
accepted,3,baseline,measured,users,165,621.0,,1,1468.083857,state_verified
accepted,3,baseline,measured,users,166,609.0,,1,1468.083857,state_verified
accepted,3,baseline,measured,users,167,557.0,,1,1468.083857,state_verified
accepted,3,baseline,measured,users,168,566.0,,1,1468.083857,state_verified
accepted,3,baseline,measured,users,169,587.0,,1,1468.083857,state_verified
accepted,3,baseline,measured,users,170,573.0,,1,1468.083857,state_verified
accepted,3,baseline,measured,users,171,535.0,,1,1468.083857,state_verified
accepted,3,baseline,measured,users,172,575.0,,1,1468.083857,state_verified
accepted,3,baseline,measured,users,173,570.0,,1,1468.083857,state_verified
accepted,3,baseline,measured,users,174,680.0,,1,1468.083857,state_verified
accepted,3,baseline,measured,users,175,650.0,,1,1468.083857,state_verified
accepted,3,baseline,measured,users,176,699.0,,1,1468.083857,state_verified
accepted,3,baseline,measured,users,177,694.0,,1,1468.083857,state_verified
accepted,3,baseline,measured,users,178,662.0,,1,1468.083857,state_verified
accepted,3,baseline,measured,users,179,637.0,,1,1468.083857,state_verified
accepted,3,baseline,measured,users,180,652.0,,1,1468.083857,state_verified
accepted,3,baseline,measured,users,181,690.0,,1,1468.083857,state_verified
accepted,3,baseline,measured,users,182,693.0,,1,1468.083857,state_verified
accepted,3,baseline,measured,users,183,591.0,,1,1468.083857,state_verified
accepted,3,baseline,measured,users,184,595.0,,1,1468.083857,state_verified
accepted,3,baseline,measured,users,185,812.0,,1,1468.083857,state_verified
accepted,3,baseline,measured,users,186,687.0,,1,1468.083857,state_verified
accepted,3,baseline,measured,users,187,584.0,,1,1468.083857,state_verified
accepted,3,baseline,measured,users,188,590.0,,1,1468.083857,state_verified
accepted,3,baseline,measured,users,189,599.0,,1,1468.083857,state_verified
accepted,3,baseline,measured,users,190,548.0,,1,1468.083857,state_verified
accepted,3,baseline,measured,users,191,598.0,,1,1468.083857,state_verified
accepted,3,baseline,measured,users,192,606.0,,1,1468.083857,state_verified
accepted,3,baseline,measured,users,193,552.0,,1,1468.083857,state_verified
accepted,3,baseline,measured,users,194,625.0,,1,1468.083857,state_verified
accepted,3,baseline,measured,users,195,679.0,,1,1468.083857,state_verified
accepted,3,baseline,measured,users,196,658.0,,1,1468.083857,state_verified
accepted,3,baseline,measured,users,197,594.0,,1,1468.083857,state_verified
accepted,3,baseline,measured,users,198,678.0,,1,1468.083857,state_verified
accepted,3,baseline,measured,users,199,838.0,,1,1468.083857,state_verified
accepted,3,baseline,measured,users,200,789.0,,1,1468.083857,state_verified
accepted,3,protected,measured,users,1,4008.0,,1,1154.187971,state_verified
accepted,3,protected,measured,users,2,910.0,,1,1154.187971,state_verified
accepted,3,protected,measured,users,3,905.0,,1,1154.187971,state_verified
accepted,3,protected,measured,users,4,836.0,,1,1154.187971,state_verified
accepted,3,protected,measured,users,5,699.0,,1,1154.187971,state_verified
accepted,3,protected,measured,users,6,594.0,,1,1154.187971,state_verified
accepted,3,protected,measured,users,7,561.0,,1,1154.187971,state_verified
accepted,3,protected,measured,users,8,571.0,,1,1154.187971,state_verified
accepted,3,protected,measured,users,9,598.0,,1,1154.187971,state_verified
accepted,3,protected,measured,users,10,656.0,,1,1154.187971,state_verified
accepted,3,protected,measured,users,11,681.0,,1,1154.187971,state_verified
accepted,3,protected,measured,users,12,636.0,,1,1154.187971,state_verified
accepted,3,protected,measured,users,13,614.0,,1,1154.187971,state_verified
accepted,3,protected,measured,users,14,589.0,,1,1154.187971,state_verified
accepted,3,protected,measured,users,15,771.0,,1,1154.187971,state_verified
accepted,3,protected,measured,users,16,1162.0,,1,1154.187971,state_verified
accepted,3,protected,measured,users,17,1235.0,,1,1154.187971,state_verified
accepted,3,protected,measured,users,18,795.0,,1,1154.187971,state_verified
accepted,3,protected,measured,users,19,692.0,,1,1154.187971,state_verified
accepted,3,protected,measured,users,20,606.0,,1,1154.187971,state_verified
accepted,3,protected,measured,users,21,706.0,,1,1154.187971,state_verified
accepted,3,protected,measured,users,22,769.0,,1,1154.187971,state_verified
accepted,3,protected,measured,users,23,696.0,,1,1154.187971,state_verified
accepted,3,protected,measured,users,24,676.0,,1,1154.187971,state_verified
accepted,3,protected,measured,users,25,731.0,,1,1154.187971,state_verified
accepted,3,protected,measured,users,26,857.0,,1,1154.187971,state_verified
accepted,3,protected,measured,users,27,913.0,,1,1154.187971,state_verified
accepted,3,protected,measured,users,28,887.0,,1,1154.187971,state_verified
accepted,3,protected,measured,users,29,900.0,,1,1154.187971,state_verified
accepted,3,protected,measured,users,30,959.0,,1,1154.187971,state_verified
accepted,3,protected,measured,users,31,886.0,,1,1154.187971,state_verified
accepted,3,protected,measured,users,32,804.0,,1,1154.187971,state_verified
accepted,3,protected,measured,users,33,879.0,,1,1154.187971,state_verified
accepted,3,protected,measured,users,34,834.0,,1,1154.187971,state_verified
accepted,3,protected,measured,users,35,1036.0,,1,1154.187971,state_verified
accepted,3,protected,measured,users,36,1088.0,,1,1154.187971,state_verified
accepted,3,protected,measured,users,37,900.0,,1,1154.187971,state_verified
accepted,3,protected,measured,users,38,1330.0,,1,1154.187971,state_verified
accepted,3,protected,measured,users,39,1292.0,,1,1154.187971,state_verified
accepted,3,protected,measured,users,40,1258.0,,1,1154.187971,state_verified
accepted,3,protected,measured,users,41,1250.0,,1,1154.187971,state_verified
accepted,3,protected,measured,users,42,845.0,,1,1154.187971,state_verified
accepted,3,protected,measured,users,43,790.0,,1,1154.187971,state_verified
accepted,3,protected,measured,users,44,815.0,,1,1154.187971,state_verified
accepted,3,protected,measured,users,45,723.0,,1,1154.187971,state_verified
accepted,3,protected,measured,users,46,823.0,,1,1154.187971,state_verified
accepted,3,protected,measured,users,47,726.0,,1,1154.187971,state_verified
accepted,3,protected,measured,users,48,867.0,,1,1154.187971,state_verified
accepted,3,protected,measured,users,49,932.0,,1,1154.187971,state_verified
accepted,3,protected,measured,users,50,860.0,,1,1154.187971,state_verified
accepted,3,protected,measured,users,51,846.0,,1,1154.187971,state_verified
accepted,3,protected,measured,users,52,885.0,,1,1154.187971,state_verified
accepted,3,protected,measured,users,53,953.0,,1,1154.187971,state_verified
accepted,3,protected,measured,users,54,803.0,,1,1154.187971,state_verified
accepted,3,protected,measured,users,55,717.0,,1,1154.187971,state_verified
accepted,3,protected,measured,users,56,714.0,,1,1154.187971,state_verified
accepted,3,protected,measured,users,57,691.0,,1,1154.187971,state_verified
accepted,3,protected,measured,users,58,683.0,,1,1154.187971,state_verified
accepted,3,protected,measured,users,59,694.0,,1,1154.187971,state_verified
accepted,3,protected,measured,users,60,701.0,,1,1154.187971,state_verified
accepted,3,protected,measured,users,61,664.0,,1,1154.187971,state_verified
accepted,3,protected,measured,users,62,675.0,,1,1154.187971,state_verified
accepted,3,protected,measured,users,63,702.0,,1,1154.187971,state_verified
accepted,3,protected,measured,users,64,945.0,,1,1154.187971,state_verified
accepted,3,protected,measured,users,65,826.0,,1,1154.187971,state_verified
accepted,3,protected,measured,users,66,887.0,,1,1154.187971,state_verified
accepted,3,protected,measured,users,67,882.0,,1,1154.187971,state_verified
accepted,3,protected,measured,users,68,810.0,,1,1154.187971,state_verified
accepted,3,protected,measured,users,69,738.0,,1,1154.187971,state_verified
accepted,3,protected,measured,users,70,785.0,,1,1154.187971,state_verified
accepted,3,protected,measured,users,71,785.0,,1,1154.187971,state_verified
accepted,3,protected,measured,users,72,810.0,,1,1154.187971,state_verified
accepted,3,protected,measured,users,73,889.0,,1,1154.187971,state_verified
accepted,3,protected,measured,users,74,937.0,,1,1154.187971,state_verified
accepted,3,protected,measured,users,75,777.0,,1,1154.187971,state_verified
accepted,3,protected,measured,users,76,869.0,,1,1154.187971,state_verified
accepted,3,protected,measured,users,77,823.0,,1,1154.187971,state_verified
accepted,3,protected,measured,users,78,798.0,,1,1154.187971,state_verified
accepted,3,protected,measured,users,79,811.0,,1,1154.187971,state_verified
accepted,3,protected,measured,users,80,844.0,,1,1154.187971,state_verified
accepted,3,protected,measured,users,81,718.0,,1,1154.187971,state_verified
accepted,3,protected,measured,users,82,808.0,,1,1154.187971,state_verified
accepted,3,protected,measured,users,83,792.0,,1,1154.187971,state_verified
accepted,3,protected,measured,users,84,786.0,,1,1154.187971,state_verified
accepted,3,protected,measured,users,85,728.0,,1,1154.187971,state_verified
accepted,3,protected,measured,users,86,833.0,,1,1154.187971,state_verified
accepted,3,protected,measured,users,87,839.0,,1,1154.187971,state_verified
accepted,3,protected,measured,users,88,787.0,,1,1154.187971,state_verified
accepted,3,protected,measured,users,89,823.0,,1,1154.187971,state_verified
accepted,3,protected,measured,users,90,833.0,,1,1154.187971,state_verified
accepted,3,protected,measured,users,91,855.0,,1,1154.187971,state_verified
accepted,3,protected,measured,users,92,929.0,,1,1154.187971,state_verified
accepted,3,protected,measured,users,93,947.0,,1,1154.187971,state_verified
accepted,3,protected,measured,users,94,981.0,,1,1154.187971,state_verified
accepted,3,protected,measured,users,95,868.0,,1,1154.187971,state_verified
accepted,3,protected,measured,users,96,753.0,,1,1154.187971,state_verified
accepted,3,protected,measured,users,97,821.0,,1,1154.187971,state_verified
accepted,3,protected,measured,users,98,1095.0,,1,1154.187971,state_verified
accepted,3,protected,measured,users,99,1002.0,,1,1154.187971,state_verified
accepted,3,protected,measured,users,100,1029.0,,1,1154.187971,state_verified
accepted,3,protected,measured,users,101,890.0,,1,1154.187971,state_verified
accepted,3,protected,measured,users,102,1196.0,,1,1154.187971,state_verified
accepted,3,protected,measured,users,103,1128.0,,1,1154.187971,state_verified
accepted,3,protected,measured,users,104,1226.0,,1,1154.187971,state_verified
accepted,3,protected,measured,users,105,1167.0,,1,1154.187971,state_verified
accepted,3,protected,measured,users,106,947.0,,1,1154.187971,state_verified
accepted,3,protected,measured,users,107,911.0,,1,1154.187971,state_verified
accepted,3,protected,measured,users,108,892.0,,1,1154.187971,state_verified
accepted,3,protected,measured,users,109,897.0,,1,1154.187971,state_verified
accepted,3,protected,measured,users,110,864.0,,1,1154.187971,state_verified
accepted,3,protected,measured,users,111,935.0,,1,1154.187971,state_verified
accepted,3,protected,measured,users,112,868.0,,1,1154.187971,state_verified
accepted,3,protected,measured,users,113,831.0,,1,1154.187971,state_verified
accepted,3,protected,measured,users,114,772.0,,1,1154.187971,state_verified
accepted,3,protected,measured,users,115,721.0,,1,1154.187971,state_verified
accepted,3,protected,measured,users,116,847.0,,1,1154.187971,state_verified
accepted,3,protected,measured,users,117,813.0,,1,1154.187971,state_verified
accepted,3,protected,measured,users,118,801.0,,1,1154.187971,state_verified
accepted,3,protected,measured,users,119,851.0,,1,1154.187971,state_verified
accepted,3,protected,measured,users,120,828.0,,1,1154.187971,state_verified
accepted,3,protected,measured,users,121,855.0,,1,1154.187971,state_verified
accepted,3,protected,measured,users,122,844.0,,1,1154.187971,state_verified
accepted,3,protected,measured,users,123,810.0,,1,1154.187971,state_verified
accepted,3,protected,measured,users,124,720.0,,1,1154.187971,state_verified
accepted,3,protected,measured,users,125,792.0,,1,1154.187971,state_verified
accepted,3,protected,measured,users,126,827.0,,1,1154.187971,state_verified
accepted,3,protected,measured,users,127,793.0,,1,1154.187971,state_verified
accepted,3,protected,measured,users,128,815.0,,1,1154.187971,state_verified
accepted,3,protected,measured,users,129,860.0,,1,1154.187971,state_verified
accepted,3,protected,measured,users,130,852.0,,1,1154.187971,state_verified
accepted,3,protected,measured,users,131,893.0,,1,1154.187971,state_verified
accepted,3,protected,measured,users,132,848.0,,1,1154.187971,state_verified
accepted,3,protected,measured,users,133,737.0,,1,1154.187971,state_verified
accepted,3,protected,measured,users,134,797.0,,1,1154.187971,state_verified
accepted,3,protected,measured,users,135,772.0,,1,1154.187971,state_verified
accepted,3,protected,measured,users,136,1033.0,,1,1154.187971,state_verified
accepted,3,protected,measured,users,137,641.0,,1,1154.187971,state_verified
accepted,3,protected,measured,users,138,746.0,,1,1154.187971,state_verified
accepted,3,protected,measured,users,139,797.0,,1,1154.187971,state_verified
accepted,3,protected,measured,users,140,693.0,,1,1154.187971,state_verified
accepted,3,protected,measured,users,141,794.0,,1,1154.187971,state_verified
accepted,3,protected,measured,users,142,807.0,,1,1154.187971,state_verified
accepted,3,protected,measured,users,143,784.0,,1,1154.187971,state_verified
accepted,3,protected,measured,users,144,786.0,,1,1154.187971,state_verified
accepted,3,protected,measured,users,145,770.0,,1,1154.187971,state_verified
accepted,3,protected,measured,users,146,679.0,,1,1154.187971,state_verified
accepted,3,protected,measured,users,147,751.0,,1,1154.187971,state_verified
accepted,3,protected,measured,users,148,687.0,,1,1154.187971,state_verified
accepted,3,protected,measured,users,149,670.0,,1,1154.187971,state_verified
accepted,3,protected,measured,users,150,769.0,,1,1154.187971,state_verified
accepted,3,protected,measured,users,151,810.0,,1,1154.187971,state_verified
accepted,3,protected,measured,users,152,922.0,,1,1154.187971,state_verified
accepted,3,protected,measured,users,153,922.0,,1,1154.187971,state_verified
accepted,3,protected,measured,users,154,746.0,,1,1154.187971,state_verified
accepted,3,protected,measured,users,155,671.0,,1,1154.187971,state_verified
accepted,3,protected,measured,users,156,757.0,,1,1154.187971,state_verified
accepted,3,protected,measured,users,157,679.0,,1,1154.187971,state_verified
accepted,3,protected,measured,users,158,785.0,,1,1154.187971,state_verified
accepted,3,protected,measured,users,159,821.0,,1,1154.187971,state_verified
accepted,3,protected,measured,users,160,813.0,,1,1154.187971,state_verified
accepted,3,protected,measured,users,161,761.0,,1,1154.187971,state_verified
accepted,3,protected,measured,users,162,686.0,,1,1154.187971,state_verified
accepted,3,protected,measured,users,163,707.0,,1,1154.187971,state_verified
accepted,3,protected,measured,users,164,808.0,,1,1154.187971,state_verified
accepted,3,protected,measured,users,165,798.0,,1,1154.187971,state_verified
accepted,3,protected,measured,users,166,1116.0,,1,1154.187971,state_verified
accepted,3,protected,measured,users,167,1169.0,,1,1154.187971,state_verified
accepted,3,protected,measured,users,168,1152.0,,1,1154.187971,state_verified
accepted,3,protected,measured,users,169,1268.0,,1,1154.187971,state_verified
accepted,3,protected,measured,users,170,901.0,,1,1154.187971,state_verified
accepted,3,protected,measured,users,171,858.0,,1,1154.187971,state_verified
accepted,3,protected,measured,users,172,933.0,,1,1154.187971,state_verified
accepted,3,protected,measured,users,173,827.0,,1,1154.187971,state_verified
accepted,3,protected,measured,users,174,825.0,,1,1154.187971,state_verified
accepted,3,protected,measured,users,175,807.0,,1,1154.187971,state_verified
accepted,3,protected,measured,users,176,799.0,,1,1154.187971,state_verified
accepted,3,protected,measured,users,177,654.0,,1,1154.187971,state_verified
accepted,3,protected,measured,users,178,728.0,,1,1154.187971,state_verified
accepted,3,protected,measured,users,179,753.0,,1,1154.187971,state_verified
accepted,3,protected,measured,users,180,717.0,,1,1154.187971,state_verified
accepted,3,protected,measured,users,181,669.0,,1,1154.187971,state_verified
accepted,3,protected,measured,users,182,800.0,,1,1154.187971,state_verified
accepted,3,protected,measured,users,183,786.0,,1,1154.187971,state_verified
accepted,3,protected,measured,users,184,836.0,,1,1154.187971,state_verified
accepted,3,protected,measured,users,185,826.0,,1,1154.187971,state_verified
accepted,3,protected,measured,users,186,777.0,,1,1154.187971,state_verified
accepted,3,protected,measured,users,187,626.0,,1,1154.187971,state_verified
accepted,3,protected,measured,users,188,670.0,,1,1154.187971,state_verified
accepted,3,protected,measured,users,189,717.0,,1,1154.187971,state_verified
accepted,3,protected,measured,users,190,792.0,,1,1154.187971,state_verified
accepted,3,protected,measured,users,191,807.0,,1,1154.187971,state_verified
accepted,3,protected,measured,users,192,886.0,,1,1154.187971,state_verified
accepted,3,protected,measured,users,193,961.0,,1,1154.187971,state_verified
accepted,3,protected,measured,users,194,1072.0,,1,1154.187971,state_verified
accepted,3,protected,measured,users,195,1108.0,,1,1154.187971,state_verified
accepted,3,protected,measured,users,196,1000.0,,1,1154.187971,state_verified
accepted,3,protected,measured,users,197,1152.0,,1,1154.187971,state_verified
accepted,3,protected,measured,users,198,1194.0,,1,1154.187971,state_verified
accepted,3,protected,measured,users,199,1076.0,,1,1154.187971,state_verified
accepted,3,protected,measured,users,200,699.0,,1,1154.187971,state_verified
accepted,3,baseline,measured,refunds,1,3210.0,,1,1284.356537,state_verified
accepted,3,baseline,measured,refunds,2,918.0,,1,1284.356537,state_verified
accepted,3,baseline,measured,refunds,3,729.0,,1,1284.356537,state_verified
accepted,3,baseline,measured,refunds,4,925.0,,1,1284.356537,state_verified
accepted,3,baseline,measured,refunds,5,732.0,,1,1284.356537,state_verified
accepted,3,baseline,measured,refunds,6,821.0,,1,1284.356537,state_verified
accepted,3,baseline,measured,refunds,7,749.0,,1,1284.356537,state_verified
accepted,3,baseline,measured,refunds,8,705.0,,1,1284.356537,state_verified
accepted,3,baseline,measured,refunds,9,751.0,,1,1284.356537,state_verified
accepted,3,baseline,measured,refunds,10,657.0,,1,1284.356537,state_verified
accepted,3,baseline,measured,refunds,11,668.0,,1,1284.356537,state_verified
accepted,3,baseline,measured,refunds,12,639.0,,1,1284.356537,state_verified
accepted,3,baseline,measured,refunds,13,595.0,,1,1284.356537,state_verified
accepted,3,baseline,measured,refunds,14,616.0,,1,1284.356537,state_verified
accepted,3,baseline,measured,refunds,15,626.0,,1,1284.356537,state_verified
accepted,3,baseline,measured,refunds,16,569.0,,1,1284.356537,state_verified
accepted,3,baseline,measured,refunds,17,590.0,,1,1284.356537,state_verified
accepted,3,baseline,measured,refunds,18,945.0,,1,1284.356537,state_verified
accepted,3,baseline,measured,refunds,19,969.0,,1,1284.356537,state_verified
accepted,3,baseline,measured,refunds,20,1018.0,,1,1284.356537,state_verified
accepted,3,baseline,measured,refunds,21,1106.0,,1,1284.356537,state_verified
accepted,3,baseline,measured,refunds,22,1078.0,,1,1284.356537,state_verified
accepted,3,baseline,measured,refunds,23,708.0,,1,1284.356537,state_verified
accepted,3,baseline,measured,refunds,24,675.0,,1,1284.356537,state_verified
accepted,3,baseline,measured,refunds,25,679.0,,1,1284.356537,state_verified
accepted,3,baseline,measured,refunds,26,610.0,,1,1284.356537,state_verified
accepted,3,baseline,measured,refunds,27,634.0,,1,1284.356537,state_verified
accepted,3,baseline,measured,refunds,28,605.0,,1,1284.356537,state_verified
accepted,3,baseline,measured,refunds,29,598.0,,1,1284.356537,state_verified
accepted,3,baseline,measured,refunds,30,588.0,,1,1284.356537,state_verified
accepted,3,baseline,measured,refunds,31,582.0,,1,1284.356537,state_verified
accepted,3,baseline,measured,refunds,32,628.0,,1,1284.356537,state_verified
accepted,3,baseline,measured,refunds,33,578.0,,1,1284.356537,state_verified
accepted,3,baseline,measured,refunds,34,754.0,,1,1284.356537,state_verified
accepted,3,baseline,measured,refunds,35,626.0,,1,1284.356537,state_verified
accepted,3,baseline,measured,refunds,36,579.0,,1,1284.356537,state_verified
accepted,3,baseline,measured,refunds,37,629.0,,1,1284.356537,state_verified
accepted,3,baseline,measured,refunds,38,675.0,,1,1284.356537,state_verified
accepted,3,baseline,measured,refunds,39,667.0,,1,1284.356537,state_verified
accepted,3,baseline,measured,refunds,40,678.0,,1,1284.356537,state_verified
accepted,3,baseline,measured,refunds,41,717.0,,1,1284.356537,state_verified
accepted,3,baseline,measured,refunds,42,801.0,,1,1284.356537,state_verified
accepted,3,baseline,measured,refunds,43,1031.0,,1,1284.356537,state_verified
accepted,3,baseline,measured,refunds,44,769.0,,1,1284.356537,state_verified
accepted,3,baseline,measured,refunds,45,758.0,,1,1284.356537,state_verified
accepted,3,baseline,measured,refunds,46,646.0,,1,1284.356537,state_verified
accepted,3,baseline,measured,refunds,47,649.0,,1,1284.356537,state_verified
accepted,3,baseline,measured,refunds,48,585.0,,1,1284.356537,state_verified
accepted,3,baseline,measured,refunds,49,627.0,,1,1284.356537,state_verified
accepted,3,baseline,measured,refunds,50,646.0,,1,1284.356537,state_verified
accepted,3,baseline,measured,refunds,51,643.0,,1,1284.356537,state_verified
accepted,3,baseline,measured,refunds,52,653.0,,1,1284.356537,state_verified
accepted,3,baseline,measured,refunds,53,684.0,,1,1284.356537,state_verified
accepted,3,baseline,measured,refunds,54,610.0,,1,1284.356537,state_verified
accepted,3,baseline,measured,refunds,55,612.0,,1,1284.356537,state_verified
accepted,3,baseline,measured,refunds,56,617.0,,1,1284.356537,state_verified
accepted,3,baseline,measured,refunds,57,643.0,,1,1284.356537,state_verified
accepted,3,baseline,measured,refunds,58,675.0,,1,1284.356537,state_verified
accepted,3,baseline,measured,refunds,59,693.0,,1,1284.356537,state_verified
accepted,3,baseline,measured,refunds,60,625.0,,1,1284.356537,state_verified
accepted,3,baseline,measured,refunds,61,603.0,,1,1284.356537,state_verified
accepted,3,baseline,measured,refunds,62,720.0,,1,1284.356537,state_verified
accepted,3,baseline,measured,refunds,63,869.0,,1,1284.356537,state_verified
accepted,3,baseline,measured,refunds,64,685.0,,1,1284.356537,state_verified
accepted,3,baseline,measured,refunds,65,595.0,,1,1284.356537,state_verified
accepted,3,baseline,measured,refunds,66,741.0,,1,1284.356537,state_verified
accepted,3,baseline,measured,refunds,67,636.0,,1,1284.356537,state_verified
accepted,3,baseline,measured,refunds,68,572.0,,1,1284.356537,state_verified
accepted,3,baseline,measured,refunds,69,590.0,,1,1284.356537,state_verified
accepted,3,baseline,measured,refunds,70,634.0,,1,1284.356537,state_verified
accepted,3,baseline,measured,refunds,71,707.0,,1,1284.356537,state_verified
accepted,3,baseline,measured,refunds,72,602.0,,1,1284.356537,state_verified
accepted,3,baseline,measured,refunds,73,634.0,,1,1284.356537,state_verified
accepted,3,baseline,measured,refunds,74,686.0,,1,1284.356537,state_verified
accepted,3,baseline,measured,refunds,75,612.0,,1,1284.356537,state_verified
accepted,3,baseline,measured,refunds,76,633.0,,1,1284.356537,state_verified
accepted,3,baseline,measured,refunds,77,594.0,,1,1284.356537,state_verified
accepted,3,baseline,measured,refunds,78,684.0,,1,1284.356537,state_verified
accepted,3,baseline,measured,refunds,79,686.0,,1,1284.356537,state_verified
accepted,3,baseline,measured,refunds,80,671.0,,1,1284.356537,state_verified
accepted,3,baseline,measured,refunds,81,696.0,,1,1284.356537,state_verified
accepted,3,baseline,measured,refunds,82,958.0,,1,1284.356537,state_verified
accepted,3,baseline,measured,refunds,83,1140.0,,1,1284.356537,state_verified
accepted,3,baseline,measured,refunds,84,1068.0,,1,1284.356537,state_verified
accepted,3,baseline,measured,refunds,85,985.0,,1,1284.356537,state_verified
accepted,3,baseline,measured,refunds,86,697.0,,1,1284.356537,state_verified
accepted,3,baseline,measured,refunds,87,637.0,,1,1284.356537,state_verified
accepted,3,baseline,measured,refunds,88,593.0,,1,1284.356537,state_verified
accepted,3,baseline,measured,refunds,89,684.0,,1,1284.356537,state_verified
accepted,3,baseline,measured,refunds,90,676.0,,1,1284.356537,state_verified
accepted,3,baseline,measured,refunds,91,622.0,,1,1284.356537,state_verified
accepted,3,baseline,measured,refunds,92,649.0,,1,1284.356537,state_verified
accepted,3,baseline,measured,refunds,93,678.0,,1,1284.356537,state_verified
accepted,3,baseline,measured,refunds,94,631.0,,1,1284.356537,state_verified
accepted,3,baseline,measured,refunds,95,627.0,,1,1284.356537,state_verified
accepted,3,baseline,measured,refunds,96,699.0,,1,1284.356537,state_verified
accepted,3,baseline,measured,refunds,97,728.0,,1,1284.356537,state_verified
accepted,3,baseline,measured,refunds,98,612.0,,1,1284.356537,state_verified
accepted,3,baseline,measured,refunds,99,592.0,,1,1284.356537,state_verified
accepted,3,baseline,measured,refunds,100,543.0,,1,1284.356537,state_verified
accepted,3,baseline,measured,refunds,101,595.0,,1,1284.356537,state_verified
accepted,3,baseline,measured,refunds,102,741.0,,1,1284.356537,state_verified
accepted,3,baseline,measured,refunds,103,740.0,,1,1284.356537,state_verified
accepted,3,baseline,measured,refunds,104,824.0,,1,1284.356537,state_verified
accepted,3,baseline,measured,refunds,105,736.0,,1,1284.356537,state_verified
accepted,3,baseline,measured,refunds,106,598.0,,1,1284.356537,state_verified
accepted,3,baseline,measured,refunds,107,690.0,,1,1284.356537,state_verified
accepted,3,baseline,measured,refunds,108,804.0,,1,1284.356537,state_verified
accepted,3,baseline,measured,refunds,109,703.0,,1,1284.356537,state_verified
accepted,3,baseline,measured,refunds,110,783.0,,1,1284.356537,state_verified
accepted,3,baseline,measured,refunds,111,651.0,,1,1284.356537,state_verified
accepted,3,baseline,measured,refunds,112,693.0,,1,1284.356537,state_verified
accepted,3,baseline,measured,refunds,113,629.0,,1,1284.356537,state_verified
accepted,3,baseline,measured,refunds,114,639.0,,1,1284.356537,state_verified
accepted,3,baseline,measured,refunds,115,575.0,,1,1284.356537,state_verified
accepted,3,baseline,measured,refunds,116,581.0,,1,1284.356537,state_verified
accepted,3,baseline,measured,refunds,117,589.0,,1,1284.356537,state_verified
accepted,3,baseline,measured,refunds,118,585.0,,1,1284.356537,state_verified
accepted,3,baseline,measured,refunds,119,611.0,,1,1284.356537,state_verified
accepted,3,baseline,measured,refunds,120,594.0,,1,1284.356537,state_verified
accepted,3,baseline,measured,refunds,121,661.0,,1,1284.356537,state_verified
accepted,3,baseline,measured,refunds,122,848.0,,1,1284.356537,state_verified
accepted,3,baseline,measured,refunds,123,974.0,,1,1284.356537,state_verified
accepted,3,baseline,measured,refunds,124,693.0,,1,1284.356537,state_verified
accepted,3,baseline,measured,refunds,125,679.0,,1,1284.356537,state_verified
accepted,3,baseline,measured,refunds,126,587.0,,1,1284.356537,state_verified
accepted,3,baseline,measured,refunds,127,670.0,,1,1284.356537,state_verified
accepted,3,baseline,measured,refunds,128,792.0,,1,1284.356537,state_verified
accepted,3,baseline,measured,refunds,129,715.0,,1,1284.356537,state_verified
accepted,3,baseline,measured,refunds,130,650.0,,1,1284.356537,state_verified
accepted,3,baseline,measured,refunds,131,756.0,,1,1284.356537,state_verified
accepted,3,baseline,measured,refunds,132,1096.0,,1,1284.356537,state_verified
accepted,3,baseline,measured,refunds,133,953.0,,1,1284.356537,state_verified
accepted,3,baseline,measured,refunds,134,992.0,,1,1284.356537,state_verified
accepted,3,baseline,measured,refunds,135,920.0,,1,1284.356537,state_verified
accepted,3,baseline,measured,refunds,136,906.0,,1,1284.356537,state_verified
accepted,3,baseline,measured,refunds,137,874.0,,1,1284.356537,state_verified
accepted,3,baseline,measured,refunds,138,759.0,,1,1284.356537,state_verified
accepted,3,baseline,measured,refunds,139,764.0,,1,1284.356537,state_verified
accepted,3,baseline,measured,refunds,140,1002.0,,1,1284.356537,state_verified
accepted,3,baseline,measured,refunds,141,682.0,,1,1284.356537,state_verified
accepted,3,baseline,measured,refunds,142,590.0,,1,1284.356537,state_verified
accepted,3,baseline,measured,refunds,143,586.0,,1,1284.356537,state_verified
accepted,3,baseline,measured,refunds,144,707.0,,1,1284.356537,state_verified
accepted,3,baseline,measured,refunds,145,749.0,,1,1284.356537,state_verified
accepted,3,baseline,measured,refunds,146,1127.0,,1,1284.356537,state_verified
accepted,3,baseline,measured,refunds,147,1257.0,,1,1284.356537,state_verified
accepted,3,baseline,measured,refunds,148,1328.0,,1,1284.356537,state_verified
accepted,3,baseline,measured,refunds,149,1303.0,,1,1284.356537,state_verified
accepted,3,baseline,measured,refunds,150,883.0,,1,1284.356537,state_verified
accepted,3,baseline,measured,refunds,151,788.0,,1,1284.356537,state_verified
accepted,3,baseline,measured,refunds,152,691.0,,1,1284.356537,state_verified
accepted,3,baseline,measured,refunds,153,724.0,,1,1284.356537,state_verified
accepted,3,baseline,measured,refunds,154,706.0,,1,1284.356537,state_verified
accepted,3,baseline,measured,refunds,155,627.0,,1,1284.356537,state_verified
accepted,3,baseline,measured,refunds,156,656.0,,1,1284.356537,state_verified
accepted,3,baseline,measured,refunds,157,646.0,,1,1284.356537,state_verified
accepted,3,baseline,measured,refunds,158,756.0,,1,1284.356537,state_verified
accepted,3,baseline,measured,refunds,159,787.0,,1,1284.356537,state_verified
accepted,3,baseline,measured,refunds,160,854.0,,1,1284.356537,state_verified
accepted,3,baseline,measured,refunds,161,750.0,,1,1284.356537,state_verified
accepted,3,baseline,measured,refunds,162,672.0,,1,1284.356537,state_verified
accepted,3,baseline,measured,refunds,163,765.0,,1,1284.356537,state_verified
accepted,3,baseline,measured,refunds,164,691.0,,1,1284.356537,state_verified
accepted,3,baseline,measured,refunds,165,815.0,,1,1284.356537,state_verified
accepted,3,baseline,measured,refunds,166,980.0,,1,1284.356537,state_verified
accepted,3,baseline,measured,refunds,167,971.0,,1,1284.356537,state_verified
accepted,3,baseline,measured,refunds,168,963.0,,1,1284.356537,state_verified
accepted,3,baseline,measured,refunds,169,996.0,,1,1284.356537,state_verified
accepted,3,baseline,measured,refunds,170,937.0,,1,1284.356537,state_verified
accepted,3,baseline,measured,refunds,171,914.0,,1,1284.356537,state_verified
accepted,3,baseline,measured,refunds,172,922.0,,1,1284.356537,state_verified
accepted,3,baseline,measured,refunds,173,1020.0,,1,1284.356537,state_verified
accepted,3,baseline,measured,refunds,174,772.0,,1,1284.356537,state_verified
accepted,3,baseline,measured,refunds,175,793.0,,1,1284.356537,state_verified
accepted,3,baseline,measured,refunds,176,781.0,,1,1284.356537,state_verified
accepted,3,baseline,measured,refunds,177,796.0,,1,1284.356537,state_verified
accepted,3,baseline,measured,refunds,178,796.0,,1,1284.356537,state_verified
accepted,3,baseline,measured,refunds,179,750.0,,1,1284.356537,state_verified
accepted,3,baseline,measured,refunds,180,843.0,,1,1284.356537,state_verified
accepted,3,baseline,measured,refunds,181,727.0,,1,1284.356537,state_verified
accepted,3,baseline,measured,refunds,182,758.0,,1,1284.356537,state_verified
accepted,3,baseline,measured,refunds,183,849.0,,1,1284.356537,state_verified
accepted,3,baseline,measured,refunds,184,943.0,,1,1284.356537,state_verified
accepted,3,baseline,measured,refunds,185,949.0,,1,1284.356537,state_verified
accepted,3,baseline,measured,refunds,186,1065.0,,1,1284.356537,state_verified
accepted,3,baseline,measured,refunds,187,997.0,,1,1284.356537,state_verified
accepted,3,baseline,measured,refunds,188,1265.0,,1,1284.356537,state_verified
accepted,3,baseline,measured,refunds,189,1058.0,,1,1284.356537,state_verified
accepted,3,baseline,measured,refunds,190,949.0,,1,1284.356537,state_verified
accepted,3,baseline,measured,refunds,191,920.0,,1,1284.356537,state_verified
accepted,3,baseline,measured,refunds,192,903.0,,1,1284.356537,state_verified
accepted,3,baseline,measured,refunds,193,1010.0,,1,1284.356537,state_verified
accepted,3,baseline,measured,refunds,194,1111.0,,1,1284.356537,state_verified
accepted,3,baseline,measured,refunds,195,767.0,,1,1284.356537,state_verified
accepted,3,baseline,measured,refunds,196,787.0,,1,1284.356537,state_verified
accepted,3,baseline,measured,refunds,197,793.0,,1,1284.356537,state_verified
accepted,3,baseline,measured,refunds,198,792.0,,1,1284.356537,state_verified
accepted,3,baseline,measured,refunds,199,771.0,,1,1284.356537,state_verified
accepted,3,baseline,measured,refunds,200,909.0,,1,1284.356537,state_verified
accepted,3,protected,measured,refunds,1,3442.0,,1,1211.269653,state_verified
accepted,3,protected,measured,refunds,2,989.0,,1,1211.269653,state_verified
accepted,3,protected,measured,refunds,3,747.0,,1,1211.269653,state_verified
accepted,3,protected,measured,refunds,4,861.0,,1,1211.269653,state_verified
accepted,3,protected,measured,refunds,5,794.0,,1,1211.269653,state_verified
accepted,3,protected,measured,refunds,6,775.0,,1,1211.269653,state_verified
accepted,3,protected,measured,refunds,7,807.0,,1,1211.269653,state_verified
accepted,3,protected,measured,refunds,8,744.0,,1,1211.269653,state_verified
accepted,3,protected,measured,refunds,9,702.0,,1,1211.269653,state_verified
accepted,3,protected,measured,refunds,10,979.0,,1,1211.269653,state_verified
accepted,3,protected,measured,refunds,11,785.0,,1,1211.269653,state_verified
accepted,3,protected,measured,refunds,12,876.0,,1,1211.269653,state_verified
accepted,3,protected,measured,refunds,13,876.0,,1,1211.269653,state_verified
accepted,3,protected,measured,refunds,14,592.0,,1,1211.269653,state_verified
accepted,3,protected,measured,refunds,15,677.0,,1,1211.269653,state_verified
accepted,3,protected,measured,refunds,16,742.0,,1,1211.269653,state_verified
accepted,3,protected,measured,refunds,17,894.0,,1,1211.269653,state_verified
accepted,3,protected,measured,refunds,18,864.0,,1,1211.269653,state_verified
accepted,3,protected,measured,refunds,19,846.0,,1,1211.269653,state_verified
accepted,3,protected,measured,refunds,20,760.0,,1,1211.269653,state_verified
accepted,3,protected,measured,refunds,21,712.0,,1,1211.269653,state_verified
accepted,3,protected,measured,refunds,22,633.0,,1,1211.269653,state_verified
accepted,3,protected,measured,refunds,23,661.0,,1,1211.269653,state_verified
accepted,3,protected,measured,refunds,24,723.0,,1,1211.269653,state_verified
accepted,3,protected,measured,refunds,25,821.0,,1,1211.269653,state_verified
accepted,3,protected,measured,refunds,26,720.0,,1,1211.269653,state_verified
accepted,3,protected,measured,refunds,27,737.0,,1,1211.269653,state_verified
accepted,3,protected,measured,refunds,28,754.0,,1,1211.269653,state_verified
accepted,3,protected,measured,refunds,29,706.0,,1,1211.269653,state_verified
accepted,3,protected,measured,refunds,30,722.0,,1,1211.269653,state_verified
accepted,3,protected,measured,refunds,31,1146.0,,1,1211.269653,state_verified
accepted,3,protected,measured,refunds,32,987.0,,1,1211.269653,state_verified
accepted,3,protected,measured,refunds,33,811.0,,1,1211.269653,state_verified
accepted,3,protected,measured,refunds,34,758.0,,1,1211.269653,state_verified
accepted,3,protected,measured,refunds,35,788.0,,1,1211.269653,state_verified
accepted,3,protected,measured,refunds,36,810.0,,1,1211.269653,state_verified
accepted,3,protected,measured,refunds,37,722.0,,1,1211.269653,state_verified
accepted,3,protected,measured,refunds,38,684.0,,1,1211.269653,state_verified
accepted,3,protected,measured,refunds,39,970.0,,1,1211.269653,state_verified
accepted,3,protected,measured,refunds,40,711.0,,1,1211.269653,state_verified
accepted,3,protected,measured,refunds,41,673.0,,1,1211.269653,state_verified
accepted,3,protected,measured,refunds,42,784.0,,1,1211.269653,state_verified
accepted,3,protected,measured,refunds,43,738.0,,1,1211.269653,state_verified
accepted,3,protected,measured,refunds,44,684.0,,1,1211.269653,state_verified
accepted,3,protected,measured,refunds,45,665.0,,1,1211.269653,state_verified
accepted,3,protected,measured,refunds,46,629.0,,1,1211.269653,state_verified
accepted,3,protected,measured,refunds,47,746.0,,1,1211.269653,state_verified
accepted,3,protected,measured,refunds,48,940.0,,1,1211.269653,state_verified
accepted,3,protected,measured,refunds,49,885.0,,1,1211.269653,state_verified
accepted,3,protected,measured,refunds,50,920.0,,1,1211.269653,state_verified
accepted,3,protected,measured,refunds,51,883.0,,1,1211.269653,state_verified
accepted,3,protected,measured,refunds,52,895.0,,1,1211.269653,state_verified
accepted,3,protected,measured,refunds,53,848.0,,1,1211.269653,state_verified
accepted,3,protected,measured,refunds,54,859.0,,1,1211.269653,state_verified
accepted,3,protected,measured,refunds,55,861.0,,1,1211.269653,state_verified
accepted,3,protected,measured,refunds,56,1067.0,,1,1211.269653,state_verified
accepted,3,protected,measured,refunds,57,890.0,,1,1211.269653,state_verified
accepted,3,protected,measured,refunds,58,733.0,,1,1211.269653,state_verified
accepted,3,protected,measured,refunds,59,677.0,,1,1211.269653,state_verified
accepted,3,protected,measured,refunds,60,768.0,,1,1211.269653,state_verified
accepted,3,protected,measured,refunds,61,1158.0,,1,1211.269653,state_verified
accepted,3,protected,measured,refunds,62,1034.0,,1,1211.269653,state_verified
accepted,3,protected,measured,refunds,63,992.0,,1,1211.269653,state_verified
accepted,3,protected,measured,refunds,64,978.0,,1,1211.269653,state_verified
accepted,3,protected,measured,refunds,65,626.0,,1,1211.269653,state_verified
accepted,3,protected,measured,refunds,66,692.0,,1,1211.269653,state_verified
accepted,3,protected,measured,refunds,67,682.0,,1,1211.269653,state_verified
accepted,3,protected,measured,refunds,68,869.0,,1,1211.269653,state_verified
accepted,3,protected,measured,refunds,69,729.0,,1,1211.269653,state_verified
accepted,3,protected,measured,refunds,70,714.0,,1,1211.269653,state_verified
accepted,3,protected,measured,refunds,71,686.0,,1,1211.269653,state_verified
accepted,3,protected,measured,refunds,72,996.0,,1,1211.269653,state_verified
accepted,3,protected,measured,refunds,73,843.0,,1,1211.269653,state_verified
accepted,3,protected,measured,refunds,74,671.0,,1,1211.269653,state_verified
accepted,3,protected,measured,refunds,75,656.0,,1,1211.269653,state_verified
accepted,3,protected,measured,refunds,76,672.0,,1,1211.269653,state_verified
accepted,3,protected,measured,refunds,77,687.0,,1,1211.269653,state_verified
accepted,3,protected,measured,refunds,78,909.0,,1,1211.269653,state_verified
accepted,3,protected,measured,refunds,79,844.0,,1,1211.269653,state_verified
accepted,3,protected,measured,refunds,80,796.0,,1,1211.269653,state_verified
accepted,3,protected,measured,refunds,81,685.0,,1,1211.269653,state_verified
accepted,3,protected,measured,refunds,82,654.0,,1,1211.269653,state_verified
accepted,3,protected,measured,refunds,83,707.0,,1,1211.269653,state_verified
accepted,3,protected,measured,refunds,84,681.0,,1,1211.269653,state_verified
accepted,3,protected,measured,refunds,85,738.0,,1,1211.269653,state_verified
accepted,3,protected,measured,refunds,86,842.0,,1,1211.269653,state_verified
accepted,3,protected,measured,refunds,87,917.0,,1,1211.269653,state_verified
accepted,3,protected,measured,refunds,88,860.0,,1,1211.269653,state_verified
accepted,3,protected,measured,refunds,89,1028.0,,1,1211.269653,state_verified
accepted,3,protected,measured,refunds,90,1130.0,,1,1211.269653,state_verified
accepted,3,protected,measured,refunds,91,761.0,,1,1211.269653,state_verified
accepted,3,protected,measured,refunds,92,1302.0,,1,1211.269653,state_verified
accepted,3,protected,measured,refunds,93,896.0,,1,1211.269653,state_verified
accepted,3,protected,measured,refunds,94,789.0,,1,1211.269653,state_verified
accepted,3,protected,measured,refunds,95,718.0,,1,1211.269653,state_verified
accepted,3,protected,measured,refunds,96,659.0,,1,1211.269653,state_verified
accepted,3,protected,measured,refunds,97,659.0,,1,1211.269653,state_verified
accepted,3,protected,measured,refunds,98,669.0,,1,1211.269653,state_verified
accepted,3,protected,measured,refunds,99,623.0,,1,1211.269653,state_verified
accepted,3,protected,measured,refunds,100,673.0,,1,1211.269653,state_verified
accepted,3,protected,measured,refunds,101,643.0,,1,1211.269653,state_verified
accepted,3,protected,measured,refunds,102,640.0,,1,1211.269653,state_verified
accepted,3,protected,measured,refunds,103,735.0,,1,1211.269653,state_verified
accepted,3,protected,measured,refunds,104,676.0,,1,1211.269653,state_verified
accepted,3,protected,measured,refunds,105,641.0,,1,1211.269653,state_verified
accepted,3,protected,measured,refunds,106,649.0,,1,1211.269653,state_verified
accepted,3,protected,measured,refunds,107,899.0,,1,1211.269653,state_verified
accepted,3,protected,measured,refunds,108,2340.0,,1,1211.269653,state_verified
accepted,3,protected,measured,refunds,109,916.0,,1,1211.269653,state_verified
accepted,3,protected,measured,refunds,110,792.0,,1,1211.269653,state_verified
accepted,3,protected,measured,refunds,111,917.0,,1,1211.269653,state_verified
accepted,3,protected,measured,refunds,112,922.0,,1,1211.269653,state_verified
accepted,3,protected,measured,refunds,113,841.0,,1,1211.269653,state_verified
accepted,3,protected,measured,refunds,114,687.0,,1,1211.269653,state_verified
accepted,3,protected,measured,refunds,115,642.0,,1,1211.269653,state_verified
accepted,3,protected,measured,refunds,116,738.0,,1,1211.269653,state_verified
accepted,3,protected,measured,refunds,117,667.0,,1,1211.269653,state_verified
accepted,3,protected,measured,refunds,118,647.0,,1,1211.269653,state_verified
accepted,3,protected,measured,refunds,119,642.0,,1,1211.269653,state_verified
accepted,3,protected,measured,refunds,120,690.0,,1,1211.269653,state_verified
accepted,3,protected,measured,refunds,121,697.0,,1,1211.269653,state_verified
accepted,3,protected,measured,refunds,122,666.0,,1,1211.269653,state_verified
accepted,3,protected,measured,refunds,123,644.0,,1,1211.269653,state_verified
accepted,3,protected,measured,refunds,124,725.0,,1,1211.269653,state_verified
accepted,3,protected,measured,refunds,125,1098.0,,1,1211.269653,state_verified
accepted,3,protected,measured,refunds,126,1239.0,,1,1211.269653,state_verified
accepted,3,protected,measured,refunds,127,1233.0,,1,1211.269653,state_verified
accepted,3,protected,measured,refunds,128,1244.0,,1,1211.269653,state_verified
accepted,3,protected,measured,refunds,129,862.0,,1,1211.269653,state_verified
accepted,3,protected,measured,refunds,130,845.0,,1,1211.269653,state_verified
accepted,3,protected,measured,refunds,131,894.0,,1,1211.269653,state_verified
accepted,3,protected,measured,refunds,132,849.0,,1,1211.269653,state_verified
accepted,3,protected,measured,refunds,133,698.0,,1,1211.269653,state_verified
accepted,3,protected,measured,refunds,134,719.0,,1,1211.269653,state_verified
accepted,3,protected,measured,refunds,135,819.0,,1,1211.269653,state_verified
accepted,3,protected,measured,refunds,136,762.0,,1,1211.269653,state_verified
accepted,3,protected,measured,refunds,137,668.0,,1,1211.269653,state_verified
accepted,3,protected,measured,refunds,138,658.0,,1,1211.269653,state_verified
accepted,3,protected,measured,refunds,139,652.0,,1,1211.269653,state_verified
accepted,3,protected,measured,refunds,140,634.0,,1,1211.269653,state_verified
accepted,3,protected,measured,refunds,141,616.0,,1,1211.269653,state_verified
accepted,3,protected,measured,refunds,142,675.0,,1,1211.269653,state_verified
accepted,3,protected,measured,refunds,143,599.0,,1,1211.269653,state_verified
accepted,3,protected,measured,refunds,144,628.0,,1,1211.269653,state_verified
accepted,3,protected,measured,refunds,145,668.0,,1,1211.269653,state_verified
accepted,3,protected,measured,refunds,146,727.0,,1,1211.269653,state_verified
accepted,3,protected,measured,refunds,147,670.0,,1,1211.269653,state_verified
accepted,3,protected,measured,refunds,148,673.0,,1,1211.269653,state_verified
accepted,3,protected,measured,refunds,149,638.0,,1,1211.269653,state_verified
accepted,3,protected,measured,refunds,150,652.0,,1,1211.269653,state_verified
accepted,3,protected,measured,refunds,151,569.0,,1,1211.269653,state_verified
accepted,3,protected,measured,refunds,152,604.0,,1,1211.269653,state_verified
accepted,3,protected,measured,refunds,153,634.0,,1,1211.269653,state_verified
accepted,3,protected,measured,refunds,154,662.0,,1,1211.269653,state_verified
accepted,3,protected,measured,refunds,155,691.0,,1,1211.269653,state_verified
accepted,3,protected,measured,refunds,156,856.0,,1,1211.269653,state_verified
accepted,3,protected,measured,refunds,157,698.0,,1,1211.269653,state_verified
accepted,3,protected,measured,refunds,158,619.0,,1,1211.269653,state_verified
accepted,3,protected,measured,refunds,159,695.0,,1,1211.269653,state_verified
accepted,3,protected,measured,refunds,160,886.0,,1,1211.269653,state_verified
accepted,3,protected,measured,refunds,161,952.0,,1,1211.269653,state_verified
accepted,3,protected,measured,refunds,162,935.0,,1,1211.269653,state_verified
accepted,3,protected,measured,refunds,163,779.0,,1,1211.269653,state_verified
accepted,3,protected,measured,refunds,164,781.0,,1,1211.269653,state_verified
accepted,3,protected,measured,refunds,165,756.0,,1,1211.269653,state_verified
accepted,3,protected,measured,refunds,166,810.0,,1,1211.269653,state_verified
accepted,3,protected,measured,refunds,167,820.0,,1,1211.269653,state_verified
accepted,3,protected,measured,refunds,168,792.0,,1,1211.269653,state_verified
accepted,3,protected,measured,refunds,169,709.0,,1,1211.269653,state_verified
accepted,3,protected,measured,refunds,170,681.0,,1,1211.269653,state_verified
accepted,3,protected,measured,refunds,171,721.0,,1,1211.269653,state_verified
accepted,3,protected,measured,refunds,172,670.0,,1,1211.269653,state_verified
accepted,3,protected,measured,refunds,173,729.0,,1,1211.269653,state_verified
accepted,3,protected,measured,refunds,174,846.0,,1,1211.269653,state_verified
accepted,3,protected,measured,refunds,175,769.0,,1,1211.269653,state_verified
accepted,3,protected,measured,refunds,176,719.0,,1,1211.269653,state_verified
accepted,3,protected,measured,refunds,177,923.0,,1,1211.269653,state_verified
accepted,3,protected,measured,refunds,178,965.0,,1,1211.269653,state_verified
accepted,3,protected,measured,refunds,179,668.0,,1,1211.269653,state_verified
accepted,3,protected,measured,refunds,180,712.0,,1,1211.269653,state_verified
accepted,3,protected,measured,refunds,181,756.0,,1,1211.269653,state_verified
accepted,3,protected,measured,refunds,182,810.0,,1,1211.269653,state_verified
accepted,3,protected,measured,refunds,183,841.0,,1,1211.269653,state_verified
accepted,3,protected,measured,refunds,184,837.0,,1,1211.269653,state_verified
accepted,3,protected,measured,refunds,185,878.0,,1,1211.269653,state_verified
accepted,3,protected,measured,refunds,186,774.0,,1,1211.269653,state_verified
accepted,3,protected,measured,refunds,187,852.0,,1,1211.269653,state_verified
accepted,3,protected,measured,refunds,188,775.0,,1,1211.269653,state_verified
accepted,3,protected,measured,refunds,189,1075.0,,1,1211.269653,state_verified
accepted,3,protected,measured,refunds,190,1180.0,,1,1211.269653,state_verified
accepted,3,protected,measured,refunds,191,1108.0,,1,1211.269653,state_verified
accepted,3,protected,measured,refunds,192,1016.0,,1,1211.269653,state_verified
accepted,3,protected,measured,refunds,193,745.0,,1,1211.269653,state_verified
accepted,3,protected,measured,refunds,194,817.0,,1,1211.269653,state_verified
accepted,3,protected,measured,refunds,195,860.0,,1,1211.269653,state_verified
accepted,3,protected,measured,refunds,196,786.0,,1,1211.269653,state_verified
accepted,3,protected,measured,refunds,197,818.0,,1,1211.269653,state_verified
accepted,3,protected,measured,refunds,198,692.0,,1,1211.269653,state_verified
accepted,3,protected,measured,refunds,199,811.0,,1,1211.269653,state_verified
accepted,3,protected,measured,refunds,200,1003.0,,1,1211.269653,state_verified
accepted,3,baseline,measured,mixed,1,5516.0,,7,873.248046,state_verified
accepted,3,baseline,measured,mixed,2,1916.0,,7,873.248046,state_verified
accepted,3,baseline,measured,mixed,3,1443.0,,7,873.248046,state_verified
accepted,3,baseline,measured,mixed,4,1431.0,,7,873.248046,state_verified
accepted,3,baseline,measured,mixed,5,1468.0,,7,873.248046,state_verified
accepted,3,baseline,measured,mixed,6,1702.0,,7,873.248046,state_verified
accepted,3,baseline,measured,mixed,7,1273.0,,7,873.248046,state_verified
accepted,3,baseline,measured,mixed,8,1528.0,,7,873.248046,state_verified
accepted,3,baseline,measured,mixed,9,1634.0,,7,873.248046,state_verified
accepted,3,baseline,measured,mixed,10,1905.0,,7,873.248046,state_verified
accepted,3,baseline,measured,mixed,11,1522.0,,7,873.248046,state_verified
accepted,3,baseline,measured,mixed,12,1350.0,,7,873.248046,state_verified
accepted,3,baseline,measured,mixed,13,1094.0,,7,873.248046,state_verified
accepted,3,baseline,measured,mixed,14,1146.0,,7,873.248046,state_verified
accepted,3,baseline,measured,mixed,15,1099.0,,7,873.248046,state_verified
accepted,3,baseline,measured,mixed,16,1167.0,,7,873.248046,state_verified
accepted,3,baseline,measured,mixed,17,1101.0,,7,873.248046,state_verified
accepted,3,baseline,measured,mixed,18,1160.0,,7,873.248046,state_verified
accepted,3,baseline,measured,mixed,19,1202.0,,7,873.248046,state_verified
accepted,3,baseline,measured,mixed,20,1573.0,,7,873.248046,state_verified
accepted,3,baseline,measured,mixed,21,1109.0,,7,873.248046,state_verified
accepted,3,baseline,measured,mixed,22,2326.0,,7,873.248046,state_verified
accepted,3,baseline,measured,mixed,23,1155.0,,7,873.248046,state_verified
accepted,3,baseline,measured,mixed,24,949.0,,7,873.248046,state_verified
accepted,3,baseline,measured,mixed,25,1005.0,,7,873.248046,state_verified
accepted,3,baseline,measured,mixed,26,1009.0,,7,873.248046,state_verified
accepted,3,baseline,measured,mixed,27,1114.0,,7,873.248046,state_verified
accepted,3,baseline,measured,mixed,28,1042.0,,7,873.248046,state_verified
accepted,3,baseline,measured,mixed,29,1020.0,,7,873.248046,state_verified
accepted,3,baseline,measured,mixed,30,1041.0,,7,873.248046,state_verified
accepted,3,baseline,measured,mixed,31,1264.0,,7,873.248046,state_verified
accepted,3,baseline,measured,mixed,32,1211.0,,7,873.248046,state_verified
accepted,3,baseline,measured,mixed,33,1069.0,,7,873.248046,state_verified
accepted,3,baseline,measured,mixed,34,1062.0,,7,873.248046,state_verified
accepted,3,baseline,measured,mixed,35,983.0,,7,873.248046,state_verified
accepted,3,baseline,measured,mixed,36,980.0,,7,873.248046,state_verified
accepted,3,baseline,measured,mixed,37,1006.0,,7,873.248046,state_verified
accepted,3,baseline,measured,mixed,38,1014.0,,7,873.248046,state_verified
accepted,3,baseline,measured,mixed,39,840.0,,7,873.248046,state_verified
accepted,3,baseline,measured,mixed,40,766.0,,7,873.248046,state_verified
accepted,3,baseline,measured,mixed,41,861.0,,7,873.248046,state_verified
accepted,3,baseline,measured,mixed,42,939.0,,7,873.248046,state_verified
accepted,3,baseline,measured,mixed,43,978.0,,7,873.248046,state_verified
accepted,3,baseline,measured,mixed,44,1004.0,,7,873.248046,state_verified
accepted,3,baseline,measured,mixed,45,1418.0,,7,873.248046,state_verified
accepted,3,baseline,measured,mixed,46,1163.0,,7,873.248046,state_verified
accepted,3,baseline,measured,mixed,47,1239.0,,7,873.248046,state_verified
accepted,3,baseline,measured,mixed,48,1142.0,,7,873.248046,state_verified
accepted,3,baseline,measured,mixed,49,1116.0,,7,873.248046,state_verified
accepted,3,baseline,measured,mixed,50,1068.0,,7,873.248046,state_verified
accepted,3,baseline,measured,mixed,51,961.0,,7,873.248046,state_verified
accepted,3,baseline,measured,mixed,52,936.0,,7,873.248046,state_verified
accepted,3,baseline,measured,mixed,53,972.0,,7,873.248046,state_verified
accepted,3,baseline,measured,mixed,54,1319.0,,7,873.248046,state_verified
accepted,3,baseline,measured,mixed,55,1042.0,,7,873.248046,state_verified
accepted,3,baseline,measured,mixed,56,964.0,,7,873.248046,state_verified
accepted,3,baseline,measured,mixed,57,964.0,,7,873.248046,state_verified
accepted,3,baseline,measured,mixed,58,1151.0,,7,873.248046,state_verified
accepted,3,baseline,measured,mixed,59,936.0,,7,873.248046,state_verified
accepted,3,baseline,measured,mixed,60,1067.0,,7,873.248046,state_verified
accepted,3,baseline,measured,mixed,61,1064.0,,7,873.248046,state_verified
accepted,3,baseline,measured,mixed,62,1091.0,,7,873.248046,state_verified
accepted,3,baseline,measured,mixed,63,1051.0,,7,873.248046,state_verified
accepted,3,baseline,measured,mixed,64,1010.0,,7,873.248046,state_verified
accepted,3,baseline,measured,mixed,65,996.0,,7,873.248046,state_verified
accepted,3,baseline,measured,mixed,66,1250.0,,7,873.248046,state_verified
accepted,3,baseline,measured,mixed,67,1257.0,,7,873.248046,state_verified
accepted,3,baseline,measured,mixed,68,1218.0,,7,873.248046,state_verified
accepted,3,baseline,measured,mixed,69,1249.0,,7,873.248046,state_verified
accepted,3,baseline,measured,mixed,70,1387.0,,7,873.248046,state_verified
accepted,3,baseline,measured,mixed,71,950.0,,7,873.248046,state_verified
accepted,3,baseline,measured,mixed,72,999.0,,7,873.248046,state_verified
accepted,3,baseline,measured,mixed,73,944.0,,7,873.248046,state_verified
accepted,3,baseline,measured,mixed,74,1213.0,,7,873.248046,state_verified
accepted,3,baseline,measured,mixed,75,2348.0,,7,873.248046,state_verified
accepted,3,baseline,measured,mixed,76,1222.0,,7,873.248046,state_verified
accepted,3,baseline,measured,mixed,77,1281.0,,7,873.248046,state_verified
accepted,3,baseline,measured,mixed,78,1137.0,,7,873.248046,state_verified
accepted,3,baseline,measured,mixed,79,966.0,,7,873.248046,state_verified
accepted,3,baseline,measured,mixed,80,1527.0,,7,873.248046,state_verified
accepted,3,baseline,measured,mixed,81,1285.0,,7,873.248046,state_verified
accepted,3,baseline,measured,mixed,82,1235.0,,7,873.248046,state_verified
accepted,3,baseline,measured,mixed,83,1136.0,,7,873.248046,state_verified
accepted,3,baseline,measured,mixed,84,1143.0,,7,873.248046,state_verified
accepted,3,baseline,measured,mixed,85,1154.0,,7,873.248046,state_verified
accepted,3,baseline,measured,mixed,86,1189.0,,7,873.248046,state_verified
accepted,3,baseline,measured,mixed,87,1156.0,,7,873.248046,state_verified
accepted,3,baseline,measured,mixed,88,1230.0,,7,873.248046,state_verified
accepted,3,baseline,measured,mixed,89,1152.0,,7,873.248046,state_verified
accepted,3,baseline,measured,mixed,90,1085.0,,7,873.248046,state_verified
accepted,3,baseline,measured,mixed,91,1032.0,,7,873.248046,state_verified
accepted,3,baseline,measured,mixed,92,999.0,,7,873.248046,state_verified
accepted,3,baseline,measured,mixed,93,1096.0,,7,873.248046,state_verified
accepted,3,baseline,measured,mixed,94,958.0,,7,873.248046,state_verified
accepted,3,baseline,measured,mixed,95,1067.0,,7,873.248046,state_verified
accepted,3,baseline,measured,mixed,96,987.0,,7,873.248046,state_verified
accepted,3,baseline,measured,mixed,97,1261.0,,7,873.248046,state_verified
accepted,3,baseline,measured,mixed,98,1707.0,,7,873.248046,state_verified
accepted,3,baseline,measured,mixed,99,1332.0,,7,873.248046,state_verified
accepted,3,baseline,measured,mixed,100,1221.0,,7,873.248046,state_verified
accepted,3,baseline,measured,mixed,101,1167.0,,7,873.248046,state_verified
accepted,3,baseline,measured,mixed,102,1130.0,,7,873.248046,state_verified
accepted,3,baseline,measured,mixed,103,1246.0,,7,873.248046,state_verified
accepted,3,baseline,measured,mixed,104,1157.0,,7,873.248046,state_verified
accepted,3,baseline,measured,mixed,105,1107.0,,7,873.248046,state_verified
accepted,3,baseline,measured,mixed,106,941.0,,7,873.248046,state_verified
accepted,3,baseline,measured,mixed,107,893.0,,7,873.248046,state_verified
accepted,3,baseline,measured,mixed,108,907.0,,7,873.248046,state_verified
accepted,3,baseline,measured,mixed,109,1060.0,,7,873.248046,state_verified
accepted,3,baseline,measured,mixed,110,971.0,,7,873.248046,state_verified
accepted,3,baseline,measured,mixed,111,1039.0,,7,873.248046,state_verified
accepted,3,baseline,measured,mixed,112,1193.0,,7,873.248046,state_verified
accepted,3,baseline,measured,mixed,113,1619.0,,7,873.248046,state_verified
accepted,3,baseline,measured,mixed,114,1041.0,,7,873.248046,state_verified
accepted,3,baseline,measured,mixed,115,1073.0,,7,873.248046,state_verified
accepted,3,baseline,measured,mixed,116,1162.0,,7,873.248046,state_verified
accepted,3,baseline,measured,mixed,117,1368.0,,7,873.248046,state_verified
accepted,3,baseline,measured,mixed,118,1300.0,,7,873.248046,state_verified
accepted,3,baseline,measured,mixed,119,1364.0,,7,873.248046,state_verified
accepted,3,baseline,measured,mixed,120,1238.0,,7,873.248046,state_verified
accepted,3,baseline,measured,mixed,121,1017.0,,7,873.248046,state_verified
accepted,3,baseline,measured,mixed,122,924.0,,7,873.248046,state_verified
accepted,3,baseline,measured,mixed,123,955.0,,7,873.248046,state_verified
accepted,3,baseline,measured,mixed,124,986.0,,7,873.248046,state_verified
accepted,3,baseline,measured,mixed,125,1045.0,,7,873.248046,state_verified
accepted,3,baseline,measured,mixed,126,1226.0,,7,873.248046,state_verified
accepted,3,baseline,measured,mixed,127,1139.0,,7,873.248046,state_verified
accepted,3,baseline,measured,mixed,128,1005.0,,7,873.248046,state_verified
accepted,3,baseline,measured,mixed,129,1084.0,,7,873.248046,state_verified
accepted,3,baseline,measured,mixed,130,1108.0,,7,873.248046,state_verified
accepted,3,baseline,measured,mixed,131,1420.0,,7,873.248046,state_verified
accepted,3,baseline,measured,mixed,132,1413.0,,7,873.248046,state_verified
accepted,3,baseline,measured,mixed,133,1332.0,,7,873.248046,state_verified
accepted,3,baseline,measured,mixed,134,1140.0,,7,873.248046,state_verified
accepted,3,baseline,measured,mixed,135,927.0,,7,873.248046,state_verified
accepted,3,baseline,measured,mixed,136,871.0,,7,873.248046,state_verified
accepted,3,baseline,measured,mixed,137,904.0,,7,873.248046,state_verified
accepted,3,baseline,measured,mixed,138,925.0,,7,873.248046,state_verified
accepted,3,baseline,measured,mixed,139,904.0,,7,873.248046,state_verified
accepted,3,baseline,measured,mixed,140,911.0,,7,873.248046,state_verified
accepted,3,baseline,measured,mixed,141,1159.0,,7,873.248046,state_verified
accepted,3,baseline,measured,mixed,142,1121.0,,7,873.248046,state_verified
accepted,3,baseline,measured,mixed,143,947.0,,7,873.248046,state_verified
accepted,3,baseline,measured,mixed,144,1115.0,,7,873.248046,state_verified
accepted,3,baseline,measured,mixed,145,1102.0,,7,873.248046,state_verified
accepted,3,baseline,measured,mixed,146,1087.0,,7,873.248046,state_verified
accepted,3,baseline,measured,mixed,147,980.0,,7,873.248046,state_verified
accepted,3,baseline,measured,mixed,148,898.0,,7,873.248046,state_verified
accepted,3,baseline,measured,mixed,149,896.0,,7,873.248046,state_verified
accepted,3,baseline,measured,mixed,150,915.0,,7,873.248046,state_verified
accepted,3,baseline,measured,mixed,151,855.0,,7,873.248046,state_verified
accepted,3,baseline,measured,mixed,152,844.0,,7,873.248046,state_verified
accepted,3,baseline,measured,mixed,153,855.0,,7,873.248046,state_verified
accepted,3,baseline,measured,mixed,154,882.0,,7,873.248046,state_verified
accepted,3,baseline,measured,mixed,155,904.0,,7,873.248046,state_verified
accepted,3,baseline,measured,mixed,156,842.0,,7,873.248046,state_verified
accepted,3,baseline,measured,mixed,157,1103.0,,7,873.248046,state_verified
accepted,3,baseline,measured,mixed,158,1192.0,,7,873.248046,state_verified
accepted,3,baseline,measured,mixed,159,1008.0,,7,873.248046,state_verified
accepted,3,baseline,measured,mixed,160,952.0,,7,873.248046,state_verified
accepted,3,baseline,measured,mixed,161,916.0,,7,873.248046,state_verified
accepted,3,baseline,measured,mixed,162,848.0,,7,873.248046,state_verified
accepted,3,baseline,measured,mixed,163,1001.0,,7,873.248046,state_verified
accepted,3,baseline,measured,mixed,164,959.0,,7,873.248046,state_verified
accepted,3,baseline,measured,mixed,165,840.0,,7,873.248046,state_verified
accepted,3,baseline,measured,mixed,166,896.0,,7,873.248046,state_verified
accepted,3,baseline,measured,mixed,167,964.0,,7,873.248046,state_verified
accepted,3,baseline,measured,mixed,168,946.0,,7,873.248046,state_verified
accepted,3,baseline,measured,mixed,169,946.0,,7,873.248046,state_verified
accepted,3,baseline,measured,mixed,170,935.0,,7,873.248046,state_verified
accepted,3,baseline,measured,mixed,171,1008.0,,7,873.248046,state_verified
accepted,3,baseline,measured,mixed,172,932.0,,7,873.248046,state_verified
accepted,3,baseline,measured,mixed,173,911.0,,7,873.248046,state_verified
accepted,3,baseline,measured,mixed,174,980.0,,7,873.248046,state_verified
accepted,3,baseline,measured,mixed,175,1015.0,,7,873.248046,state_verified
accepted,3,baseline,measured,mixed,176,985.0,,7,873.248046,state_verified
accepted,3,baseline,measured,mixed,177,1117.0,,7,873.248046,state_verified
accepted,3,baseline,measured,mixed,178,1112.0,,7,873.248046,state_verified
accepted,3,baseline,measured,mixed,179,994.0,,7,873.248046,state_verified
accepted,3,baseline,measured,mixed,180,930.0,,7,873.248046,state_verified
accepted,3,baseline,measured,mixed,181,873.0,,7,873.248046,state_verified
accepted,3,baseline,measured,mixed,182,1013.0,,7,873.248046,state_verified
accepted,3,baseline,measured,mixed,183,877.0,,7,873.248046,state_verified
accepted,3,baseline,measured,mixed,184,855.0,,7,873.248046,state_verified
accepted,3,baseline,measured,mixed,185,1169.0,,7,873.248046,state_verified
accepted,3,baseline,measured,mixed,186,927.0,,7,873.248046,state_verified
accepted,3,baseline,measured,mixed,187,959.0,,7,873.248046,state_verified
accepted,3,baseline,measured,mixed,188,922.0,,7,873.248046,state_verified
accepted,3,baseline,measured,mixed,189,961.0,,7,873.248046,state_verified
accepted,3,baseline,measured,mixed,190,975.0,,7,873.248046,state_verified
accepted,3,baseline,measured,mixed,191,999.0,,7,873.248046,state_verified
accepted,3,baseline,measured,mixed,192,921.0,,7,873.248046,state_verified
accepted,3,baseline,measured,mixed,193,974.0,,7,873.248046,state_verified
accepted,3,baseline,measured,mixed,194,919.0,,7,873.248046,state_verified
accepted,3,baseline,measured,mixed,195,1326.0,,7,873.248046,state_verified
accepted,3,baseline,measured,mixed,196,1187.0,,7,873.248046,state_verified
accepted,3,baseline,measured,mixed,197,1209.0,,7,873.248046,state_verified
accepted,3,baseline,measured,mixed,198,1368.0,,7,873.248046,state_verified
accepted,3,baseline,measured,mixed,199,1155.0,,7,873.248046,state_verified
accepted,3,baseline,measured,mixed,200,1068.0,,7,873.248046,state_verified
accepted,3,protected,measured,mixed,1,6522.0,,7,883.173773,state_verified
accepted,3,protected,measured,mixed,2,1335.0,,7,883.173773,state_verified
accepted,3,protected,measured,mixed,3,1161.0,,7,883.173773,state_verified
accepted,3,protected,measured,mixed,4,1152.0,,7,883.173773,state_verified
accepted,3,protected,measured,mixed,5,1484.0,,7,883.173773,state_verified
accepted,3,protected,measured,mixed,6,1619.0,,7,883.173773,state_verified
accepted,3,protected,measured,mixed,7,1782.0,,7,883.173773,state_verified
accepted,3,protected,measured,mixed,8,1324.0,,7,883.173773,state_verified
accepted,3,protected,measured,mixed,9,1533.0,,7,883.173773,state_verified
accepted,3,protected,measured,mixed,10,1269.0,,7,883.173773,state_verified
accepted,3,protected,measured,mixed,11,1210.0,,7,883.173773,state_verified
accepted,3,protected,measured,mixed,12,1101.0,,7,883.173773,state_verified
accepted,3,protected,measured,mixed,13,1107.0,,7,883.173773,state_verified
accepted,3,protected,measured,mixed,14,1197.0,,7,883.173773,state_verified
accepted,3,protected,measured,mixed,15,1043.0,,7,883.173773,state_verified
accepted,3,protected,measured,mixed,16,986.0,,7,883.173773,state_verified
accepted,3,protected,measured,mixed,17,968.0,,7,883.173773,state_verified
accepted,3,protected,measured,mixed,18,1202.0,,7,883.173773,state_verified
accepted,3,protected,measured,mixed,19,1369.0,,7,883.173773,state_verified
accepted,3,protected,measured,mixed,20,1126.0,,7,883.173773,state_verified
accepted,3,protected,measured,mixed,21,1224.0,,7,883.173773,state_verified
accepted,3,protected,measured,mixed,22,1510.0,,7,883.173773,state_verified
accepted,3,protected,measured,mixed,23,1523.0,,7,883.173773,state_verified
accepted,3,protected,measured,mixed,24,1189.0,,7,883.173773,state_verified
accepted,3,protected,measured,mixed,25,1264.0,,7,883.173773,state_verified
accepted,3,protected,measured,mixed,26,1164.0,,7,883.173773,state_verified
accepted,3,protected,measured,mixed,27,1094.0,,7,883.173773,state_verified
accepted,3,protected,measured,mixed,28,910.0,,7,883.173773,state_verified
accepted,3,protected,measured,mixed,29,1031.0,,7,883.173773,state_verified
accepted,3,protected,measured,mixed,30,1143.0,,7,883.173773,state_verified
accepted,3,protected,measured,mixed,31,879.0,,7,883.173773,state_verified
accepted,3,protected,measured,mixed,32,941.0,,7,883.173773,state_verified
accepted,3,protected,measured,mixed,33,898.0,,7,883.173773,state_verified
accepted,3,protected,measured,mixed,34,961.0,,7,883.173773,state_verified
accepted,3,protected,measured,mixed,35,943.0,,7,883.173773,state_verified
accepted,3,protected,measured,mixed,36,1148.0,,7,883.173773,state_verified
accepted,3,protected,measured,mixed,37,1450.0,,7,883.173773,state_verified
accepted,3,protected,measured,mixed,38,1291.0,,7,883.173773,state_verified
accepted,3,protected,measured,mixed,39,1236.0,,7,883.173773,state_verified
accepted,3,protected,measured,mixed,40,1165.0,,7,883.173773,state_verified
accepted,3,protected,measured,mixed,41,1133.0,,7,883.173773,state_verified
accepted,3,protected,measured,mixed,42,976.0,,7,883.173773,state_verified
accepted,3,protected,measured,mixed,43,930.0,,7,883.173773,state_verified
accepted,3,protected,measured,mixed,44,1012.0,,7,883.173773,state_verified
accepted,3,protected,measured,mixed,45,1151.0,,7,883.173773,state_verified
accepted,3,protected,measured,mixed,46,1212.0,,7,883.173773,state_verified
accepted,3,protected,measured,mixed,47,1438.0,,7,883.173773,state_verified
accepted,3,protected,measured,mixed,48,1274.0,,7,883.173773,state_verified
accepted,3,protected,measured,mixed,49,1323.0,,7,883.173773,state_verified
accepted,3,protected,measured,mixed,50,1250.0,,7,883.173773,state_verified
accepted,3,protected,measured,mixed,51,1009.0,,7,883.173773,state_verified
accepted,3,protected,measured,mixed,52,1019.0,,7,883.173773,state_verified
accepted,3,protected,measured,mixed,53,949.0,,7,883.173773,state_verified
accepted,3,protected,measured,mixed,54,1073.0,,7,883.173773,state_verified
accepted,3,protected,measured,mixed,55,1067.0,,7,883.173773,state_verified
accepted,3,protected,measured,mixed,56,1021.0,,7,883.173773,state_verified
accepted,3,protected,measured,mixed,57,943.0,,7,883.173773,state_verified
accepted,3,protected,measured,mixed,58,984.0,,7,883.173773,state_verified
accepted,3,protected,measured,mixed,59,1027.0,,7,883.173773,state_verified
accepted,3,protected,measured,mixed,60,1186.0,,7,883.173773,state_verified
accepted,3,protected,measured,mixed,61,1577.0,,7,883.173773,state_verified
accepted,3,protected,measured,mixed,62,1227.0,,7,883.173773,state_verified
accepted,3,protected,measured,mixed,63,1279.0,,7,883.173773,state_verified
accepted,3,protected,measured,mixed,64,1209.0,,7,883.173773,state_verified
accepted,3,protected,measured,mixed,65,1294.0,,7,883.173773,state_verified
accepted,3,protected,measured,mixed,66,1194.0,,7,883.173773,state_verified
accepted,3,protected,measured,mixed,67,983.0,,7,883.173773,state_verified
accepted,3,protected,measured,mixed,68,930.0,,7,883.173773,state_verified
accepted,3,protected,measured,mixed,69,913.0,,7,883.173773,state_verified
accepted,3,protected,measured,mixed,70,916.0,,7,883.173773,state_verified
accepted,3,protected,measured,mixed,71,933.0,,7,883.173773,state_verified
accepted,3,protected,measured,mixed,72,978.0,,7,883.173773,state_verified
accepted,3,protected,measured,mixed,73,1014.0,,7,883.173773,state_verified
accepted,3,protected,measured,mixed,74,1019.0,,7,883.173773,state_verified
accepted,3,protected,measured,mixed,75,1092.0,,7,883.173773,state_verified
accepted,3,protected,measured,mixed,76,1096.0,,7,883.173773,state_verified
accepted,3,protected,measured,mixed,77,1127.0,,7,883.173773,state_verified
accepted,3,protected,measured,mixed,78,1397.0,,7,883.173773,state_verified
accepted,3,protected,measured,mixed,79,1161.0,,7,883.173773,state_verified
accepted,3,protected,measured,mixed,80,1109.0,,7,883.173773,state_verified
accepted,3,protected,measured,mixed,81,958.0,,7,883.173773,state_verified
accepted,3,protected,measured,mixed,82,998.0,,7,883.173773,state_verified
accepted,3,protected,measured,mixed,83,913.0,,7,883.173773,state_verified
accepted,3,protected,measured,mixed,84,982.0,,7,883.173773,state_verified
accepted,3,protected,measured,mixed,85,1050.0,,7,883.173773,state_verified
accepted,3,protected,measured,mixed,86,1178.0,,7,883.173773,state_verified
accepted,3,protected,measured,mixed,87,1119.0,,7,883.173773,state_verified
accepted,3,protected,measured,mixed,88,1015.0,,7,883.173773,state_verified
accepted,3,protected,measured,mixed,89,965.0,,7,883.173773,state_verified
accepted,3,protected,measured,mixed,90,1119.0,,7,883.173773,state_verified
accepted,3,protected,measured,mixed,91,1009.0,,7,883.173773,state_verified
accepted,3,protected,measured,mixed,92,1058.0,,7,883.173773,state_verified
accepted,3,protected,measured,mixed,93,1343.0,,7,883.173773,state_verified
accepted,3,protected,measured,mixed,94,1211.0,,7,883.173773,state_verified
accepted,3,protected,measured,mixed,95,1125.0,,7,883.173773,state_verified
accepted,3,protected,measured,mixed,96,951.0,,7,883.173773,state_verified
accepted,3,protected,measured,mixed,97,940.0,,7,883.173773,state_verified
accepted,3,protected,measured,mixed,98,918.0,,7,883.173773,state_verified
accepted,3,protected,measured,mixed,99,1024.0,,7,883.173773,state_verified
accepted,3,protected,measured,mixed,100,1130.0,,7,883.173773,state_verified
accepted,3,protected,measured,mixed,101,935.0,,7,883.173773,state_verified
accepted,3,protected,measured,mixed,102,910.0,,7,883.173773,state_verified
accepted,3,protected,measured,mixed,103,960.0,,7,883.173773,state_verified
accepted,3,protected,measured,mixed,104,907.0,,7,883.173773,state_verified
accepted,3,protected,measured,mixed,105,1032.0,,7,883.173773,state_verified
accepted,3,protected,measured,mixed,106,1110.0,,7,883.173773,state_verified
accepted,3,protected,measured,mixed,107,1028.0,,7,883.173773,state_verified
accepted,3,protected,measured,mixed,108,1182.0,,7,883.173773,state_verified
accepted,3,protected,measured,mixed,109,1215.0,,7,883.173773,state_verified
accepted,3,protected,measured,mixed,110,1133.0,,7,883.173773,state_verified
accepted,3,protected,measured,mixed,111,1343.0,,7,883.173773,state_verified
accepted,3,protected,measured,mixed,112,1351.0,,7,883.173773,state_verified
accepted,3,protected,measured,mixed,113,1276.0,,7,883.173773,state_verified
accepted,3,protected,measured,mixed,114,1325.0,,7,883.173773,state_verified
accepted,3,protected,measured,mixed,115,1025.0,,7,883.173773,state_verified
accepted,3,protected,measured,mixed,116,989.0,,7,883.173773,state_verified
accepted,3,protected,measured,mixed,117,929.0,,7,883.173773,state_verified
accepted,3,protected,measured,mixed,118,940.0,,7,883.173773,state_verified
accepted,3,protected,measured,mixed,119,1045.0,,7,883.173773,state_verified
accepted,3,protected,measured,mixed,120,1028.0,,7,883.173773,state_verified
accepted,3,protected,measured,mixed,121,1143.0,,7,883.173773,state_verified
accepted,3,protected,measured,mixed,122,1214.0,,7,883.173773,state_verified
accepted,3,protected,measured,mixed,123,1182.0,,7,883.173773,state_verified
accepted,3,protected,measured,mixed,124,1177.0,,7,883.173773,state_verified
accepted,3,protected,measured,mixed,125,1135.0,,7,883.173773,state_verified
accepted,3,protected,measured,mixed,126,1147.0,,7,883.173773,state_verified
accepted,3,protected,measured,mixed,127,1009.0,,7,883.173773,state_verified
accepted,3,protected,measured,mixed,128,931.0,,7,883.173773,state_verified
accepted,3,protected,measured,mixed,129,925.0,,7,883.173773,state_verified
accepted,3,protected,measured,mixed,130,962.0,,7,883.173773,state_verified
accepted,3,protected,measured,mixed,131,944.0,,7,883.173773,state_verified
accepted,3,protected,measured,mixed,132,983.0,,7,883.173773,state_verified
accepted,3,protected,measured,mixed,133,1031.0,,7,883.173773,state_verified
accepted,3,protected,measured,mixed,134,945.0,,7,883.173773,state_verified
accepted,3,protected,measured,mixed,135,907.0,,7,883.173773,state_verified
accepted,3,protected,measured,mixed,136,928.0,,7,883.173773,state_verified
accepted,3,protected,measured,mixed,137,918.0,,7,883.173773,state_verified
accepted,3,protected,measured,mixed,138,909.0,,7,883.173773,state_verified
accepted,3,protected,measured,mixed,139,894.0,,7,883.173773,state_verified
accepted,3,protected,measured,mixed,140,933.0,,7,883.173773,state_verified
accepted,3,protected,measured,mixed,141,913.0,,7,883.173773,state_verified
accepted,3,protected,measured,mixed,142,943.0,,7,883.173773,state_verified
accepted,3,protected,measured,mixed,143,1294.0,,7,883.173773,state_verified
accepted,3,protected,measured,mixed,144,1177.0,,7,883.173773,state_verified
accepted,3,protected,measured,mixed,145,1219.0,,7,883.173773,state_verified
accepted,3,protected,measured,mixed,146,1222.0,,7,883.173773,state_verified
accepted,3,protected,measured,mixed,147,1189.0,,7,883.173773,state_verified
accepted,3,protected,measured,mixed,148,1195.0,,7,883.173773,state_verified
accepted,3,protected,measured,mixed,149,1088.0,,7,883.173773,state_verified
accepted,3,protected,measured,mixed,150,937.0,,7,883.173773,state_verified
accepted,3,protected,measured,mixed,151,1009.0,,7,883.173773,state_verified
accepted,3,protected,measured,mixed,152,917.0,,7,883.173773,state_verified
accepted,3,protected,measured,mixed,153,945.0,,7,883.173773,state_verified
accepted,3,protected,measured,mixed,154,946.0,,7,883.173773,state_verified
accepted,3,protected,measured,mixed,155,1008.0,,7,883.173773,state_verified
accepted,3,protected,measured,mixed,156,937.0,,7,883.173773,state_verified
accepted,3,protected,measured,mixed,157,908.0,,7,883.173773,state_verified
accepted,3,protected,measured,mixed,158,924.0,,7,883.173773,state_verified
accepted,3,protected,measured,mixed,159,1275.0,,7,883.173773,state_verified
accepted,3,protected,measured,mixed,160,1141.0,,7,883.173773,state_verified
accepted,3,protected,measured,mixed,161,1120.0,,7,883.173773,state_verified
accepted,3,protected,measured,mixed,162,1118.0,,7,883.173773,state_verified
accepted,3,protected,measured,mixed,163,1136.0,,7,883.173773,state_verified
accepted,3,protected,measured,mixed,164,1070.0,,7,883.173773,state_verified
accepted,3,protected,measured,mixed,165,920.0,,7,883.173773,state_verified
accepted,3,protected,measured,mixed,166,945.0,,7,883.173773,state_verified
accepted,3,protected,measured,mixed,167,971.0,,7,883.173773,state_verified
accepted,3,protected,measured,mixed,168,974.0,,7,883.173773,state_verified
accepted,3,protected,measured,mixed,169,1198.0,,7,883.173773,state_verified
accepted,3,protected,measured,mixed,170,1149.0,,7,883.173773,state_verified
accepted,3,protected,measured,mixed,171,1100.0,,7,883.173773,state_verified
accepted,3,protected,measured,mixed,172,1109.0,,7,883.173773,state_verified
accepted,3,protected,measured,mixed,173,1120.0,,7,883.173773,state_verified
accepted,3,protected,measured,mixed,174,1080.0,,7,883.173773,state_verified
accepted,3,protected,measured,mixed,175,1429.0,,7,883.173773,state_verified
accepted,3,protected,measured,mixed,176,1586.0,,7,883.173773,state_verified
accepted,3,protected,measured,mixed,177,1526.0,,7,883.173773,state_verified
accepted,3,protected,measured,mixed,178,1365.0,,7,883.173773,state_verified
accepted,3,protected,measured,mixed,179,934.0,,7,883.173773,state_verified
accepted,3,protected,measured,mixed,180,950.0,,7,883.173773,state_verified
accepted,3,protected,measured,mixed,181,1028.0,,7,883.173773,state_verified
accepted,3,protected,measured,mixed,182,1010.0,,7,883.173773,state_verified
accepted,3,protected,measured,mixed,183,989.0,,7,883.173773,state_verified
accepted,3,protected,measured,mixed,184,857.0,,7,883.173773,state_verified
accepted,3,protected,measured,mixed,185,902.0,,7,883.173773,state_verified
accepted,3,protected,measured,mixed,186,917.0,,7,883.173773,state_verified
accepted,3,protected,measured,mixed,187,994.0,,7,883.173773,state_verified
accepted,3,protected,measured,mixed,188,1019.0,,7,883.173773,state_verified
accepted,3,protected,measured,mixed,189,956.0,,7,883.173773,state_verified
accepted,3,protected,measured,mixed,190,1004.0,,7,883.173773,state_verified
accepted,3,protected,measured,mixed,191,1219.0,,7,883.173773,state_verified
accepted,3,protected,measured,mixed,192,1136.0,,7,883.173773,state_verified
accepted,3,protected,measured,mixed,193,1065.0,,7,883.173773,state_verified
accepted,3,protected,measured,mixed,194,865.0,,7,883.173773,state_verified
accepted,3,protected,measured,mixed,195,983.0,,7,883.173773,state_verified
accepted,3,protected,measured,mixed,196,1013.0,,7,883.173773,state_verified
accepted,3,protected,measured,mixed,197,967.0,,7,883.173773,state_verified
accepted,3,protected,measured,mixed,198,884.0,,7,883.173773,state_verified
accepted,3,protected,measured,mixed,199,929.0,,7,883.173773,state_verified
accepted,3,protected,measured,mixed,200,926.0,,7,883.173773,state_verified
denied,,protected,measured,row,1,2819.0,139.0,,,verified
denied,,protected,measured,row,2,1461.0,151.0,,,verified
denied,,protected,measured,row,3,1571.0,115.0,,,verified
denied,,protected,measured,row,4,1397.0,114.0,,,verified
denied,,protected,measured,row,5,1548.0,129.0,,,verified
denied,,protected,measured,row,6,1299.0,149.0,,,verified
denied,,protected,measured,row,7,1494.0,119.0,,,verified
denied,,protected,measured,row,8,1487.0,137.0,,,verified
denied,,protected,measured,row,9,1292.0,143.0,,,verified
denied,,protected,measured,row,10,1212.0,113.0,,,verified
denied,,protected,measured,row,11,1482.0,162.0,,,verified
denied,,protected,measured,row,12,1507.0,138.0,,,verified
denied,,protected,measured,row,13,1488.0,122.0,,,verified
denied,,protected,measured,row,14,1438.0,120.0,,,verified
denied,,protected,measured,row,15,1525.0,124.0,,,verified
denied,,protected,measured,row,16,1214.0,113.0,,,verified
denied,,protected,measured,row,17,1394.0,115.0,,,verified
denied,,protected,measured,row,18,1279.0,120.0,,,verified
denied,,protected,measured,row,19,1456.0,101.0,,,verified
denied,,protected,measured,row,20,1270.0,123.0,,,verified
denied,,protected,measured,row,21,1498.0,103.0,,,verified
denied,,protected,measured,row,22,1333.0,126.0,,,verified
denied,,protected,measured,row,23,1580.0,128.0,,,verified
denied,,protected,measured,row,24,1362.0,116.0,,,verified
denied,,protected,measured,row,25,1527.0,108.0,,,verified
denied,,protected,measured,row,26,1360.0,113.0,,,verified
denied,,protected,measured,row,27,1325.0,110.0,,,verified
denied,,protected,measured,row,28,1326.0,116.0,,,verified
denied,,protected,measured,row,29,1318.0,111.0,,,verified
denied,,protected,measured,row,30,1256.0,112.0,,,verified
denied,,protected,measured,transition,1,1434.0,87.0,,,verified
denied,,protected,measured,transition,2,188.0,143.0,,,verified
denied,,protected,measured,transition,3,207.0,77.0,,,verified
denied,,protected,measured,transition,4,186.0,139.0,,,verified
denied,,protected,measured,transition,5,176.0,71.0,,,verified
denied,,protected,measured,transition,6,155.0,69.0,,,verified
denied,,protected,measured,transition,7,186.0,102.0,,,verified
denied,,protected,measured,transition,8,180.0,82.0,,,verified
denied,,protected,measured,transition,9,202.0,79.0,,,verified
denied,,protected,measured,transition,10,210.0,80.0,,,verified
denied,,protected,measured,transition,11,229.0,94.0,,,verified
denied,,protected,measured,transition,12,332.0,98.0,,,verified
denied,,protected,measured,transition,13,215.0,127.0,,,verified
denied,,protected,measured,transition,14,196.0,101.0,,,verified
denied,,protected,measured,transition,15,208.0,89.0,,,verified
denied,,protected,measured,transition,16,258.0,91.0,,,verified
denied,,protected,measured,transition,17,241.0,93.0,,,verified
denied,,protected,measured,transition,18,212.0,128.0,,,verified
denied,,protected,measured,transition,19,222.0,79.0,,,verified
denied,,protected,measured,transition,20,260.0,96.0,,,verified
denied,,protected,measured,transition,21,265.0,101.0,,,verified
denied,,protected,measured,transition,22,251.0,107.0,,,verified
denied,,protected,measured,transition,23,283.0,106.0,,,verified
denied,,protected,measured,transition,24,303.0,101.0,,,verified
denied,,protected,measured,transition,25,243.0,89.0,,,verified
denied,,protected,measured,transition,26,339.0,126.0,,,verified
denied,,protected,measured,transition,27,319.0,89.0,,,verified
denied,,protected,measured,transition,28,309.0,109.0,,,verified
denied,,protected,measured,transition,29,337.0,84.0,,,verified
denied,,protected,measured,transition,30,247.0,105.0,,,verified
denied,,protected,measured,numeric,1,1867.0,85.0,,,verified
denied,,protected,measured,numeric,2,229.0,68.0,,,verified
denied,,protected,measured,numeric,3,200.0,89.0,,,verified
denied,,protected,measured,numeric,4,243.0,86.0,,,verified
denied,,protected,measured,numeric,5,272.0,106.0,,,verified
denied,,protected,measured,numeric,6,360.0,150.0,,,verified
denied,,protected,measured,numeric,7,541.0,88.0,,,verified
denied,,protected,measured,numeric,8,228.0,98.0,,,verified
denied,,protected,measured,numeric,9,214.0,84.0,,,verified
denied,,protected,measured,numeric,10,214.0,90.0,,,verified
denied,,protected,measured,numeric,11,263.0,94.0,,,verified
denied,,protected,measured,numeric,12,273.0,119.0,,,verified
denied,,protected,measured,numeric,13,272.0,103.0,,,verified
denied,,protected,measured,numeric,14,265.0,96.0,,,verified
denied,,protected,measured,numeric,15,224.0,114.0,,,verified
denied,,protected,measured,numeric,16,215.0,99.0,,,verified
denied,,protected,measured,numeric,17,227.0,106.0,,,verified
denied,,protected,measured,numeric,18,227.0,98.0,,,verified
denied,,protected,measured,numeric,19,326.0,146.0,,,verified
denied,,protected,measured,numeric,20,350.0,150.0,,,verified
denied,,protected,measured,numeric,21,329.0,158.0,,,verified
denied,,protected,measured,numeric,22,312.0,131.0,,,verified
denied,,protected,measured,numeric,23,365.0,113.0,,,verified
denied,,protected,measured,numeric,24,324.0,114.0,,,verified
denied,,protected,measured,numeric,25,236.0,86.0,,,verified
denied,,protected,measured,numeric,26,275.0,135.0,,,verified
denied,,protected,measured,numeric,27,416.0,220.0,,,verified
denied,,protected,measured,numeric,28,795.0,171.0,,,verified
denied,,protected,measured,numeric,29,332.0,135.0,,,verified
denied,,protected,measured,numeric,30,313.0,123.0,,,verified
