kind,round,arm,phase,case,trial,latency_us,commit_us,rows_per_tx,tps,durable_check
accepted,1,baseline,measured,1,1,3049.0,,1,1443.303433,state_verified
accepted,1,baseline,measured,1,2,740.0,,1,1443.303433,state_verified
accepted,1,baseline,measured,1,3,843.0,,1,1443.303433,state_verified
accepted,1,baseline,measured,1,4,808.0,,1,1443.303433,state_verified
accepted,1,baseline,measured,1,5,870.0,,1,1443.303433,state_verified
accepted,1,baseline,measured,1,6,791.0,,1,1443.303433,state_verified
accepted,1,baseline,measured,1,7,652.0,,1,1443.303433,state_verified
accepted,1,baseline,measured,1,8,644.0,,1,1443.303433,state_verified
accepted,1,baseline,measured,1,9,611.0,,1,1443.303433,state_verified
accepted,1,baseline,measured,1,10,565.0,,1,1443.303433,state_verified
accepted,1,baseline,measured,1,11,530.0,,1,1443.303433,state_verified
accepted,1,baseline,measured,1,12,571.0,,1,1443.303433,state_verified
accepted,1,baseline,measured,1,13,522.0,,1,1443.303433,state_verified
accepted,1,baseline,measured,1,14,507.0,,1,1443.303433,state_verified
accepted,1,baseline,measured,1,15,517.0,,1,1443.303433,state_verified
accepted,1,baseline,measured,1,16,529.0,,1,1443.303433,state_verified
accepted,1,baseline,measured,1,17,515.0,,1,1443.303433,state_verified
accepted,1,baseline,measured,1,18,499.0,,1,1443.303433,state_verified
accepted,1,baseline,measured,1,19,526.0,,1,1443.303433,state_verified
accepted,1,baseline,measured,1,20,509.0,,1,1443.303433,state_verified
accepted,1,baseline,measured,1,21,513.0,,1,1443.303433,state_verified
accepted,1,baseline,measured,1,22,559.0,,1,1443.303433,state_verified
accepted,1,baseline,measured,1,23,554.0,,1,1443.303433,state_verified
accepted,1,baseline,measured,1,24,574.0,,1,1443.303433,state_verified
accepted,1,baseline,measured,1,25,558.0,,1,1443.303433,state_verified
accepted,1,baseline,measured,1,26,666.0,,1,1443.303433,state_verified
accepted,1,baseline,measured,1,27,713.0,,1,1443.303433,state_verified
accepted,1,baseline,measured,1,28,698.0,,1,1443.303433,state_verified
accepted,1,baseline,measured,1,29,712.0,,1,1443.303433,state_verified
accepted,1,baseline,measured,1,30,769.0,,1,1443.303433,state_verified
accepted,1,baseline,measured,1,31,749.0,,1,1443.303433,state_verified
accepted,1,baseline,measured,1,32,644.0,,1,1443.303433,state_verified
accepted,1,baseline,measured,1,33,576.0,,1,1443.303433,state_verified
accepted,1,baseline,measured,1,34,584.0,,1,1443.303433,state_verified
accepted,1,baseline,measured,1,35,660.0,,1,1443.303433,state_verified
accepted,1,baseline,measured,1,36,749.0,,1,1443.303433,state_verified
accepted,1,baseline,measured,1,37,709.0,,1,1443.303433,state_verified
accepted,1,baseline,measured,1,38,1016.0,,1,1443.303433,state_verified
accepted,1,baseline,measured,1,39,951.0,,1,1443.303433,state_verified
accepted,1,baseline,measured,1,40,901.0,,1,1443.303433,state_verified
accepted,1,baseline,measured,1,41,911.0,,1,1443.303433,state_verified
accepted,1,baseline,measured,1,42,592.0,,1,1443.303433,state_verified
accepted,1,baseline,measured,1,43,594.0,,1,1443.303433,state_verified
accepted,1,baseline,measured,1,44,600.0,,1,1443.303433,state_verified
accepted,1,baseline,measured,1,45,581.0,,1,1443.303433,state_verified
accepted,1,baseline,measured,1,46,703.0,,1,1443.303433,state_verified
accepted,1,baseline,measured,1,47,843.0,,1,1443.303433,state_verified
accepted,1,baseline,measured,1,48,1004.0,,1,1443.303433,state_verified
accepted,1,baseline,measured,1,49,793.0,,1,1443.303433,state_verified
accepted,1,baseline,measured,1,50,814.0,,1,1443.303433,state_verified
accepted,1,baseline,measured,1,51,787.0,,1,1443.303433,state_verified
accepted,1,baseline,measured,1,52,704.0,,1,1443.303433,state_verified
accepted,1,baseline,measured,1,53,730.0,,1,1443.303433,state_verified
accepted,1,baseline,measured,1,54,729.0,,1,1443.303433,state_verified
accepted,1,baseline,measured,1,55,726.0,,1,1443.303433,state_verified
accepted,1,baseline,measured,1,56,670.0,,1,1443.303433,state_verified
accepted,1,baseline,measured,1,57,633.0,,1,1443.303433,state_verified
accepted,1,baseline,measured,1,58,641.0,,1,1443.303433,state_verified
accepted,1,baseline,measured,1,59,636.0,,1,1443.303433,state_verified
accepted,1,baseline,measured,1,60,609.0,,1,1443.303433,state_verified
accepted,1,baseline,measured,1,61,578.0,,1,1443.303433,state_verified
accepted,1,baseline,measured,1,62,571.0,,1,1443.303433,state_verified
accepted,1,baseline,measured,1,63,585.0,,1,1443.303433,state_verified
accepted,1,baseline,measured,1,64,571.0,,1,1443.303433,state_verified
accepted,1,baseline,measured,1,65,615.0,,1,1443.303433,state_verified
accepted,1,baseline,measured,1,66,599.0,,1,1443.303433,state_verified
accepted,1,baseline,measured,1,67,565.0,,1,1443.303433,state_verified
accepted,1,baseline,measured,1,68,816.0,,1,1443.303433,state_verified
accepted,1,baseline,measured,1,69,823.0,,1,1443.303433,state_verified
accepted,1,baseline,measured,1,70,742.0,,1,1443.303433,state_verified
accepted,1,baseline,measured,1,71,733.0,,1,1443.303433,state_verified
accepted,1,baseline,measured,1,72,695.0,,1,1443.303433,state_verified
accepted,1,baseline,measured,1,73,643.0,,1,1443.303433,state_verified
accepted,1,baseline,measured,1,74,601.0,,1,1443.303433,state_verified
accepted,1,baseline,measured,1,75,593.0,,1,1443.303433,state_verified
accepted,1,baseline,measured,1,76,604.0,,1,1443.303433,state_verified
accepted,1,baseline,measured,1,77,811.0,,1,1443.303433,state_verified
accepted,1,baseline,measured,1,78,625.0,,1,1443.303433,state_verified
accepted,1,baseline,measured,1,79,609.0,,1,1443.303433,state_verified
accepted,1,baseline,measured,1,80,609.0,,1,1443.303433,state_verified
accepted,1,baseline,measured,1,81,627.0,,1,1443.303433,state_verified
accepted,1,baseline,measured,1,82,595.0,,1,1443.303433,state_verified
accepted,1,baseline,measured,1,83,624.0,,1,1443.303433,state_verified
accepted,1,baseline,measured,1,84,602.0,,1,1443.303433,state_verified
accepted,1,baseline,measured,1,85,574.0,,1,1443.303433,state_verified
accepted,1,baseline,measured,1,86,574.0,,1,1443.303433,state_verified
accepted,1,baseline,measured,1,87,677.0,,1,1443.303433,state_verified
accepted,1,baseline,measured,1,88,807.0,,1,1443.303433,state_verified
accepted,1,baseline,measured,1,89,689.0,,1,1443.303433,state_verified
accepted,1,baseline,measured,1,90,622.0,,1,1443.303433,state_verified
accepted,1,baseline,measured,1,91,608.0,,1,1443.303433,state_verified
accepted,1,baseline,measured,1,92,572.0,,1,1443.303433,state_verified
accepted,1,baseline,measured,1,93,678.0,,1,1443.303433,state_verified
accepted,1,baseline,measured,1,94,863.0,,1,1443.303433,state_verified
accepted,1,baseline,measured,1,95,824.0,,1,1443.303433,state_verified
accepted,1,baseline,measured,1,96,837.0,,1,1443.303433,state_verified
accepted,1,baseline,measured,1,97,810.0,,1,1443.303433,state_verified
accepted,1,baseline,measured,1,98,882.0,,1,1443.303433,state_verified
accepted,1,baseline,measured,1,99,780.0,,1,1443.303433,state_verified
accepted,1,baseline,measured,1,100,730.0,,1,1443.303433,state_verified
accepted,1,baseline,measured,1,101,787.0,,1,1443.303433,state_verified
accepted,1,baseline,measured,1,102,1337.0,,1,1443.303433,state_verified
accepted,1,baseline,measured,1,103,1042.0,,1,1443.303433,state_verified
accepted,1,baseline,measured,1,104,966.0,,1,1443.303433,state_verified
accepted,1,baseline,measured,1,105,954.0,,1,1443.303433,state_verified
accepted,1,baseline,measured,1,106,605.0,,1,1443.303433,state_verified
accepted,1,baseline,measured,1,107,629.0,,1,1443.303433,state_verified
accepted,1,baseline,measured,1,108,631.0,,1,1443.303433,state_verified
accepted,1,baseline,measured,1,109,632.0,,1,1443.303433,state_verified
accepted,1,baseline,measured,1,110,596.0,,1,1443.303433,state_verified
accepted,1,baseline,measured,1,111,570.0,,1,1443.303433,state_verified
accepted,1,baseline,measured,1,112,599.0,,1,1443.303433,state_verified
accepted,1,baseline,measured,1,113,593.0,,1,1443.303433,state_verified
accepted,1,baseline,measured,1,114,700.0,,1,1443.303433,state_verified
accepted,1,baseline,measured,1,115,855.0,,1,1443.303433,state_verified
accepted,1,baseline,measured,1,116,826.0,,1,1443.303433,state_verified
accepted,1,baseline,measured,1,117,707.0,,1,1443.303433,state_verified
accepted,1,baseline,measured,1,118,736.0,,1,1443.303433,state_verified
accepted,1,baseline,measured,1,119,661.0,,1,1443.303433,state_verified
accepted,1,baseline,measured,1,120,616.0,,1,1443.303433,state_verified
accepted,1,baseline,measured,1,121,555.0,,1,1443.303433,state_verified
accepted,1,baseline,measured,1,122,629.0,,1,1443.303433,state_verified
accepted,1,baseline,measured,1,123,580.0,,1,1443.303433,state_verified
accepted,1,baseline,measured,1,124,608.0,,1,1443.303433,state_verified
accepted,1,baseline,measured,1,125,653.0,,1,1443.303433,state_verified
accepted,1,baseline,measured,1,126,670.0,,1,1443.303433,state_verified
accepted,1,baseline,measured,1,127,630.0,,1,1443.303433,state_verified
accepted,1,baseline,measured,1,128,605.0,,1,1443.303433,state_verified
accepted,1,baseline,measured,1,129,729.0,,1,1443.303433,state_verified
accepted,1,baseline,measured,1,130,674.0,,1,1443.303433,state_verified
accepted,1,baseline,measured,1,131,930.0,,1,1443.303433,state_verified
accepted,1,baseline,measured,1,132,599.0,,1,1443.303433,state_verified
accepted,1,baseline,measured,1,133,583.0,,1,1443.303433,state_verified
accepted,1,baseline,measured,1,134,657.0,,1,1443.303433,state_verified
accepted,1,baseline,measured,1,135,644.0,,1,1443.303433,state_verified
accepted,1,baseline,measured,1,136,665.0,,1,1443.303433,state_verified
accepted,1,baseline,measured,1,137,647.0,,1,1443.303433,state_verified
accepted,1,baseline,measured,1,138,604.0,,1,1443.303433,state_verified
accepted,1,baseline,measured,1,139,618.0,,1,1443.303433,state_verified
accepted,1,baseline,measured,1,140,612.0,,1,1443.303433,state_verified
accepted,1,baseline,measured,1,141,614.0,,1,1443.303433,state_verified
accepted,1,baseline,measured,1,142,634.0,,1,1443.303433,state_verified
accepted,1,baseline,measured,1,143,576.0,,1,1443.303433,state_verified
accepted,1,baseline,measured,1,144,569.0,,1,1443.303433,state_verified
accepted,1,baseline,measured,1,145,617.0,,1,1443.303433,state_verified
accepted,1,baseline,measured,1,146,600.0,,1,1443.303433,state_verified
accepted,1,baseline,measured,1,147,589.0,,1,1443.303433,state_verified
accepted,1,baseline,measured,1,148,586.0,,1,1443.303433,state_verified
accepted,1,baseline,measured,1,149,574.0,,1,1443.303433,state_verified
accepted,1,baseline,measured,1,150,628.0,,1,1443.303433,state_verified
accepted,1,baseline,measured,1,151,606.0,,1,1443.303433,state_verified
accepted,1,baseline,measured,1,152,594.0,,1,1443.303433,state_verified
accepted,1,baseline,measured,1,153,591.0,,1,1443.303433,state_verified
accepted,1,baseline,measured,1,154,700.0,,1,1443.303433,state_verified
accepted,1,baseline,measured,1,155,658.0,,1,1443.303433,state_verified
accepted,1,baseline,measured,1,156,642.0,,1,1443.303433,state_verified
accepted,1,baseline,measured,1,157,614.0,,1,1443.303433,state_verified
accepted,1,baseline,measured,1,158,614.0,,1,1443.303433,state_verified
accepted,1,baseline,measured,1,159,613.0,,1,1443.303433,state_verified
accepted,1,baseline,measured,1,160,621.0,,1,1443.303433,state_verified
accepted,1,baseline,measured,1,161,644.0,,1,1443.303433,state_verified
accepted,1,baseline,measured,1,162,628.0,,1,1443.303433,state_verified
accepted,1,baseline,measured,1,163,596.0,,1,1443.303433,state_verified
accepted,1,baseline,measured,1,164,610.0,,1,1443.303433,state_verified
accepted,1,baseline,measured,1,165,857.0,,1,1443.303433,state_verified
accepted,1,baseline,measured,1,166,1085.0,,1,1443.303433,state_verified
accepted,1,baseline,measured,1,167,1112.0,,1,1443.303433,state_verified
accepted,1,baseline,measured,1,168,946.0,,1,1443.303433,state_verified
accepted,1,baseline,measured,1,169,914.0,,1,1443.303433,state_verified
accepted,1,baseline,measured,1,170,624.0,,1,1443.303433,state_verified
accepted,1,baseline,measured,1,171,638.0,,1,1443.303433,state_verified
accepted,1,baseline,measured,1,172,627.0,,1,1443.303433,state_verified
accepted,1,baseline,measured,1,173,623.0,,1,1443.303433,state_verified
accepted,1,baseline,measured,1,174,562.0,,1,1443.303433,state_verified
accepted,1,baseline,measured,1,175,623.0,,1,1443.303433,state_verified
accepted,1,baseline,measured,1,176,607.0,,1,1443.303433,state_verified
accepted,1,baseline,measured,1,177,624.0,,1,1443.303433,state_verified
accepted,1,baseline,measured,1,178,625.0,,1,1443.303433,state_verified
accepted,1,baseline,measured,1,179,606.0,,1,1443.303433,state_verified
accepted,1,baseline,measured,1,180,610.0,,1,1443.303433,state_verified
accepted,1,baseline,measured,1,181,606.0,,1,1443.303433,state_verified
accepted,1,baseline,measured,1,182,573.0,,1,1443.303433,state_verified
accepted,1,baseline,measured,1,183,561.0,,1,1443.303433,state_verified
accepted,1,baseline,measured,1,184,634.0,,1,1443.303433,state_verified
accepted,1,baseline,measured,1,185,616.0,,1,1443.303433,state_verified
accepted,1,baseline,measured,1,186,788.0,,1,1443.303433,state_verified
accepted,1,baseline,measured,1,187,696.0,,1,1443.303433,state_verified
accepted,1,baseline,measured,1,188,582.0,,1,1443.303433,state_verified
accepted,1,baseline,measured,1,189,575.0,,1,1443.303433,state_verified
accepted,1,baseline,measured,1,190,665.0,,1,1443.303433,state_verified
accepted,1,baseline,measured,1,191,649.0,,1,1443.303433,state_verified
accepted,1,baseline,measured,1,192,636.0,,1,1443.303433,state_verified
accepted,1,baseline,measured,1,193,631.0,,1,1443.303433,state_verified
accepted,1,baseline,measured,1,194,637.0,,1,1443.303433,state_verified
accepted,1,baseline,measured,1,195,620.0,,1,1443.303433,state_verified
accepted,1,baseline,measured,1,196,616.0,,1,1443.303433,state_verified
accepted,1,baseline,measured,1,197,650.0,,1,1443.303433,state_verified
accepted,1,baseline,measured,1,198,661.0,,1,1443.303433,state_verified
accepted,1,baseline,measured,1,199,649.0,,1,1443.303433,state_verified
accepted,1,baseline,measured,1,200,614.0,,1,1443.303433,state_verified
accepted,1,protected,measured,1,1,3079.0,,1,1353.390582,state_verified
accepted,1,protected,measured,1,2,698.0,,1,1353.390582,state_verified
accepted,1,protected,measured,1,3,660.0,,1,1353.390582,state_verified
accepted,1,protected,measured,1,4,618.0,,1,1353.390582,state_verified
accepted,1,protected,measured,1,5,599.0,,1,1353.390582,state_verified
accepted,1,protected,measured,1,6,614.0,,1,1353.390582,state_verified
accepted,1,protected,measured,1,7,552.0,,1,1353.390582,state_verified
accepted,1,protected,measured,1,8,579.0,,1,1353.390582,state_verified
accepted,1,protected,measured,1,9,646.0,,1,1353.390582,state_verified
accepted,1,protected,measured,1,10,773.0,,1,1353.390582,state_verified
accepted,1,protected,measured,1,11,739.0,,1,1353.390582,state_verified
accepted,1,protected,measured,1,12,636.0,,1,1353.390582,state_verified
accepted,1,protected,measured,1,13,645.0,,1,1353.390582,state_verified
accepted,1,protected,measured,1,14,656.0,,1,1353.390582,state_verified
accepted,1,protected,measured,1,15,669.0,,1,1353.390582,state_verified
accepted,1,protected,measured,1,16,650.0,,1,1353.390582,state_verified
accepted,1,protected,measured,1,17,682.0,,1,1353.390582,state_verified
accepted,1,protected,measured,1,18,652.0,,1,1353.390582,state_verified
accepted,1,protected,measured,1,19,1003.0,,1,1353.390582,state_verified
accepted,1,protected,measured,1,20,992.0,,1,1353.390582,state_verified
accepted,1,protected,measured,1,21,1011.0,,1,1353.390582,state_verified
accepted,1,protected,measured,1,22,1024.0,,1,1353.390582,state_verified
accepted,1,protected,measured,1,23,678.0,,1,1353.390582,state_verified
accepted,1,protected,measured,1,24,712.0,,1,1353.390582,state_verified
accepted,1,protected,measured,1,25,678.0,,1,1353.390582,state_verified
accepted,1,protected,measured,1,26,643.0,,1,1353.390582,state_verified
accepted,1,protected,measured,1,27,700.0,,1,1353.390582,state_verified
accepted,1,protected,measured,1,28,663.0,,1,1353.390582,state_verified
accepted,1,protected,measured,1,29,631.0,,1,1353.390582,state_verified
accepted,1,protected,measured,1,30,677.0,,1,1353.390582,state_verified
accepted,1,protected,measured,1,31,700.0,,1,1353.390582,state_verified
accepted,1,protected,measured,1,32,683.0,,1,1353.390582,state_verified
accepted,1,protected,measured,1,33,679.0,,1,1353.390582,state_verified
accepted,1,protected,measured,1,34,672.0,,1,1353.390582,state_verified
accepted,1,protected,measured,1,35,695.0,,1,1353.390582,state_verified
accepted,1,protected,measured,1,36,630.0,,1,1353.390582,state_verified
accepted,1,protected,measured,1,37,690.0,,1,1353.390582,state_verified
accepted,1,protected,measured,1,38,734.0,,1,1353.390582,state_verified
accepted,1,protected,measured,1,39,753.0,,1,1353.390582,state_verified
accepted,1,protected,measured,1,40,711.0,,1,1353.390582,state_verified
accepted,1,protected,measured,1,41,812.0,,1,1353.390582,state_verified
accepted,1,protected,measured,1,42,729.0,,1,1353.390582,state_verified
accepted,1,protected,measured,1,43,794.0,,1,1353.390582,state_verified
accepted,1,protected,measured,1,44,830.0,,1,1353.390582,state_verified
accepted,1,protected,measured,1,45,713.0,,1,1353.390582,state_verified
accepted,1,protected,measured,1,46,748.0,,1,1353.390582,state_verified
accepted,1,protected,measured,1,47,721.0,,1,1353.390582,state_verified
accepted,1,protected,measured,1,48,628.0,,1,1353.390582,state_verified
accepted,1,protected,measured,1,49,752.0,,1,1353.390582,state_verified
accepted,1,protected,measured,1,50,788.0,,1,1353.390582,state_verified
accepted,1,protected,measured,1,51,718.0,,1,1353.390582,state_verified
accepted,1,protected,measured,1,52,653.0,,1,1353.390582,state_verified
accepted,1,protected,measured,1,53,675.0,,1,1353.390582,state_verified
accepted,1,protected,measured,1,54,676.0,,1,1353.390582,state_verified
accepted,1,protected,measured,1,55,646.0,,1,1353.390582,state_verified
accepted,1,protected,measured,1,56,684.0,,1,1353.390582,state_verified
accepted,1,protected,measured,1,57,674.0,,1,1353.390582,state_verified
accepted,1,protected,measured,1,58,674.0,,1,1353.390582,state_verified
accepted,1,protected,measured,1,59,706.0,,1,1353.390582,state_verified
accepted,1,protected,measured,1,60,670.0,,1,1353.390582,state_verified
accepted,1,protected,measured,1,61,657.0,,1,1353.390582,state_verified
accepted,1,protected,measured,1,62,715.0,,1,1353.390582,state_verified
accepted,1,protected,measured,1,63,675.0,,1,1353.390582,state_verified
accepted,1,protected,measured,1,64,666.0,,1,1353.390582,state_verified
accepted,1,protected,measured,1,65,660.0,,1,1353.390582,state_verified
accepted,1,protected,measured,1,66,718.0,,1,1353.390582,state_verified
accepted,1,protected,measured,1,67,746.0,,1,1353.390582,state_verified
accepted,1,protected,measured,1,68,747.0,,1,1353.390582,state_verified
accepted,1,protected,measured,1,69,776.0,,1,1353.390582,state_verified
accepted,1,protected,measured,1,70,718.0,,1,1353.390582,state_verified
accepted,1,protected,measured,1,71,743.0,,1,1353.390582,state_verified
accepted,1,protected,measured,1,72,812.0,,1,1353.390582,state_verified
accepted,1,protected,measured,1,73,743.0,,1,1353.390582,state_verified
accepted,1,protected,measured,1,74,729.0,,1,1353.390582,state_verified
accepted,1,protected,measured,1,75,655.0,,1,1353.390582,state_verified
accepted,1,protected,measured,1,76,664.0,,1,1353.390582,state_verified
accepted,1,protected,measured,1,77,681.0,,1,1353.390582,state_verified
accepted,1,protected,measured,1,78,635.0,,1,1353.390582,state_verified
accepted,1,protected,measured,1,79,641.0,,1,1353.390582,state_verified
accepted,1,protected,measured,1,80,668.0,,1,1353.390582,state_verified
accepted,1,protected,measured,1,81,660.0,,1,1353.390582,state_verified
accepted,1,protected,measured,1,82,666.0,,1,1353.390582,state_verified
accepted,1,protected,measured,1,83,998.0,,1,1353.390582,state_verified
accepted,1,protected,measured,1,84,1017.0,,1,1353.390582,state_verified
accepted,1,protected,measured,1,85,1089.0,,1,1353.390582,state_verified
accepted,1,protected,measured,1,86,1007.0,,1,1353.390582,state_verified
accepted,1,protected,measured,1,87,797.0,,1,1353.390582,state_verified
accepted,1,protected,measured,1,88,724.0,,1,1353.390582,state_verified
accepted,1,protected,measured,1,89,674.0,,1,1353.390582,state_verified
accepted,1,protected,measured,1,90,663.0,,1,1353.390582,state_verified
accepted,1,protected,measured,1,91,680.0,,1,1353.390582,state_verified
accepted,1,protected,measured,1,92,670.0,,1,1353.390582,state_verified
accepted,1,protected,measured,1,93,706.0,,1,1353.390582,state_verified
accepted,1,protected,measured,1,94,671.0,,1,1353.390582,state_verified
accepted,1,protected,measured,1,95,669.0,,1,1353.390582,state_verified
accepted,1,protected,measured,1,96,704.0,,1,1353.390582,state_verified
accepted,1,protected,measured,1,97,690.0,,1,1353.390582,state_verified
accepted,1,protected,measured,1,98,705.0,,1,1353.390582,state_verified
accepted,1,protected,measured,1,99,654.0,,1,1353.390582,state_verified
accepted,1,protected,measured,1,100,715.0,,1,1353.390582,state_verified
accepted,1,protected,measured,1,101,797.0,,1,1353.390582,state_verified
accepted,1,protected,measured,1,102,767.0,,1,1353.390582,state_verified
accepted,1,protected,measured,1,103,741.0,,1,1353.390582,state_verified
accepted,1,protected,measured,1,104,724.0,,1,1353.390582,state_verified
accepted,1,protected,measured,1,105,718.0,,1,1353.390582,state_verified
accepted,1,protected,measured,1,106,833.0,,1,1353.390582,state_verified
accepted,1,protected,measured,1,107,764.0,,1,1353.390582,state_verified
accepted,1,protected,measured,1,108,896.0,,1,1353.390582,state_verified
accepted,1,protected,measured,1,109,653.0,,1,1353.390582,state_verified
accepted,1,protected,measured,1,110,684.0,,1,1353.390582,state_verified
accepted,1,protected,measured,1,111,652.0,,1,1353.390582,state_verified
accepted,1,protected,measured,1,112,640.0,,1,1353.390582,state_verified
accepted,1,protected,measured,1,113,792.0,,1,1353.390582,state_verified
accepted,1,protected,measured,1,114,648.0,,1,1353.390582,state_verified
accepted,1,protected,measured,1,115,788.0,,1,1353.390582,state_verified
accepted,1,protected,measured,1,116,688.0,,1,1353.390582,state_verified
accepted,1,protected,measured,1,117,702.0,,1,1353.390582,state_verified
accepted,1,protected,measured,1,118,664.0,,1,1353.390582,state_verified
accepted,1,protected,measured,1,119,666.0,,1,1353.390582,state_verified
accepted,1,protected,measured,1,120,679.0,,1,1353.390582,state_verified
accepted,1,protected,measured,1,121,664.0,,1,1353.390582,state_verified
accepted,1,protected,measured,1,122,668.0,,1,1353.390582,state_verified
accepted,1,protected,measured,1,123,678.0,,1,1353.390582,state_verified
accepted,1,protected,measured,1,124,660.0,,1,1353.390582,state_verified
accepted,1,protected,measured,1,125,646.0,,1,1353.390582,state_verified
accepted,1,protected,measured,1,126,688.0,,1,1353.390582,state_verified
accepted,1,protected,measured,1,127,661.0,,1,1353.390582,state_verified
accepted,1,protected,measured,1,128,681.0,,1,1353.390582,state_verified
accepted,1,protected,measured,1,129,683.0,,1,1353.390582,state_verified
accepted,1,protected,measured,1,130,651.0,,1,1353.390582,state_verified
accepted,1,protected,measured,1,131,725.0,,1,1353.390582,state_verified
accepted,1,protected,measured,1,132,678.0,,1,1353.390582,state_verified
accepted,1,protected,measured,1,133,679.0,,1,1353.390582,state_verified
accepted,1,protected,measured,1,134,664.0,,1,1353.390582,state_verified
accepted,1,protected,measured,1,135,668.0,,1,1353.390582,state_verified
accepted,1,protected,measured,1,136,726.0,,1,1353.390582,state_verified
accepted,1,protected,measured,1,137,670.0,,1,1353.390582,state_verified
accepted,1,protected,measured,1,138,640.0,,1,1353.390582,state_verified
accepted,1,protected,measured,1,139,654.0,,1,1353.390582,state_verified
accepted,1,protected,measured,1,140,640.0,,1,1353.390582,state_verified
accepted,1,protected,measured,1,141,693.0,,1,1353.390582,state_verified
accepted,1,protected,measured,1,142,667.0,,1,1353.390582,state_verified
accepted,1,protected,measured,1,143,676.0,,1,1353.390582,state_verified
accepted,1,protected,measured,1,144,642.0,,1,1353.390582,state_verified
accepted,1,protected,measured,1,145,664.0,,1,1353.390582,state_verified
accepted,1,protected,measured,1,146,668.0,,1,1353.390582,state_verified
accepted,1,protected,measured,1,147,991.0,,1,1353.390582,state_verified
accepted,1,protected,measured,1,148,992.0,,1,1353.390582,state_verified
accepted,1,protected,measured,1,149,986.0,,1,1353.390582,state_verified
accepted,1,protected,measured,1,150,979.0,,1,1353.390582,state_verified
accepted,1,protected,measured,1,151,670.0,,1,1353.390582,state_verified
accepted,1,protected,measured,1,152,673.0,,1,1353.390582,state_verified
accepted,1,protected,measured,1,153,681.0,,1,1353.390582,state_verified
accepted,1,protected,measured,1,154,687.0,,1,1353.390582,state_verified
accepted,1,protected,measured,1,155,696.0,,1,1353.390582,state_verified
accepted,1,protected,measured,1,156,686.0,,1,1353.390582,state_verified
accepted,1,protected,measured,1,157,683.0,,1,1353.390582,state_verified
accepted,1,protected,measured,1,158,666.0,,1,1353.390582,state_verified
accepted,1,protected,measured,1,159,664.0,,1,1353.390582,state_verified
accepted,1,protected,measured,1,160,687.0,,1,1353.390582,state_verified
accepted,1,protected,measured,1,161,667.0,,1,1353.390582,state_verified
accepted,1,protected,measured,1,162,638.0,,1,1353.390582,state_verified
accepted,1,protected,measured,1,163,702.0,,1,1353.390582,state_verified
accepted,1,protected,measured,1,164,660.0,,1,1353.390582,state_verified
accepted,1,protected,measured,1,165,747.0,,1,1353.390582,state_verified
accepted,1,protected,measured,1,166,774.0,,1,1353.390582,state_verified
accepted,1,protected,measured,1,167,731.0,,1,1353.390582,state_verified
accepted,1,protected,measured,1,168,761.0,,1,1353.390582,state_verified
accepted,1,protected,measured,1,169,712.0,,1,1353.390582,state_verified
accepted,1,protected,measured,1,170,719.0,,1,1353.390582,state_verified
accepted,1,protected,measured,1,171,808.0,,1,1353.390582,state_verified
accepted,1,protected,measured,1,172,750.0,,1,1353.390582,state_verified
accepted,1,protected,measured,1,173,730.0,,1,1353.390582,state_verified
accepted,1,protected,measured,1,174,642.0,,1,1353.390582,state_verified
accepted,1,protected,measured,1,175,680.0,,1,1353.390582,state_verified
accepted,1,protected,measured,1,176,804.0,,1,1353.390582,state_verified
accepted,1,protected,measured,1,177,643.0,,1,1353.390582,state_verified
accepted,1,protected,measured,1,178,738.0,,1,1353.390582,state_verified
accepted,1,protected,measured,1,179,696.0,,1,1353.390582,state_verified
accepted,1,protected,measured,1,180,683.0,,1,1353.390582,state_verified
accepted,1,protected,measured,1,181,675.0,,1,1353.390582,state_verified
accepted,1,protected,measured,1,182,666.0,,1,1353.390582,state_verified
accepted,1,protected,measured,1,183,659.0,,1,1353.390582,state_verified
accepted,1,protected,measured,1,184,665.0,,1,1353.390582,state_verified
accepted,1,protected,measured,1,185,720.0,,1,1353.390582,state_verified
accepted,1,protected,measured,1,186,688.0,,1,1353.390582,state_verified
accepted,1,protected,measured,1,187,664.0,,1,1353.390582,state_verified
accepted,1,protected,measured,1,188,702.0,,1,1353.390582,state_verified
accepted,1,protected,measured,1,189,746.0,,1,1353.390582,state_verified
accepted,1,protected,measured,1,190,773.0,,1,1353.390582,state_verified
accepted,1,protected,measured,1,191,723.0,,1,1353.390582,state_verified
accepted,1,protected,measured,1,192,717.0,,1,1353.390582,state_verified
accepted,1,protected,measured,1,193,934.0,,1,1353.390582,state_verified
accepted,1,protected,measured,1,194,844.0,,1,1353.390582,state_verified
accepted,1,protected,measured,1,195,788.0,,1,1353.390582,state_verified
accepted,1,protected,measured,1,196,806.0,,1,1353.390582,state_verified
accepted,1,protected,measured,1,197,819.0,,1,1353.390582,state_verified
accepted,1,protected,measured,1,198,726.0,,1,1353.390582,state_verified
accepted,1,protected,measured,1,199,979.0,,1,1353.390582,state_verified
accepted,1,protected,measured,1,200,749.0,,1,1353.390582,state_verified
accepted,1,baseline,measured,5,1,2835.0,,5,1445.567168,state_verified
accepted,1,baseline,measured,5,2,784.0,,5,1445.567168,state_verified
accepted,1,baseline,measured,5,3,754.0,,5,1445.567168,state_verified
accepted,1,baseline,measured,5,4,722.0,,5,1445.567168,state_verified
accepted,1,baseline,measured,5,5,716.0,,5,1445.567168,state_verified
accepted,1,baseline,measured,5,6,705.0,,5,1445.567168,state_verified
accepted,1,baseline,measured,5,7,686.0,,5,1445.567168,state_verified
accepted,1,baseline,measured,5,8,695.0,,5,1445.567168,state_verified
accepted,1,baseline,measured,5,9,778.0,,5,1445.567168,state_verified
accepted,1,baseline,measured,5,10,826.0,,5,1445.567168,state_verified
accepted,1,baseline,measured,5,11,638.0,,5,1445.567168,state_verified
accepted,1,baseline,measured,5,12,732.0,,5,1445.567168,state_verified
accepted,1,baseline,measured,5,13,713.0,,5,1445.567168,state_verified
accepted,1,baseline,measured,5,14,642.0,,5,1445.567168,state_verified
accepted,1,baseline,measured,5,15,665.0,,5,1445.567168,state_verified
accepted,1,baseline,measured,5,16,650.0,,5,1445.567168,state_verified
accepted,1,baseline,measured,5,17,576.0,,5,1445.567168,state_verified
accepted,1,baseline,measured,5,18,655.0,,5,1445.567168,state_verified
accepted,1,baseline,measured,5,19,627.0,,5,1445.567168,state_verified
accepted,1,baseline,measured,5,20,641.0,,5,1445.567168,state_verified
accepted,1,baseline,measured,5,21,636.0,,5,1445.567168,state_verified
accepted,1,baseline,measured,5,22,606.0,,5,1445.567168,state_verified
accepted,1,baseline,measured,5,23,606.0,,5,1445.567168,state_verified
accepted,1,baseline,measured,5,24,638.0,,5,1445.567168,state_verified
accepted,1,baseline,measured,5,25,623.0,,5,1445.567168,state_verified
accepted,1,baseline,measured,5,26,619.0,,5,1445.567168,state_verified
accepted,1,baseline,measured,5,27,588.0,,5,1445.567168,state_verified
accepted,1,baseline,measured,5,28,586.0,,5,1445.567168,state_verified
accepted,1,baseline,measured,5,29,600.0,,5,1445.567168,state_verified
accepted,1,baseline,measured,5,30,594.0,,5,1445.567168,state_verified
accepted,1,baseline,measured,5,31,608.0,,5,1445.567168,state_verified
accepted,1,baseline,measured,5,32,630.0,,5,1445.567168,state_verified
accepted,1,baseline,measured,5,33,576.0,,5,1445.567168,state_verified
accepted,1,baseline,measured,5,34,596.0,,5,1445.567168,state_verified
accepted,1,baseline,measured,5,35,686.0,,5,1445.567168,state_verified
accepted,1,baseline,measured,5,36,779.0,,5,1445.567168,state_verified
accepted,1,baseline,measured,5,37,776.0,,5,1445.567168,state_verified
accepted,1,baseline,measured,5,38,686.0,,5,1445.567168,state_verified
accepted,1,baseline,measured,5,39,593.0,,5,1445.567168,state_verified
accepted,1,baseline,measured,5,40,586.0,,5,1445.567168,state_verified
accepted,1,baseline,measured,5,41,636.0,,5,1445.567168,state_verified
accepted,1,baseline,measured,5,42,588.0,,5,1445.567168,state_verified
accepted,1,baseline,measured,5,43,580.0,,5,1445.567168,state_verified
accepted,1,baseline,measured,5,44,578.0,,5,1445.567168,state_verified
accepted,1,baseline,measured,5,45,614.0,,5,1445.567168,state_verified
accepted,1,baseline,measured,5,46,618.0,,5,1445.567168,state_verified
accepted,1,baseline,measured,5,47,620.0,,5,1445.567168,state_verified
accepted,1,baseline,measured,5,48,607.0,,5,1445.567168,state_verified
accepted,1,baseline,measured,5,49,614.0,,5,1445.567168,state_verified
accepted,1,baseline,measured,5,50,631.0,,5,1445.567168,state_verified
accepted,1,baseline,measured,5,51,921.0,,5,1445.567168,state_verified
accepted,1,baseline,measured,5,52,964.0,,5,1445.567168,state_verified
accepted,1,baseline,measured,5,53,938.0,,5,1445.567168,state_verified
accepted,1,baseline,measured,5,54,964.0,,5,1445.567168,state_verified
accepted,1,baseline,measured,5,55,640.0,,5,1445.567168,state_verified
accepted,1,baseline,measured,5,56,586.0,,5,1445.567168,state_verified
accepted,1,baseline,measured,5,57,578.0,,5,1445.567168,state_verified
accepted,1,baseline,measured,5,58,670.0,,5,1445.567168,state_verified
accepted,1,baseline,measured,5,59,655.0,,5,1445.567168,state_verified
accepted,1,baseline,measured,5,60,605.0,,5,1445.567168,state_verified
accepted,1,baseline,measured,5,61,606.0,,5,1445.567168,state_verified
accepted,1,baseline,measured,5,62,675.0,,5,1445.567168,state_verified
accepted,1,baseline,measured,5,63,619.0,,5,1445.567168,state_verified
accepted,1,baseline,measured,5,64,648.0,,5,1445.567168,state_verified
accepted,1,baseline,measured,5,65,598.0,,5,1445.567168,state_verified
accepted,1,baseline,measured,5,66,604.0,,5,1445.567168,state_verified
accepted,1,baseline,measured,5,67,564.0,,5,1445.567168,state_verified
accepted,1,baseline,measured,5,68,613.0,,5,1445.567168,state_verified
accepted,1,baseline,measured,5,69,597.0,,5,1445.567168,state_verified
accepted,1,baseline,measured,5,70,693.0,,5,1445.567168,state_verified
accepted,1,baseline,measured,5,71,770.0,,5,1445.567168,state_verified
accepted,1,baseline,measured,5,72,690.0,,5,1445.567168,state_verified
accepted,1,baseline,measured,5,73,686.0,,5,1445.567168,state_verified
accepted,1,baseline,measured,5,74,662.0,,5,1445.567168,state_verified
accepted,1,baseline,measured,5,75,643.0,,5,1445.567168,state_verified
accepted,1,baseline,measured,5,76,743.0,,5,1445.567168,state_verified
accepted,1,baseline,measured,5,77,715.0,,5,1445.567168,state_verified
accepted,1,baseline,measured,5,78,655.0,,5,1445.567168,state_verified
accepted,1,baseline,measured,5,79,728.0,,5,1445.567168,state_verified
accepted,1,baseline,measured,5,80,888.0,,5,1445.567168,state_verified
accepted,1,baseline,measured,5,81,613.0,,5,1445.567168,state_verified
accepted,1,baseline,measured,5,82,637.0,,5,1445.567168,state_verified
accepted,1,baseline,measured,5,83,624.0,,5,1445.567168,state_verified
accepted,1,baseline,measured,5,84,658.0,,5,1445.567168,state_verified
accepted,1,baseline,measured,5,85,747.0,,5,1445.567168,state_verified
accepted,1,baseline,measured,5,86,710.0,,5,1445.567168,state_verified
accepted,1,baseline,measured,5,87,739.0,,5,1445.567168,state_verified
accepted,1,baseline,measured,5,88,625.0,,5,1445.567168,state_verified
accepted,1,baseline,measured,5,89,646.0,,5,1445.567168,state_verified
accepted,1,baseline,measured,5,90,598.0,,5,1445.567168,state_verified
accepted,1,baseline,measured,5,91,614.0,,5,1445.567168,state_verified
accepted,1,baseline,measured,5,92,616.0,,5,1445.567168,state_verified
accepted,1,baseline,measured,5,93,588.0,,5,1445.567168,state_verified
accepted,1,baseline,measured,5,94,601.0,,5,1445.567168,state_verified
accepted,1,baseline,measured,5,95,656.0,,5,1445.567168,state_verified
accepted,1,baseline,measured,5,96,751.0,,5,1445.567168,state_verified
accepted,1,baseline,measured,5,97,747.0,,5,1445.567168,state_verified
accepted,1,baseline,measured,5,98,707.0,,5,1445.567168,state_verified
accepted,1,baseline,measured,5,99,717.0,,5,1445.567168,state_verified
accepted,1,baseline,measured,5,100,690.0,,5,1445.567168,state_verified
accepted,1,baseline,measured,5,101,801.0,,5,1445.567168,state_verified
accepted,1,baseline,measured,5,102,800.0,,5,1445.567168,state_verified
accepted,1,baseline,measured,5,103,752.0,,5,1445.567168,state_verified
accepted,1,baseline,measured,5,104,700.0,,5,1445.567168,state_verified
accepted,1,baseline,measured,5,105,594.0,,5,1445.567168,state_verified
accepted,1,baseline,measured,5,106,647.0,,5,1445.567168,state_verified
accepted,1,baseline,measured,5,107,601.0,,5,1445.567168,state_verified
accepted,1,baseline,measured,5,108,582.0,,5,1445.567168,state_verified
accepted,1,baseline,measured,5,109,656.0,,5,1445.567168,state_verified
accepted,1,baseline,measured,5,110,639.0,,5,1445.567168,state_verified
accepted,1,baseline,measured,5,111,614.0,,5,1445.567168,state_verified
accepted,1,baseline,measured,5,112,594.0,,5,1445.567168,state_verified
accepted,1,baseline,measured,5,113,621.0,,5,1445.567168,state_verified
accepted,1,baseline,measured,5,114,613.0,,5,1445.567168,state_verified
accepted,1,baseline,measured,5,115,915.0,,5,1445.567168,state_verified
accepted,1,baseline,measured,5,116,949.0,,5,1445.567168,state_verified
accepted,1,baseline,measured,5,117,934.0,,5,1445.567168,state_verified
accepted,1,baseline,measured,5,118,941.0,,5,1445.567168,state_verified
accepted,1,baseline,measured,5,119,613.0,,5,1445.567168,state_verified
accepted,1,baseline,measured,5,120,606.0,,5,1445.567168,state_verified
accepted,1,baseline,measured,5,121,586.0,,5,1445.567168,state_verified
accepted,1,baseline,measured,5,122,597.0,,5,1445.567168,state_verified
accepted,1,baseline,measured,5,123,592.0,,5,1445.567168,state_verified
accepted,1,baseline,measured,5,124,580.0,,5,1445.567168,state_verified
accepted,1,baseline,measured,5,125,582.0,,5,1445.567168,state_verified
accepted,1,baseline,measured,5,126,602.0,,5,1445.567168,state_verified
accepted,1,baseline,measured,5,127,616.0,,5,1445.567168,state_verified
accepted,1,baseline,measured,5,128,611.0,,5,1445.567168,state_verified
accepted,1,baseline,measured,5,129,619.0,,5,1445.567168,state_verified
accepted,1,baseline,measured,5,130,564.0,,5,1445.567168,state_verified
accepted,1,baseline,measured,5,131,626.0,,5,1445.567168,state_verified
accepted,1,baseline,measured,5,132,579.0,,5,1445.567168,state_verified
accepted,1,baseline,measured,5,133,626.0,,5,1445.567168,state_verified
accepted,1,baseline,measured,5,134,608.0,,5,1445.567168,state_verified
accepted,1,baseline,measured,5,135,606.0,,5,1445.567168,state_verified
accepted,1,baseline,measured,5,136,648.0,,5,1445.567168,state_verified
accepted,1,baseline,measured,5,137,637.0,,5,1445.567168,state_verified
accepted,1,baseline,measured,5,138,668.0,,5,1445.567168,state_verified
accepted,1,baseline,measured,5,139,695.0,,5,1445.567168,state_verified
accepted,1,baseline,measured,5,140,734.0,,5,1445.567168,state_verified
accepted,1,baseline,measured,5,141,697.0,,5,1445.567168,state_verified
accepted,1,baseline,measured,5,142,683.0,,5,1445.567168,state_verified
accepted,1,baseline,measured,5,143,699.0,,5,1445.567168,state_verified
accepted,1,baseline,measured,5,144,750.0,,5,1445.567168,state_verified
accepted,1,baseline,measured,5,145,721.0,,5,1445.567168,state_verified
accepted,1,baseline,measured,5,146,613.0,,5,1445.567168,state_verified
accepted,1,baseline,measured,5,147,640.0,,5,1445.567168,state_verified
accepted,1,baseline,measured,5,148,600.0,,5,1445.567168,state_verified
accepted,1,baseline,measured,5,149,617.0,,5,1445.567168,state_verified
accepted,1,baseline,measured,5,150,645.0,,5,1445.567168,state_verified
accepted,1,baseline,measured,5,151,621.0,,5,1445.567168,state_verified
accepted,1,baseline,measured,5,152,607.0,,5,1445.567168,state_verified
accepted,1,baseline,measured,5,153,694.0,,5,1445.567168,state_verified
accepted,1,baseline,measured,5,154,639.0,,5,1445.567168,state_verified
accepted,1,baseline,measured,5,155,616.0,,5,1445.567168,state_verified
accepted,1,baseline,measured,5,156,585.0,,5,1445.567168,state_verified
accepted,1,baseline,measured,5,157,639.0,,5,1445.567168,state_verified
accepted,1,baseline,measured,5,158,601.0,,5,1445.567168,state_verified
accepted,1,baseline,measured,5,159,630.0,,5,1445.567168,state_verified
accepted,1,baseline,measured,5,160,649.0,,5,1445.567168,state_verified
accepted,1,baseline,measured,5,161,599.0,,5,1445.567168,state_verified
accepted,1,baseline,measured,5,162,612.0,,5,1445.567168,state_verified
accepted,1,baseline,measured,5,163,626.0,,5,1445.567168,state_verified
accepted,1,baseline,measured,5,164,565.0,,5,1445.567168,state_verified
accepted,1,baseline,measured,5,165,608.0,,5,1445.567168,state_verified
accepted,1,baseline,measured,5,166,607.0,,5,1445.567168,state_verified
accepted,1,baseline,measured,5,167,598.0,,5,1445.567168,state_verified
accepted,1,baseline,measured,5,168,617.0,,5,1445.567168,state_verified
accepted,1,baseline,measured,5,169,603.0,,5,1445.567168,state_verified
accepted,1,baseline,measured,5,170,608.0,,5,1445.567168,state_verified
accepted,1,baseline,measured,5,171,634.0,,5,1445.567168,state_verified
accepted,1,baseline,measured,5,172,616.0,,5,1445.567168,state_verified
accepted,1,baseline,measured,5,173,649.0,,5,1445.567168,state_verified
accepted,1,baseline,measured,5,174,631.0,,5,1445.567168,state_verified
accepted,1,baseline,measured,5,175,677.0,,5,1445.567168,state_verified
accepted,1,baseline,measured,5,176,624.0,,5,1445.567168,state_verified
accepted,1,baseline,measured,5,177,584.0,,5,1445.567168,state_verified
accepted,1,baseline,measured,5,178,603.0,,5,1445.567168,state_verified
accepted,1,baseline,measured,5,179,925.0,,5,1445.567168,state_verified
accepted,1,baseline,measured,5,180,918.0,,5,1445.567168,state_verified
accepted,1,baseline,measured,5,181,903.0,,5,1445.567168,state_verified
accepted,1,baseline,measured,5,182,945.0,,5,1445.567168,state_verified
accepted,1,baseline,measured,5,183,605.0,,5,1445.567168,state_verified
accepted,1,baseline,measured,5,184,618.0,,5,1445.567168,state_verified
accepted,1,baseline,measured,5,185,612.0,,5,1445.567168,state_verified
accepted,1,baseline,measured,5,186,599.0,,5,1445.567168,state_verified
accepted,1,baseline,measured,5,187,893.0,,5,1445.567168,state_verified
accepted,1,baseline,measured,5,188,644.0,,5,1445.567168,state_verified
accepted,1,baseline,measured,5,189,601.0,,5,1445.567168,state_verified
accepted,1,baseline,measured,5,190,673.0,,5,1445.567168,state_verified
accepted,1,baseline,measured,5,191,923.0,,5,1445.567168,state_verified
accepted,1,baseline,measured,5,192,1822.0,,5,1445.567168,state_verified
accepted,1,baseline,measured,5,193,791.0,,5,1445.567168,state_verified
accepted,1,baseline,measured,5,194,731.0,,5,1445.567168,state_verified
accepted,1,baseline,measured,5,195,739.0,,5,1445.567168,state_verified
accepted,1,baseline,measured,5,196,771.0,,5,1445.567168,state_verified
accepted,1,baseline,measured,5,197,735.0,,5,1445.567168,state_verified
accepted,1,baseline,measured,5,198,627.0,,5,1445.567168,state_verified
accepted,1,baseline,measured,5,199,630.0,,5,1445.567168,state_verified
accepted,1,baseline,measured,5,200,604.0,,5,1445.567168,state_verified
accepted,1,protected,measured,5,1,3093.0,,5,1083.887471,state_verified
accepted,1,protected,measured,5,2,679.0,,5,1083.887471,state_verified
accepted,1,protected,measured,5,3,616.0,,5,1083.887471,state_verified
accepted,1,protected,measured,5,4,623.0,,5,1083.887471,state_verified
accepted,1,protected,measured,5,5,616.0,,5,1083.887471,state_verified
accepted,1,protected,measured,5,6,606.0,,5,1083.887471,state_verified
accepted,1,protected,measured,5,7,567.0,,5,1083.887471,state_verified
accepted,1,protected,measured,5,8,576.0,,5,1083.887471,state_verified
accepted,1,protected,measured,5,9,592.0,,5,1083.887471,state_verified
accepted,1,protected,measured,5,10,588.0,,5,1083.887471,state_verified
accepted,1,protected,measured,5,11,579.0,,5,1083.887471,state_verified
accepted,1,protected,measured,5,12,580.0,,5,1083.887471,state_verified
accepted,1,protected,measured,5,13,795.0,,5,1083.887471,state_verified
accepted,1,protected,measured,5,14,755.0,,5,1083.887471,state_verified
accepted,1,protected,measured,5,15,829.0,,5,1083.887471,state_verified
accepted,1,protected,measured,5,16,768.0,,5,1083.887471,state_verified
accepted,1,protected,measured,5,17,711.0,,5,1083.887471,state_verified
accepted,1,protected,measured,5,18,700.0,,5,1083.887471,state_verified
accepted,1,protected,measured,5,19,683.0,,5,1083.887471,state_verified
accepted,1,protected,measured,5,20,620.0,,5,1083.887471,state_verified
accepted,1,protected,measured,5,21,646.0,,5,1083.887471,state_verified
accepted,1,protected,measured,5,22,693.0,,5,1083.887471,state_verified
accepted,1,protected,measured,5,23,592.0,,5,1083.887471,state_verified
accepted,1,protected,measured,5,24,586.0,,5,1083.887471,state_verified
accepted,1,protected,measured,5,25,617.0,,5,1083.887471,state_verified
accepted,1,protected,measured,5,26,739.0,,5,1083.887471,state_verified
accepted,1,protected,measured,5,27,661.0,,5,1083.887471,state_verified
accepted,1,protected,measured,5,28,628.0,,5,1083.887471,state_verified
accepted,1,protected,measured,5,29,635.0,,5,1083.887471,state_verified
accepted,1,protected,measured,5,30,644.0,,5,1083.887471,state_verified
accepted,1,protected,measured,5,31,631.0,,5,1083.887471,state_verified
accepted,1,protected,measured,5,32,966.0,,5,1083.887471,state_verified
accepted,1,protected,measured,5,33,1056.0,,5,1083.887471,state_verified
accepted,1,protected,measured,5,34,917.0,,5,1083.887471,state_verified
accepted,1,protected,measured,5,35,987.0,,5,1083.887471,state_verified
accepted,1,protected,measured,5,36,777.0,,5,1083.887471,state_verified
accepted,1,protected,measured,5,37,908.0,,5,1083.887471,state_verified
accepted,1,protected,measured,5,38,805.0,,5,1083.887471,state_verified
accepted,1,protected,measured,5,39,729.0,,5,1083.887471,state_verified
accepted,1,protected,measured,5,40,629.0,,5,1083.887471,state_verified
accepted,1,protected,measured,5,41,622.0,,5,1083.887471,state_verified
accepted,1,protected,measured,5,42,637.0,,5,1083.887471,state_verified
accepted,1,protected,measured,5,43,652.0,,5,1083.887471,state_verified
accepted,1,protected,measured,5,44,675.0,,5,1083.887471,state_verified
accepted,1,protected,measured,5,45,676.0,,5,1083.887471,state_verified
accepted,1,protected,measured,5,46,634.0,,5,1083.887471,state_verified
accepted,1,protected,measured,5,47,732.0,,5,1083.887471,state_verified
accepted,1,protected,measured,5,48,896.0,,5,1083.887471,state_verified
accepted,1,protected,measured,5,49,983.0,,5,1083.887471,state_verified
accepted,1,protected,measured,5,50,1045.0,,5,1083.887471,state_verified
accepted,1,protected,measured,5,51,897.0,,5,1083.887471,state_verified
accepted,1,protected,measured,5,52,942.0,,5,1083.887471,state_verified
accepted,1,protected,measured,5,53,853.0,,5,1083.887471,state_verified
accepted,1,protected,measured,5,54,803.0,,5,1083.887471,state_verified
accepted,1,protected,measured,5,55,693.0,,5,1083.887471,state_verified
accepted,1,protected,measured,5,56,668.0,,5,1083.887471,state_verified
accepted,1,protected,measured,5,57,619.0,,5,1083.887471,state_verified
accepted,1,protected,measured,5,58,630.0,,5,1083.887471,state_verified
accepted,1,protected,measured,5,59,757.0,,5,1083.887471,state_verified
accepted,1,protected,measured,5,60,752.0,,5,1083.887471,state_verified
accepted,1,protected,measured,5,61,768.0,,5,1083.887471,state_verified
accepted,1,protected,measured,5,62,729.0,,5,1083.887471,state_verified
accepted,1,protected,measured,5,63,645.0,,5,1083.887471,state_verified
accepted,1,protected,measured,5,64,723.0,,5,1083.887471,state_verified
accepted,1,protected,measured,5,65,630.0,,5,1083.887471,state_verified
accepted,1,protected,measured,5,66,642.0,,5,1083.887471,state_verified
accepted,1,protected,measured,5,67,650.0,,5,1083.887471,state_verified
accepted,1,protected,measured,5,68,654.0,,5,1083.887471,state_verified
accepted,1,protected,measured,5,69,657.0,,5,1083.887471,state_verified
accepted,1,protected,measured,5,70,690.0,,5,1083.887471,state_verified
accepted,1,protected,measured,5,71,701.0,,5,1083.887471,state_verified
accepted,1,protected,measured,5,72,787.0,,5,1083.887471,state_verified
accepted,1,protected,measured,5,73,751.0,,5,1083.887471,state_verified
accepted,1,protected,measured,5,74,640.0,,5,1083.887471,state_verified
accepted,1,protected,measured,5,75,650.0,,5,1083.887471,state_verified
accepted,1,protected,measured,5,76,631.0,,5,1083.887471,state_verified
accepted,1,protected,measured,5,77,608.0,,5,1083.887471,state_verified
accepted,1,protected,measured,5,78,648.0,,5,1083.887471,state_verified
accepted,1,protected,measured,5,79,648.0,,5,1083.887471,state_verified
accepted,1,protected,measured,5,80,670.0,,5,1083.887471,state_verified
accepted,1,protected,measured,5,81,850.0,,5,1083.887471,state_verified
accepted,1,protected,measured,5,82,658.0,,5,1083.887471,state_verified
accepted,1,protected,measured,5,83,723.0,,5,1083.887471,state_verified
accepted,1,protected,measured,5,84,654.0,,5,1083.887471,state_verified
accepted,1,protected,measured,5,85,646.0,,5,1083.887471,state_verified
accepted,1,protected,measured,5,86,640.0,,5,1083.887471,state_verified
accepted,1,protected,measured,5,87,645.0,,5,1083.887471,state_verified
accepted,1,protected,measured,5,88,688.0,,5,1083.887471,state_verified
accepted,1,protected,measured,5,89,766.0,,5,1083.887471,state_verified
accepted,1,protected,measured,5,90,736.0,,5,1083.887471,state_verified
accepted,1,protected,measured,5,91,731.0,,5,1083.887471,state_verified
accepted,1,protected,measured,5,92,715.0,,5,1083.887471,state_verified
accepted,1,protected,measured,5,93,832.0,,5,1083.887471,state_verified
accepted,1,protected,measured,5,94,840.0,,5,1083.887471,state_verified
accepted,1,protected,measured,5,95,755.0,,5,1083.887471,state_verified
accepted,1,protected,measured,5,96,1023.0,,5,1083.887471,state_verified
accepted,1,protected,measured,5,97,1231.0,,5,1083.887471,state_verified
accepted,1,protected,measured,5,98,996.0,,5,1083.887471,state_verified
accepted,1,protected,measured,5,99,1007.0,,5,1083.887471,state_verified
accepted,1,protected,measured,5,100,675.0,,5,1083.887471,state_verified
accepted,1,protected,measured,5,101,658.0,,5,1083.887471,state_verified
accepted,1,protected,measured,5,102,714.0,,5,1083.887471,state_verified
accepted,1,protected,measured,5,103,680.0,,5,1083.887471,state_verified
accepted,1,protected,measured,5,104,658.0,,5,1083.887471,state_verified
accepted,1,protected,measured,5,105,728.0,,5,1083.887471,state_verified
accepted,1,protected,measured,5,106,630.0,,5,1083.887471,state_verified
accepted,1,protected,measured,5,107,692.0,,5,1083.887471,state_verified
accepted,1,protected,measured,5,108,669.0,,5,1083.887471,state_verified
accepted,1,protected,measured,5,109,692.0,,5,1083.887471,state_verified
accepted,1,protected,measured,5,110,666.0,,5,1083.887471,state_verified
accepted,1,protected,measured,5,111,648.0,,5,1083.887471,state_verified
accepted,1,protected,measured,5,112,663.0,,5,1083.887471,state_verified
accepted,1,protected,measured,5,113,756.0,,5,1083.887471,state_verified
accepted,1,protected,measured,5,114,849.0,,5,1083.887471,state_verified
accepted,1,protected,measured,5,115,832.0,,5,1083.887471,state_verified
accepted,1,protected,measured,5,116,827.0,,5,1083.887471,state_verified
accepted,1,protected,measured,5,117,868.0,,5,1083.887471,state_verified
accepted,1,protected,measured,5,118,797.0,,5,1083.887471,state_verified
accepted,1,protected,measured,5,119,821.0,,5,1083.887471,state_verified
accepted,1,protected,measured,5,120,820.0,,5,1083.887471,state_verified
accepted,1,protected,measured,5,121,731.0,,5,1083.887471,state_verified
accepted,1,protected,measured,5,122,666.0,,5,1083.887471,state_verified
accepted,1,protected,measured,5,123,645.0,,5,1083.887471,state_verified
accepted,1,protected,measured,5,124,687.0,,5,1083.887471,state_verified
accepted,1,protected,measured,5,125,706.0,,5,1083.887471,state_verified
accepted,1,protected,measured,5,126,672.0,,5,1083.887471,state_verified
accepted,1,protected,measured,5,127,663.0,,5,1083.887471,state_verified
accepted,1,protected,measured,5,128,672.0,,5,1083.887471,state_verified
accepted,1,protected,measured,5,129,649.0,,5,1083.887471,state_verified
accepted,1,protected,measured,5,130,668.0,,5,1083.887471,state_verified
accepted,1,protected,measured,5,131,729.0,,5,1083.887471,state_verified
accepted,1,protected,measured,5,132,688.0,,5,1083.887471,state_verified
accepted,1,protected,measured,5,133,666.0,,5,1083.887471,state_verified
accepted,1,protected,measured,5,134,697.0,,5,1083.887471,state_verified
accepted,1,protected,measured,5,135,822.0,,5,1083.887471,state_verified
accepted,1,protected,measured,5,136,804.0,,5,1083.887471,state_verified
accepted,1,protected,measured,5,137,814.0,,5,1083.887471,state_verified
accepted,1,protected,measured,5,138,687.0,,5,1083.887471,state_verified
accepted,1,protected,measured,5,139,699.0,,5,1083.887471,state_verified
accepted,1,protected,measured,5,140,652.0,,5,1083.887471,state_verified
accepted,1,protected,measured,5,141,662.0,,5,1083.887471,state_verified
accepted,1,protected,measured,5,142,685.0,,5,1083.887471,state_verified
accepted,1,protected,measured,5,143,664.0,,5,1083.887471,state_verified
accepted,1,protected,measured,5,144,702.0,,5,1083.887471,state_verified
accepted,1,protected,measured,5,145,669.0,,5,1083.887471,state_verified
accepted,1,protected,measured,5,146,659.0,,5,1083.887471,state_verified
accepted,1,protected,measured,5,147,667.0,,5,1083.887471,state_verified
accepted,1,protected,measured,5,148,775.0,,5,1083.887471,state_verified
accepted,1,protected,measured,5,149,770.0,,5,1083.887471,state_verified
accepted,1,protected,measured,5,150,757.0,,5,1083.887471,state_verified
accepted,1,protected,measured,5,151,891.0,,5,1083.887471,state_verified
accepted,1,protected,measured,5,152,940.0,,5,1083.887471,state_verified
accepted,1,protected,measured,5,153,1072.0,,5,1083.887471,state_verified
accepted,1,protected,measured,5,154,1386.0,,5,1083.887471,state_verified
accepted,1,protected,measured,5,155,1631.0,,5,1083.887471,state_verified
accepted,1,protected,measured,5,156,1792.0,,5,1083.887471,state_verified
accepted,1,protected,measured,5,157,1354.0,,5,1083.887471,state_verified
accepted,1,protected,measured,5,158,1614.0,,5,1083.887471,state_verified
accepted,1,protected,measured,5,159,1075.0,,5,1083.887471,state_verified
accepted,1,protected,measured,5,160,1441.0,,5,1083.887471,state_verified
accepted,1,protected,measured,5,161,1522.0,,5,1083.887471,state_verified
accepted,1,protected,measured,5,162,1910.0,,5,1083.887471,state_verified
accepted,1,protected,measured,5,163,1710.0,,5,1083.887471,state_verified
accepted,1,protected,measured,5,164,1068.0,,5,1083.887471,state_verified
accepted,1,protected,measured,5,165,911.0,,5,1083.887471,state_verified
accepted,1,protected,measured,5,166,1012.0,,5,1083.887471,state_verified
accepted,1,protected,measured,5,167,1020.0,,5,1083.887471,state_verified
accepted,1,protected,measured,5,168,980.0,,5,1083.887471,state_verified
accepted,1,protected,measured,5,169,1065.0,,5,1083.887471,state_verified
accepted,1,protected,measured,5,170,2653.0,,5,1083.887471,state_verified
accepted,1,protected,measured,5,171,1923.0,,5,1083.887471,state_verified
accepted,1,protected,measured,5,172,1660.0,,5,1083.887471,state_verified
accepted,1,protected,measured,5,173,2225.0,,5,1083.887471,state_verified
accepted,1,protected,measured,5,174,1757.0,,5,1083.887471,state_verified
accepted,1,protected,measured,5,175,1447.0,,5,1083.887471,state_verified
accepted,1,protected,measured,5,176,2752.0,,5,1083.887471,state_verified
accepted,1,protected,measured,5,177,1787.0,,5,1083.887471,state_verified
accepted,1,protected,measured,5,178,1874.0,,5,1083.887471,state_verified
accepted,1,protected,measured,5,179,1828.0,,5,1083.887471,state_verified
accepted,1,protected,measured,5,180,1388.0,,5,1083.887471,state_verified
accepted,1,protected,measured,5,181,1181.0,,5,1083.887471,state_verified
accepted,1,protected,measured,5,182,1066.0,,5,1083.887471,state_verified
accepted,1,protected,measured,5,183,1050.0,,5,1083.887471,state_verified
accepted,1,protected,measured,5,184,995.0,,5,1083.887471,state_verified
accepted,1,protected,measured,5,185,1150.0,,5,1083.887471,state_verified
accepted,1,protected,measured,5,186,1042.0,,5,1083.887471,state_verified
accepted,1,protected,measured,5,187,1285.0,,5,1083.887471,state_verified
accepted,1,protected,measured,5,188,1695.0,,5,1083.887471,state_verified
accepted,1,protected,measured,5,189,1774.0,,5,1083.887471,state_verified
accepted,1,protected,measured,5,190,2114.0,,5,1083.887471,state_verified
accepted,1,protected,measured,5,191,1296.0,,5,1083.887471,state_verified
accepted,1,protected,measured,5,192,953.0,,5,1083.887471,state_verified
accepted,1,protected,measured,5,193,981.0,,5,1083.887471,state_verified
accepted,1,protected,measured,5,194,1225.0,,5,1083.887471,state_verified
accepted,1,protected,measured,5,195,984.0,,5,1083.887471,state_verified
accepted,1,protected,measured,5,196,920.0,,5,1083.887471,state_verified
accepted,1,protected,measured,5,197,1309.0,,5,1083.887471,state_verified
accepted,1,protected,measured,5,198,1643.0,,5,1083.887471,state_verified
accepted,1,protected,measured,5,199,1415.0,,5,1083.887471,state_verified
accepted,1,protected,measured,5,200,1537.0,,5,1083.887471,state_verified
accepted,1,baseline,measured,100,1,3361.0,,100,1022.113424,state_verified
accepted,1,baseline,measured,100,2,1062.0,,100,1022.113424,state_verified
accepted,1,baseline,measured,100,3,1151.0,,100,1022.113424,state_verified
accepted,1,baseline,measured,100,4,1135.0,,100,1022.113424,state_verified
accepted,1,baseline,measured,100,5,1215.0,,100,1022.113424,state_verified
accepted,1,baseline,measured,100,6,1313.0,,100,1022.113424,state_verified
accepted,1,baseline,measured,100,7,1078.0,,100,1022.113424,state_verified
accepted,1,baseline,measured,100,8,1379.0,,100,1022.113424,state_verified
accepted,1,baseline,measured,100,9,1321.0,,100,1022.113424,state_verified
accepted,1,baseline,measured,100,10,1361.0,,100,1022.113424,state_verified
accepted,1,baseline,measured,100,11,1162.0,,100,1022.113424,state_verified
accepted,1,baseline,measured,100,12,827.0,,100,1022.113424,state_verified
accepted,1,baseline,measured,100,13,869.0,,100,1022.113424,state_verified
accepted,1,baseline,measured,100,14,1015.0,,100,1022.113424,state_verified
accepted,1,baseline,measured,100,15,978.0,,100,1022.113424,state_verified
accepted,1,baseline,measured,100,16,963.0,,100,1022.113424,state_verified
accepted,1,baseline,measured,100,17,1205.0,,100,1022.113424,state_verified
accepted,1,baseline,measured,100,18,1027.0,,100,1022.113424,state_verified
accepted,1,baseline,measured,100,19,936.0,,100,1022.113424,state_verified
accepted,1,baseline,measured,100,20,834.0,,100,1022.113424,state_verified
accepted,1,baseline,measured,100,21,884.0,,100,1022.113424,state_verified
accepted,1,baseline,measured,100,22,892.0,,100,1022.113424,state_verified
accepted,1,baseline,measured,100,23,971.0,,100,1022.113424,state_verified
accepted,1,baseline,measured,100,24,816.0,,100,1022.113424,state_verified
accepted,1,baseline,measured,100,25,866.0,,100,1022.113424,state_verified
accepted,1,baseline,measured,100,26,1245.0,,100,1022.113424,state_verified
accepted,1,baseline,measured,100,27,908.0,,100,1022.113424,state_verified
accepted,1,baseline,measured,100,28,1215.0,,100,1022.113424,state_verified
accepted,1,baseline,measured,100,29,959.0,,100,1022.113424,state_verified
accepted,1,baseline,measured,100,30,874.0,,100,1022.113424,state_verified
accepted,1,baseline,measured,100,31,958.0,,100,1022.113424,state_verified
accepted,1,baseline,measured,100,32,872.0,,100,1022.113424,state_verified
accepted,1,baseline,measured,100,33,907.0,,100,1022.113424,state_verified
accepted,1,baseline,measured,100,34,1263.0,,100,1022.113424,state_verified
accepted,1,baseline,measured,100,35,888.0,,100,1022.113424,state_verified
accepted,1,baseline,measured,100,36,933.0,,100,1022.113424,state_verified
accepted,1,baseline,measured,100,37,848.0,,100,1022.113424,state_verified
accepted,1,baseline,measured,100,38,1281.0,,100,1022.113424,state_verified
accepted,1,baseline,measured,100,39,1032.0,,100,1022.113424,state_verified
accepted,1,baseline,measured,100,40,777.0,,100,1022.113424,state_verified
accepted,1,baseline,measured,100,41,1172.0,,100,1022.113424,state_verified
accepted,1,baseline,measured,100,42,915.0,,100,1022.113424,state_verified
accepted,1,baseline,measured,100,43,929.0,,100,1022.113424,state_verified
accepted,1,baseline,measured,100,44,982.0,,100,1022.113424,state_verified
accepted,1,baseline,measured,100,45,1062.0,,100,1022.113424,state_verified
accepted,1,baseline,measured,100,46,900.0,,100,1022.113424,state_verified
accepted,1,baseline,measured,100,47,907.0,,100,1022.113424,state_verified
accepted,1,baseline,measured,100,48,901.0,,100,1022.113424,state_verified
accepted,1,baseline,measured,100,49,867.0,,100,1022.113424,state_verified
accepted,1,baseline,measured,100,50,774.0,,100,1022.113424,state_verified
accepted,1,baseline,measured,100,51,1275.0,,100,1022.113424,state_verified
accepted,1,baseline,measured,100,52,916.0,,100,1022.113424,state_verified
accepted,1,baseline,measured,100,53,1210.0,,100,1022.113424,state_verified
accepted,1,baseline,measured,100,54,980.0,,100,1022.113424,state_verified
accepted,1,baseline,measured,100,55,928.0,,100,1022.113424,state_verified
accepted,1,baseline,measured,100,56,850.0,,100,1022.113424,state_verified
accepted,1,baseline,measured,100,57,901.0,,100,1022.113424,state_verified
accepted,1,baseline,measured,100,58,1236.0,,100,1022.113424,state_verified
accepted,1,baseline,measured,100,59,841.0,,100,1022.113424,state_verified
accepted,1,baseline,measured,100,60,806.0,,100,1022.113424,state_verified
accepted,1,baseline,measured,100,61,958.0,,100,1022.113424,state_verified
accepted,1,baseline,measured,100,62,896.0,,100,1022.113424,state_verified
accepted,1,baseline,measured,100,63,811.0,,100,1022.113424,state_verified
accepted,1,baseline,measured,100,64,1414.0,,100,1022.113424,state_verified
accepted,1,baseline,measured,100,65,1102.0,,100,1022.113424,state_verified
accepted,1,baseline,measured,100,66,956.0,,100,1022.113424,state_verified
accepted,1,baseline,measured,100,67,913.0,,100,1022.113424,state_verified
accepted,1,baseline,measured,100,68,983.0,,100,1022.113424,state_verified
accepted,1,baseline,measured,100,69,907.0,,100,1022.113424,state_verified
accepted,1,baseline,measured,100,70,850.0,,100,1022.113424,state_verified
accepted,1,baseline,measured,100,71,1173.0,,100,1022.113424,state_verified
accepted,1,baseline,measured,100,72,1262.0,,100,1022.113424,state_verified
accepted,1,baseline,measured,100,73,1098.0,,100,1022.113424,state_verified
accepted,1,baseline,measured,100,74,1136.0,,100,1022.113424,state_verified
accepted,1,baseline,measured,100,75,935.0,,100,1022.113424,state_verified
accepted,1,baseline,measured,100,76,787.0,,100,1022.113424,state_verified
accepted,1,baseline,measured,100,77,789.0,,100,1022.113424,state_verified
accepted,1,baseline,measured,100,78,952.0,,100,1022.113424,state_verified
accepted,1,baseline,measured,100,79,1561.0,,100,1022.113424,state_verified
accepted,1,baseline,measured,100,80,1059.0,,100,1022.113424,state_verified
accepted,1,baseline,measured,100,81,1023.0,,100,1022.113424,state_verified
accepted,1,baseline,measured,100,82,840.0,,100,1022.113424,state_verified
accepted,1,baseline,measured,100,83,803.0,,100,1022.113424,state_verified
accepted,1,baseline,measured,100,84,944.0,,100,1022.113424,state_verified
accepted,1,baseline,measured,100,85,816.0,,100,1022.113424,state_verified
accepted,1,baseline,measured,100,86,942.0,,100,1022.113424,state_verified
accepted,1,baseline,measured,100,87,881.0,,100,1022.113424,state_verified
accepted,1,baseline,measured,100,88,856.0,,100,1022.113424,state_verified
accepted,1,baseline,measured,100,89,864.0,,100,1022.113424,state_verified
accepted,1,baseline,measured,100,90,868.0,,100,1022.113424,state_verified
accepted,1,baseline,measured,100,91,804.0,,100,1022.113424,state_verified
accepted,1,baseline,measured,100,92,826.0,,100,1022.113424,state_verified
accepted,1,baseline,measured,100,93,964.0,,100,1022.113424,state_verified
accepted,1,baseline,measured,100,94,735.0,,100,1022.113424,state_verified
accepted,1,baseline,measured,100,95,989.0,,100,1022.113424,state_verified
accepted,1,baseline,measured,100,96,938.0,,100,1022.113424,state_verified
accepted,1,baseline,measured,100,97,830.0,,100,1022.113424,state_verified
accepted,1,baseline,measured,100,98,835.0,,100,1022.113424,state_verified
accepted,1,baseline,measured,100,99,914.0,,100,1022.113424,state_verified
accepted,1,baseline,measured,100,100,942.0,,100,1022.113424,state_verified
accepted,1,baseline,measured,100,101,872.0,,100,1022.113424,state_verified
accepted,1,baseline,measured,100,102,1007.0,,100,1022.113424,state_verified
accepted,1,baseline,measured,100,103,1064.0,,100,1022.113424,state_verified
accepted,1,baseline,measured,100,104,1155.0,,100,1022.113424,state_verified
accepted,1,baseline,measured,100,105,877.0,,100,1022.113424,state_verified
accepted,1,baseline,measured,100,106,852.0,,100,1022.113424,state_verified
accepted,1,baseline,measured,100,107,798.0,,100,1022.113424,state_verified
accepted,1,baseline,measured,100,108,895.0,,100,1022.113424,state_verified
accepted,1,baseline,measured,100,109,1028.0,,100,1022.113424,state_verified
accepted,1,baseline,measured,100,110,794.0,,100,1022.113424,state_verified
accepted,1,baseline,measured,100,111,959.0,,100,1022.113424,state_verified
accepted,1,baseline,measured,100,112,1040.0,,100,1022.113424,state_verified
accepted,1,baseline,measured,100,113,1042.0,,100,1022.113424,state_verified
accepted,1,baseline,measured,100,114,940.0,,100,1022.113424,state_verified
accepted,1,baseline,measured,100,115,881.0,,100,1022.113424,state_verified
accepted,1,baseline,measured,100,116,783.0,,100,1022.113424,state_verified
accepted,1,baseline,measured,100,117,1057.0,,100,1022.113424,state_verified
accepted,1,baseline,measured,100,118,892.0,,100,1022.113424,state_verified
accepted,1,baseline,measured,100,119,876.0,,100,1022.113424,state_verified
accepted,1,baseline,measured,100,120,783.0,,100,1022.113424,state_verified
accepted,1,baseline,measured,100,121,882.0,,100,1022.113424,state_verified
accepted,1,baseline,measured,100,122,1145.0,,100,1022.113424,state_verified
accepted,1,baseline,measured,100,123,1146.0,,100,1022.113424,state_verified
accepted,1,baseline,measured,100,124,964.0,,100,1022.113424,state_verified
accepted,1,baseline,measured,100,125,891.0,,100,1022.113424,state_verified
accepted,1,baseline,measured,100,126,820.0,,100,1022.113424,state_verified
accepted,1,baseline,measured,100,127,832.0,,100,1022.113424,state_verified
accepted,1,baseline,measured,100,128,914.0,,100,1022.113424,state_verified
accepted,1,baseline,measured,100,129,1130.0,,100,1022.113424,state_verified
accepted,1,baseline,measured,100,130,1128.0,,100,1022.113424,state_verified
accepted,1,baseline,measured,100,131,1176.0,,100,1022.113424,state_verified
accepted,1,baseline,measured,100,132,1550.0,,100,1022.113424,state_verified
accepted,1,baseline,measured,100,133,1087.0,,100,1022.113424,state_verified
accepted,1,baseline,measured,100,134,916.0,,100,1022.113424,state_verified
accepted,1,baseline,measured,100,135,939.0,,100,1022.113424,state_verified
accepted,1,baseline,measured,100,136,919.0,,100,1022.113424,state_verified
accepted,1,baseline,measured,100,137,850.0,,100,1022.113424,state_verified
accepted,1,baseline,measured,100,138,837.0,,100,1022.113424,state_verified
accepted,1,baseline,measured,100,139,1003.0,,100,1022.113424,state_verified
accepted,1,baseline,measured,100,140,883.0,,100,1022.113424,state_verified
accepted,1,baseline,measured,100,141,933.0,,100,1022.113424,state_verified
accepted,1,baseline,measured,100,142,823.0,,100,1022.113424,state_verified
accepted,1,baseline,measured,100,143,810.0,,100,1022.113424,state_verified
accepted,1,baseline,measured,100,144,822.0,,100,1022.113424,state_verified
accepted,1,baseline,measured,100,145,785.0,,100,1022.113424,state_verified
accepted,1,baseline,measured,100,146,850.0,,100,1022.113424,state_verified
accepted,1,baseline,measured,100,147,863.0,,100,1022.113424,state_verified
accepted,1,baseline,measured,100,148,877.0,,100,1022.113424,state_verified
accepted,1,baseline,measured,100,149,940.0,,100,1022.113424,state_verified
accepted,1,baseline,measured,100,150,953.0,,100,1022.113424,state_verified
accepted,1,baseline,measured,100,151,941.0,,100,1022.113424,state_verified
accepted,1,baseline,measured,100,152,935.0,,100,1022.113424,state_verified
accepted,1,baseline,measured,100,153,852.0,,100,1022.113424,state_verified
accepted,1,baseline,measured,100,154,894.0,,100,1022.113424,state_verified
accepted,1,baseline,measured,100,155,847.0,,100,1022.113424,state_verified
accepted,1,baseline,measured,100,156,946.0,,100,1022.113424,state_verified
accepted,1,baseline,measured,100,157,1071.0,,100,1022.113424,state_verified
accepted,1,baseline,measured,100,158,940.0,,100,1022.113424,state_verified
accepted,1,baseline,measured,100,159,1083.0,,100,1022.113424,state_verified
accepted,1,baseline,measured,100,160,858.0,,100,1022.113424,state_verified
accepted,1,baseline,measured,100,161,837.0,,100,1022.113424,state_verified
accepted,1,baseline,measured,100,162,1025.0,,100,1022.113424,state_verified
accepted,1,baseline,measured,100,163,916.0,,100,1022.113424,state_verified
accepted,1,baseline,measured,100,164,891.0,,100,1022.113424,state_verified
accepted,1,baseline,measured,100,165,912.0,,100,1022.113424,state_verified
accepted,1,baseline,measured,100,166,943.0,,100,1022.113424,state_verified
accepted,1,baseline,measured,100,167,890.0,,100,1022.113424,state_verified
accepted,1,baseline,measured,100,168,1032.0,,100,1022.113424,state_verified
accepted,1,baseline,measured,100,169,927.0,,100,1022.113424,state_verified
accepted,1,baseline,measured,100,170,806.0,,100,1022.113424,state_verified
accepted,1,baseline,measured,100,171,819.0,,100,1022.113424,state_verified
accepted,1,baseline,measured,100,172,789.0,,100,1022.113424,state_verified
accepted,1,baseline,measured,100,173,814.0,,100,1022.113424,state_verified
accepted,1,baseline,measured,100,174,999.0,,100,1022.113424,state_verified
accepted,1,baseline,measured,100,175,900.0,,100,1022.113424,state_verified
accepted,1,baseline,measured,100,176,1009.0,,100,1022.113424,state_verified
accepted,1,baseline,measured,100,177,964.0,,100,1022.113424,state_verified
accepted,1,baseline,measured,100,178,829.0,,100,1022.113424,state_verified
accepted,1,baseline,measured,100,179,839.0,,100,1022.113424,state_verified
accepted,1,baseline,measured,100,180,800.0,,100,1022.113424,state_verified
accepted,1,baseline,measured,100,181,869.0,,100,1022.113424,state_verified
accepted,1,baseline,measured,100,182,826.0,,100,1022.113424,state_verified
accepted,1,baseline,measured,100,183,765.0,,100,1022.113424,state_verified
accepted,1,baseline,measured,100,184,877.0,,100,1022.113424,state_verified
accepted,1,baseline,measured,100,185,962.0,,100,1022.113424,state_verified
accepted,1,baseline,measured,100,186,841.0,,100,1022.113424,state_verified
accepted,1,baseline,measured,100,187,924.0,,100,1022.113424,state_verified
accepted,1,baseline,measured,100,188,805.0,,100,1022.113424,state_verified
accepted,1,baseline,measured,100,189,977.0,,100,1022.113424,state_verified
accepted,1,baseline,measured,100,190,919.0,,100,1022.113424,state_verified
accepted,1,baseline,measured,100,191,835.0,,100,1022.113424,state_verified
accepted,1,baseline,measured,100,192,920.0,,100,1022.113424,state_verified
accepted,1,baseline,measured,100,193,799.0,,100,1022.113424,state_verified
accepted,1,baseline,measured,100,194,1120.0,,100,1022.113424,state_verified
accepted,1,baseline,measured,100,195,1097.0,,100,1022.113424,state_verified
accepted,1,baseline,measured,100,196,1100.0,,100,1022.113424,state_verified
accepted,1,baseline,measured,100,197,1063.0,,100,1022.113424,state_verified
accepted,1,baseline,measured,100,198,803.0,,100,1022.113424,state_verified
accepted,1,baseline,measured,100,199,871.0,,100,1022.113424,state_verified
accepted,1,baseline,measured,100,200,891.0,,100,1022.113424,state_verified
accepted,1,protected,measured,100,1,3711.0,,100,648.340249,state_verified
accepted,1,protected,measured,100,2,1411.0,,100,648.340249,state_verified
accepted,1,protected,measured,100,3,1267.0,,100,648.340249,state_verified
accepted,1,protected,measured,100,4,1786.0,,100,648.340249,state_verified
accepted,1,protected,measured,100,5,1835.0,,100,648.340249,state_verified
accepted,1,protected,measured,100,6,1627.0,,100,648.340249,state_verified
accepted,1,protected,measured,100,7,1487.0,,100,648.340249,state_verified
accepted,1,protected,measured,100,8,1326.0,,100,648.340249,state_verified
accepted,1,protected,measured,100,9,1191.0,,100,648.340249,state_verified
accepted,1,protected,measured,100,10,1390.0,,100,648.340249,state_verified
accepted,1,protected,measured,100,11,1227.0,,100,648.340249,state_verified
accepted,1,protected,measured,100,12,1139.0,,100,648.340249,state_verified
accepted,1,protected,measured,100,13,1166.0,,100,648.340249,state_verified
accepted,1,protected,measured,100,14,1448.0,,100,648.340249,state_verified
accepted,1,protected,measured,100,15,1638.0,,100,648.340249,state_verified
accepted,1,protected,measured,100,16,1503.0,,100,648.340249,state_verified
accepted,1,protected,measured,100,17,1642.0,,100,648.340249,state_verified
accepted,1,protected,measured,100,18,1489.0,,100,648.340249,state_verified
accepted,1,protected,measured,100,19,1337.0,,100,648.340249,state_verified
accepted,1,protected,measured,100,20,1146.0,,100,648.340249,state_verified
accepted,1,protected,measured,100,21,1314.0,,100,648.340249,state_verified
accepted,1,protected,measured,100,22,1364.0,,100,648.340249,state_verified
accepted,1,protected,measured,100,23,1761.0,,100,648.340249,state_verified
accepted,1,protected,measured,100,24,1418.0,,100,648.340249,state_verified
accepted,1,protected,measured,100,25,1469.0,,100,648.340249,state_verified
accepted,1,protected,measured,100,26,1511.0,,100,648.340249,state_verified
accepted,1,protected,measured,100,27,1245.0,,100,648.340249,state_verified
accepted,1,protected,measured,100,28,1815.0,,100,648.340249,state_verified
accepted,1,protected,measured,100,29,1446.0,,100,648.340249,state_verified
accepted,1,protected,measured,100,30,1222.0,,100,648.340249,state_verified
accepted,1,protected,measured,100,31,1229.0,,100,648.340249,state_verified
accepted,1,protected,measured,100,32,1510.0,,100,648.340249,state_verified
accepted,1,protected,measured,100,33,1921.0,,100,648.340249,state_verified
accepted,1,protected,measured,100,34,2309.0,,100,648.340249,state_verified
accepted,1,protected,measured,100,35,1948.0,,100,648.340249,state_verified
accepted,1,protected,measured,100,36,1582.0,,100,648.340249,state_verified
accepted,1,protected,measured,100,37,1642.0,,100,648.340249,state_verified
accepted,1,protected,measured,100,38,1584.0,,100,648.340249,state_verified
accepted,1,protected,measured,100,39,2133.0,,100,648.340249,state_verified
accepted,1,protected,measured,100,40,1114.0,,100,648.340249,state_verified
accepted,1,protected,measured,100,41,1559.0,,100,648.340249,state_verified
accepted,1,protected,measured,100,42,1157.0,,100,648.340249,state_verified
accepted,1,protected,measured,100,43,1515.0,,100,648.340249,state_verified
accepted,1,protected,measured,100,44,1661.0,,100,648.340249,state_verified
accepted,1,protected,measured,100,45,1749.0,,100,648.340249,state_verified
accepted,1,protected,measured,100,46,1601.0,,100,648.340249,state_verified
accepted,1,protected,measured,100,47,1637.0,,100,648.340249,state_verified
accepted,1,protected,measured,100,48,1278.0,,100,648.340249,state_verified
accepted,1,protected,measured,100,49,1245.0,,100,648.340249,state_verified
accepted,1,protected,measured,100,50,1090.0,,100,648.340249,state_verified
accepted,1,protected,measured,100,51,2061.0,,100,648.340249,state_verified
accepted,1,protected,measured,100,52,1610.0,,100,648.340249,state_verified
accepted,1,protected,measured,100,53,2079.0,,100,648.340249,state_verified
accepted,1,protected,measured,100,54,1955.0,,100,648.340249,state_verified
accepted,1,protected,measured,100,55,1779.0,,100,648.340249,state_verified
accepted,1,protected,measured,100,56,1561.0,,100,648.340249,state_verified
accepted,1,protected,measured,100,57,1742.0,,100,648.340249,state_verified
accepted,1,protected,measured,100,58,1742.0,,100,648.340249,state_verified
accepted,1,protected,measured,100,59,1351.0,,100,648.340249,state_verified
accepted,1,protected,measured,100,60,1219.0,,100,648.340249,state_verified
accepted,1,protected,measured,100,61,1344.0,,100,648.340249,state_verified
accepted,1,protected,measured,100,62,1247.0,,100,648.340249,state_verified
accepted,1,protected,measured,100,63,1850.0,,100,648.340249,state_verified
accepted,1,protected,measured,100,64,2125.0,,100,648.340249,state_verified
accepted,1,protected,measured,100,65,1768.0,,100,648.340249,state_verified
accepted,1,protected,measured,100,66,1797.0,,100,648.340249,state_verified
accepted,1,protected,measured,100,67,1429.0,,100,648.340249,state_verified
accepted,1,protected,measured,100,68,1737.0,,100,648.340249,state_verified
accepted,1,protected,measured,100,69,1641.0,,100,648.340249,state_verified
accepted,1,protected,measured,100,70,1495.0,,100,648.340249,state_verified
accepted,1,protected,measured,100,71,1518.0,,100,648.340249,state_verified
accepted,1,protected,measured,100,72,1653.0,,100,648.340249,state_verified
accepted,1,protected,measured,100,73,1585.0,,100,648.340249,state_verified
accepted,1,protected,measured,100,74,1487.0,,100,648.340249,state_verified
accepted,1,protected,measured,100,75,1608.0,,100,648.340249,state_verified
accepted,1,protected,measured,100,76,1582.0,,100,648.340249,state_verified
accepted,1,protected,measured,100,77,1328.0,,100,648.340249,state_verified
accepted,1,protected,measured,100,78,1342.0,,100,648.340249,state_verified
accepted,1,protected,measured,100,79,1598.0,,100,648.340249,state_verified
accepted,1,protected,measured,100,80,2277.0,,100,648.340249,state_verified
accepted,1,protected,measured,100,81,1586.0,,100,648.340249,state_verified
accepted,1,protected,measured,100,82,1326.0,,100,648.340249,state_verified
accepted,1,protected,measured,100,83,1465.0,,100,648.340249,state_verified
accepted,1,protected,measured,100,84,1806.0,,100,648.340249,state_verified
accepted,1,protected,measured,100,85,1852.0,,100,648.340249,state_verified
accepted,1,protected,measured,100,86,1524.0,,100,648.340249,state_verified
accepted,1,protected,measured,100,87,1311.0,,100,648.340249,state_verified
accepted,1,protected,measured,100,88,1194.0,,100,648.340249,state_verified
accepted,1,protected,measured,100,89,1258.0,,100,648.340249,state_verified
accepted,1,protected,measured,100,90,1654.0,,100,648.340249,state_verified
accepted,1,protected,measured,100,91,1494.0,,100,648.340249,state_verified
accepted,1,protected,measured,100,92,1679.0,,100,648.340249,state_verified
accepted,1,protected,measured,100,93,1879.0,,100,648.340249,state_verified
accepted,1,protected,measured,100,94,1744.0,,100,648.340249,state_verified
accepted,1,protected,measured,100,95,1852.0,,100,648.340249,state_verified
accepted,1,protected,measured,100,96,2075.0,,100,648.340249,state_verified
accepted,1,protected,measured,100,97,1616.0,,100,648.340249,state_verified
accepted,1,protected,measured,100,98,1514.0,,100,648.340249,state_verified
accepted,1,protected,measured,100,99,1933.0,,100,648.340249,state_verified
accepted,1,protected,measured,100,100,1732.0,,100,648.340249,state_verified
accepted,1,protected,measured,100,101,1738.0,,100,648.340249,state_verified
accepted,1,protected,measured,100,102,1849.0,,100,648.340249,state_verified
accepted,1,protected,measured,100,103,1730.0,,100,648.340249,state_verified
accepted,1,protected,measured,100,104,1586.0,,100,648.340249,state_verified
accepted,1,protected,measured,100,105,1408.0,,100,648.340249,state_verified
accepted,1,protected,measured,100,106,1392.0,,100,648.340249,state_verified
accepted,1,protected,measured,100,107,1539.0,,100,648.340249,state_verified
accepted,1,protected,measured,100,108,1401.0,,100,648.340249,state_verified
accepted,1,protected,measured,100,109,1679.0,,100,648.340249,state_verified
accepted,1,protected,measured,100,110,1650.0,,100,648.340249,state_verified
accepted,1,protected,measured,100,111,1830.0,,100,648.340249,state_verified
accepted,1,protected,measured,100,112,1352.0,,100,648.340249,state_verified
accepted,1,protected,measured,100,113,1498.0,,100,648.340249,state_verified
accepted,1,protected,measured,100,114,1724.0,,100,648.340249,state_verified
accepted,1,protected,measured,100,115,1567.0,,100,648.340249,state_verified
accepted,1,protected,measured,100,116,1482.0,,100,648.340249,state_verified
accepted,1,protected,measured,100,117,1584.0,,100,648.340249,state_verified
accepted,1,protected,measured,100,118,1278.0,,100,648.340249,state_verified
accepted,1,protected,measured,100,119,1523.0,,100,648.340249,state_verified
accepted,1,protected,measured,100,120,1443.0,,100,648.340249,state_verified
accepted,1,protected,measured,100,121,1450.0,,100,648.340249,state_verified
accepted,1,protected,measured,100,122,1558.0,,100,648.340249,state_verified
accepted,1,protected,measured,100,123,1630.0,,100,648.340249,state_verified
accepted,1,protected,measured,100,124,1412.0,,100,648.340249,state_verified
accepted,1,protected,measured,100,125,1464.0,,100,648.340249,state_verified
accepted,1,protected,measured,100,126,1356.0,,100,648.340249,state_verified
accepted,1,protected,measured,100,127,1228.0,,100,648.340249,state_verified
accepted,1,protected,measured,100,128,1449.0,,100,648.340249,state_verified
accepted,1,protected,measured,100,129,1586.0,,100,648.340249,state_verified
accepted,1,protected,measured,100,130,1213.0,,100,648.340249,state_verified
accepted,1,protected,measured,100,131,1301.0,,100,648.340249,state_verified
accepted,1,protected,measured,100,132,1792.0,,100,648.340249,state_verified
accepted,1,protected,measured,100,133,1236.0,,100,648.340249,state_verified
accepted,1,protected,measured,100,134,1518.0,,100,648.340249,state_verified
accepted,1,protected,measured,100,135,1356.0,,100,648.340249,state_verified
accepted,1,protected,measured,100,136,1447.0,,100,648.340249,state_verified
accepted,1,protected,measured,100,137,1390.0,,100,648.340249,state_verified
accepted,1,protected,measured,100,138,1318.0,,100,648.340249,state_verified
accepted,1,protected,measured,100,139,1657.0,,100,648.340249,state_verified
accepted,1,protected,measured,100,140,1287.0,,100,648.340249,state_verified
accepted,1,protected,measured,100,141,1597.0,,100,648.340249,state_verified
accepted,1,protected,measured,100,142,1587.0,,100,648.340249,state_verified
accepted,1,protected,measured,100,143,1544.0,,100,648.340249,state_verified
accepted,1,protected,measured,100,144,1556.0,,100,648.340249,state_verified
accepted,1,protected,measured,100,145,1298.0,,100,648.340249,state_verified
accepted,1,protected,measured,100,146,1413.0,,100,648.340249,state_verified
accepted,1,protected,measured,100,147,1275.0,,100,648.340249,state_verified
accepted,1,protected,measured,100,148,1356.0,,100,648.340249,state_verified
accepted,1,protected,measured,100,149,1316.0,,100,648.340249,state_verified
accepted,1,protected,measured,100,150,1655.0,,100,648.340249,state_verified
accepted,1,protected,measured,100,151,1719.0,,100,648.340249,state_verified
accepted,1,protected,measured,100,152,1679.0,,100,648.340249,state_verified
accepted,1,protected,measured,100,153,1402.0,,100,648.340249,state_verified
accepted,1,protected,measured,100,154,1513.0,,100,648.340249,state_verified
accepted,1,protected,measured,100,155,1298.0,,100,648.340249,state_verified
accepted,1,protected,measured,100,156,2245.0,,100,648.340249,state_verified
accepted,1,protected,measured,100,157,1432.0,,100,648.340249,state_verified
accepted,1,protected,measured,100,158,1389.0,,100,648.340249,state_verified
accepted,1,protected,measured,100,159,1828.0,,100,648.340249,state_verified
accepted,1,protected,measured,100,160,1540.0,,100,648.340249,state_verified
accepted,1,protected,measured,100,161,1824.0,,100,648.340249,state_verified
accepted,1,protected,measured,100,162,1594.0,,100,648.340249,state_verified
accepted,1,protected,measured,100,163,1231.0,,100,648.340249,state_verified
accepted,1,protected,measured,100,164,1514.0,,100,648.340249,state_verified
accepted,1,protected,measured,100,165,1407.0,,100,648.340249,state_verified
accepted,1,protected,measured,100,166,1439.0,,100,648.340249,state_verified
accepted,1,protected,measured,100,167,1256.0,,100,648.340249,state_verified
accepted,1,protected,measured,100,168,1677.0,,100,648.340249,state_verified
accepted,1,protected,measured,100,169,1674.0,,100,648.340249,state_verified
accepted,1,protected,measured,100,170,1529.0,,100,648.340249,state_verified
accepted,1,protected,measured,100,171,1369.0,,100,648.340249,state_verified
accepted,1,protected,measured,100,172,1518.0,,100,648.340249,state_verified
accepted,1,protected,measured,100,173,1410.0,,100,648.340249,state_verified
accepted,1,protected,measured,100,174,1832.0,,100,648.340249,state_verified
accepted,1,protected,measured,100,175,1300.0,,100,648.340249,state_verified
accepted,1,protected,measured,100,176,1702.0,,100,648.340249,state_verified
accepted,1,protected,measured,100,177,1465.0,,100,648.340249,state_verified
accepted,1,protected,measured,100,178,1294.0,,100,648.340249,state_verified
accepted,1,protected,measured,100,179,1225.0,,100,648.340249,state_verified
accepted,1,protected,measured,100,180,1223.0,,100,648.340249,state_verified
accepted,1,protected,measured,100,181,1256.0,,100,648.340249,state_verified
accepted,1,protected,measured,100,182,1489.0,,100,648.340249,state_verified
accepted,1,protected,measured,100,183,1340.0,,100,648.340249,state_verified
accepted,1,protected,measured,100,184,1320.0,,100,648.340249,state_verified
accepted,1,protected,measured,100,185,1592.0,,100,648.340249,state_verified
accepted,1,protected,measured,100,186,1273.0,,100,648.340249,state_verified
accepted,1,protected,measured,100,187,1365.0,,100,648.340249,state_verified
accepted,1,protected,measured,100,188,1154.0,,100,648.340249,state_verified
accepted,1,protected,measured,100,189,1624.0,,100,648.340249,state_verified
accepted,1,protected,measured,100,190,1412.0,,100,648.340249,state_verified
accepted,1,protected,measured,100,191,1396.0,,100,648.340249,state_verified
accepted,1,protected,measured,100,192,1487.0,,100,648.340249,state_verified
accepted,1,protected,measured,100,193,1273.0,,100,648.340249,state_verified
accepted,1,protected,measured,100,194,1334.0,,100,648.340249,state_verified
accepted,1,protected,measured,100,195,1268.0,,100,648.340249,state_verified
accepted,1,protected,measured,100,196,1259.0,,100,648.340249,state_verified
accepted,1,protected,measured,100,197,1452.0,,100,648.340249,state_verified
accepted,1,protected,measured,100,198,1561.0,,100,648.340249,state_verified
accepted,1,protected,measured,100,199,1560.0,,100,648.340249,state_verified
accepted,1,protected,measured,100,200,1329.0,,100,648.340249,state_verified
accepted,1,baseline,measured,users,1,3631.0,,1,1493.473521,state_verified
accepted,1,baseline,measured,users,2,1042.0,,1,1493.473521,state_verified
accepted,1,baseline,measured,users,3,638.0,,1,1493.473521,state_verified
accepted,1,baseline,measured,users,4,699.0,,1,1493.473521,state_verified
accepted,1,baseline,measured,users,5,671.0,,1,1493.473521,state_verified
accepted,1,baseline,measured,users,6,659.0,,1,1493.473521,state_verified
accepted,1,baseline,measured,users,7,660.0,,1,1493.473521,state_verified
accepted,1,baseline,measured,users,8,624.0,,1,1493.473521,state_verified
accepted,1,baseline,measured,users,9,590.0,,1,1493.473521,state_verified
accepted,1,baseline,measured,users,10,568.0,,1,1493.473521,state_verified
accepted,1,baseline,measured,users,11,576.0,,1,1493.473521,state_verified
accepted,1,baseline,measured,users,12,666.0,,1,1493.473521,state_verified
accepted,1,baseline,measured,users,13,616.0,,1,1493.473521,state_verified
accepted,1,baseline,measured,users,14,669.0,,1,1493.473521,state_verified
accepted,1,baseline,measured,users,15,648.0,,1,1493.473521,state_verified
accepted,1,baseline,measured,users,16,711.0,,1,1493.473521,state_verified
accepted,1,baseline,measured,users,17,660.0,,1,1493.473521,state_verified
accepted,1,baseline,measured,users,18,725.0,,1,1493.473521,state_verified
accepted,1,baseline,measured,users,19,659.0,,1,1493.473521,state_verified
accepted,1,baseline,measured,users,20,706.0,,1,1493.473521,state_verified
accepted,1,baseline,measured,users,21,603.0,,1,1493.473521,state_verified
accepted,1,baseline,measured,users,22,644.0,,1,1493.473521,state_verified
accepted,1,baseline,measured,users,23,646.0,,1,1493.473521,state_verified
accepted,1,baseline,measured,users,24,648.0,,1,1493.473521,state_verified
accepted,1,baseline,measured,users,25,622.0,,1,1493.473521,state_verified
accepted,1,baseline,measured,users,26,622.0,,1,1493.473521,state_verified
accepted,1,baseline,measured,users,27,581.0,,1,1493.473521,state_verified
accepted,1,baseline,measured,users,28,608.0,,1,1493.473521,state_verified
accepted,1,baseline,measured,users,29,592.0,,1,1493.473521,state_verified
accepted,1,baseline,measured,users,30,587.0,,1,1493.473521,state_verified
accepted,1,baseline,measured,users,31,627.0,,1,1493.473521,state_verified
accepted,1,baseline,measured,users,32,598.0,,1,1493.473521,state_verified
accepted,1,baseline,measured,users,33,616.0,,1,1493.473521,state_verified
accepted,1,baseline,measured,users,34,629.0,,1,1493.473521,state_verified
accepted,1,baseline,measured,users,35,612.0,,1,1493.473521,state_verified
accepted,1,baseline,measured,users,36,609.0,,1,1493.473521,state_verified
accepted,1,baseline,measured,users,37,604.0,,1,1493.473521,state_verified
accepted,1,baseline,measured,users,38,613.0,,1,1493.473521,state_verified
accepted,1,baseline,measured,users,39,638.0,,1,1493.473521,state_verified
accepted,1,baseline,measured,users,40,599.0,,1,1493.473521,state_verified
accepted,1,baseline,measured,users,41,595.0,,1,1493.473521,state_verified
accepted,1,baseline,measured,users,42,606.0,,1,1493.473521,state_verified
accepted,1,baseline,measured,users,43,634.0,,1,1493.473521,state_verified
accepted,1,baseline,measured,users,44,625.0,,1,1493.473521,state_verified
accepted,1,baseline,measured,users,45,630.0,,1,1493.473521,state_verified
accepted,1,baseline,measured,users,46,574.0,,1,1493.473521,state_verified
accepted,1,baseline,measured,users,47,580.0,,1,1493.473521,state_verified
accepted,1,baseline,measured,users,48,597.0,,1,1493.473521,state_verified
accepted,1,baseline,measured,users,49,595.0,,1,1493.473521,state_verified
accepted,1,baseline,measured,users,50,630.0,,1,1493.473521,state_verified
accepted,1,baseline,measured,users,51,590.0,,1,1493.473521,state_verified
accepted,1,baseline,measured,users,52,632.0,,1,1493.473521,state_verified
accepted,1,baseline,measured,users,53,668.0,,1,1493.473521,state_verified
accepted,1,baseline,measured,users,54,660.0,,1,1493.473521,state_verified
accepted,1,baseline,measured,users,55,679.0,,1,1493.473521,state_verified
accepted,1,baseline,measured,users,56,684.0,,1,1493.473521,state_verified
accepted,1,baseline,measured,users,57,637.0,,1,1493.473521,state_verified
accepted,1,baseline,measured,users,58,715.0,,1,1493.473521,state_verified
accepted,1,baseline,measured,users,59,746.0,,1,1493.473521,state_verified
accepted,1,baseline,measured,users,60,672.0,,1,1493.473521,state_verified
accepted,1,baseline,measured,users,61,669.0,,1,1493.473521,state_verified
accepted,1,baseline,measured,users,62,663.0,,1,1493.473521,state_verified
accepted,1,baseline,measured,users,63,917.0,,1,1493.473521,state_verified
accepted,1,baseline,measured,users,64,955.0,,1,1493.473521,state_verified
accepted,1,baseline,measured,users,65,944.0,,1,1493.473521,state_verified
accepted,1,baseline,measured,users,66,1240.0,,1,1493.473521,state_verified
accepted,1,baseline,measured,users,67,591.0,,1,1493.473521,state_verified
accepted,1,baseline,measured,users,68,607.0,,1,1493.473521,state_verified
accepted,1,baseline,measured,users,69,650.0,,1,1493.473521,state_verified
accepted,1,baseline,measured,users,70,658.0,,1,1493.473521,state_verified
accepted,1,baseline,measured,users,71,616.0,,1,1493.473521,state_verified
accepted,1,baseline,measured,users,72,610.0,,1,1493.473521,state_verified
accepted,1,baseline,measured,users,73,597.0,,1,1493.473521,state_verified
accepted,1,baseline,measured,users,74,613.0,,1,1493.473521,state_verified
accepted,1,baseline,measured,users,75,649.0,,1,1493.473521,state_verified
accepted,1,baseline,measured,users,76,719.0,,1,1493.473521,state_verified
accepted,1,baseline,measured,users,77,684.0,,1,1493.473521,state_verified
accepted,1,baseline,measured,users,78,694.0,,1,1493.473521,state_verified
accepted,1,baseline,measured,users,79,689.0,,1,1493.473521,state_verified
accepted,1,baseline,measured,users,80,670.0,,1,1493.473521,state_verified
accepted,1,baseline,measured,users,81,672.0,,1,1493.473521,state_verified
accepted,1,baseline,measured,users,82,744.0,,1,1493.473521,state_verified
accepted,1,baseline,measured,users,83,692.0,,1,1493.473521,state_verified
accepted,1,baseline,measured,users,84,649.0,,1,1493.473521,state_verified
accepted,1,baseline,measured,users,85,632.0,,1,1493.473521,state_verified
accepted,1,baseline,measured,users,86,886.0,,1,1493.473521,state_verified
accepted,1,baseline,measured,users,87,900.0,,1,1493.473521,state_verified
accepted,1,baseline,measured,users,88,845.0,,1,1493.473521,state_verified
accepted,1,baseline,measured,users,89,735.0,,1,1493.473521,state_verified
accepted,1,baseline,measured,users,90,748.0,,1,1493.473521,state_verified
accepted,1,baseline,measured,users,91,606.0,,1,1493.473521,state_verified
accepted,1,baseline,measured,users,92,582.0,,1,1493.473521,state_verified
accepted,1,baseline,measured,users,93,625.0,,1,1493.473521,state_verified
accepted,1,baseline,measured,users,94,618.0,,1,1493.473521,state_verified
accepted,1,baseline,measured,users,95,603.0,,1,1493.473521,state_verified
accepted,1,baseline,measured,users,96,586.0,,1,1493.473521,state_verified
accepted,1,baseline,measured,users,97,600.0,,1,1493.473521,state_verified
accepted,1,baseline,measured,users,98,579.0,,1,1493.473521,state_verified
accepted,1,baseline,measured,users,99,588.0,,1,1493.473521,state_verified
accepted,1,baseline,measured,users,100,576.0,,1,1493.473521,state_verified
accepted,1,baseline,measured,users,101,614.0,,1,1493.473521,state_verified
accepted,1,baseline,measured,users,102,612.0,,1,1493.473521,state_verified
accepted,1,baseline,measured,users,103,611.0,,1,1493.473521,state_verified
accepted,1,baseline,measured,users,104,585.0,,1,1493.473521,state_verified
accepted,1,baseline,measured,users,105,557.0,,1,1493.473521,state_verified
accepted,1,baseline,measured,users,106,598.0,,1,1493.473521,state_verified
accepted,1,baseline,measured,users,107,615.0,,1,1493.473521,state_verified
accepted,1,baseline,measured,users,108,587.0,,1,1493.473521,state_verified
accepted,1,baseline,measured,users,109,617.0,,1,1493.473521,state_verified
accepted,1,baseline,measured,users,110,616.0,,1,1493.473521,state_verified
accepted,1,baseline,measured,users,111,618.0,,1,1493.473521,state_verified
accepted,1,baseline,measured,users,112,596.0,,1,1493.473521,state_verified
accepted,1,baseline,measured,users,113,634.0,,1,1493.473521,state_verified
accepted,1,baseline,measured,users,114,591.0,,1,1493.473521,state_verified
accepted,1,baseline,measured,users,115,582.0,,1,1493.473521,state_verified
accepted,1,baseline,measured,users,116,568.0,,1,1493.473521,state_verified
accepted,1,baseline,measured,users,117,586.0,,1,1493.473521,state_verified
accepted,1,baseline,measured,users,118,628.0,,1,1493.473521,state_verified
accepted,1,baseline,measured,users,119,598.0,,1,1493.473521,state_verified
accepted,1,baseline,measured,users,120,596.0,,1,1493.473521,state_verified
accepted,1,baseline,measured,users,121,605.0,,1,1493.473521,state_verified
accepted,1,baseline,measured,users,122,663.0,,1,1493.473521,state_verified
accepted,1,baseline,measured,users,123,698.0,,1,1493.473521,state_verified
accepted,1,baseline,measured,users,124,670.0,,1,1493.473521,state_verified
accepted,1,baseline,measured,users,125,706.0,,1,1493.473521,state_verified
accepted,1,baseline,measured,users,126,665.0,,1,1493.473521,state_verified
accepted,1,baseline,measured,users,127,1052.0,,1,1493.473521,state_verified
accepted,1,baseline,measured,users,128,1056.0,,1,1493.473521,state_verified
accepted,1,baseline,measured,users,129,1034.0,,1,1493.473521,state_verified
accepted,1,baseline,measured,users,130,1178.0,,1,1493.473521,state_verified
accepted,1,baseline,measured,users,131,689.0,,1,1493.473521,state_verified
accepted,1,baseline,measured,users,132,571.0,,1,1493.473521,state_verified
accepted,1,baseline,measured,users,133,641.0,,1,1493.473521,state_verified
accepted,1,baseline,measured,users,134,603.0,,1,1493.473521,state_verified
accepted,1,baseline,measured,users,135,569.0,,1,1493.473521,state_verified
accepted,1,baseline,measured,users,136,576.0,,1,1493.473521,state_verified
accepted,1,baseline,measured,users,137,560.0,,1,1493.473521,state_verified
accepted,1,baseline,measured,users,138,528.0,,1,1493.473521,state_verified
accepted,1,baseline,measured,users,139,561.0,,1,1493.473521,state_verified
accepted,1,baseline,measured,users,140,594.0,,1,1493.473521,state_verified
accepted,1,baseline,measured,users,141,596.0,,1,1493.473521,state_verified
accepted,1,baseline,measured,users,142,592.0,,1,1493.473521,state_verified
accepted,1,baseline,measured,users,143,637.0,,1,1493.473521,state_verified
accepted,1,baseline,measured,users,144,604.0,,1,1493.473521,state_verified
accepted,1,baseline,measured,users,145,558.0,,1,1493.473521,state_verified
accepted,1,baseline,measured,users,146,554.0,,1,1493.473521,state_verified
accepted,1,baseline,measured,users,147,565.0,,1,1493.473521,state_verified
accepted,1,baseline,measured,users,148,556.0,,1,1493.473521,state_verified
accepted,1,baseline,measured,users,149,611.0,,1,1493.473521,state_verified
accepted,1,baseline,measured,users,150,604.0,,1,1493.473521,state_verified
accepted,1,baseline,measured,users,151,669.0,,1,1493.473521,state_verified
accepted,1,baseline,measured,users,152,640.0,,1,1493.473521,state_verified
accepted,1,baseline,measured,users,153,567.0,,1,1493.473521,state_verified
accepted,1,baseline,measured,users,154,642.0,,1,1493.473521,state_verified
accepted,1,baseline,measured,users,155,549.0,,1,1493.473521,state_verified
accepted,1,baseline,measured,users,156,546.0,,1,1493.473521,state_verified
accepted,1,baseline,measured,users,157,576.0,,1,1493.473521,state_verified
accepted,1,baseline,measured,users,158,551.0,,1,1493.473521,state_verified
accepted,1,baseline,measured,users,159,566.0,,1,1493.473521,state_verified
accepted,1,baseline,measured,users,160,592.0,,1,1493.473521,state_verified
accepted,1,baseline,measured,users,161,568.0,,1,1493.473521,state_verified
accepted,1,baseline,measured,users,162,597.0,,1,1493.473521,state_verified
accepted,1,baseline,measured,users,163,590.0,,1,1493.473521,state_verified
accepted,1,baseline,measured,users,164,549.0,,1,1493.473521,state_verified
accepted,1,baseline,measured,users,165,562.0,,1,1493.473521,state_verified
accepted,1,baseline,measured,users,166,590.0,,1,1493.473521,state_verified
accepted,1,baseline,measured,users,167,579.0,,1,1493.473521,state_verified
accepted,1,baseline,measured,users,168,592.0,,1,1493.473521,state_verified
accepted,1,baseline,measured,users,169,546.0,,1,1493.473521,state_verified
accepted,1,baseline,measured,users,170,605.0,,1,1493.473521,state_verified
accepted,1,baseline,measured,users,171,608.0,,1,1493.473521,state_verified
accepted,1,baseline,measured,users,172,586.0,,1,1493.473521,state_verified
accepted,1,baseline,measured,users,173,563.0,,1,1493.473521,state_verified
accepted,1,baseline,measured,users,174,539.0,,1,1493.473521,state_verified
accepted,1,baseline,measured,users,175,586.0,,1,1493.473521,state_verified
accepted,1,baseline,measured,users,176,545.0,,1,1493.473521,state_verified
accepted,1,baseline,measured,users,177,560.0,,1,1493.473521,state_verified
accepted,1,baseline,measured,users,178,582.0,,1,1493.473521,state_verified
accepted,1,baseline,measured,users,179,557.0,,1,1493.473521,state_verified
accepted,1,baseline,measured,users,180,621.0,,1,1493.473521,state_verified
accepted,1,baseline,measured,users,181,593.0,,1,1493.473521,state_verified
accepted,1,baseline,measured,users,182,587.0,,1,1493.473521,state_verified
accepted,1,baseline,measured,users,183,559.0,,1,1493.473521,state_verified
accepted,1,baseline,measured,users,184,561.0,,1,1493.473521,state_verified
accepted,1,baseline,measured,users,185,603.0,,1,1493.473521,state_verified
accepted,1,baseline,measured,users,186,542.0,,1,1493.473521,state_verified
accepted,1,baseline,measured,users,187,571.0,,1,1493.473521,state_verified
accepted,1,baseline,measured,users,188,573.0,,1,1493.473521,state_verified
accepted,1,baseline,measured,users,189,545.0,,1,1493.473521,state_verified
accepted,1,baseline,measured,users,190,577.0,,1,1493.473521,state_verified
accepted,1,baseline,measured,users,191,848.0,,1,1493.473521,state_verified
accepted,1,baseline,measured,users,192,864.0,,1,1493.473521,state_verified
accepted,1,baseline,measured,users,193,995.0,,1,1493.473521,state_verified
accepted,1,baseline,measured,users,194,1025.0,,1,1493.473521,state_verified
accepted,1,baseline,measured,users,195,643.0,,1,1493.473521,state_verified
accepted,1,baseline,measured,users,196,672.0,,1,1493.473521,state_verified
accepted,1,baseline,measured,users,197,601.0,,1,1493.473521,state_verified
accepted,1,baseline,measured,users,198,712.0,,1,1493.473521,state_verified
accepted,1,baseline,measured,users,199,754.0,,1,1493.473521,state_verified
accepted,1,baseline,measured,users,200,645.0,,1,1493.473521,state_verified
accepted,1,protected,measured,users,1,3652.0,,1,1328.082979,state_verified
accepted,1,protected,measured,users,2,793.0,,1,1328.082979,state_verified
accepted,1,protected,measured,users,3,726.0,,1,1328.082979,state_verified
accepted,1,protected,measured,users,4,725.0,,1,1328.082979,state_verified
accepted,1,protected,measured,users,5,776.0,,1,1328.082979,state_verified
accepted,1,protected,measured,users,6,746.0,,1,1328.082979,state_verified
accepted,1,protected,measured,users,7,694.0,,1,1328.082979,state_verified
accepted,1,protected,measured,users,8,661.0,,1,1328.082979,state_verified
accepted,1,protected,measured,users,9,700.0,,1,1328.082979,state_verified
accepted,1,protected,measured,users,10,714.0,,1,1328.082979,state_verified
accepted,1,protected,measured,users,11,703.0,,1,1328.082979,state_verified
accepted,1,protected,measured,users,12,742.0,,1,1328.082979,state_verified
accepted,1,protected,measured,users,13,787.0,,1,1328.082979,state_verified
accepted,1,protected,measured,users,14,955.0,,1,1328.082979,state_verified
accepted,1,protected,measured,users,15,755.0,,1,1328.082979,state_verified
accepted,1,protected,measured,users,16,788.0,,1,1328.082979,state_verified
accepted,1,protected,measured,users,17,828.0,,1,1328.082979,state_verified
accepted,1,protected,measured,users,18,706.0,,1,1328.082979,state_verified
accepted,1,protected,measured,users,19,754.0,,1,1328.082979,state_verified
accepted,1,protected,measured,users,20,736.0,,1,1328.082979,state_verified
accepted,1,protected,measured,users,21,683.0,,1,1328.082979,state_verified
accepted,1,protected,measured,users,22,661.0,,1,1328.082979,state_verified
accepted,1,protected,measured,users,23,755.0,,1,1328.082979,state_verified
accepted,1,protected,measured,users,24,723.0,,1,1328.082979,state_verified
accepted,1,protected,measured,users,25,720.0,,1,1328.082979,state_verified
accepted,1,protected,measured,users,26,762.0,,1,1328.082979,state_verified
accepted,1,protected,measured,users,27,811.0,,1,1328.082979,state_verified
accepted,1,protected,measured,users,28,851.0,,1,1328.082979,state_verified
accepted,1,protected,measured,users,29,685.0,,1,1328.082979,state_verified
accepted,1,protected,measured,users,30,672.0,,1,1328.082979,state_verified
accepted,1,protected,measured,users,31,706.0,,1,1328.082979,state_verified
accepted,1,protected,measured,users,32,686.0,,1,1328.082979,state_verified
accepted,1,protected,measured,users,33,702.0,,1,1328.082979,state_verified
accepted,1,protected,measured,users,34,681.0,,1,1328.082979,state_verified
accepted,1,protected,measured,users,35,702.0,,1,1328.082979,state_verified
accepted,1,protected,measured,users,36,726.0,,1,1328.082979,state_verified
accepted,1,protected,measured,users,37,652.0,,1,1328.082979,state_verified
accepted,1,protected,measured,users,38,724.0,,1,1328.082979,state_verified
accepted,1,protected,measured,users,39,668.0,,1,1328.082979,state_verified
accepted,1,protected,measured,users,40,705.0,,1,1328.082979,state_verified
accepted,1,protected,measured,users,41,676.0,,1,1328.082979,state_verified
accepted,1,protected,measured,users,42,675.0,,1,1328.082979,state_verified
accepted,1,protected,measured,users,43,681.0,,1,1328.082979,state_verified
accepted,1,protected,measured,users,44,1030.0,,1,1328.082979,state_verified
accepted,1,protected,measured,users,45,988.0,,1,1328.082979,state_verified
accepted,1,protected,measured,users,46,1021.0,,1,1328.082979,state_verified
accepted,1,protected,measured,users,47,1000.0,,1,1328.082979,state_verified
accepted,1,protected,measured,users,48,676.0,,1,1328.082979,state_verified
accepted,1,protected,measured,users,49,716.0,,1,1328.082979,state_verified
accepted,1,protected,measured,users,50,713.0,,1,1328.082979,state_verified
accepted,1,protected,measured,users,51,673.0,,1,1328.082979,state_verified
accepted,1,protected,measured,users,52,723.0,,1,1328.082979,state_verified
accepted,1,protected,measured,users,53,699.0,,1,1328.082979,state_verified
accepted,1,protected,measured,users,54,708.0,,1,1328.082979,state_verified
accepted,1,protected,measured,users,55,707.0,,1,1328.082979,state_verified
accepted,1,protected,measured,users,56,714.0,,1,1328.082979,state_verified
accepted,1,protected,measured,users,57,699.0,,1,1328.082979,state_verified
accepted,1,protected,measured,users,58,687.0,,1,1328.082979,state_verified
accepted,1,protected,measured,users,59,708.0,,1,1328.082979,state_verified
accepted,1,protected,measured,users,60,695.0,,1,1328.082979,state_verified
accepted,1,protected,measured,users,61,700.0,,1,1328.082979,state_verified
accepted,1,protected,measured,users,62,734.0,,1,1328.082979,state_verified
accepted,1,protected,measured,users,63,861.0,,1,1328.082979,state_verified
accepted,1,protected,measured,users,64,697.0,,1,1328.082979,state_verified
accepted,1,protected,measured,users,65,780.0,,1,1328.082979,state_verified
accepted,1,protected,measured,users,66,660.0,,1,1328.082979,state_verified
accepted,1,protected,measured,users,67,659.0,,1,1328.082979,state_verified
accepted,1,protected,measured,users,68,660.0,,1,1328.082979,state_verified
accepted,1,protected,measured,users,69,688.0,,1,1328.082979,state_verified
accepted,1,protected,measured,users,70,672.0,,1,1328.082979,state_verified
accepted,1,protected,measured,users,71,674.0,,1,1328.082979,state_verified
accepted,1,protected,measured,users,72,691.0,,1,1328.082979,state_verified
accepted,1,protected,measured,users,73,730.0,,1,1328.082979,state_verified
accepted,1,protected,measured,users,74,686.0,,1,1328.082979,state_verified
accepted,1,protected,measured,users,75,692.0,,1,1328.082979,state_verified
accepted,1,protected,measured,users,76,691.0,,1,1328.082979,state_verified
accepted,1,protected,measured,users,77,686.0,,1,1328.082979,state_verified
accepted,1,protected,measured,users,78,697.0,,1,1328.082979,state_verified
accepted,1,protected,measured,users,79,811.0,,1,1328.082979,state_verified
accepted,1,protected,measured,users,80,754.0,,1,1328.082979,state_verified
accepted,1,protected,measured,users,81,696.0,,1,1328.082979,state_verified
accepted,1,protected,measured,users,82,785.0,,1,1328.082979,state_verified
accepted,1,protected,measured,users,83,684.0,,1,1328.082979,state_verified
accepted,1,protected,measured,users,84,703.0,,1,1328.082979,state_verified
accepted,1,protected,measured,users,85,663.0,,1,1328.082979,state_verified
accepted,1,protected,measured,users,86,666.0,,1,1328.082979,state_verified
accepted,1,protected,measured,users,87,735.0,,1,1328.082979,state_verified
accepted,1,protected,measured,users,88,709.0,,1,1328.082979,state_verified
accepted,1,protected,measured,users,89,694.0,,1,1328.082979,state_verified
accepted,1,protected,measured,users,90,677.0,,1,1328.082979,state_verified
accepted,1,protected,measured,users,91,692.0,,1,1328.082979,state_verified
accepted,1,protected,measured,users,92,677.0,,1,1328.082979,state_verified
accepted,1,protected,measured,users,93,686.0,,1,1328.082979,state_verified
accepted,1,protected,measured,users,94,688.0,,1,1328.082979,state_verified
accepted,1,protected,measured,users,95,677.0,,1,1328.082979,state_verified
accepted,1,protected,measured,users,96,679.0,,1,1328.082979,state_verified
accepted,1,protected,measured,users,97,683.0,,1,1328.082979,state_verified
accepted,1,protected,measured,users,98,675.0,,1,1328.082979,state_verified
accepted,1,protected,measured,users,99,681.0,,1,1328.082979,state_verified
accepted,1,protected,measured,users,100,683.0,,1,1328.082979,state_verified
accepted,1,protected,measured,users,101,685.0,,1,1328.082979,state_verified
accepted,1,protected,measured,users,102,689.0,,1,1328.082979,state_verified
accepted,1,protected,measured,users,103,678.0,,1,1328.082979,state_verified
accepted,1,protected,measured,users,104,723.0,,1,1328.082979,state_verified
accepted,1,protected,measured,users,105,671.0,,1,1328.082979,state_verified
accepted,1,protected,measured,users,106,686.0,,1,1328.082979,state_verified
accepted,1,protected,measured,users,107,708.0,,1,1328.082979,state_verified
accepted,1,protected,measured,users,108,965.0,,1,1328.082979,state_verified
accepted,1,protected,measured,users,109,989.0,,1,1328.082979,state_verified
accepted,1,protected,measured,users,110,999.0,,1,1328.082979,state_verified
accepted,1,protected,measured,users,111,1014.0,,1,1328.082979,state_verified
accepted,1,protected,measured,users,112,677.0,,1,1328.082979,state_verified
accepted,1,protected,measured,users,113,685.0,,1,1328.082979,state_verified
accepted,1,protected,measured,users,114,684.0,,1,1328.082979,state_verified
accepted,1,protected,measured,users,115,698.0,,1,1328.082979,state_verified
accepted,1,protected,measured,users,116,686.0,,1,1328.082979,state_verified
accepted,1,protected,measured,users,117,703.0,,1,1328.082979,state_verified
accepted,1,protected,measured,users,118,753.0,,1,1328.082979,state_verified
accepted,1,protected,measured,users,119,716.0,,1,1328.082979,state_verified
accepted,1,protected,measured,users,120,694.0,,1,1328.082979,state_verified
accepted,1,protected,measured,users,121,715.0,,1,1328.082979,state_verified
accepted,1,protected,measured,users,122,712.0,,1,1328.082979,state_verified
accepted,1,protected,measured,users,123,671.0,,1,1328.082979,state_verified
accepted,1,protected,measured,users,124,688.0,,1,1328.082979,state_verified
accepted,1,protected,measured,users,125,719.0,,1,1328.082979,state_verified
accepted,1,protected,measured,users,126,676.0,,1,1328.082979,state_verified
accepted,1,protected,measured,users,127,713.0,,1,1328.082979,state_verified
accepted,1,protected,measured,users,128,694.0,,1,1328.082979,state_verified
accepted,1,protected,measured,users,129,864.0,,1,1328.082979,state_verified
accepted,1,protected,measured,users,130,651.0,,1,1328.082979,state_verified
accepted,1,protected,measured,users,131,793.0,,1,1328.082979,state_verified
accepted,1,protected,measured,users,132,720.0,,1,1328.082979,state_verified
accepted,1,protected,measured,users,133,709.0,,1,1328.082979,state_verified
accepted,1,protected,measured,users,134,704.0,,1,1328.082979,state_verified
accepted,1,protected,measured,users,135,654.0,,1,1328.082979,state_verified
accepted,1,protected,measured,users,136,688.0,,1,1328.082979,state_verified
accepted,1,protected,measured,users,137,673.0,,1,1328.082979,state_verified
accepted,1,protected,measured,users,138,672.0,,1,1328.082979,state_verified
accepted,1,protected,measured,users,139,707.0,,1,1328.082979,state_verified
accepted,1,protected,measured,users,140,880.0,,1,1328.082979,state_verified
accepted,1,protected,measured,users,141,809.0,,1,1328.082979,state_verified
accepted,1,protected,measured,users,142,756.0,,1,1328.082979,state_verified
accepted,1,protected,measured,users,143,694.0,,1,1328.082979,state_verified
accepted,1,protected,measured,users,144,700.0,,1,1328.082979,state_verified
accepted,1,protected,measured,users,145,694.0,,1,1328.082979,state_verified
accepted,1,protected,measured,users,146,692.0,,1,1328.082979,state_verified
accepted,1,protected,measured,users,147,711.0,,1,1328.082979,state_verified
accepted,1,protected,measured,users,148,723.0,,1,1328.082979,state_verified
accepted,1,protected,measured,users,149,743.0,,1,1328.082979,state_verified
accepted,1,protected,measured,users,150,691.0,,1,1328.082979,state_verified
accepted,1,protected,measured,users,151,724.0,,1,1328.082979,state_verified
accepted,1,protected,measured,users,152,828.0,,1,1328.082979,state_verified
accepted,1,protected,measured,users,153,727.0,,1,1328.082979,state_verified
accepted,1,protected,measured,users,154,730.0,,1,1328.082979,state_verified
accepted,1,protected,measured,users,155,694.0,,1,1328.082979,state_verified
accepted,1,protected,measured,users,156,682.0,,1,1328.082979,state_verified
accepted,1,protected,measured,users,157,683.0,,1,1328.082979,state_verified
accepted,1,protected,measured,users,158,690.0,,1,1328.082979,state_verified
accepted,1,protected,measured,users,159,687.0,,1,1328.082979,state_verified
accepted,1,protected,measured,users,160,677.0,,1,1328.082979,state_verified
accepted,1,protected,measured,users,161,738.0,,1,1328.082979,state_verified
accepted,1,protected,measured,users,162,787.0,,1,1328.082979,state_verified
accepted,1,protected,measured,users,163,703.0,,1,1328.082979,state_verified
accepted,1,protected,measured,users,164,693.0,,1,1328.082979,state_verified
accepted,1,protected,measured,users,165,700.0,,1,1328.082979,state_verified
accepted,1,protected,measured,users,166,674.0,,1,1328.082979,state_verified
accepted,1,protected,measured,users,167,694.0,,1,1328.082979,state_verified
accepted,1,protected,measured,users,168,658.0,,1,1328.082979,state_verified
accepted,1,protected,measured,users,169,675.0,,1,1328.082979,state_verified
accepted,1,protected,measured,users,170,670.0,,1,1328.082979,state_verified
accepted,1,protected,measured,users,171,660.0,,1,1328.082979,state_verified
accepted,1,protected,measured,users,172,984.0,,1,1328.082979,state_verified
accepted,1,protected,measured,users,173,1015.0,,1,1328.082979,state_verified
accepted,1,protected,measured,users,174,1097.0,,1,1328.082979,state_verified
accepted,1,protected,measured,users,175,1045.0,,1,1328.082979,state_verified
accepted,1,protected,measured,users,176,684.0,,1,1328.082979,state_verified
accepted,1,protected,measured,users,177,653.0,,1,1328.082979,state_verified
accepted,1,protected,measured,users,178,680.0,,1,1328.082979,state_verified
accepted,1,protected,measured,users,179,725.0,,1,1328.082979,state_verified
accepted,1,protected,measured,users,180,749.0,,1,1328.082979,state_verified
accepted,1,protected,measured,users,181,664.0,,1,1328.082979,state_verified
accepted,1,protected,measured,users,182,682.0,,1,1328.082979,state_verified
accepted,1,protected,measured,users,183,726.0,,1,1328.082979,state_verified
accepted,1,protected,measured,users,184,673.0,,1,1328.082979,state_verified
accepted,1,protected,measured,users,185,696.0,,1,1328.082979,state_verified
accepted,1,protected,measured,users,186,706.0,,1,1328.082979,state_verified
accepted,1,protected,measured,users,187,755.0,,1,1328.082979,state_verified
accepted,1,protected,measured,users,188,716.0,,1,1328.082979,state_verified
accepted,1,protected,measured,users,189,815.0,,1,1328.082979,state_verified
accepted,1,protected,measured,users,190,727.0,,1,1328.082979,state_verified
accepted,1,protected,measured,users,191,775.0,,1,1328.082979,state_verified
accepted,1,protected,measured,users,192,771.0,,1,1328.082979,state_verified
accepted,1,protected,measured,users,193,682.0,,1,1328.082979,state_verified
accepted,1,protected,measured,users,194,698.0,,1,1328.082979,state_verified
accepted,1,protected,measured,users,195,681.0,,1,1328.082979,state_verified
accepted,1,protected,measured,users,196,677.0,,1,1328.082979,state_verified
accepted,1,protected,measured,users,197,687.0,,1,1328.082979,state_verified
accepted,1,protected,measured,users,198,679.0,,1,1328.082979,state_verified
accepted,1,protected,measured,users,199,690.0,,1,1328.082979,state_verified
accepted,1,protected,measured,users,200,693.0,,1,1328.082979,state_verified
accepted,1,baseline,measured,refunds,1,2824.0,,1,1376.59513,state_verified
accepted,1,baseline,measured,refunds,2,753.0,,1,1376.59513,state_verified
accepted,1,baseline,measured,refunds,3,743.0,,1,1376.59513,state_verified
accepted,1,baseline,measured,refunds,4,696.0,,1,1376.59513,state_verified
accepted,1,baseline,measured,refunds,5,708.0,,1,1376.59513,state_verified
accepted,1,baseline,measured,refunds,6,674.0,,1,1376.59513,state_verified
accepted,1,baseline,measured,refunds,7,678.0,,1,1376.59513,state_verified
accepted,1,baseline,measured,refunds,8,667.0,,1,1376.59513,state_verified
accepted,1,baseline,measured,refunds,9,642.0,,1,1376.59513,state_verified
accepted,1,baseline,measured,refunds,10,645.0,,1,1376.59513,state_verified
accepted,1,baseline,measured,refunds,11,626.0,,1,1376.59513,state_verified
accepted,1,baseline,measured,refunds,12,625.0,,1,1376.59513,state_verified
accepted,1,baseline,measured,refunds,13,632.0,,1,1376.59513,state_verified
accepted,1,baseline,measured,refunds,14,684.0,,1,1376.59513,state_verified
accepted,1,baseline,measured,refunds,15,669.0,,1,1376.59513,state_verified
accepted,1,baseline,measured,refunds,16,623.0,,1,1376.59513,state_verified
accepted,1,baseline,measured,refunds,17,682.0,,1,1376.59513,state_verified
accepted,1,baseline,measured,refunds,18,782.0,,1,1376.59513,state_verified
accepted,1,baseline,measured,refunds,19,1071.0,,1,1376.59513,state_verified
accepted,1,baseline,measured,refunds,20,947.0,,1,1376.59513,state_verified
accepted,1,baseline,measured,refunds,21,988.0,,1,1376.59513,state_verified
accepted,1,baseline,measured,refunds,22,798.0,,1,1376.59513,state_verified
accepted,1,baseline,measured,refunds,23,878.0,,1,1376.59513,state_verified
accepted,1,baseline,measured,refunds,24,768.0,,1,1376.59513,state_verified
accepted,1,baseline,measured,refunds,25,814.0,,1,1376.59513,state_verified
accepted,1,baseline,measured,refunds,26,946.0,,1,1376.59513,state_verified
accepted,1,baseline,measured,refunds,27,947.0,,1,1376.59513,state_verified
accepted,1,baseline,measured,refunds,28,701.0,,1,1376.59513,state_verified
accepted,1,baseline,measured,refunds,29,686.0,,1,1376.59513,state_verified
accepted,1,baseline,measured,refunds,30,659.0,,1,1376.59513,state_verified
accepted,1,baseline,measured,refunds,31,999.0,,1,1376.59513,state_verified
accepted,1,baseline,measured,refunds,32,1011.0,,1,1376.59513,state_verified
accepted,1,baseline,measured,refunds,33,956.0,,1,1376.59513,state_verified
accepted,1,baseline,measured,refunds,34,1002.0,,1,1376.59513,state_verified
accepted,1,baseline,measured,refunds,35,653.0,,1,1376.59513,state_verified
accepted,1,baseline,measured,refunds,36,660.0,,1,1376.59513,state_verified
accepted,1,baseline,measured,refunds,37,987.0,,1,1376.59513,state_verified
accepted,1,baseline,measured,refunds,38,854.0,,1,1376.59513,state_verified
accepted,1,baseline,measured,refunds,39,1030.0,,1,1376.59513,state_verified
accepted,1,baseline,measured,refunds,40,788.0,,1,1376.59513,state_verified
accepted,1,baseline,measured,refunds,41,831.0,,1,1376.59513,state_verified
accepted,1,baseline,measured,refunds,42,763.0,,1,1376.59513,state_verified
accepted,1,baseline,measured,refunds,43,733.0,,1,1376.59513,state_verified
accepted,1,baseline,measured,refunds,44,728.0,,1,1376.59513,state_verified
accepted,1,baseline,measured,refunds,45,773.0,,1,1376.59513,state_verified
accepted,1,baseline,measured,refunds,46,682.0,,1,1376.59513,state_verified
accepted,1,baseline,measured,refunds,47,635.0,,1,1376.59513,state_verified
accepted,1,baseline,measured,refunds,48,837.0,,1,1376.59513,state_verified
accepted,1,baseline,measured,refunds,49,639.0,,1,1376.59513,state_verified
accepted,1,baseline,measured,refunds,50,603.0,,1,1376.59513,state_verified
accepted,1,baseline,measured,refunds,51,628.0,,1,1376.59513,state_verified
accepted,1,baseline,measured,refunds,52,603.0,,1,1376.59513,state_verified
accepted,1,baseline,measured,refunds,53,2097.0,,1,1376.59513,state_verified
accepted,1,baseline,measured,refunds,54,647.0,,1,1376.59513,state_verified
accepted,1,baseline,measured,refunds,55,748.0,,1,1376.59513,state_verified
accepted,1,baseline,measured,refunds,56,760.0,,1,1376.59513,state_verified
accepted,1,baseline,measured,refunds,57,2427.0,,1,1376.59513,state_verified
accepted,1,baseline,measured,refunds,58,755.0,,1,1376.59513,state_verified
accepted,1,baseline,measured,refunds,59,682.0,,1,1376.59513,state_verified
accepted,1,baseline,measured,refunds,60,620.0,,1,1376.59513,state_verified
accepted,1,baseline,measured,refunds,61,634.0,,1,1376.59513,state_verified
accepted,1,baseline,measured,refunds,62,632.0,,1,1376.59513,state_verified
accepted,1,baseline,measured,refunds,63,594.0,,1,1376.59513,state_verified
accepted,1,baseline,measured,refunds,64,632.0,,1,1376.59513,state_verified
accepted,1,baseline,measured,refunds,65,647.0,,1,1376.59513,state_verified
accepted,1,baseline,measured,refunds,66,577.0,,1,1376.59513,state_verified
accepted,1,baseline,measured,refunds,67,559.0,,1,1376.59513,state_verified
accepted,1,baseline,measured,refunds,68,597.0,,1,1376.59513,state_verified
accepted,1,baseline,measured,refunds,69,598.0,,1,1376.59513,state_verified
accepted,1,baseline,measured,refunds,70,632.0,,1,1376.59513,state_verified
accepted,1,baseline,measured,refunds,71,613.0,,1,1376.59513,state_verified
accepted,1,baseline,measured,refunds,72,644.0,,1,1376.59513,state_verified
accepted,1,baseline,measured,refunds,73,637.0,,1,1376.59513,state_verified
accepted,1,baseline,measured,refunds,74,627.0,,1,1376.59513,state_verified
accepted,1,baseline,measured,refunds,75,660.0,,1,1376.59513,state_verified
accepted,1,baseline,measured,refunds,76,632.0,,1,1376.59513,state_verified
accepted,1,baseline,measured,refunds,77,633.0,,1,1376.59513,state_verified
accepted,1,baseline,measured,refunds,78,623.0,,1,1376.59513,state_verified
accepted,1,baseline,measured,refunds,79,620.0,,1,1376.59513,state_verified
accepted,1,baseline,measured,refunds,80,648.0,,1,1376.59513,state_verified
accepted,1,baseline,measured,refunds,81,617.0,,1,1376.59513,state_verified
accepted,1,baseline,measured,refunds,82,627.0,,1,1376.59513,state_verified
accepted,1,baseline,measured,refunds,83,629.0,,1,1376.59513,state_verified
accepted,1,baseline,measured,refunds,84,572.0,,1,1376.59513,state_verified
accepted,1,baseline,measured,refunds,85,624.0,,1,1376.59513,state_verified
accepted,1,baseline,measured,refunds,86,631.0,,1,1376.59513,state_verified
accepted,1,baseline,measured,refunds,87,620.0,,1,1376.59513,state_verified
accepted,1,baseline,measured,refunds,88,810.0,,1,1376.59513,state_verified
accepted,1,baseline,measured,refunds,89,716.0,,1,1376.59513,state_verified
accepted,1,baseline,measured,refunds,90,607.0,,1,1376.59513,state_verified
accepted,1,baseline,measured,refunds,91,658.0,,1,1376.59513,state_verified
accepted,1,baseline,measured,refunds,92,596.0,,1,1376.59513,state_verified
accepted,1,baseline,measured,refunds,93,582.0,,1,1376.59513,state_verified
accepted,1,baseline,measured,refunds,94,625.0,,1,1376.59513,state_verified
accepted,1,baseline,measured,refunds,95,922.0,,1,1376.59513,state_verified
accepted,1,baseline,measured,refunds,96,942.0,,1,1376.59513,state_verified
accepted,1,baseline,measured,refunds,97,944.0,,1,1376.59513,state_verified
accepted,1,baseline,measured,refunds,98,926.0,,1,1376.59513,state_verified
accepted,1,baseline,measured,refunds,99,643.0,,1,1376.59513,state_verified
accepted,1,baseline,measured,refunds,100,651.0,,1,1376.59513,state_verified
accepted,1,baseline,measured,refunds,101,662.0,,1,1376.59513,state_verified
accepted,1,baseline,measured,refunds,102,660.0,,1,1376.59513,state_verified
accepted,1,baseline,measured,refunds,103,636.0,,1,1376.59513,state_verified
accepted,1,baseline,measured,refunds,104,629.0,,1,1376.59513,state_verified
accepted,1,baseline,measured,refunds,105,642.0,,1,1376.59513,state_verified
accepted,1,baseline,measured,refunds,106,602.0,,1,1376.59513,state_verified
accepted,1,baseline,measured,refunds,107,628.0,,1,1376.59513,state_verified
accepted,1,baseline,measured,refunds,108,633.0,,1,1376.59513,state_verified
accepted,1,baseline,measured,refunds,109,617.0,,1,1376.59513,state_verified
accepted,1,baseline,measured,refunds,110,608.0,,1,1376.59513,state_verified
accepted,1,baseline,measured,refunds,111,610.0,,1,1376.59513,state_verified
accepted,1,baseline,measured,refunds,112,637.0,,1,1376.59513,state_verified
accepted,1,baseline,measured,refunds,113,624.0,,1,1376.59513,state_verified
accepted,1,baseline,measured,refunds,114,610.0,,1,1376.59513,state_verified
accepted,1,baseline,measured,refunds,115,598.0,,1,1376.59513,state_verified
accepted,1,baseline,measured,refunds,116,627.0,,1,1376.59513,state_verified
accepted,1,baseline,measured,refunds,117,634.0,,1,1376.59513,state_verified
accepted,1,baseline,measured,refunds,118,637.0,,1,1376.59513,state_verified
accepted,1,baseline,measured,refunds,119,587.0,,1,1376.59513,state_verified
accepted,1,baseline,measured,refunds,120,637.0,,1,1376.59513,state_verified
accepted,1,baseline,measured,refunds,121,630.0,,1,1376.59513,state_verified
accepted,1,baseline,measured,refunds,122,650.0,,1,1376.59513,state_verified
accepted,1,baseline,measured,refunds,123,643.0,,1,1376.59513,state_verified
accepted,1,baseline,measured,refunds,124,602.0,,1,1376.59513,state_verified
accepted,1,baseline,measured,refunds,125,673.0,,1,1376.59513,state_verified
accepted,1,baseline,measured,refunds,126,625.0,,1,1376.59513,state_verified
accepted,1,baseline,measured,refunds,127,602.0,,1,1376.59513,state_verified
accepted,1,baseline,measured,refunds,128,651.0,,1,1376.59513,state_verified
accepted,1,baseline,measured,refunds,129,609.0,,1,1376.59513,state_verified
accepted,1,baseline,measured,refunds,130,646.0,,1,1376.59513,state_verified
accepted,1,baseline,measured,refunds,131,788.0,,1,1376.59513,state_verified
accepted,1,baseline,measured,refunds,132,676.0,,1,1376.59513,state_verified
accepted,1,baseline,measured,refunds,133,712.0,,1,1376.59513,state_verified
accepted,1,baseline,measured,refunds,134,665.0,,1,1376.59513,state_verified
accepted,1,baseline,measured,refunds,135,608.0,,1,1376.59513,state_verified
accepted,1,baseline,measured,refunds,136,590.0,,1,1376.59513,state_verified
accepted,1,baseline,measured,refunds,137,629.0,,1,1376.59513,state_verified
accepted,1,baseline,measured,refunds,138,613.0,,1,1376.59513,state_verified
accepted,1,baseline,measured,refunds,139,615.0,,1,1376.59513,state_verified
accepted,1,baseline,measured,refunds,140,631.0,,1,1376.59513,state_verified
accepted,1,baseline,measured,refunds,141,620.0,,1,1376.59513,state_verified
accepted,1,baseline,measured,refunds,142,610.0,,1,1376.59513,state_verified
accepted,1,baseline,measured,refunds,143,601.0,,1,1376.59513,state_verified
accepted,1,baseline,measured,refunds,144,626.0,,1,1376.59513,state_verified
accepted,1,baseline,measured,refunds,145,614.0,,1,1376.59513,state_verified
accepted,1,baseline,measured,refunds,146,616.0,,1,1376.59513,state_verified
accepted,1,baseline,measured,refunds,147,739.0,,1,1376.59513,state_verified
accepted,1,baseline,measured,refunds,148,746.0,,1,1376.59513,state_verified
accepted,1,baseline,measured,refunds,149,697.0,,1,1376.59513,state_verified
accepted,1,baseline,measured,refunds,150,636.0,,1,1376.59513,state_verified
accepted,1,baseline,measured,refunds,151,643.0,,1,1376.59513,state_verified
accepted,1,baseline,measured,refunds,152,616.0,,1,1376.59513,state_verified
accepted,1,baseline,measured,refunds,153,610.0,,1,1376.59513,state_verified
accepted,1,baseline,measured,refunds,154,645.0,,1,1376.59513,state_verified
accepted,1,baseline,measured,refunds,155,644.0,,1,1376.59513,state_verified
accepted,1,baseline,measured,refunds,156,666.0,,1,1376.59513,state_verified
accepted,1,baseline,measured,refunds,157,631.0,,1,1376.59513,state_verified
accepted,1,baseline,measured,refunds,158,627.0,,1,1376.59513,state_verified
accepted,1,baseline,measured,refunds,159,1159.0,,1,1376.59513,state_verified
accepted,1,baseline,measured,refunds,160,914.0,,1,1376.59513,state_verified
accepted,1,baseline,measured,refunds,161,1067.0,,1,1376.59513,state_verified
accepted,1,baseline,measured,refunds,162,993.0,,1,1376.59513,state_verified
accepted,1,baseline,measured,refunds,163,619.0,,1,1376.59513,state_verified
accepted,1,baseline,measured,refunds,164,620.0,,1,1376.59513,state_verified
accepted,1,baseline,measured,refunds,165,665.0,,1,1376.59513,state_verified
accepted,1,baseline,measured,refunds,166,641.0,,1,1376.59513,state_verified
accepted,1,baseline,measured,refunds,167,636.0,,1,1376.59513,state_verified
accepted,1,baseline,measured,refunds,168,615.0,,1,1376.59513,state_verified
accepted,1,baseline,measured,refunds,169,645.0,,1,1376.59513,state_verified
accepted,1,baseline,measured,refunds,170,638.0,,1,1376.59513,state_verified
accepted,1,baseline,measured,refunds,171,592.0,,1,1376.59513,state_verified
accepted,1,baseline,measured,refunds,172,624.0,,1,1376.59513,state_verified
accepted,1,baseline,measured,refunds,173,664.0,,1,1376.59513,state_verified
accepted,1,baseline,measured,refunds,174,732.0,,1,1376.59513,state_verified
accepted,1,baseline,measured,refunds,175,801.0,,1,1376.59513,state_verified
accepted,1,baseline,measured,refunds,176,865.0,,1,1376.59513,state_verified
accepted,1,baseline,measured,refunds,177,685.0,,1,1376.59513,state_verified
accepted,1,baseline,measured,refunds,178,617.0,,1,1376.59513,state_verified
accepted,1,baseline,measured,refunds,179,586.0,,1,1376.59513,state_verified
accepted,1,baseline,measured,refunds,180,598.0,,1,1376.59513,state_verified
accepted,1,baseline,measured,refunds,181,572.0,,1,1376.59513,state_verified
accepted,1,baseline,measured,refunds,182,613.0,,1,1376.59513,state_verified
accepted,1,baseline,measured,refunds,183,587.0,,1,1376.59513,state_verified
accepted,1,baseline,measured,refunds,184,616.0,,1,1376.59513,state_verified
accepted,1,baseline,measured,refunds,185,602.0,,1,1376.59513,state_verified
accepted,1,baseline,measured,refunds,186,668.0,,1,1376.59513,state_verified
accepted,1,baseline,measured,refunds,187,717.0,,1,1376.59513,state_verified
accepted,1,baseline,measured,refunds,188,755.0,,1,1376.59513,state_verified
accepted,1,baseline,measured,refunds,189,720.0,,1,1376.59513,state_verified
accepted,1,baseline,measured,refunds,190,732.0,,1,1376.59513,state_verified
accepted,1,baseline,measured,refunds,191,701.0,,1,1376.59513,state_verified
accepted,1,baseline,measured,refunds,192,755.0,,1,1376.59513,state_verified
accepted,1,baseline,measured,refunds,193,670.0,,1,1376.59513,state_verified
accepted,1,baseline,measured,refunds,194,624.0,,1,1376.59513,state_verified
accepted,1,baseline,measured,refunds,195,726.0,,1,1376.59513,state_verified
accepted,1,baseline,measured,refunds,196,636.0,,1,1376.59513,state_verified
accepted,1,baseline,measured,refunds,197,624.0,,1,1376.59513,state_verified
accepted,1,baseline,measured,refunds,198,657.0,,1,1376.59513,state_verified
accepted,1,baseline,measured,refunds,199,903.0,,1,1376.59513,state_verified
accepted,1,baseline,measured,refunds,200,718.0,,1,1376.59513,state_verified
accepted,1,protected,measured,refunds,1,2980.0,,1,1338.096959,state_verified
accepted,1,protected,measured,refunds,2,757.0,,1,1338.096959,state_verified
accepted,1,protected,measured,refunds,3,720.0,,1,1338.096959,state_verified
accepted,1,protected,measured,refunds,4,726.0,,1,1338.096959,state_verified
accepted,1,protected,measured,refunds,5,776.0,,1,1338.096959,state_verified
accepted,1,protected,measured,refunds,6,735.0,,1,1338.096959,state_verified
accepted,1,protected,measured,refunds,7,688.0,,1,1338.096959,state_verified
accepted,1,protected,measured,refunds,8,686.0,,1,1338.096959,state_verified
accepted,1,protected,measured,refunds,9,656.0,,1,1338.096959,state_verified
accepted,1,protected,measured,refunds,10,657.0,,1,1338.096959,state_verified
accepted,1,protected,measured,refunds,11,992.0,,1,1338.096959,state_verified
accepted,1,protected,measured,refunds,12,1014.0,,1,1338.096959,state_verified
accepted,1,protected,measured,refunds,13,1030.0,,1,1338.096959,state_verified
accepted,1,protected,measured,refunds,14,1137.0,,1,1338.096959,state_verified
accepted,1,protected,measured,refunds,15,777.0,,1,1338.096959,state_verified
accepted,1,protected,measured,refunds,16,745.0,,1,1338.096959,state_verified
accepted,1,protected,measured,refunds,17,712.0,,1,1338.096959,state_verified
accepted,1,protected,measured,refunds,18,812.0,,1,1338.096959,state_verified
accepted,1,protected,measured,refunds,19,824.0,,1,1338.096959,state_verified
accepted,1,protected,measured,refunds,20,700.0,,1,1338.096959,state_verified
accepted,1,protected,measured,refunds,21,740.0,,1,1338.096959,state_verified
accepted,1,protected,measured,refunds,22,694.0,,1,1338.096959,state_verified
accepted,1,protected,measured,refunds,23,992.0,,1,1338.096959,state_verified
accepted,1,protected,measured,refunds,24,725.0,,1,1338.096959,state_verified
accepted,1,protected,measured,refunds,25,802.0,,1,1338.096959,state_verified
accepted,1,protected,measured,refunds,26,692.0,,1,1338.096959,state_verified
accepted,1,protected,measured,refunds,27,699.0,,1,1338.096959,state_verified
accepted,1,protected,measured,refunds,28,655.0,,1,1338.096959,state_verified
accepted,1,protected,measured,refunds,29,698.0,,1,1338.096959,state_verified
accepted,1,protected,measured,refunds,30,665.0,,1,1338.096959,state_verified
accepted,1,protected,measured,refunds,31,665.0,,1,1338.096959,state_verified
accepted,1,protected,measured,refunds,32,675.0,,1,1338.096959,state_verified
accepted,1,protected,measured,refunds,33,655.0,,1,1338.096959,state_verified
accepted,1,protected,measured,refunds,34,680.0,,1,1338.096959,state_verified
accepted,1,protected,measured,refunds,35,777.0,,1,1338.096959,state_verified
accepted,1,protected,measured,refunds,36,809.0,,1,1338.096959,state_verified
accepted,1,protected,measured,refunds,37,826.0,,1,1338.096959,state_verified
accepted,1,protected,measured,refunds,38,798.0,,1,1338.096959,state_verified
accepted,1,protected,measured,refunds,39,660.0,,1,1338.096959,state_verified
accepted,1,protected,measured,refunds,40,813.0,,1,1338.096959,state_verified
accepted,1,protected,measured,refunds,41,828.0,,1,1338.096959,state_verified
accepted,1,protected,measured,refunds,42,724.0,,1,1338.096959,state_verified
accepted,1,protected,measured,refunds,43,671.0,,1,1338.096959,state_verified
accepted,1,protected,measured,refunds,44,788.0,,1,1338.096959,state_verified
accepted,1,protected,measured,refunds,45,1060.0,,1,1338.096959,state_verified
accepted,1,protected,measured,refunds,46,767.0,,1,1338.096959,state_verified
accepted,1,protected,measured,refunds,47,847.0,,1,1338.096959,state_verified
accepted,1,protected,measured,refunds,48,653.0,,1,1338.096959,state_verified
accepted,1,protected,measured,refunds,49,674.0,,1,1338.096959,state_verified
accepted,1,protected,measured,refunds,50,713.0,,1,1338.096959,state_verified
accepted,1,protected,measured,refunds,51,698.0,,1,1338.096959,state_verified
accepted,1,protected,measured,refunds,52,662.0,,1,1338.096959,state_verified
accepted,1,protected,measured,refunds,53,659.0,,1,1338.096959,state_verified
accepted,1,protected,measured,refunds,54,636.0,,1,1338.096959,state_verified
accepted,1,protected,measured,refunds,55,662.0,,1,1338.096959,state_verified
accepted,1,protected,measured,refunds,56,698.0,,1,1338.096959,state_verified
accepted,1,protected,measured,refunds,57,635.0,,1,1338.096959,state_verified
accepted,1,protected,measured,refunds,58,662.0,,1,1338.096959,state_verified
accepted,1,protected,measured,refunds,59,724.0,,1,1338.096959,state_verified
accepted,1,protected,measured,refunds,60,678.0,,1,1338.096959,state_verified
accepted,1,protected,measured,refunds,61,684.0,,1,1338.096959,state_verified
accepted,1,protected,measured,refunds,62,670.0,,1,1338.096959,state_verified
accepted,1,protected,measured,refunds,63,679.0,,1,1338.096959,state_verified
accepted,1,protected,measured,refunds,64,711.0,,1,1338.096959,state_verified
accepted,1,protected,measured,refunds,65,703.0,,1,1338.096959,state_verified
accepted,1,protected,measured,refunds,66,716.0,,1,1338.096959,state_verified
accepted,1,protected,measured,refunds,67,675.0,,1,1338.096959,state_verified
accepted,1,protected,measured,refunds,68,679.0,,1,1338.096959,state_verified
accepted,1,protected,measured,refunds,69,699.0,,1,1338.096959,state_verified
accepted,1,protected,measured,refunds,70,688.0,,1,1338.096959,state_verified
accepted,1,protected,measured,refunds,71,680.0,,1,1338.096959,state_verified
accepted,1,protected,measured,refunds,72,671.0,,1,1338.096959,state_verified
accepted,1,protected,measured,refunds,73,648.0,,1,1338.096959,state_verified
accepted,1,protected,measured,refunds,74,702.0,,1,1338.096959,state_verified
accepted,1,protected,measured,refunds,75,1098.0,,1,1338.096959,state_verified
accepted,1,protected,measured,refunds,76,1080.0,,1,1338.096959,state_verified
accepted,1,protected,measured,refunds,77,1062.0,,1,1338.096959,state_verified
accepted,1,protected,measured,refunds,78,1148.0,,1,1338.096959,state_verified
accepted,1,protected,measured,refunds,79,887.0,,1,1338.096959,state_verified
accepted,1,protected,measured,refunds,80,716.0,,1,1338.096959,state_verified
accepted,1,protected,measured,refunds,81,636.0,,1,1338.096959,state_verified
accepted,1,protected,measured,refunds,82,645.0,,1,1338.096959,state_verified
accepted,1,protected,measured,refunds,83,757.0,,1,1338.096959,state_verified
accepted,1,protected,measured,refunds,84,670.0,,1,1338.096959,state_verified
accepted,1,protected,measured,refunds,85,676.0,,1,1338.096959,state_verified
accepted,1,protected,measured,refunds,86,699.0,,1,1338.096959,state_verified
accepted,1,protected,measured,refunds,87,692.0,,1,1338.096959,state_verified
accepted,1,protected,measured,refunds,88,983.0,,1,1338.096959,state_verified
accepted,1,protected,measured,refunds,89,728.0,,1,1338.096959,state_verified
accepted,1,protected,measured,refunds,90,722.0,,1,1338.096959,state_verified
accepted,1,protected,measured,refunds,91,647.0,,1,1338.096959,state_verified
accepted,1,protected,measured,refunds,92,660.0,,1,1338.096959,state_verified
accepted,1,protected,measured,refunds,93,684.0,,1,1338.096959,state_verified
accepted,1,protected,measured,refunds,94,658.0,,1,1338.096959,state_verified
accepted,1,protected,measured,refunds,95,689.0,,1,1338.096959,state_verified
accepted,1,protected,measured,refunds,96,647.0,,1,1338.096959,state_verified
accepted,1,protected,measured,refunds,97,654.0,,1,1338.096959,state_verified
accepted,1,protected,measured,refunds,98,660.0,,1,1338.096959,state_verified
accepted,1,protected,measured,refunds,99,728.0,,1,1338.096959,state_verified
accepted,1,protected,measured,refunds,100,715.0,,1,1338.096959,state_verified
accepted,1,protected,measured,refunds,101,664.0,,1,1338.096959,state_verified
accepted,1,protected,measured,refunds,102,662.0,,1,1338.096959,state_verified
accepted,1,protected,measured,refunds,103,643.0,,1,1338.096959,state_verified
accepted,1,protected,measured,refunds,104,657.0,,1,1338.096959,state_verified
accepted,1,protected,measured,refunds,105,684.0,,1,1338.096959,state_verified
accepted,1,protected,measured,refunds,106,634.0,,1,1338.096959,state_verified
accepted,1,protected,measured,refunds,107,653.0,,1,1338.096959,state_verified
accepted,1,protected,measured,refunds,108,692.0,,1,1338.096959,state_verified
accepted,1,protected,measured,refunds,109,655.0,,1,1338.096959,state_verified
accepted,1,protected,measured,refunds,110,657.0,,1,1338.096959,state_verified
accepted,1,protected,measured,refunds,111,668.0,,1,1338.096959,state_verified
accepted,1,protected,measured,refunds,112,640.0,,1,1338.096959,state_verified
accepted,1,protected,measured,refunds,113,663.0,,1,1338.096959,state_verified
accepted,1,protected,measured,refunds,114,673.0,,1,1338.096959,state_verified
accepted,1,protected,measured,refunds,115,641.0,,1,1338.096959,state_verified
accepted,1,protected,measured,refunds,116,657.0,,1,1338.096959,state_verified
accepted,1,protected,measured,refunds,117,672.0,,1,1338.096959,state_verified
accepted,1,protected,measured,refunds,118,637.0,,1,1338.096959,state_verified
accepted,1,protected,measured,refunds,119,632.0,,1,1338.096959,state_verified
accepted,1,protected,measured,refunds,120,686.0,,1,1338.096959,state_verified
accepted,1,protected,measured,refunds,121,656.0,,1,1338.096959,state_verified
accepted,1,protected,measured,refunds,122,659.0,,1,1338.096959,state_verified
accepted,1,protected,measured,refunds,123,690.0,,1,1338.096959,state_verified
accepted,1,protected,measured,refunds,124,672.0,,1,1338.096959,state_verified
accepted,1,protected,measured,refunds,125,667.0,,1,1338.096959,state_verified
accepted,1,protected,measured,refunds,126,650.0,,1,1338.096959,state_verified
accepted,1,protected,measured,refunds,127,668.0,,1,1338.096959,state_verified
accepted,1,protected,measured,refunds,128,662.0,,1,1338.096959,state_verified
accepted,1,protected,measured,refunds,129,687.0,,1,1338.096959,state_verified
accepted,1,protected,measured,refunds,130,670.0,,1,1338.096959,state_verified
accepted,1,protected,measured,refunds,131,679.0,,1,1338.096959,state_verified
accepted,1,protected,measured,refunds,132,668.0,,1,1338.096959,state_verified
accepted,1,protected,measured,refunds,133,654.0,,1,1338.096959,state_verified
accepted,1,protected,measured,refunds,134,693.0,,1,1338.096959,state_verified
accepted,1,protected,measured,refunds,135,655.0,,1,1338.096959,state_verified
accepted,1,protected,measured,refunds,136,622.0,,1,1338.096959,state_verified
accepted,1,protected,measured,refunds,137,651.0,,1,1338.096959,state_verified
accepted,1,protected,measured,refunds,138,665.0,,1,1338.096959,state_verified
accepted,1,protected,measured,refunds,139,1023.0,,1,1338.096959,state_verified
accepted,1,protected,measured,refunds,140,1150.0,,1,1338.096959,state_verified
accepted,1,protected,measured,refunds,141,1097.0,,1,1338.096959,state_verified
accepted,1,protected,measured,refunds,142,1125.0,,1,1338.096959,state_verified
accepted,1,protected,measured,refunds,143,788.0,,1,1338.096959,state_verified
accepted,1,protected,measured,refunds,144,785.0,,1,1338.096959,state_verified
accepted,1,protected,measured,refunds,145,714.0,,1,1338.096959,state_verified
accepted,1,protected,measured,refunds,146,895.0,,1,1338.096959,state_verified
accepted,1,protected,measured,refunds,147,771.0,,1,1338.096959,state_verified
accepted,1,protected,measured,refunds,148,673.0,,1,1338.096959,state_verified
accepted,1,protected,measured,refunds,149,710.0,,1,1338.096959,state_verified
accepted,1,protected,measured,refunds,150,699.0,,1,1338.096959,state_verified
accepted,1,protected,measured,refunds,151,703.0,,1,1338.096959,state_verified
accepted,1,protected,measured,refunds,152,664.0,,1,1338.096959,state_verified
accepted,1,protected,measured,refunds,153,666.0,,1,1338.096959,state_verified
accepted,1,protected,measured,refunds,154,653.0,,1,1338.096959,state_verified
accepted,1,protected,measured,refunds,155,687.0,,1,1338.096959,state_verified
accepted,1,protected,measured,refunds,156,678.0,,1,1338.096959,state_verified
accepted,1,protected,measured,refunds,157,670.0,,1,1338.096959,state_verified
accepted,1,protected,measured,refunds,158,686.0,,1,1338.096959,state_verified
accepted,1,protected,measured,refunds,159,682.0,,1,1338.096959,state_verified
accepted,1,protected,measured,refunds,160,701.0,,1,1338.096959,state_verified
accepted,1,protected,measured,refunds,161,769.0,,1,1338.096959,state_verified
accepted,1,protected,measured,refunds,162,741.0,,1,1338.096959,state_verified
accepted,1,protected,measured,refunds,163,825.0,,1,1338.096959,state_verified
accepted,1,protected,measured,refunds,164,740.0,,1,1338.096959,state_verified
accepted,1,protected,measured,refunds,165,669.0,,1,1338.096959,state_verified
accepted,1,protected,measured,refunds,166,776.0,,1,1338.096959,state_verified
accepted,1,protected,measured,refunds,167,849.0,,1,1338.096959,state_verified
accepted,1,protected,measured,refunds,168,761.0,,1,1338.096959,state_verified
accepted,1,protected,measured,refunds,169,720.0,,1,1338.096959,state_verified
accepted,1,protected,measured,refunds,170,761.0,,1,1338.096959,state_verified
accepted,1,protected,measured,refunds,171,751.0,,1,1338.096959,state_verified
accepted,1,protected,measured,refunds,172,643.0,,1,1338.096959,state_verified
accepted,1,protected,measured,refunds,173,670.0,,1,1338.096959,state_verified
accepted,1,protected,measured,refunds,174,747.0,,1,1338.096959,state_verified
accepted,1,protected,measured,refunds,175,951.0,,1,1338.096959,state_verified
accepted,1,protected,measured,refunds,176,654.0,,1,1338.096959,state_verified
accepted,1,protected,measured,refunds,177,793.0,,1,1338.096959,state_verified
accepted,1,protected,measured,refunds,178,700.0,,1,1338.096959,state_verified
accepted,1,protected,measured,refunds,179,717.0,,1,1338.096959,state_verified
accepted,1,protected,measured,refunds,180,682.0,,1,1338.096959,state_verified
accepted,1,protected,measured,refunds,181,638.0,,1,1338.096959,state_verified
accepted,1,protected,measured,refunds,182,690.0,,1,1338.096959,state_verified
accepted,1,protected,measured,refunds,183,678.0,,1,1338.096959,state_verified
accepted,1,protected,measured,refunds,184,678.0,,1,1338.096959,state_verified
accepted,1,protected,measured,refunds,185,690.0,,1,1338.096959,state_verified
accepted,1,protected,measured,refunds,186,717.0,,1,1338.096959,state_verified
accepted,1,protected,measured,refunds,187,704.0,,1,1338.096959,state_verified
accepted,1,protected,measured,refunds,188,668.0,,1,1338.096959,state_verified
accepted,1,protected,measured,refunds,189,682.0,,1,1338.096959,state_verified
accepted,1,protected,measured,refunds,190,664.0,,1,1338.096959,state_verified
accepted,1,protected,measured,refunds,191,640.0,,1,1338.096959,state_verified
accepted,1,protected,measured,refunds,192,691.0,,1,1338.096959,state_verified
accepted,1,protected,measured,refunds,193,639.0,,1,1338.096959,state_verified
accepted,1,protected,measured,refunds,194,639.0,,1,1338.096959,state_verified
accepted,1,protected,measured,refunds,195,635.0,,1,1338.096959,state_verified
accepted,1,protected,measured,refunds,196,700.0,,1,1338.096959,state_verified
accepted,1,protected,measured,refunds,197,686.0,,1,1338.096959,state_verified
accepted,1,protected,measured,refunds,198,652.0,,1,1338.096959,state_verified
accepted,1,protected,measured,refunds,199,669.0,,1,1338.096959,state_verified
accepted,1,protected,measured,refunds,200,661.0,,1,1338.096959,state_verified
accepted,1,baseline,measured,mixed,1,4520.0,,7,1021.09584,state_verified
accepted,1,baseline,measured,mixed,2,1316.0,,7,1021.09584,state_verified
accepted,1,baseline,measured,mixed,3,997.0,,7,1021.09584,state_verified
accepted,1,baseline,measured,mixed,4,1132.0,,7,1021.09584,state_verified
accepted,1,baseline,measured,mixed,5,1230.0,,7,1021.09584,state_verified
accepted,1,baseline,measured,mixed,6,1173.0,,7,1021.09584,state_verified
accepted,1,baseline,measured,mixed,7,958.0,,7,1021.09584,state_verified
accepted,1,baseline,measured,mixed,8,821.0,,7,1021.09584,state_verified
accepted,1,baseline,measured,mixed,9,916.0,,7,1021.09584,state_verified
accepted,1,baseline,measured,mixed,10,885.0,,7,1021.09584,state_verified
accepted,1,baseline,measured,mixed,11,861.0,,7,1021.09584,state_verified
accepted,1,baseline,measured,mixed,12,1000.0,,7,1021.09584,state_verified
accepted,1,baseline,measured,mixed,13,980.0,,7,1021.09584,state_verified
accepted,1,baseline,measured,mixed,14,1043.0,,7,1021.09584,state_verified
accepted,1,baseline,measured,mixed,15,1112.0,,7,1021.09584,state_verified
accepted,1,baseline,measured,mixed,16,983.0,,7,1021.09584,state_verified
accepted,1,baseline,measured,mixed,17,1157.0,,7,1021.09584,state_verified
accepted,1,baseline,measured,mixed,18,1040.0,,7,1021.09584,state_verified
accepted,1,baseline,measured,mixed,19,1080.0,,7,1021.09584,state_verified
accepted,1,baseline,measured,mixed,20,1086.0,,7,1021.09584,state_verified
accepted,1,baseline,measured,mixed,21,1038.0,,7,1021.09584,state_verified
accepted,1,baseline,measured,mixed,22,981.0,,7,1021.09584,state_verified
accepted,1,baseline,measured,mixed,23,804.0,,7,1021.09584,state_verified
accepted,1,baseline,measured,mixed,24,994.0,,7,1021.09584,state_verified
accepted,1,baseline,measured,mixed,25,872.0,,7,1021.09584,state_verified
accepted,1,baseline,measured,mixed,26,872.0,,7,1021.09584,state_verified
accepted,1,baseline,measured,mixed,27,867.0,,7,1021.09584,state_verified
accepted,1,baseline,measured,mixed,28,805.0,,7,1021.09584,state_verified
accepted,1,baseline,measured,mixed,29,846.0,,7,1021.09584,state_verified
accepted,1,baseline,measured,mixed,30,861.0,,7,1021.09584,state_verified
accepted,1,baseline,measured,mixed,31,844.0,,7,1021.09584,state_verified
accepted,1,baseline,measured,mixed,32,814.0,,7,1021.09584,state_verified
accepted,1,baseline,measured,mixed,33,817.0,,7,1021.09584,state_verified
accepted,1,baseline,measured,mixed,34,889.0,,7,1021.09584,state_verified
accepted,1,baseline,measured,mixed,35,1079.0,,7,1021.09584,state_verified
accepted,1,baseline,measured,mixed,36,1023.0,,7,1021.09584,state_verified
accepted,1,baseline,measured,mixed,37,1014.0,,7,1021.09584,state_verified
accepted,1,baseline,measured,mixed,38,948.0,,7,1021.09584,state_verified
accepted,1,baseline,measured,mixed,39,925.0,,7,1021.09584,state_verified
accepted,1,baseline,measured,mixed,40,957.0,,7,1021.09584,state_verified
accepted,1,baseline,measured,mixed,41,901.0,,7,1021.09584,state_verified
accepted,1,baseline,measured,mixed,42,847.0,,7,1021.09584,state_verified
accepted,1,baseline,measured,mixed,43,923.0,,7,1021.09584,state_verified
accepted,1,baseline,measured,mixed,44,873.0,,7,1021.09584,state_verified
accepted,1,baseline,measured,mixed,45,843.0,,7,1021.09584,state_verified
accepted,1,baseline,measured,mixed,46,828.0,,7,1021.09584,state_verified
accepted,1,baseline,measured,mixed,47,908.0,,7,1021.09584,state_verified
accepted,1,baseline,measured,mixed,48,826.0,,7,1021.09584,state_verified
accepted,1,baseline,measured,mixed,49,832.0,,7,1021.09584,state_verified
accepted,1,baseline,measured,mixed,50,861.0,,7,1021.09584,state_verified
accepted,1,baseline,measured,mixed,51,846.0,,7,1021.09584,state_verified
accepted,1,baseline,measured,mixed,52,870.0,,7,1021.09584,state_verified
accepted,1,baseline,measured,mixed,53,843.0,,7,1021.09584,state_verified
accepted,1,baseline,measured,mixed,54,832.0,,7,1021.09584,state_verified
accepted,1,baseline,measured,mixed,55,1192.0,,7,1021.09584,state_verified
accepted,1,baseline,measured,mixed,56,1155.0,,7,1021.09584,state_verified
accepted,1,baseline,measured,mixed,57,1168.0,,7,1021.09584,state_verified
accepted,1,baseline,measured,mixed,58,1122.0,,7,1021.09584,state_verified
accepted,1,baseline,measured,mixed,59,956.0,,7,1021.09584,state_verified
accepted,1,baseline,measured,mixed,60,1012.0,,7,1021.09584,state_verified
accepted,1,baseline,measured,mixed,61,936.0,,7,1021.09584,state_verified
accepted,1,baseline,measured,mixed,62,835.0,,7,1021.09584,state_verified
accepted,1,baseline,measured,mixed,63,819.0,,7,1021.09584,state_verified
accepted,1,baseline,measured,mixed,64,796.0,,7,1021.09584,state_verified
accepted,1,baseline,measured,mixed,65,887.0,,7,1021.09584,state_verified
accepted,1,baseline,measured,mixed,66,807.0,,7,1021.09584,state_verified
accepted,1,baseline,measured,mixed,67,822.0,,7,1021.09584,state_verified
accepted,1,baseline,measured,mixed,68,836.0,,7,1021.09584,state_verified
accepted,1,baseline,measured,mixed,69,855.0,,7,1021.09584,state_verified
accepted,1,baseline,measured,mixed,70,847.0,,7,1021.09584,state_verified
accepted,1,baseline,measured,mixed,71,812.0,,7,1021.09584,state_verified
accepted,1,baseline,measured,mixed,72,815.0,,7,1021.09584,state_verified
accepted,1,baseline,measured,mixed,73,853.0,,7,1021.09584,state_verified
accepted,1,baseline,measured,mixed,74,803.0,,7,1021.09584,state_verified
accepted,1,baseline,measured,mixed,75,834.0,,7,1021.09584,state_verified
accepted,1,baseline,measured,mixed,76,803.0,,7,1021.09584,state_verified
accepted,1,baseline,measured,mixed,77,789.0,,7,1021.09584,state_verified
accepted,1,baseline,measured,mixed,78,869.0,,7,1021.09584,state_verified
accepted,1,baseline,measured,mixed,79,852.0,,7,1021.09584,state_verified
accepted,1,baseline,measured,mixed,80,819.0,,7,1021.09584,state_verified
accepted,1,baseline,measured,mixed,81,816.0,,7,1021.09584,state_verified
accepted,1,baseline,measured,mixed,82,812.0,,7,1021.09584,state_verified
accepted,1,baseline,measured,mixed,83,876.0,,7,1021.09584,state_verified
accepted,1,baseline,measured,mixed,84,972.0,,7,1021.09584,state_verified
accepted,1,baseline,measured,mixed,85,929.0,,7,1021.09584,state_verified
accepted,1,baseline,measured,mixed,86,953.0,,7,1021.09584,state_verified
accepted,1,baseline,measured,mixed,87,924.0,,7,1021.09584,state_verified
accepted,1,baseline,measured,mixed,88,973.0,,7,1021.09584,state_verified
accepted,1,baseline,measured,mixed,89,947.0,,7,1021.09584,state_verified
accepted,1,baseline,measured,mixed,90,848.0,,7,1021.09584,state_verified
accepted,1,baseline,measured,mixed,91,887.0,,7,1021.09584,state_verified
accepted,1,baseline,measured,mixed,92,1014.0,,7,1021.09584,state_verified
accepted,1,baseline,measured,mixed,93,863.0,,7,1021.09584,state_verified
accepted,1,baseline,measured,mixed,94,906.0,,7,1021.09584,state_verified
accepted,1,baseline,measured,mixed,95,838.0,,7,1021.09584,state_verified
accepted,1,baseline,measured,mixed,96,811.0,,7,1021.09584,state_verified
accepted,1,baseline,measured,mixed,97,885.0,,7,1021.09584,state_verified
accepted,1,baseline,measured,mixed,98,820.0,,7,1021.09584,state_verified
accepted,1,baseline,measured,mixed,99,849.0,,7,1021.09584,state_verified
accepted,1,baseline,measured,mixed,100,861.0,,7,1021.09584,state_verified
accepted,1,baseline,measured,mixed,101,924.0,,7,1021.09584,state_verified
accepted,1,baseline,measured,mixed,102,956.0,,7,1021.09584,state_verified
accepted,1,baseline,measured,mixed,103,1010.0,,7,1021.09584,state_verified
accepted,1,baseline,measured,mixed,104,1011.0,,7,1021.09584,state_verified
accepted,1,baseline,measured,mixed,105,989.0,,7,1021.09584,state_verified
accepted,1,baseline,measured,mixed,106,908.0,,7,1021.09584,state_verified
accepted,1,baseline,measured,mixed,107,966.0,,7,1021.09584,state_verified
accepted,1,baseline,measured,mixed,108,856.0,,7,1021.09584,state_verified
accepted,1,baseline,measured,mixed,109,844.0,,7,1021.09584,state_verified
accepted,1,baseline,measured,mixed,110,880.0,,7,1021.09584,state_verified
accepted,1,baseline,measured,mixed,111,909.0,,7,1021.09584,state_verified
accepted,1,baseline,measured,mixed,112,870.0,,7,1021.09584,state_verified
accepted,1,baseline,measured,mixed,113,840.0,,7,1021.09584,state_verified
accepted,1,baseline,measured,mixed,114,971.0,,7,1021.09584,state_verified
accepted,1,baseline,measured,mixed,115,790.0,,7,1021.09584,state_verified
accepted,1,baseline,measured,mixed,116,962.0,,7,1021.09584,state_verified
accepted,1,baseline,measured,mixed,117,875.0,,7,1021.09584,state_verified
accepted,1,baseline,measured,mixed,118,858.0,,7,1021.09584,state_verified
accepted,1,baseline,measured,mixed,119,1154.0,,7,1021.09584,state_verified
accepted,1,baseline,measured,mixed,120,1171.0,,7,1021.09584,state_verified
accepted,1,baseline,measured,mixed,121,1181.0,,7,1021.09584,state_verified
accepted,1,baseline,measured,mixed,122,1175.0,,7,1021.09584,state_verified
accepted,1,baseline,measured,mixed,123,881.0,,7,1021.09584,state_verified
accepted,1,baseline,measured,mixed,124,872.0,,7,1021.09584,state_verified
accepted,1,baseline,measured,mixed,125,924.0,,7,1021.09584,state_verified
accepted,1,baseline,measured,mixed,126,848.0,,7,1021.09584,state_verified
accepted,1,baseline,measured,mixed,127,823.0,,7,1021.09584,state_verified
accepted,1,baseline,measured,mixed,128,820.0,,7,1021.09584,state_verified
accepted,1,baseline,measured,mixed,129,810.0,,7,1021.09584,state_verified
accepted,1,baseline,measured,mixed,130,1121.0,,7,1021.09584,state_verified
accepted,1,baseline,measured,mixed,131,1033.0,,7,1021.09584,state_verified
accepted,1,baseline,measured,mixed,132,947.0,,7,1021.09584,state_verified
accepted,1,baseline,measured,mixed,133,924.0,,7,1021.09584,state_verified
accepted,1,baseline,measured,mixed,134,1045.0,,7,1021.09584,state_verified
accepted,1,baseline,measured,mixed,135,923.0,,7,1021.09584,state_verified
accepted,1,baseline,measured,mixed,136,879.0,,7,1021.09584,state_verified
accepted,1,baseline,measured,mixed,137,896.0,,7,1021.09584,state_verified
accepted,1,baseline,measured,mixed,138,1002.0,,7,1021.09584,state_verified
accepted,1,baseline,measured,mixed,139,862.0,,7,1021.09584,state_verified
accepted,1,baseline,measured,mixed,140,935.0,,7,1021.09584,state_verified
accepted,1,baseline,measured,mixed,141,882.0,,7,1021.09584,state_verified
accepted,1,baseline,measured,mixed,142,839.0,,7,1021.09584,state_verified
accepted,1,baseline,measured,mixed,143,859.0,,7,1021.09584,state_verified
accepted,1,baseline,measured,mixed,144,871.0,,7,1021.09584,state_verified
accepted,1,baseline,measured,mixed,145,818.0,,7,1021.09584,state_verified
accepted,1,baseline,measured,mixed,146,830.0,,7,1021.09584,state_verified
accepted,1,baseline,measured,mixed,147,860.0,,7,1021.09584,state_verified
accepted,1,baseline,measured,mixed,148,873.0,,7,1021.09584,state_verified
accepted,1,baseline,measured,mixed,149,819.0,,7,1021.09584,state_verified
accepted,1,baseline,measured,mixed,150,858.0,,7,1021.09584,state_verified
accepted,1,baseline,measured,mixed,151,986.0,,7,1021.09584,state_verified
accepted,1,baseline,measured,mixed,152,877.0,,7,1021.09584,state_verified
accepted,1,baseline,measured,mixed,153,870.0,,7,1021.09584,state_verified
accepted,1,baseline,measured,mixed,154,843.0,,7,1021.09584,state_verified
accepted,1,baseline,measured,mixed,155,889.0,,7,1021.09584,state_verified
accepted,1,baseline,measured,mixed,156,1078.0,,7,1021.09584,state_verified
accepted,1,baseline,measured,mixed,157,823.0,,7,1021.09584,state_verified
accepted,1,baseline,measured,mixed,158,825.0,,7,1021.09584,state_verified
accepted,1,baseline,measured,mixed,159,778.0,,7,1021.09584,state_verified
accepted,1,baseline,measured,mixed,160,849.0,,7,1021.09584,state_verified
accepted,1,baseline,measured,mixed,161,850.0,,7,1021.09584,state_verified
accepted,1,baseline,measured,mixed,162,837.0,,7,1021.09584,state_verified
accepted,1,baseline,measured,mixed,163,856.0,,7,1021.09584,state_verified
accepted,1,baseline,measured,mixed,164,850.0,,7,1021.09584,state_verified
accepted,1,baseline,measured,mixed,165,813.0,,7,1021.09584,state_verified
accepted,1,baseline,measured,mixed,166,800.0,,7,1021.09584,state_verified
accepted,1,baseline,measured,mixed,167,793.0,,7,1021.09584,state_verified
accepted,1,baseline,measured,mixed,168,876.0,,7,1021.09584,state_verified
accepted,1,baseline,measured,mixed,169,815.0,,7,1021.09584,state_verified
accepted,1,baseline,measured,mixed,170,812.0,,7,1021.09584,state_verified
accepted,1,baseline,measured,mixed,171,811.0,,7,1021.09584,state_verified
accepted,1,baseline,measured,mixed,172,819.0,,7,1021.09584,state_verified
accepted,1,baseline,measured,mixed,173,875.0,,7,1021.09584,state_verified
accepted,1,baseline,measured,mixed,174,828.0,,7,1021.09584,state_verified
accepted,1,baseline,measured,mixed,175,833.0,,7,1021.09584,state_verified
accepted,1,baseline,measured,mixed,176,858.0,,7,1021.09584,state_verified
accepted,1,baseline,measured,mixed,177,845.0,,7,1021.09584,state_verified
accepted,1,baseline,measured,mixed,178,984.0,,7,1021.09584,state_verified
accepted,1,baseline,measured,mixed,179,7802.0,,7,1021.09584,state_verified
accepted,1,baseline,measured,mixed,180,1347.0,,7,1021.09584,state_verified
accepted,1,baseline,measured,mixed,181,1683.0,,7,1021.09584,state_verified
accepted,1,baseline,measured,mixed,182,1299.0,,7,1021.09584,state_verified
accepted,1,baseline,measured,mixed,183,833.0,,7,1021.09584,state_verified
accepted,1,baseline,measured,mixed,184,913.0,,7,1021.09584,state_verified
accepted,1,baseline,measured,mixed,185,903.0,,7,1021.09584,state_verified
accepted,1,baseline,measured,mixed,186,880.0,,7,1021.09584,state_verified
accepted,1,baseline,measured,mixed,187,854.0,,7,1021.09584,state_verified
accepted,1,baseline,measured,mixed,188,853.0,,7,1021.09584,state_verified
accepted,1,baseline,measured,mixed,189,807.0,,7,1021.09584,state_verified
accepted,1,baseline,measured,mixed,190,859.0,,7,1021.09584,state_verified
accepted,1,baseline,measured,mixed,191,844.0,,7,1021.09584,state_verified
accepted,1,baseline,measured,mixed,192,865.0,,7,1021.09584,state_verified
accepted,1,baseline,measured,mixed,193,978.0,,7,1021.09584,state_verified
accepted,1,baseline,measured,mixed,194,982.0,,7,1021.09584,state_verified
accepted,1,baseline,measured,mixed,195,1003.0,,7,1021.09584,state_verified
accepted,1,baseline,measured,mixed,196,949.0,,7,1021.09584,state_verified
accepted,1,baseline,measured,mixed,197,994.0,,7,1021.09584,state_verified
accepted,1,baseline,measured,mixed,198,894.0,,7,1021.09584,state_verified
accepted,1,baseline,measured,mixed,199,843.0,,7,1021.09584,state_verified
accepted,1,baseline,measured,mixed,200,908.0,,7,1021.09584,state_verified
accepted,1,protected,measured,mixed,1,4154.0,,7,944.96969,state_verified
accepted,1,protected,measured,mixed,2,945.0,,7,944.96969,state_verified
accepted,1,protected,measured,mixed,3,869.0,,7,944.96969,state_verified
accepted,1,protected,measured,mixed,4,888.0,,7,944.96969,state_verified
accepted,1,protected,measured,mixed,5,900.0,,7,944.96969,state_verified
accepted,1,protected,measured,mixed,6,926.0,,7,944.96969,state_verified
accepted,1,protected,measured,mixed,7,794.0,,7,944.96969,state_verified
accepted,1,protected,measured,mixed,8,939.0,,7,944.96969,state_verified
accepted,1,protected,measured,mixed,9,1047.0,,7,944.96969,state_verified
accepted,1,protected,measured,mixed,10,994.0,,7,944.96969,state_verified
accepted,1,protected,measured,mixed,11,962.0,,7,944.96969,state_verified
accepted,1,protected,measured,mixed,12,995.0,,7,944.96969,state_verified
accepted,1,protected,measured,mixed,13,1023.0,,7,944.96969,state_verified
accepted,1,protected,measured,mixed,14,969.0,,7,944.96969,state_verified
accepted,1,protected,measured,mixed,15,996.0,,7,944.96969,state_verified
accepted,1,protected,measured,mixed,16,991.0,,7,944.96969,state_verified
accepted,1,protected,measured,mixed,17,957.0,,7,944.96969,state_verified
accepted,1,protected,measured,mixed,18,1320.0,,7,944.96969,state_verified
accepted,1,protected,measured,mixed,19,1329.0,,7,944.96969,state_verified
accepted,1,protected,measured,mixed,20,1283.0,,7,944.96969,state_verified
accepted,1,protected,measured,mixed,21,1365.0,,7,944.96969,state_verified
accepted,1,protected,measured,mixed,22,994.0,,7,944.96969,state_verified
accepted,1,protected,measured,mixed,23,987.0,,7,944.96969,state_verified
accepted,1,protected,measured,mixed,24,1026.0,,7,944.96969,state_verified
accepted,1,protected,measured,mixed,25,1020.0,,7,944.96969,state_verified
accepted,1,protected,measured,mixed,26,1404.0,,7,944.96969,state_verified
accepted,1,protected,measured,mixed,27,1131.0,,7,944.96969,state_verified
accepted,1,protected,measured,mixed,28,996.0,,7,944.96969,state_verified
accepted,1,protected,measured,mixed,29,984.0,,7,944.96969,state_verified
accepted,1,protected,measured,mixed,30,994.0,,7,944.96969,state_verified
accepted,1,protected,measured,mixed,31,964.0,,7,944.96969,state_verified
accepted,1,protected,measured,mixed,32,949.0,,7,944.96969,state_verified
accepted,1,protected,measured,mixed,33,950.0,,7,944.96969,state_verified
accepted,1,protected,measured,mixed,34,1014.0,,7,944.96969,state_verified
accepted,1,protected,measured,mixed,35,995.0,,7,944.96969,state_verified
accepted,1,protected,measured,mixed,36,963.0,,7,944.96969,state_verified
accepted,1,protected,measured,mixed,37,1003.0,,7,944.96969,state_verified
accepted,1,protected,measured,mixed,38,949.0,,7,944.96969,state_verified
accepted,1,protected,measured,mixed,39,973.0,,7,944.96969,state_verified
accepted,1,protected,measured,mixed,40,1044.0,,7,944.96969,state_verified
accepted,1,protected,measured,mixed,41,1316.0,,7,944.96969,state_verified
accepted,1,protected,measured,mixed,42,1120.0,,7,944.96969,state_verified
accepted,1,protected,measured,mixed,43,988.0,,7,944.96969,state_verified
accepted,1,protected,measured,mixed,44,928.0,,7,944.96969,state_verified
accepted,1,protected,measured,mixed,45,921.0,,7,944.96969,state_verified
accepted,1,protected,measured,mixed,46,955.0,,7,944.96969,state_verified
accepted,1,protected,measured,mixed,47,954.0,,7,944.96969,state_verified
accepted,1,protected,measured,mixed,48,938.0,,7,944.96969,state_verified
accepted,1,protected,measured,mixed,49,995.0,,7,944.96969,state_verified
accepted,1,protected,measured,mixed,50,971.0,,7,944.96969,state_verified
accepted,1,protected,measured,mixed,51,1052.0,,7,944.96969,state_verified
accepted,1,protected,measured,mixed,52,963.0,,7,944.96969,state_verified
accepted,1,protected,measured,mixed,53,945.0,,7,944.96969,state_verified
accepted,1,protected,measured,mixed,54,958.0,,7,944.96969,state_verified
accepted,1,protected,measured,mixed,55,1147.0,,7,944.96969,state_verified
accepted,1,protected,measured,mixed,56,1313.0,,7,944.96969,state_verified
accepted,1,protected,measured,mixed,57,1155.0,,7,944.96969,state_verified
accepted,1,protected,measured,mixed,58,966.0,,7,944.96969,state_verified
accepted,1,protected,measured,mixed,59,1000.0,,7,944.96969,state_verified
accepted,1,protected,measured,mixed,60,1014.0,,7,944.96969,state_verified
accepted,1,protected,measured,mixed,61,988.0,,7,944.96969,state_verified
accepted,1,protected,measured,mixed,62,944.0,,7,944.96969,state_verified
accepted,1,protected,measured,mixed,63,1053.0,,7,944.96969,state_verified
accepted,1,protected,measured,mixed,64,1213.0,,7,944.96969,state_verified
accepted,1,protected,measured,mixed,65,1184.0,,7,944.96969,state_verified
accepted,1,protected,measured,mixed,66,1277.0,,7,944.96969,state_verified
accepted,1,protected,measured,mixed,67,1436.0,,7,944.96969,state_verified
accepted,1,protected,measured,mixed,68,1036.0,,7,944.96969,state_verified
accepted,1,protected,measured,mixed,69,973.0,,7,944.96969,state_verified
accepted,1,protected,measured,mixed,70,957.0,,7,944.96969,state_verified
accepted,1,protected,measured,mixed,71,962.0,,7,944.96969,state_verified
accepted,1,protected,measured,mixed,72,1048.0,,7,944.96969,state_verified
accepted,1,protected,measured,mixed,73,956.0,,7,944.96969,state_verified
accepted,1,protected,measured,mixed,74,951.0,,7,944.96969,state_verified
accepted,1,protected,measured,mixed,75,969.0,,7,944.96969,state_verified
accepted,1,protected,measured,mixed,76,1001.0,,7,944.96969,state_verified
accepted,1,protected,measured,mixed,77,986.0,,7,944.96969,state_verified
accepted,1,protected,measured,mixed,78,978.0,,7,944.96969,state_verified
accepted,1,protected,measured,mixed,79,946.0,,7,944.96969,state_verified
accepted,1,protected,measured,mixed,80,954.0,,7,944.96969,state_verified
accepted,1,protected,measured,mixed,81,987.0,,7,944.96969,state_verified
accepted,1,protected,measured,mixed,82,1485.0,,7,944.96969,state_verified
accepted,1,protected,measured,mixed,83,1630.0,,7,944.96969,state_verified
accepted,1,protected,measured,mixed,84,1345.0,,7,944.96969,state_verified
accepted,1,protected,measured,mixed,85,1422.0,,7,944.96969,state_verified
accepted,1,protected,measured,mixed,86,1060.0,,7,944.96969,state_verified
accepted,1,protected,measured,mixed,87,1130.0,,7,944.96969,state_verified
accepted,1,protected,measured,mixed,88,1238.0,,7,944.96969,state_verified
accepted,1,protected,measured,mixed,89,1115.0,,7,944.96969,state_verified
accepted,1,protected,measured,mixed,90,1015.0,,7,944.96969,state_verified
accepted,1,protected,measured,mixed,91,1044.0,,7,944.96969,state_verified
accepted,1,protected,measured,mixed,92,991.0,,7,944.96969,state_verified
accepted,1,protected,measured,mixed,93,990.0,,7,944.96969,state_verified
accepted,1,protected,measured,mixed,94,1128.0,,7,944.96969,state_verified
accepted,1,protected,measured,mixed,95,1362.0,,7,944.96969,state_verified
accepted,1,protected,measured,mixed,96,1173.0,,7,944.96969,state_verified
accepted,1,protected,measured,mixed,97,1013.0,,7,944.96969,state_verified
accepted,1,protected,measured,mixed,98,997.0,,7,944.96969,state_verified
accepted,1,protected,measured,mixed,99,1010.0,,7,944.96969,state_verified
accepted,1,protected,measured,mixed,100,996.0,,7,944.96969,state_verified
accepted,1,protected,measured,mixed,101,998.0,,7,944.96969,state_verified
accepted,1,protected,measured,mixed,102,955.0,,7,944.96969,state_verified
accepted,1,protected,measured,mixed,103,943.0,,7,944.96969,state_verified
accepted,1,protected,measured,mixed,104,969.0,,7,944.96969,state_verified
accepted,1,protected,measured,mixed,105,933.0,,7,944.96969,state_verified
accepted,1,protected,measured,mixed,106,1222.0,,7,944.96969,state_verified
accepted,1,protected,measured,mixed,107,1163.0,,7,944.96969,state_verified
accepted,1,protected,measured,mixed,108,1086.0,,7,944.96969,state_verified
accepted,1,protected,measured,mixed,109,999.0,,7,944.96969,state_verified
accepted,1,protected,measured,mixed,110,948.0,,7,944.96969,state_verified
accepted,1,protected,measured,mixed,111,963.0,,7,944.96969,state_verified
accepted,1,protected,measured,mixed,112,979.0,,7,944.96969,state_verified
accepted,1,protected,measured,mixed,113,963.0,,7,944.96969,state_verified
accepted,1,protected,measured,mixed,114,972.0,,7,944.96969,state_verified
accepted,1,protected,measured,mixed,115,966.0,,7,944.96969,state_verified
accepted,1,protected,measured,mixed,116,969.0,,7,944.96969,state_verified
accepted,1,protected,measured,mixed,117,940.0,,7,944.96969,state_verified
accepted,1,protected,measured,mixed,118,946.0,,7,944.96969,state_verified
accepted,1,protected,measured,mixed,119,982.0,,7,944.96969,state_verified
accepted,1,protected,measured,mixed,120,985.0,,7,944.96969,state_verified
accepted,1,protected,measured,mixed,121,1022.0,,7,944.96969,state_verified
accepted,1,protected,measured,mixed,122,1057.0,,7,944.96969,state_verified
accepted,1,protected,measured,mixed,123,1015.0,,7,944.96969,state_verified
accepted,1,protected,measured,mixed,124,1361.0,,7,944.96969,state_verified
accepted,1,protected,measured,mixed,125,1173.0,,7,944.96969,state_verified
accepted,1,protected,measured,mixed,126,1072.0,,7,944.96969,state_verified
accepted,1,protected,measured,mixed,127,1015.0,,7,944.96969,state_verified
accepted,1,protected,measured,mixed,128,1033.0,,7,944.96969,state_verified
accepted,1,protected,measured,mixed,129,976.0,,7,944.96969,state_verified
accepted,1,protected,measured,mixed,130,1102.0,,7,944.96969,state_verified
accepted,1,protected,measured,mixed,131,1075.0,,7,944.96969,state_verified
accepted,1,protected,measured,mixed,132,1009.0,,7,944.96969,state_verified
accepted,1,protected,measured,mixed,133,1025.0,,7,944.96969,state_verified
accepted,1,protected,measured,mixed,134,1002.0,,7,944.96969,state_verified
accepted,1,protected,measured,mixed,135,1007.0,,7,944.96969,state_verified
accepted,1,protected,measured,mixed,136,959.0,,7,944.96969,state_verified
accepted,1,protected,measured,mixed,137,1101.0,,7,944.96969,state_verified
accepted,1,protected,measured,mixed,138,1136.0,,7,944.96969,state_verified
accepted,1,protected,measured,mixed,139,982.0,,7,944.96969,state_verified
accepted,1,protected,measured,mixed,140,1027.0,,7,944.96969,state_verified
accepted,1,protected,measured,mixed,141,973.0,,7,944.96969,state_verified
accepted,1,protected,measured,mixed,142,973.0,,7,944.96969,state_verified
accepted,1,protected,measured,mixed,143,964.0,,7,944.96969,state_verified
accepted,1,protected,measured,mixed,144,944.0,,7,944.96969,state_verified
accepted,1,protected,measured,mixed,145,967.0,,7,944.96969,state_verified
accepted,1,protected,measured,mixed,146,1335.0,,7,944.96969,state_verified
accepted,1,protected,measured,mixed,147,1315.0,,7,944.96969,state_verified
accepted,1,protected,measured,mixed,148,1367.0,,7,944.96969,state_verified
accepted,1,protected,measured,mixed,149,1569.0,,7,944.96969,state_verified
accepted,1,protected,measured,mixed,150,1035.0,,7,944.96969,state_verified
accepted,1,protected,measured,mixed,151,994.0,,7,944.96969,state_verified
accepted,1,protected,measured,mixed,152,1030.0,,7,944.96969,state_verified
accepted,1,protected,measured,mixed,153,1098.0,,7,944.96969,state_verified
accepted,1,protected,measured,mixed,154,1003.0,,7,944.96969,state_verified
accepted,1,protected,measured,mixed,155,956.0,,7,944.96969,state_verified
accepted,1,protected,measured,mixed,156,935.0,,7,944.96969,state_verified
accepted,1,protected,measured,mixed,157,927.0,,7,944.96969,state_verified
accepted,1,protected,measured,mixed,158,976.0,,7,944.96969,state_verified
accepted,1,protected,measured,mixed,159,927.0,,7,944.96969,state_verified
accepted,1,protected,measured,mixed,160,947.0,,7,944.96969,state_verified
accepted,1,protected,measured,mixed,161,936.0,,7,944.96969,state_verified
accepted,1,protected,measured,mixed,162,961.0,,7,944.96969,state_verified
accepted,1,protected,measured,mixed,163,964.0,,7,944.96969,state_verified
accepted,1,protected,measured,mixed,164,990.0,,7,944.96969,state_verified
accepted,1,protected,measured,mixed,165,927.0,,7,944.96969,state_verified
accepted,1,protected,measured,mixed,166,943.0,,7,944.96969,state_verified
accepted,1,protected,measured,mixed,167,971.0,,7,944.96969,state_verified
accepted,1,protected,measured,mixed,168,940.0,,7,944.96969,state_verified
accepted,1,protected,measured,mixed,169,1012.0,,7,944.96969,state_verified
accepted,1,protected,measured,mixed,170,959.0,,7,944.96969,state_verified
accepted,1,protected,measured,mixed,171,964.0,,7,944.96969,state_verified
accepted,1,protected,measured,mixed,172,956.0,,7,944.96969,state_verified
accepted,1,protected,measured,mixed,173,955.0,,7,944.96969,state_verified
accepted,1,protected,measured,mixed,174,933.0,,7,944.96969,state_verified
accepted,1,protected,measured,mixed,175,962.0,,7,944.96969,state_verified
accepted,1,protected,measured,mixed,176,986.0,,7,944.96969,state_verified
accepted,1,protected,measured,mixed,177,978.0,,7,944.96969,state_verified
accepted,1,protected,measured,mixed,178,947.0,,7,944.96969,state_verified
accepted,1,protected,measured,mixed,179,955.0,,7,944.96969,state_verified
accepted,1,protected,measured,mixed,180,959.0,,7,944.96969,state_verified
accepted,1,protected,measured,mixed,181,987.0,,7,944.96969,state_verified
accepted,1,protected,measured,mixed,182,975.0,,7,944.96969,state_verified
accepted,1,protected,measured,mixed,183,971.0,,7,944.96969,state_verified
accepted,1,protected,measured,mixed,184,967.0,,7,944.96969,state_verified
accepted,1,protected,measured,mixed,185,978.0,,7,944.96969,state_verified
accepted,1,protected,measured,mixed,186,880.0,,7,944.96969,state_verified
accepted,1,protected,measured,mixed,187,971.0,,7,944.96969,state_verified
accepted,1,protected,measured,mixed,188,967.0,,7,944.96969,state_verified
accepted,1,protected,measured,mixed,189,1010.0,,7,944.96969,state_verified
accepted,1,protected,measured,mixed,190,936.0,,7,944.96969,state_verified
accepted,1,protected,measured,mixed,191,984.0,,7,944.96969,state_verified
accepted,1,protected,measured,mixed,192,1194.0,,7,944.96969,state_verified
accepted,1,protected,measured,mixed,193,1045.0,,7,944.96969,state_verified
accepted,1,protected,measured,mixed,194,1062.0,,7,944.96969,state_verified
accepted,1,protected,measured,mixed,195,961.0,,7,944.96969,state_verified
accepted,1,protected,measured,mixed,196,963.0,,7,944.96969,state_verified
accepted,1,protected,measured,mixed,197,982.0,,7,944.96969,state_verified
accepted,1,protected,measured,mixed,198,980.0,,7,944.96969,state_verified
accepted,1,protected,measured,mixed,199,949.0,,7,944.96969,state_verified
accepted,1,protected,measured,mixed,200,977.0,,7,944.96969,state_verified
accepted,2,protected,measured,1,1,3105.0,,1,1397.135871,state_verified
accepted,2,protected,measured,1,2,679.0,,1,1397.135871,state_verified
accepted,2,protected,measured,1,3,617.0,,1,1397.135871,state_verified
accepted,2,protected,measured,1,4,585.0,,1,1397.135871,state_verified
accepted,2,protected,measured,1,5,595.0,,1,1397.135871,state_verified
accepted,2,protected,measured,1,6,583.0,,1,1397.135871,state_verified
accepted,2,protected,measured,1,7,549.0,,1,1397.135871,state_verified
accepted,2,protected,measured,1,8,557.0,,1,1397.135871,state_verified
accepted,2,protected,measured,1,9,584.0,,1,1397.135871,state_verified
accepted,2,protected,measured,1,10,539.0,,1,1397.135871,state_verified
accepted,2,protected,measured,1,11,548.0,,1,1397.135871,state_verified
accepted,2,protected,measured,1,12,557.0,,1,1397.135871,state_verified
accepted,2,protected,measured,1,13,556.0,,1,1397.135871,state_verified
accepted,2,protected,measured,1,14,597.0,,1,1397.135871,state_verified
accepted,2,protected,measured,1,15,880.0,,1,1397.135871,state_verified
accepted,2,protected,measured,1,16,729.0,,1,1397.135871,state_verified
accepted,2,protected,measured,1,17,714.0,,1,1397.135871,state_verified
accepted,2,protected,measured,1,18,743.0,,1,1397.135871,state_verified
accepted,2,protected,measured,1,19,625.0,,1,1397.135871,state_verified
accepted,2,protected,measured,1,20,559.0,,1,1397.135871,state_verified
accepted,2,protected,measured,1,21,655.0,,1,1397.135871,state_verified
accepted,2,protected,measured,1,22,633.0,,1,1397.135871,state_verified
accepted,2,protected,measured,1,23,606.0,,1,1397.135871,state_verified
accepted,2,protected,measured,1,24,660.0,,1,1397.135871,state_verified
accepted,2,protected,measured,1,25,748.0,,1,1397.135871,state_verified
accepted,2,protected,measured,1,26,734.0,,1,1397.135871,state_verified
accepted,2,protected,measured,1,27,641.0,,1,1397.135871,state_verified
accepted,2,protected,measured,1,28,639.0,,1,1397.135871,state_verified
accepted,2,protected,measured,1,29,618.0,,1,1397.135871,state_verified
accepted,2,protected,measured,1,30,678.0,,1,1397.135871,state_verified
accepted,2,protected,measured,1,31,637.0,,1,1397.135871,state_verified
accepted,2,protected,measured,1,32,683.0,,1,1397.135871,state_verified
accepted,2,protected,measured,1,33,686.0,,1,1397.135871,state_verified
accepted,2,protected,measured,1,34,642.0,,1,1397.135871,state_verified
accepted,2,protected,measured,1,35,676.0,,1,1397.135871,state_verified
accepted,2,protected,measured,1,36,670.0,,1,1397.135871,state_verified
accepted,2,protected,measured,1,37,629.0,,1,1397.135871,state_verified
accepted,2,protected,measured,1,38,680.0,,1,1397.135871,state_verified
accepted,2,protected,measured,1,39,666.0,,1,1397.135871,state_verified
accepted,2,protected,measured,1,40,627.0,,1,1397.135871,state_verified
accepted,2,protected,measured,1,41,779.0,,1,1397.135871,state_verified
accepted,2,protected,measured,1,42,676.0,,1,1397.135871,state_verified
accepted,2,protected,measured,1,43,612.0,,1,1397.135871,state_verified
accepted,2,protected,measured,1,44,600.0,,1,1397.135871,state_verified
accepted,2,protected,measured,1,45,642.0,,1,1397.135871,state_verified
accepted,2,protected,measured,1,46,626.0,,1,1397.135871,state_verified
accepted,2,protected,measured,1,47,608.0,,1,1397.135871,state_verified
accepted,2,protected,measured,1,48,812.0,,1,1397.135871,state_verified
accepted,2,protected,measured,1,49,604.0,,1,1397.135871,state_verified
accepted,2,protected,measured,1,50,643.0,,1,1397.135871,state_verified
accepted,2,protected,measured,1,51,662.0,,1,1397.135871,state_verified
accepted,2,protected,measured,1,52,662.0,,1,1397.135871,state_verified
accepted,2,protected,measured,1,53,630.0,,1,1397.135871,state_verified
accepted,2,protected,measured,1,54,643.0,,1,1397.135871,state_verified
accepted,2,protected,measured,1,55,665.0,,1,1397.135871,state_verified
accepted,2,protected,measured,1,56,681.0,,1,1397.135871,state_verified
accepted,2,protected,measured,1,57,720.0,,1,1397.135871,state_verified
accepted,2,protected,measured,1,58,1097.0,,1,1397.135871,state_verified
accepted,2,protected,measured,1,59,1023.0,,1,1397.135871,state_verified
accepted,2,protected,measured,1,60,1079.0,,1,1397.135871,state_verified
accepted,2,protected,measured,1,61,1127.0,,1,1397.135871,state_verified
accepted,2,protected,measured,1,62,733.0,,1,1397.135871,state_verified
accepted,2,protected,measured,1,63,904.0,,1,1397.135871,state_verified
accepted,2,protected,measured,1,64,612.0,,1,1397.135871,state_verified
accepted,2,protected,measured,1,65,633.0,,1,1397.135871,state_verified
accepted,2,protected,measured,1,66,643.0,,1,1397.135871,state_verified
accepted,2,protected,measured,1,67,623.0,,1,1397.135871,state_verified
accepted,2,protected,measured,1,68,646.0,,1,1397.135871,state_verified
accepted,2,protected,measured,1,69,628.0,,1,1397.135871,state_verified
accepted,2,protected,measured,1,70,639.0,,1,1397.135871,state_verified
accepted,2,protected,measured,1,71,636.0,,1,1397.135871,state_verified
accepted,2,protected,measured,1,72,659.0,,1,1397.135871,state_verified
accepted,2,protected,measured,1,73,729.0,,1,1397.135871,state_verified
accepted,2,protected,measured,1,74,709.0,,1,1397.135871,state_verified
accepted,2,protected,measured,1,75,604.0,,1,1397.135871,state_verified
accepted,2,protected,measured,1,76,666.0,,1,1397.135871,state_verified
accepted,2,protected,measured,1,77,711.0,,1,1397.135871,state_verified
accepted,2,protected,measured,1,78,665.0,,1,1397.135871,state_verified
accepted,2,protected,measured,1,79,622.0,,1,1397.135871,state_verified
accepted,2,protected,measured,1,80,669.0,,1,1397.135871,state_verified
accepted,2,protected,measured,1,81,672.0,,1,1397.135871,state_verified
accepted,2,protected,measured,1,82,648.0,,1,1397.135871,state_verified
accepted,2,protected,measured,1,83,634.0,,1,1397.135871,state_verified
accepted,2,protected,measured,1,84,675.0,,1,1397.135871,state_verified
accepted,2,protected,measured,1,85,974.0,,1,1397.135871,state_verified
accepted,2,protected,measured,1,86,869.0,,1,1397.135871,state_verified
accepted,2,protected,measured,1,87,780.0,,1,1397.135871,state_verified
accepted,2,protected,measured,1,88,742.0,,1,1397.135871,state_verified
accepted,2,protected,measured,1,89,754.0,,1,1397.135871,state_verified
accepted,2,protected,measured,1,90,654.0,,1,1397.135871,state_verified
accepted,2,protected,measured,1,91,625.0,,1,1397.135871,state_verified
accepted,2,protected,measured,1,92,635.0,,1,1397.135871,state_verified
accepted,2,protected,measured,1,93,605.0,,1,1397.135871,state_verified
accepted,2,protected,measured,1,94,643.0,,1,1397.135871,state_verified
accepted,2,protected,measured,1,95,639.0,,1,1397.135871,state_verified
accepted,2,protected,measured,1,96,610.0,,1,1397.135871,state_verified
accepted,2,protected,measured,1,97,649.0,,1,1397.135871,state_verified
accepted,2,protected,measured,1,98,631.0,,1,1397.135871,state_verified
accepted,2,protected,measured,1,99,648.0,,1,1397.135871,state_verified
accepted,2,protected,measured,1,100,608.0,,1,1397.135871,state_verified
accepted,2,protected,measured,1,101,634.0,,1,1397.135871,state_verified
accepted,2,protected,measured,1,102,624.0,,1,1397.135871,state_verified
accepted,2,protected,measured,1,103,659.0,,1,1397.135871,state_verified
accepted,2,protected,measured,1,104,708.0,,1,1397.135871,state_verified
accepted,2,protected,measured,1,105,631.0,,1,1397.135871,state_verified
accepted,2,protected,measured,1,106,707.0,,1,1397.135871,state_verified
accepted,2,protected,measured,1,107,654.0,,1,1397.135871,state_verified
accepted,2,protected,measured,1,108,672.0,,1,1397.135871,state_verified
accepted,2,protected,measured,1,109,683.0,,1,1397.135871,state_verified
accepted,2,protected,measured,1,110,832.0,,1,1397.135871,state_verified
accepted,2,protected,measured,1,111,675.0,,1,1397.135871,state_verified
accepted,2,protected,measured,1,112,646.0,,1,1397.135871,state_verified
accepted,2,protected,measured,1,113,653.0,,1,1397.135871,state_verified
accepted,2,protected,measured,1,114,632.0,,1,1397.135871,state_verified
accepted,2,protected,measured,1,115,647.0,,1,1397.135871,state_verified
accepted,2,protected,measured,1,116,645.0,,1,1397.135871,state_verified
accepted,2,protected,measured,1,117,675.0,,1,1397.135871,state_verified
accepted,2,protected,measured,1,118,685.0,,1,1397.135871,state_verified
accepted,2,protected,measured,1,119,743.0,,1,1397.135871,state_verified
accepted,2,protected,measured,1,120,693.0,,1,1397.135871,state_verified
accepted,2,protected,measured,1,121,687.0,,1,1397.135871,state_verified
accepted,2,protected,measured,1,122,1066.0,,1,1397.135871,state_verified
accepted,2,protected,measured,1,123,1092.0,,1,1397.135871,state_verified
accepted,2,protected,measured,1,124,1045.0,,1,1397.135871,state_verified
accepted,2,protected,measured,1,125,974.0,,1,1397.135871,state_verified
accepted,2,protected,measured,1,126,664.0,,1,1397.135871,state_verified
accepted,2,protected,measured,1,127,656.0,,1,1397.135871,state_verified
accepted,2,protected,measured,1,128,646.0,,1,1397.135871,state_verified
accepted,2,protected,measured,1,129,690.0,,1,1397.135871,state_verified
accepted,2,protected,measured,1,130,636.0,,1,1397.135871,state_verified
accepted,2,protected,measured,1,131,674.0,,1,1397.135871,state_verified
accepted,2,protected,measured,1,132,679.0,,1,1397.135871,state_verified
accepted,2,protected,measured,1,133,718.0,,1,1397.135871,state_verified
accepted,2,protected,measured,1,134,666.0,,1,1397.135871,state_verified
accepted,2,protected,measured,1,135,647.0,,1,1397.135871,state_verified
accepted,2,protected,measured,1,136,693.0,,1,1397.135871,state_verified
accepted,2,protected,measured,1,137,659.0,,1,1397.135871,state_verified
accepted,2,protected,measured,1,138,678.0,,1,1397.135871,state_verified
accepted,2,protected,measured,1,139,685.0,,1,1397.135871,state_verified
accepted,2,protected,measured,1,140,720.0,,1,1397.135871,state_verified
accepted,2,protected,measured,1,141,781.0,,1,1397.135871,state_verified
accepted,2,protected,measured,1,142,739.0,,1,1397.135871,state_verified
accepted,2,protected,measured,1,143,774.0,,1,1397.135871,state_verified
accepted,2,protected,measured,1,144,722.0,,1,1397.135871,state_verified
accepted,2,protected,measured,1,145,699.0,,1,1397.135871,state_verified
accepted,2,protected,measured,1,146,765.0,,1,1397.135871,state_verified
accepted,2,protected,measured,1,147,737.0,,1,1397.135871,state_verified
accepted,2,protected,measured,1,148,625.0,,1,1397.135871,state_verified
accepted,2,protected,measured,1,149,601.0,,1,1397.135871,state_verified
accepted,2,protected,measured,1,150,659.0,,1,1397.135871,state_verified
accepted,2,protected,measured,1,151,756.0,,1,1397.135871,state_verified
accepted,2,protected,measured,1,152,770.0,,1,1397.135871,state_verified
accepted,2,protected,measured,1,153,730.0,,1,1397.135871,state_verified
accepted,2,protected,measured,1,154,685.0,,1,1397.135871,state_verified
accepted,2,protected,measured,1,155,647.0,,1,1397.135871,state_verified
accepted,2,protected,measured,1,156,666.0,,1,1397.135871,state_verified
accepted,2,protected,measured,1,157,642.0,,1,1397.135871,state_verified
accepted,2,protected,measured,1,158,661.0,,1,1397.135871,state_verified
accepted,2,protected,measured,1,159,627.0,,1,1397.135871,state_verified
accepted,2,protected,measured,1,160,648.0,,1,1397.135871,state_verified
accepted,2,protected,measured,1,161,652.0,,1,1397.135871,state_verified
accepted,2,protected,measured,1,162,638.0,,1,1397.135871,state_verified
accepted,2,protected,measured,1,163,670.0,,1,1397.135871,state_verified
accepted,2,protected,measured,1,164,641.0,,1,1397.135871,state_verified
accepted,2,protected,measured,1,165,653.0,,1,1397.135871,state_verified
accepted,2,protected,measured,1,166,689.0,,1,1397.135871,state_verified
accepted,2,protected,measured,1,167,658.0,,1,1397.135871,state_verified
accepted,2,protected,measured,1,168,629.0,,1,1397.135871,state_verified
accepted,2,protected,measured,1,169,599.0,,1,1397.135871,state_verified
accepted,2,protected,measured,1,170,652.0,,1,1397.135871,state_verified
accepted,2,protected,measured,1,171,633.0,,1,1397.135871,state_verified
accepted,2,protected,measured,1,172,625.0,,1,1397.135871,state_verified
accepted,2,protected,measured,1,173,682.0,,1,1397.135871,state_verified
accepted,2,protected,measured,1,174,754.0,,1,1397.135871,state_verified
accepted,2,protected,measured,1,175,674.0,,1,1397.135871,state_verified
accepted,2,protected,measured,1,176,665.0,,1,1397.135871,state_verified
accepted,2,protected,measured,1,177,697.0,,1,1397.135871,state_verified
accepted,2,protected,measured,1,178,660.0,,1,1397.135871,state_verified
accepted,2,protected,measured,1,179,685.0,,1,1397.135871,state_verified
accepted,2,protected,measured,1,180,771.0,,1,1397.135871,state_verified
accepted,2,protected,measured,1,181,729.0,,1,1397.135871,state_verified
accepted,2,protected,measured,1,182,765.0,,1,1397.135871,state_verified
accepted,2,protected,measured,1,183,692.0,,1,1397.135871,state_verified
accepted,2,protected,measured,1,184,692.0,,1,1397.135871,state_verified
accepted,2,protected,measured,1,185,810.0,,1,1397.135871,state_verified
accepted,2,protected,measured,1,186,1085.0,,1,1397.135871,state_verified
accepted,2,protected,measured,1,187,1001.0,,1,1397.135871,state_verified
accepted,2,protected,measured,1,188,1099.0,,1,1397.135871,state_verified
accepted,2,protected,measured,1,189,1148.0,,1,1397.135871,state_verified
accepted,2,protected,measured,1,190,822.0,,1,1397.135871,state_verified
accepted,2,protected,measured,1,191,647.0,,1,1397.135871,state_verified
accepted,2,protected,measured,1,192,663.0,,1,1397.135871,state_verified
accepted,2,protected,measured,1,193,660.0,,1,1397.135871,state_verified
accepted,2,protected,measured,1,194,669.0,,1,1397.135871,state_verified
accepted,2,protected,measured,1,195,704.0,,1,1397.135871,state_verified
accepted,2,protected,measured,1,196,693.0,,1,1397.135871,state_verified
accepted,2,protected,measured,1,197,678.0,,1,1397.135871,state_verified
accepted,2,protected,measured,1,198,695.0,,1,1397.135871,state_verified
accepted,2,protected,measured,1,199,645.0,,1,1397.135871,state_verified
accepted,2,protected,measured,1,200,663.0,,1,1397.135871,state_verified
accepted,2,baseline,measured,1,1,2949.0,,1,1461.667763,state_verified
accepted,2,baseline,measured,1,2,817.0,,1,1461.667763,state_verified
accepted,2,baseline,measured,1,3,701.0,,1,1461.667763,state_verified
accepted,2,baseline,measured,1,4,856.0,,1,1461.667763,state_verified
accepted,2,baseline,measured,1,5,815.0,,1,1461.667763,state_verified
accepted,2,baseline,measured,1,6,859.0,,1,1461.667763,state_verified
accepted,2,baseline,measured,1,7,760.0,,1,1461.667763,state_verified
accepted,2,baseline,measured,1,8,723.0,,1,1461.667763,state_verified
accepted,2,baseline,measured,1,9,789.0,,1,1461.667763,state_verified
accepted,2,baseline,measured,1,10,800.0,,1,1461.667763,state_verified
accepted,2,baseline,measured,1,11,753.0,,1,1461.667763,state_verified
accepted,2,baseline,measured,1,12,780.0,,1,1461.667763,state_verified
accepted,2,baseline,measured,1,13,917.0,,1,1461.667763,state_verified
accepted,2,baseline,measured,1,14,799.0,,1,1461.667763,state_verified
accepted,2,baseline,measured,1,15,641.0,,1,1461.667763,state_verified
accepted,2,baseline,measured,1,16,627.0,,1,1461.667763,state_verified
accepted,2,baseline,measured,1,17,730.0,,1,1461.667763,state_verified
accepted,2,baseline,measured,1,18,673.0,,1,1461.667763,state_verified
accepted,2,baseline,measured,1,19,709.0,,1,1461.667763,state_verified
accepted,2,baseline,measured,1,20,636.0,,1,1461.667763,state_verified
accepted,2,baseline,measured,1,21,634.0,,1,1461.667763,state_verified
accepted,2,baseline,measured,1,22,644.0,,1,1461.667763,state_verified
accepted,2,baseline,measured,1,23,641.0,,1,1461.667763,state_verified
accepted,2,baseline,measured,1,24,628.0,,1,1461.667763,state_verified
accepted,2,baseline,measured,1,25,638.0,,1,1461.667763,state_verified
accepted,2,baseline,measured,1,26,692.0,,1,1461.667763,state_verified
accepted,2,baseline,measured,1,27,724.0,,1,1461.667763,state_verified
accepted,2,baseline,measured,1,28,671.0,,1,1461.667763,state_verified
accepted,2,baseline,measured,1,29,688.0,,1,1461.667763,state_verified
accepted,2,baseline,measured,1,30,665.0,,1,1461.667763,state_verified
accepted,2,baseline,measured,1,31,652.0,,1,1461.667763,state_verified
accepted,2,baseline,measured,1,32,627.0,,1,1461.667763,state_verified
accepted,2,baseline,measured,1,33,665.0,,1,1461.667763,state_verified
accepted,2,baseline,measured,1,34,697.0,,1,1461.667763,state_verified
accepted,2,baseline,measured,1,35,662.0,,1,1461.667763,state_verified
accepted,2,baseline,measured,1,36,662.0,,1,1461.667763,state_verified
accepted,2,baseline,measured,1,37,744.0,,1,1461.667763,state_verified
accepted,2,baseline,measured,1,38,1089.0,,1,1461.667763,state_verified
accepted,2,baseline,measured,1,39,927.0,,1,1461.667763,state_verified
accepted,2,baseline,measured,1,40,937.0,,1,1461.667763,state_verified
accepted,2,baseline,measured,1,41,995.0,,1,1461.667763,state_verified
accepted,2,baseline,measured,1,42,617.0,,1,1461.667763,state_verified
accepted,2,baseline,measured,1,43,627.0,,1,1461.667763,state_verified
accepted,2,baseline,measured,1,44,646.0,,1,1461.667763,state_verified
accepted,2,baseline,measured,1,45,631.0,,1,1461.667763,state_verified
accepted,2,baseline,measured,1,46,631.0,,1,1461.667763,state_verified
accepted,2,baseline,measured,1,47,598.0,,1,1461.667763,state_verified
accepted,2,baseline,measured,1,48,618.0,,1,1461.667763,state_verified
accepted,2,baseline,measured,1,49,650.0,,1,1461.667763,state_verified
accepted,2,baseline,measured,1,50,630.0,,1,1461.667763,state_verified
accepted,2,baseline,measured,1,51,661.0,,1,1461.667763,state_verified
accepted,2,baseline,measured,1,52,626.0,,1,1461.667763,state_verified
accepted,2,baseline,measured,1,53,617.0,,1,1461.667763,state_verified
accepted,2,baseline,measured,1,54,638.0,,1,1461.667763,state_verified
accepted,2,baseline,measured,1,55,603.0,,1,1461.667763,state_verified
accepted,2,baseline,measured,1,56,586.0,,1,1461.667763,state_verified
accepted,2,baseline,measured,1,57,599.0,,1,1461.667763,state_verified
accepted,2,baseline,measured,1,58,601.0,,1,1461.667763,state_verified
accepted,2,baseline,measured,1,59,614.0,,1,1461.667763,state_verified
accepted,2,baseline,measured,1,60,616.0,,1,1461.667763,state_verified
accepted,2,baseline,measured,1,61,625.0,,1,1461.667763,state_verified
accepted,2,baseline,measured,1,62,599.0,,1,1461.667763,state_verified
accepted,2,baseline,measured,1,63,614.0,,1,1461.667763,state_verified
accepted,2,baseline,measured,1,64,623.0,,1,1461.667763,state_verified
accepted,2,baseline,measured,1,65,629.0,,1,1461.667763,state_verified
accepted,2,baseline,measured,1,66,682.0,,1,1461.667763,state_verified
accepted,2,baseline,measured,1,67,674.0,,1,1461.667763,state_verified
accepted,2,baseline,measured,1,68,603.0,,1,1461.667763,state_verified
accepted,2,baseline,measured,1,69,594.0,,1,1461.667763,state_verified
accepted,2,baseline,measured,1,70,607.0,,1,1461.667763,state_verified
accepted,2,baseline,measured,1,71,604.0,,1,1461.667763,state_verified
accepted,2,baseline,measured,1,72,647.0,,1,1461.667763,state_verified
accepted,2,baseline,measured,1,73,689.0,,1,1461.667763,state_verified
accepted,2,baseline,measured,1,74,617.0,,1,1461.667763,state_verified
accepted,2,baseline,measured,1,75,637.0,,1,1461.667763,state_verified
accepted,2,baseline,measured,1,76,623.0,,1,1461.667763,state_verified
accepted,2,baseline,measured,1,77,644.0,,1,1461.667763,state_verified
accepted,2,baseline,measured,1,78,668.0,,1,1461.667763,state_verified
accepted,2,baseline,measured,1,79,616.0,,1,1461.667763,state_verified
accepted,2,baseline,measured,1,80,618.0,,1,1461.667763,state_verified
accepted,2,baseline,measured,1,81,622.0,,1,1461.667763,state_verified
accepted,2,baseline,measured,1,82,605.0,,1,1461.667763,state_verified
accepted,2,baseline,measured,1,83,588.0,,1,1461.667763,state_verified
accepted,2,baseline,measured,1,84,601.0,,1,1461.667763,state_verified
accepted,2,baseline,measured,1,85,648.0,,1,1461.667763,state_verified
accepted,2,baseline,measured,1,86,611.0,,1,1461.667763,state_verified
accepted,2,baseline,measured,1,87,619.0,,1,1461.667763,state_verified
accepted,2,baseline,measured,1,88,621.0,,1,1461.667763,state_verified
accepted,2,baseline,measured,1,89,619.0,,1,1461.667763,state_verified
accepted,2,baseline,measured,1,90,613.0,,1,1461.667763,state_verified
accepted,2,baseline,measured,1,91,594.0,,1,1461.667763,state_verified
accepted,2,baseline,measured,1,92,612.0,,1,1461.667763,state_verified
accepted,2,baseline,measured,1,93,606.0,,1,1461.667763,state_verified
accepted,2,baseline,measured,1,94,598.0,,1,1461.667763,state_verified
accepted,2,baseline,measured,1,95,600.0,,1,1461.667763,state_verified
accepted,2,baseline,measured,1,96,621.0,,1,1461.667763,state_verified
accepted,2,baseline,measured,1,97,581.0,,1,1461.667763,state_verified
accepted,2,baseline,measured,1,98,628.0,,1,1461.667763,state_verified
accepted,2,baseline,measured,1,99,604.0,,1,1461.667763,state_verified
accepted,2,baseline,measured,1,100,601.0,,1,1461.667763,state_verified
accepted,2,baseline,measured,1,101,605.0,,1,1461.667763,state_verified
accepted,2,baseline,measured,1,102,975.0,,1,1461.667763,state_verified
accepted,2,baseline,measured,1,103,991.0,,1,1461.667763,state_verified
accepted,2,baseline,measured,1,104,964.0,,1,1461.667763,state_verified
accepted,2,baseline,measured,1,105,969.0,,1,1461.667763,state_verified
accepted,2,baseline,measured,1,106,640.0,,1,1461.667763,state_verified
accepted,2,baseline,measured,1,107,635.0,,1,1461.667763,state_verified
accepted,2,baseline,measured,1,108,635.0,,1,1461.667763,state_verified
accepted,2,baseline,measured,1,109,642.0,,1,1461.667763,state_verified
accepted,2,baseline,measured,1,110,603.0,,1,1461.667763,state_verified
accepted,2,baseline,measured,1,111,592.0,,1,1461.667763,state_verified
accepted,2,baseline,measured,1,112,600.0,,1,1461.667763,state_verified
accepted,2,baseline,measured,1,113,622.0,,1,1461.667763,state_verified
accepted,2,baseline,measured,1,114,629.0,,1,1461.667763,state_verified
accepted,2,baseline,measured,1,115,610.0,,1,1461.667763,state_verified
accepted,2,baseline,measured,1,116,597.0,,1,1461.667763,state_verified
accepted,2,baseline,measured,1,117,590.0,,1,1461.667763,state_verified
accepted,2,baseline,measured,1,118,622.0,,1,1461.667763,state_verified
accepted,2,baseline,measured,1,119,613.0,,1,1461.667763,state_verified
accepted,2,baseline,measured,1,120,598.0,,1,1461.667763,state_verified
accepted,2,baseline,measured,1,121,610.0,,1,1461.667763,state_verified
accepted,2,baseline,measured,1,122,626.0,,1,1461.667763,state_verified
accepted,2,baseline,measured,1,123,603.0,,1,1461.667763,state_verified
accepted,2,baseline,measured,1,124,630.0,,1,1461.667763,state_verified
accepted,2,baseline,measured,1,125,633.0,,1,1461.667763,state_verified
accepted,2,baseline,measured,1,126,621.0,,1,1461.667763,state_verified
accepted,2,baseline,measured,1,127,639.0,,1,1461.667763,state_verified
accepted,2,baseline,measured,1,128,592.0,,1,1461.667763,state_verified
accepted,2,baseline,measured,1,129,604.0,,1,1461.667763,state_verified
accepted,2,baseline,measured,1,130,615.0,,1,1461.667763,state_verified
accepted,2,baseline,measured,1,131,628.0,,1,1461.667763,state_verified
accepted,2,baseline,measured,1,132,636.0,,1,1461.667763,state_verified
accepted,2,baseline,measured,1,133,629.0,,1,1461.667763,state_verified
accepted,2,baseline,measured,1,134,612.0,,1,1461.667763,state_verified
accepted,2,baseline,measured,1,135,642.0,,1,1461.667763,state_verified
accepted,2,baseline,measured,1,136,679.0,,1,1461.667763,state_verified
accepted,2,baseline,measured,1,137,632.0,,1,1461.667763,state_verified
accepted,2,baseline,measured,1,138,614.0,,1,1461.667763,state_verified
accepted,2,baseline,measured,1,139,610.0,,1,1461.667763,state_verified
accepted,2,baseline,measured,1,140,651.0,,1,1461.667763,state_verified
accepted,2,baseline,measured,1,141,628.0,,1,1461.667763,state_verified
accepted,2,baseline,measured,1,142,633.0,,1,1461.667763,state_verified
accepted,2,baseline,measured,1,143,635.0,,1,1461.667763,state_verified
accepted,2,baseline,measured,1,144,657.0,,1,1461.667763,state_verified
accepted,2,baseline,measured,1,145,758.0,,1,1461.667763,state_verified
accepted,2,baseline,measured,1,146,802.0,,1,1461.667763,state_verified
accepted,2,baseline,measured,1,147,696.0,,1,1461.667763,state_verified
accepted,2,baseline,measured,1,148,642.0,,1,1461.667763,state_verified
accepted,2,baseline,measured,1,149,599.0,,1,1461.667763,state_verified
accepted,2,baseline,measured,1,150,626.0,,1,1461.667763,state_verified
accepted,2,baseline,measured,1,151,630.0,,1,1461.667763,state_verified
accepted,2,baseline,measured,1,152,626.0,,1,1461.667763,state_verified
accepted,2,baseline,measured,1,153,659.0,,1,1461.667763,state_verified
accepted,2,baseline,measured,1,154,629.0,,1,1461.667763,state_verified
accepted,2,baseline,measured,1,155,634.0,,1,1461.667763,state_verified
accepted,2,baseline,measured,1,156,625.0,,1,1461.667763,state_verified
accepted,2,baseline,measured,1,157,652.0,,1,1461.667763,state_verified
accepted,2,baseline,measured,1,158,674.0,,1,1461.667763,state_verified
accepted,2,baseline,measured,1,159,635.0,,1,1461.667763,state_verified
accepted,2,baseline,measured,1,160,620.0,,1,1461.667763,state_verified
accepted,2,baseline,measured,1,161,653.0,,1,1461.667763,state_verified
accepted,2,baseline,measured,1,162,636.0,,1,1461.667763,state_verified
accepted,2,baseline,measured,1,163,602.0,,1,1461.667763,state_verified
accepted,2,baseline,measured,1,164,634.0,,1,1461.667763,state_verified
accepted,2,baseline,measured,1,165,650.0,,1,1461.667763,state_verified
accepted,2,baseline,measured,1,166,915.0,,1,1461.667763,state_verified
accepted,2,baseline,measured,1,167,963.0,,1,1461.667763,state_verified
accepted,2,baseline,measured,1,168,1059.0,,1,1461.667763,state_verified
accepted,2,baseline,measured,1,169,992.0,,1,1461.667763,state_verified
accepted,2,baseline,measured,1,170,600.0,,1,1461.667763,state_verified
accepted,2,baseline,measured,1,171,627.0,,1,1461.667763,state_verified
accepted,2,baseline,measured,1,172,641.0,,1,1461.667763,state_verified
accepted,2,baseline,measured,1,173,632.0,,1,1461.667763,state_verified
accepted,2,baseline,measured,1,174,626.0,,1,1461.667763,state_verified
accepted,2,baseline,measured,1,175,656.0,,1,1461.667763,state_verified
accepted,2,baseline,measured,1,176,712.0,,1,1461.667763,state_verified
accepted,2,baseline,measured,1,177,617.0,,1,1461.667763,state_verified
accepted,2,baseline,measured,1,178,621.0,,1,1461.667763,state_verified
accepted,2,baseline,measured,1,179,668.0,,1,1461.667763,state_verified
accepted,2,baseline,measured,1,180,673.0,,1,1461.667763,state_verified
accepted,2,baseline,measured,1,181,720.0,,1,1461.667763,state_verified
accepted,2,baseline,measured,1,182,606.0,,1,1461.667763,state_verified
accepted,2,baseline,measured,1,183,630.0,,1,1461.667763,state_verified
accepted,2,baseline,measured,1,184,610.0,,1,1461.667763,state_verified
accepted,2,baseline,measured,1,185,668.0,,1,1461.667763,state_verified
accepted,2,baseline,measured,1,186,628.0,,1,1461.667763,state_verified
accepted,2,baseline,measured,1,187,623.0,,1,1461.667763,state_verified
accepted,2,baseline,measured,1,188,606.0,,1,1461.667763,state_verified
accepted,2,baseline,measured,1,189,616.0,,1,1461.667763,state_verified
accepted,2,baseline,measured,1,190,611.0,,1,1461.667763,state_verified
accepted,2,baseline,measured,1,191,607.0,,1,1461.667763,state_verified
accepted,2,baseline,measured,1,192,597.0,,1,1461.667763,state_verified
accepted,2,baseline,measured,1,193,596.0,,1,1461.667763,state_verified
accepted,2,baseline,measured,1,194,601.0,,1,1461.667763,state_verified
accepted,2,baseline,measured,1,195,614.0,,1,1461.667763,state_verified
accepted,2,baseline,measured,1,196,600.0,,1,1461.667763,state_verified
accepted,2,baseline,measured,1,197,596.0,,1,1461.667763,state_verified
accepted,2,baseline,measured,1,198,638.0,,1,1461.667763,state_verified
accepted,2,baseline,measured,1,199,671.0,,1,1461.667763,state_verified
accepted,2,baseline,measured,1,200,700.0,,1,1461.667763,state_verified
accepted,2,protected,measured,5,1,3321.0,,5,1215.081593,state_verified
accepted,2,protected,measured,5,2,1093.0,,5,1215.081593,state_verified
accepted,2,protected,measured,5,3,925.0,,5,1215.081593,state_verified
accepted,2,protected,measured,5,4,1218.0,,5,1215.081593,state_verified
accepted,2,protected,measured,5,5,1035.0,,5,1215.081593,state_verified
accepted,2,protected,measured,5,6,1013.0,,5,1215.081593,state_verified
accepted,2,protected,measured,5,7,1189.0,,5,1215.081593,state_verified
accepted,2,protected,measured,5,8,1046.0,,5,1215.081593,state_verified
accepted,2,protected,measured,5,9,1042.0,,5,1215.081593,state_verified
accepted,2,protected,measured,5,10,1077.0,,5,1215.081593,state_verified
accepted,2,protected,measured,5,11,725.0,,5,1215.081593,state_verified
accepted,2,protected,measured,5,12,735.0,,5,1215.081593,state_verified
accepted,2,protected,measured,5,13,699.0,,5,1215.081593,state_verified
accepted,2,protected,measured,5,14,692.0,,5,1215.081593,state_verified
accepted,2,protected,measured,5,15,747.0,,5,1215.081593,state_verified
accepted,2,protected,measured,5,16,742.0,,5,1215.081593,state_verified
accepted,2,protected,measured,5,17,686.0,,5,1215.081593,state_verified
accepted,2,protected,measured,5,18,954.0,,5,1215.081593,state_verified
accepted,2,protected,measured,5,19,843.0,,5,1215.081593,state_verified
accepted,2,protected,measured,5,20,827.0,,5,1215.081593,state_verified
accepted,2,protected,measured,5,21,883.0,,5,1215.081593,state_verified
accepted,2,protected,measured,5,22,873.0,,5,1215.081593,state_verified
accepted,2,protected,measured,5,23,834.0,,5,1215.081593,state_verified
accepted,2,protected,measured,5,24,862.0,,5,1215.081593,state_verified
accepted,2,protected,measured,5,25,729.0,,5,1215.081593,state_verified
accepted,2,protected,measured,5,26,697.0,,5,1215.081593,state_verified
accepted,2,protected,measured,5,27,808.0,,5,1215.081593,state_verified
accepted,2,protected,measured,5,28,718.0,,5,1215.081593,state_verified
accepted,2,protected,measured,5,29,716.0,,5,1215.081593,state_verified
accepted,2,protected,measured,5,30,705.0,,5,1215.081593,state_verified
accepted,2,protected,measured,5,31,732.0,,5,1215.081593,state_verified
accepted,2,protected,measured,5,32,700.0,,5,1215.081593,state_verified
accepted,2,protected,measured,5,33,691.0,,5,1215.081593,state_verified
accepted,2,protected,measured,5,34,707.0,,5,1215.081593,state_verified
accepted,2,protected,measured,5,35,712.0,,5,1215.081593,state_verified
accepted,2,protected,measured,5,36,717.0,,5,1215.081593,state_verified
accepted,2,protected,measured,5,37,726.0,,5,1215.081593,state_verified
accepted,2,protected,measured,5,38,796.0,,5,1215.081593,state_verified
accepted,2,protected,measured,5,39,709.0,,5,1215.081593,state_verified
accepted,2,protected,measured,5,40,728.0,,5,1215.081593,state_verified
accepted,2,protected,measured,5,41,812.0,,5,1215.081593,state_verified
accepted,2,protected,measured,5,42,951.0,,5,1215.081593,state_verified
accepted,2,protected,measured,5,43,854.0,,5,1215.081593,state_verified
accepted,2,protected,measured,5,44,797.0,,5,1215.081593,state_verified
accepted,2,protected,measured,5,45,797.0,,5,1215.081593,state_verified
accepted,2,protected,measured,5,46,690.0,,5,1215.081593,state_verified
accepted,2,protected,measured,5,47,801.0,,5,1215.081593,state_verified
accepted,2,protected,measured,5,48,874.0,,5,1215.081593,state_verified
accepted,2,protected,measured,5,49,823.0,,5,1215.081593,state_verified
accepted,2,protected,measured,5,50,717.0,,5,1215.081593,state_verified
accepted,2,protected,measured,5,51,738.0,,5,1215.081593,state_verified
accepted,2,protected,measured,5,52,706.0,,5,1215.081593,state_verified
accepted,2,protected,measured,5,53,734.0,,5,1215.081593,state_verified
accepted,2,protected,measured,5,54,716.0,,5,1215.081593,state_verified
accepted,2,protected,measured,5,55,704.0,,5,1215.081593,state_verified
accepted,2,protected,measured,5,56,703.0,,5,1215.081593,state_verified
accepted,2,protected,measured,5,57,731.0,,5,1215.081593,state_verified
accepted,2,protected,measured,5,58,762.0,,5,1215.081593,state_verified
accepted,2,protected,measured,5,59,826.0,,5,1215.081593,state_verified
accepted,2,protected,measured,5,60,711.0,,5,1215.081593,state_verified
accepted,2,protected,measured,5,61,797.0,,5,1215.081593,state_verified
accepted,2,protected,measured,5,62,781.0,,5,1215.081593,state_verified
accepted,2,protected,measured,5,63,714.0,,5,1215.081593,state_verified
accepted,2,protected,measured,5,64,797.0,,5,1215.081593,state_verified
accepted,2,protected,measured,5,65,752.0,,5,1215.081593,state_verified
accepted,2,protected,measured,5,66,706.0,,5,1215.081593,state_verified
accepted,2,protected,measured,5,67,691.0,,5,1215.081593,state_verified
accepted,2,protected,measured,5,68,686.0,,5,1215.081593,state_verified
accepted,2,protected,measured,5,69,700.0,,5,1215.081593,state_verified
accepted,2,protected,measured,5,70,751.0,,5,1215.081593,state_verified
accepted,2,protected,measured,5,71,1249.0,,5,1215.081593,state_verified
accepted,2,protected,measured,5,72,1190.0,,5,1215.081593,state_verified
accepted,2,protected,measured,5,73,1244.0,,5,1215.081593,state_verified
accepted,2,protected,measured,5,74,1257.0,,5,1215.081593,state_verified
accepted,2,protected,measured,5,75,857.0,,5,1215.081593,state_verified
accepted,2,protected,measured,5,76,809.0,,5,1215.081593,state_verified
accepted,2,protected,measured,5,77,792.0,,5,1215.081593,state_verified
accepted,2,protected,measured,5,78,727.0,,5,1215.081593,state_verified
accepted,2,protected,measured,5,79,800.0,,5,1215.081593,state_verified
accepted,2,protected,measured,5,80,679.0,,5,1215.081593,state_verified
accepted,2,protected,measured,5,81,763.0,,5,1215.081593,state_verified
accepted,2,protected,measured,5,82,762.0,,5,1215.081593,state_verified
accepted,2,protected,measured,5,83,712.0,,5,1215.081593,state_verified
accepted,2,protected,measured,5,84,704.0,,5,1215.081593,state_verified
accepted,2,protected,measured,5,85,710.0,,5,1215.081593,state_verified
accepted,2,protected,measured,5,86,718.0,,5,1215.081593,state_verified
accepted,2,protected,measured,5,87,717.0,,5,1215.081593,state_verified
accepted,2,protected,measured,5,88,743.0,,5,1215.081593,state_verified
accepted,2,protected,measured,5,89,745.0,,5,1215.081593,state_verified
accepted,2,protected,measured,5,90,773.0,,5,1215.081593,state_verified
accepted,2,protected,measured,5,91,865.0,,5,1215.081593,state_verified
accepted,2,protected,measured,5,92,881.0,,5,1215.081593,state_verified
accepted,2,protected,measured,5,93,892.0,,5,1215.081593,state_verified
accepted,2,protected,measured,5,94,839.0,,5,1215.081593,state_verified
accepted,2,protected,measured,5,95,875.0,,5,1215.081593,state_verified
accepted,2,protected,measured,5,96,839.0,,5,1215.081593,state_verified
accepted,2,protected,measured,5,97,772.0,,5,1215.081593,state_verified
accepted,2,protected,measured,5,98,701.0,,5,1215.081593,state_verified
accepted,2,protected,measured,5,99,701.0,,5,1215.081593,state_verified
accepted,2,protected,measured,5,100,729.0,,5,1215.081593,state_verified
accepted,2,protected,measured,5,101,711.0,,5,1215.081593,state_verified
accepted,2,protected,measured,5,102,725.0,,5,1215.081593,state_verified
accepted,2,protected,measured,5,103,758.0,,5,1215.081593,state_verified
accepted,2,protected,measured,5,104,871.0,,5,1215.081593,state_verified
accepted,2,protected,measured,5,105,795.0,,5,1215.081593,state_verified
accepted,2,protected,measured,5,106,733.0,,5,1215.081593,state_verified
accepted,2,protected,measured,5,107,710.0,,5,1215.081593,state_verified
accepted,2,protected,measured,5,108,735.0,,5,1215.081593,state_verified
accepted,2,protected,measured,5,109,757.0,,5,1215.081593,state_verified
accepted,2,protected,measured,5,110,891.0,,5,1215.081593,state_verified
accepted,2,protected,measured,5,111,868.0,,5,1215.081593,state_verified
accepted,2,protected,measured,5,112,918.0,,5,1215.081593,state_verified
accepted,2,protected,measured,5,113,863.0,,5,1215.081593,state_verified
accepted,2,protected,measured,5,114,958.0,,5,1215.081593,state_verified
accepted,2,protected,measured,5,115,829.0,,5,1215.081593,state_verified
accepted,2,protected,measured,5,116,942.0,,5,1215.081593,state_verified
accepted,2,protected,measured,5,117,858.0,,5,1215.081593,state_verified
accepted,2,protected,measured,5,118,763.0,,5,1215.081593,state_verified
accepted,2,protected,measured,5,119,755.0,,5,1215.081593,state_verified
accepted,2,protected,measured,5,120,709.0,,5,1215.081593,state_verified
accepted,2,protected,measured,5,121,737.0,,5,1215.081593,state_verified
accepted,2,protected,measured,5,122,710.0,,5,1215.081593,state_verified
accepted,2,protected,measured,5,123,716.0,,5,1215.081593,state_verified
accepted,2,protected,measured,5,124,717.0,,5,1215.081593,state_verified
accepted,2,protected,measured,5,125,699.0,,5,1215.081593,state_verified
accepted,2,protected,measured,5,126,697.0,,5,1215.081593,state_verified
accepted,2,protected,measured,5,127,673.0,,5,1215.081593,state_verified
accepted,2,protected,measured,5,128,692.0,,5,1215.081593,state_verified
accepted,2,protected,measured,5,129,687.0,,5,1215.081593,state_verified
accepted,2,protected,measured,5,130,754.0,,5,1215.081593,state_verified
accepted,2,protected,measured,5,131,836.0,,5,1215.081593,state_verified
accepted,2,protected,measured,5,132,801.0,,5,1215.081593,state_verified
accepted,2,protected,measured,5,133,804.0,,5,1215.081593,state_verified
accepted,2,protected,measured,5,134,913.0,,5,1215.081593,state_verified
accepted,2,protected,measured,5,135,1199.0,,5,1215.081593,state_verified
accepted,2,protected,measured,5,136,1194.0,,5,1215.081593,state_verified
accepted,2,protected,measured,5,137,1067.0,,5,1215.081593,state_verified
accepted,2,protected,measured,5,138,1037.0,,5,1215.081593,state_verified
accepted,2,protected,measured,5,139,714.0,,5,1215.081593,state_verified
accepted,2,protected,measured,5,140,710.0,,5,1215.081593,state_verified
accepted,2,protected,measured,5,141,732.0,,5,1215.081593,state_verified
accepted,2,protected,measured,5,142,737.0,,5,1215.081593,state_verified
accepted,2,protected,measured,5,143,684.0,,5,1215.081593,state_verified
accepted,2,protected,measured,5,144,677.0,,5,1215.081593,state_verified
accepted,2,protected,measured,5,145,702.0,,5,1215.081593,state_verified
accepted,2,protected,measured,5,146,711.0,,5,1215.081593,state_verified
accepted,2,protected,measured,5,147,753.0,,5,1215.081593,state_verified
accepted,2,protected,measured,5,148,696.0,,5,1215.081593,state_verified
accepted,2,protected,measured,5,149,712.0,,5,1215.081593,state_verified
accepted,2,protected,measured,5,150,873.0,,5,1215.081593,state_verified
accepted,2,protected,measured,5,151,860.0,,5,1215.081593,state_verified
accepted,2,protected,measured,5,152,973.0,,5,1215.081593,state_verified
accepted,2,protected,measured,5,153,910.0,,5,1215.081593,state_verified
accepted,2,protected,measured,5,154,864.0,,5,1215.081593,state_verified
accepted,2,protected,measured,5,155,822.0,,5,1215.081593,state_verified
accepted,2,protected,measured,5,156,836.0,,5,1215.081593,state_verified
accepted,2,protected,measured,5,157,705.0,,5,1215.081593,state_verified
accepted,2,protected,measured,5,158,843.0,,5,1215.081593,state_verified
accepted,2,protected,measured,5,159,915.0,,5,1215.081593,state_verified
accepted,2,protected,measured,5,160,784.0,,5,1215.081593,state_verified
accepted,2,protected,measured,5,161,743.0,,5,1215.081593,state_verified
accepted,2,protected,measured,5,162,718.0,,5,1215.081593,state_verified
accepted,2,protected,measured,5,163,710.0,,5,1215.081593,state_verified
accepted,2,protected,measured,5,164,719.0,,5,1215.081593,state_verified
accepted,2,protected,measured,5,165,716.0,,5,1215.081593,state_verified
accepted,2,protected,measured,5,166,711.0,,5,1215.081593,state_verified
accepted,2,protected,measured,5,167,698.0,,5,1215.081593,state_verified
accepted,2,protected,measured,5,168,745.0,,5,1215.081593,state_verified
accepted,2,protected,measured,5,169,781.0,,5,1215.081593,state_verified
accepted,2,protected,measured,5,170,633.0,,5,1215.081593,state_verified
accepted,2,protected,measured,5,171,735.0,,5,1215.081593,state_verified
accepted,2,protected,measured,5,172,714.0,,5,1215.081593,state_verified
accepted,2,protected,measured,5,173,743.0,,5,1215.081593,state_verified
accepted,2,protected,measured,5,174,709.0,,5,1215.081593,state_verified
accepted,2,protected,measured,5,175,683.0,,5,1215.081593,state_verified
accepted,2,protected,measured,5,176,701.0,,5,1215.081593,state_verified
accepted,2,protected,measured,5,177,746.0,,5,1215.081593,state_verified
accepted,2,protected,measured,5,178,738.0,,5,1215.081593,state_verified
accepted,2,protected,measured,5,179,715.0,,5,1215.081593,state_verified
accepted,2,protected,measured,5,180,708.0,,5,1215.081593,state_verified
accepted,2,protected,measured,5,181,776.0,,5,1215.081593,state_verified
accepted,2,protected,measured,5,182,987.0,,5,1215.081593,state_verified
accepted,2,protected,measured,5,183,907.0,,5,1215.081593,state_verified
accepted,2,protected,measured,5,184,888.0,,5,1215.081593,state_verified
accepted,2,protected,measured,5,185,794.0,,5,1215.081593,state_verified
accepted,2,protected,measured,5,186,897.0,,5,1215.081593,state_verified
accepted,2,protected,measured,5,187,852.0,,5,1215.081593,state_verified
accepted,2,protected,measured,5,188,813.0,,5,1215.081593,state_verified
accepted,2,protected,measured,5,189,842.0,,5,1215.081593,state_verified
accepted,2,protected,measured,5,190,764.0,,5,1215.081593,state_verified
accepted,2,protected,measured,5,191,733.0,,5,1215.081593,state_verified
accepted,2,protected,measured,5,192,720.0,,5,1215.081593,state_verified
accepted,2,protected,measured,5,193,773.0,,5,1215.081593,state_verified
accepted,2,protected,measured,5,194,669.0,,5,1215.081593,state_verified
accepted,2,protected,measured,5,195,716.0,,5,1215.081593,state_verified
accepted,2,protected,measured,5,196,745.0,,5,1215.081593,state_verified
accepted,2,protected,measured,5,197,761.0,,5,1215.081593,state_verified
accepted,2,protected,measured,5,198,705.0,,5,1215.081593,state_verified
accepted,2,protected,measured,5,199,1049.0,,5,1215.081593,state_verified
accepted,2,protected,measured,5,200,1117.0,,5,1215.081593,state_verified
accepted,2,baseline,measured,5,1,2887.0,,5,1435.080544,state_verified
accepted,2,baseline,measured,5,2,768.0,,5,1435.080544,state_verified
accepted,2,baseline,measured,5,3,663.0,,5,1435.080544,state_verified
accepted,2,baseline,measured,5,4,892.0,,5,1435.080544,state_verified
accepted,2,baseline,measured,5,5,724.0,,5,1435.080544,state_verified
accepted,2,baseline,measured,5,6,748.0,,5,1435.080544,state_verified
accepted,2,baseline,measured,5,7,702.0,,5,1435.080544,state_verified
accepted,2,baseline,measured,5,8,738.0,,5,1435.080544,state_verified
accepted,2,baseline,measured,5,9,623.0,,5,1435.080544,state_verified
accepted,2,baseline,measured,5,10,703.0,,5,1435.080544,state_verified
accepted,2,baseline,measured,5,11,624.0,,5,1435.080544,state_verified
accepted,2,baseline,measured,5,12,683.0,,5,1435.080544,state_verified
accepted,2,baseline,measured,5,13,644.0,,5,1435.080544,state_verified
accepted,2,baseline,measured,5,14,624.0,,5,1435.080544,state_verified
accepted,2,baseline,measured,5,15,776.0,,5,1435.080544,state_verified
accepted,2,baseline,measured,5,16,801.0,,5,1435.080544,state_verified
accepted,2,baseline,measured,5,17,808.0,,5,1435.080544,state_verified
accepted,2,baseline,measured,5,18,818.0,,5,1435.080544,state_verified
accepted,2,baseline,measured,5,19,872.0,,5,1435.080544,state_verified
accepted,2,baseline,measured,5,20,713.0,,5,1435.080544,state_verified
accepted,2,baseline,measured,5,21,634.0,,5,1435.080544,state_verified
accepted,2,baseline,measured,5,22,618.0,,5,1435.080544,state_verified
accepted,2,baseline,measured,5,23,670.0,,5,1435.080544,state_verified
accepted,2,baseline,measured,5,24,612.0,,5,1435.080544,state_verified
accepted,2,baseline,measured,5,25,710.0,,5,1435.080544,state_verified
accepted,2,baseline,measured,5,26,932.0,,5,1435.080544,state_verified
accepted,2,baseline,measured,5,27,648.0,,5,1435.080544,state_verified
accepted,2,baseline,measured,5,28,624.0,,5,1435.080544,state_verified
accepted,2,baseline,measured,5,29,733.0,,5,1435.080544,state_verified
accepted,2,baseline,measured,5,30,640.0,,5,1435.080544,state_verified
accepted,2,baseline,measured,5,31,971.0,,5,1435.080544,state_verified
accepted,2,baseline,measured,5,32,970.0,,5,1435.080544,state_verified
accepted,2,baseline,measured,5,33,958.0,,5,1435.080544,state_verified
accepted,2,baseline,measured,5,34,943.0,,5,1435.080544,state_verified
accepted,2,baseline,measured,5,35,627.0,,5,1435.080544,state_verified
accepted,2,baseline,measured,5,36,663.0,,5,1435.080544,state_verified
accepted,2,baseline,measured,5,37,744.0,,5,1435.080544,state_verified
accepted,2,baseline,measured,5,38,687.0,,5,1435.080544,state_verified
accepted,2,baseline,measured,5,39,680.0,,5,1435.080544,state_verified
accepted,2,baseline,measured,5,40,645.0,,5,1435.080544,state_verified
accepted,2,baseline,measured,5,41,662.0,,5,1435.080544,state_verified
accepted,2,baseline,measured,5,42,618.0,,5,1435.080544,state_verified
accepted,2,baseline,measured,5,43,604.0,,5,1435.080544,state_verified
accepted,2,baseline,measured,5,44,577.0,,5,1435.080544,state_verified
accepted,2,baseline,measured,5,45,612.0,,5,1435.080544,state_verified
accepted,2,baseline,measured,5,46,735.0,,5,1435.080544,state_verified
accepted,2,baseline,measured,5,47,870.0,,5,1435.080544,state_verified
accepted,2,baseline,measured,5,48,622.0,,5,1435.080544,state_verified
accepted,2,baseline,measured,5,49,619.0,,5,1435.080544,state_verified
accepted,2,baseline,measured,5,50,634.0,,5,1435.080544,state_verified
accepted,2,baseline,measured,5,51,665.0,,5,1435.080544,state_verified
accepted,2,baseline,measured,5,52,670.0,,5,1435.080544,state_verified
accepted,2,baseline,measured,5,53,650.0,,5,1435.080544,state_verified
accepted,2,baseline,measured,5,54,664.0,,5,1435.080544,state_verified
accepted,2,baseline,measured,5,55,635.0,,5,1435.080544,state_verified
accepted,2,baseline,measured,5,56,673.0,,5,1435.080544,state_verified
accepted,2,baseline,measured,5,57,648.0,,5,1435.080544,state_verified
accepted,2,baseline,measured,5,58,621.0,,5,1435.080544,state_verified
accepted,2,baseline,measured,5,59,629.0,,5,1435.080544,state_verified
accepted,2,baseline,measured,5,60,626.0,,5,1435.080544,state_verified
accepted,2,baseline,measured,5,61,629.0,,5,1435.080544,state_verified
accepted,2,baseline,measured,5,62,693.0,,5,1435.080544,state_verified
accepted,2,baseline,measured,5,63,631.0,,5,1435.080544,state_verified
accepted,2,baseline,measured,5,64,747.0,,5,1435.080544,state_verified
accepted,2,baseline,measured,5,65,602.0,,5,1435.080544,state_verified
accepted,2,baseline,measured,5,66,661.0,,5,1435.080544,state_verified
accepted,2,baseline,measured,5,67,683.0,,5,1435.080544,state_verified
accepted,2,baseline,measured,5,68,658.0,,5,1435.080544,state_verified
accepted,2,baseline,measured,5,69,658.0,,5,1435.080544,state_verified
accepted,2,baseline,measured,5,70,651.0,,5,1435.080544,state_verified
accepted,2,baseline,measured,5,71,637.0,,5,1435.080544,state_verified
accepted,2,baseline,measured,5,72,646.0,,5,1435.080544,state_verified
accepted,2,baseline,measured,5,73,654.0,,5,1435.080544,state_verified
accepted,2,baseline,measured,5,74,733.0,,5,1435.080544,state_verified
accepted,2,baseline,measured,5,75,647.0,,5,1435.080544,state_verified
accepted,2,baseline,measured,5,76,609.0,,5,1435.080544,state_verified
accepted,2,baseline,measured,5,77,647.0,,5,1435.080544,state_verified
accepted,2,baseline,measured,5,78,629.0,,5,1435.080544,state_verified
accepted,2,baseline,measured,5,79,651.0,,5,1435.080544,state_verified
accepted,2,baseline,measured,5,80,653.0,,5,1435.080544,state_verified
accepted,2,baseline,measured,5,81,647.0,,5,1435.080544,state_verified
accepted,2,baseline,measured,5,82,645.0,,5,1435.080544,state_verified
accepted,2,baseline,measured,5,83,634.0,,5,1435.080544,state_verified
accepted,2,baseline,measured,5,84,610.0,,5,1435.080544,state_verified
accepted,2,baseline,measured,5,85,645.0,,5,1435.080544,state_verified
accepted,2,baseline,measured,5,86,602.0,,5,1435.080544,state_verified
accepted,2,baseline,measured,5,87,615.0,,5,1435.080544,state_verified
accepted,2,baseline,measured,5,88,624.0,,5,1435.080544,state_verified
accepted,2,baseline,measured,5,89,664.0,,5,1435.080544,state_verified
accepted,2,baseline,measured,5,90,653.0,,5,1435.080544,state_verified
accepted,2,baseline,measured,5,91,603.0,,5,1435.080544,state_verified
accepted,2,baseline,measured,5,92,627.0,,5,1435.080544,state_verified
accepted,2,baseline,measured,5,93,703.0,,5,1435.080544,state_verified
accepted,2,baseline,measured,5,94,635.0,,5,1435.080544,state_verified
accepted,2,baseline,measured,5,95,968.0,,5,1435.080544,state_verified
accepted,2,baseline,measured,5,96,966.0,,5,1435.080544,state_verified
accepted,2,baseline,measured,5,97,962.0,,5,1435.080544,state_verified
accepted,2,baseline,measured,5,98,943.0,,5,1435.080544,state_verified
accepted,2,baseline,measured,5,99,664.0,,5,1435.080544,state_verified
accepted,2,baseline,measured,5,100,647.0,,5,1435.080544,state_verified
accepted,2,baseline,measured,5,101,648.0,,5,1435.080544,state_verified
accepted,2,baseline,measured,5,102,632.0,,5,1435.080544,state_verified
accepted,2,baseline,measured,5,103,629.0,,5,1435.080544,state_verified
accepted,2,baseline,measured,5,104,630.0,,5,1435.080544,state_verified
accepted,2,baseline,measured,5,105,653.0,,5,1435.080544,state_verified
accepted,2,baseline,measured,5,106,626.0,,5,1435.080544,state_verified
accepted,2,baseline,measured,5,107,640.0,,5,1435.080544,state_verified
accepted,2,baseline,measured,5,108,637.0,,5,1435.080544,state_verified
accepted,2,baseline,measured,5,109,624.0,,5,1435.080544,state_verified
accepted,2,baseline,measured,5,110,664.0,,5,1435.080544,state_verified
accepted,2,baseline,measured,5,111,613.0,,5,1435.080544,state_verified
accepted,2,baseline,measured,5,112,631.0,,5,1435.080544,state_verified
accepted,2,baseline,measured,5,113,642.0,,5,1435.080544,state_verified
accepted,2,baseline,measured,5,114,627.0,,5,1435.080544,state_verified
accepted,2,baseline,measured,5,115,610.0,,5,1435.080544,state_verified
accepted,2,baseline,measured,5,116,617.0,,5,1435.080544,state_verified
accepted,2,baseline,measured,5,117,605.0,,5,1435.080544,state_verified
accepted,2,baseline,measured,5,118,637.0,,5,1435.080544,state_verified
accepted,2,baseline,measured,5,119,646.0,,5,1435.080544,state_verified
accepted,2,baseline,measured,5,120,644.0,,5,1435.080544,state_verified
accepted,2,baseline,measured,5,121,692.0,,5,1435.080544,state_verified
accepted,2,baseline,measured,5,122,664.0,,5,1435.080544,state_verified
accepted,2,baseline,measured,5,123,633.0,,5,1435.080544,state_verified
accepted,2,baseline,measured,5,124,643.0,,5,1435.080544,state_verified
accepted,2,baseline,measured,5,125,598.0,,5,1435.080544,state_verified
accepted,2,baseline,measured,5,126,661.0,,5,1435.080544,state_verified
accepted,2,baseline,measured,5,127,652.0,,5,1435.080544,state_verified
accepted,2,baseline,measured,5,128,633.0,,5,1435.080544,state_verified
accepted,2,baseline,measured,5,129,665.0,,5,1435.080544,state_verified
accepted,2,baseline,measured,5,130,779.0,,5,1435.080544,state_verified
accepted,2,baseline,measured,5,131,726.0,,5,1435.080544,state_verified
accepted,2,baseline,measured,5,132,652.0,,5,1435.080544,state_verified
accepted,2,baseline,measured,5,133,654.0,,5,1435.080544,state_verified
accepted,2,baseline,measured,5,134,653.0,,5,1435.080544,state_verified
accepted,2,baseline,measured,5,135,645.0,,5,1435.080544,state_verified
accepted,2,baseline,measured,5,136,650.0,,5,1435.080544,state_verified
accepted,2,baseline,measured,5,137,635.0,,5,1435.080544,state_verified
accepted,2,baseline,measured,5,138,605.0,,5,1435.080544,state_verified
accepted,2,baseline,measured,5,139,661.0,,5,1435.080544,state_verified
accepted,2,baseline,measured,5,140,588.0,,5,1435.080544,state_verified
accepted,2,baseline,measured,5,141,622.0,,5,1435.080544,state_verified
accepted,2,baseline,measured,5,142,630.0,,5,1435.080544,state_verified
accepted,2,baseline,measured,5,143,596.0,,5,1435.080544,state_verified
accepted,2,baseline,measured,5,144,642.0,,5,1435.080544,state_verified
accepted,2,baseline,measured,5,145,626.0,,5,1435.080544,state_verified
accepted,2,baseline,measured,5,146,666.0,,5,1435.080544,state_verified
accepted,2,baseline,measured,5,147,638.0,,5,1435.080544,state_verified
accepted,2,baseline,measured,5,148,620.0,,5,1435.080544,state_verified
accepted,2,baseline,measured,5,149,628.0,,5,1435.080544,state_verified
accepted,2,baseline,measured,5,150,615.0,,5,1435.080544,state_verified
accepted,2,baseline,measured,5,151,638.0,,5,1435.080544,state_verified
accepted,2,baseline,measured,5,152,711.0,,5,1435.080544,state_verified
accepted,2,baseline,measured,5,153,819.0,,5,1435.080544,state_verified
accepted,2,baseline,measured,5,154,736.0,,5,1435.080544,state_verified
accepted,2,baseline,measured,5,155,884.0,,5,1435.080544,state_verified
accepted,2,baseline,measured,5,156,633.0,,5,1435.080544,state_verified
accepted,2,baseline,measured,5,157,606.0,,5,1435.080544,state_verified
accepted,2,baseline,measured,5,158,687.0,,5,1435.080544,state_verified
accepted,2,baseline,measured,5,159,907.0,,5,1435.080544,state_verified
accepted,2,baseline,measured,5,160,998.0,,5,1435.080544,state_verified
accepted,2,baseline,measured,5,161,934.0,,5,1435.080544,state_verified
accepted,2,baseline,measured,5,162,1064.0,,5,1435.080544,state_verified
accepted,2,baseline,measured,5,163,601.0,,5,1435.080544,state_verified
accepted,2,baseline,measured,5,164,635.0,,5,1435.080544,state_verified
accepted,2,baseline,measured,5,165,635.0,,5,1435.080544,state_verified
accepted,2,baseline,measured,5,166,646.0,,5,1435.080544,state_verified
accepted,2,baseline,measured,5,167,618.0,,5,1435.080544,state_verified
accepted,2,baseline,measured,5,168,632.0,,5,1435.080544,state_verified
accepted,2,baseline,measured,5,169,627.0,,5,1435.080544,state_verified
accepted,2,baseline,measured,5,170,618.0,,5,1435.080544,state_verified
accepted,2,baseline,measured,5,171,633.0,,5,1435.080544,state_verified
accepted,2,baseline,measured,5,172,647.0,,5,1435.080544,state_verified
accepted,2,baseline,measured,5,173,619.0,,5,1435.080544,state_verified
accepted,2,baseline,measured,5,174,648.0,,5,1435.080544,state_verified
accepted,2,baseline,measured,5,175,643.0,,5,1435.080544,state_verified
accepted,2,baseline,measured,5,176,656.0,,5,1435.080544,state_verified
accepted,2,baseline,measured,5,177,605.0,,5,1435.080544,state_verified
accepted,2,baseline,measured,5,178,761.0,,5,1435.080544,state_verified
accepted,2,baseline,measured,5,179,723.0,,5,1435.080544,state_verified
accepted,2,baseline,measured,5,180,631.0,,5,1435.080544,state_verified
accepted,2,baseline,measured,5,181,642.0,,5,1435.080544,state_verified
accepted,2,baseline,measured,5,182,624.0,,5,1435.080544,state_verified
accepted,2,baseline,measured,5,183,615.0,,5,1435.080544,state_verified
accepted,2,baseline,measured,5,184,640.0,,5,1435.080544,state_verified
accepted,2,baseline,measured,5,185,649.0,,5,1435.080544,state_verified
accepted,2,baseline,measured,5,186,647.0,,5,1435.080544,state_verified
accepted,2,baseline,measured,5,187,634.0,,5,1435.080544,state_verified
accepted,2,baseline,measured,5,188,630.0,,5,1435.080544,state_verified
accepted,2,baseline,measured,5,189,651.0,,5,1435.080544,state_verified
accepted,2,baseline,measured,5,190,613.0,,5,1435.080544,state_verified
accepted,2,baseline,measured,5,191,644.0,,5,1435.080544,state_verified
accepted,2,baseline,measured,5,192,658.0,,5,1435.080544,state_verified
accepted,2,baseline,measured,5,193,683.0,,5,1435.080544,state_verified
accepted,2,baseline,measured,5,194,631.0,,5,1435.080544,state_verified
accepted,2,baseline,measured,5,195,596.0,,5,1435.080544,state_verified
accepted,2,baseline,measured,5,196,591.0,,5,1435.080544,state_verified
accepted,2,baseline,measured,5,197,629.0,,5,1435.080544,state_verified
accepted,2,baseline,measured,5,198,658.0,,5,1435.080544,state_verified
accepted,2,baseline,measured,5,199,715.0,,5,1435.080544,state_verified
accepted,2,baseline,measured,5,200,631.0,,5,1435.080544,state_verified
accepted,2,protected,measured,100,1,4130.0,,100,642.49184,state_verified
accepted,2,protected,measured,100,2,1529.0,,100,642.49184,state_verified
accepted,2,protected,measured,100,3,1817.0,,100,642.49184,state_verified
accepted,2,protected,measured,100,4,1539.0,,100,642.49184,state_verified
accepted,2,protected,measured,100,5,1786.0,,100,642.49184,state_verified
accepted,2,protected,measured,100,6,1709.0,,100,642.49184,state_verified
accepted,2,protected,measured,100,7,1667.0,,100,642.49184,state_verified
accepted,2,protected,measured,100,8,1584.0,,100,642.49184,state_verified
accepted,2,protected,measured,100,9,1356.0,,100,642.49184,state_verified
accepted,2,protected,measured,100,10,1913.0,,100,642.49184,state_verified
accepted,2,protected,measured,100,11,1829.0,,100,642.49184,state_verified
accepted,2,protected,measured,100,12,1632.0,,100,642.49184,state_verified
accepted,2,protected,measured,100,13,1633.0,,100,642.49184,state_verified
accepted,2,protected,measured,100,14,1538.0,,100,642.49184,state_verified
accepted,2,protected,measured,100,15,1594.0,,100,642.49184,state_verified
accepted,2,protected,measured,100,16,1539.0,,100,642.49184,state_verified
accepted,2,protected,measured,100,17,1806.0,,100,642.49184,state_verified
accepted,2,protected,measured,100,18,1436.0,,100,642.49184,state_verified
accepted,2,protected,measured,100,19,1336.0,,100,642.49184,state_verified
accepted,2,protected,measured,100,20,1479.0,,100,642.49184,state_verified
accepted,2,protected,measured,100,21,1623.0,,100,642.49184,state_verified
accepted,2,protected,measured,100,22,1525.0,,100,642.49184,state_verified
accepted,2,protected,measured,100,23,1497.0,,100,642.49184,state_verified
accepted,2,protected,measured,100,24,1452.0,,100,642.49184,state_verified
accepted,2,protected,measured,100,25,1332.0,,100,642.49184,state_verified
accepted,2,protected,measured,100,26,1610.0,,100,642.49184,state_verified
accepted,2,protected,measured,100,27,1458.0,,100,642.49184,state_verified
accepted,2,protected,measured,100,28,1969.0,,100,642.49184,state_verified
accepted,2,protected,measured,100,29,1597.0,,100,642.49184,state_verified
accepted,2,protected,measured,100,30,1690.0,,100,642.49184,state_verified
accepted,2,protected,measured,100,31,1436.0,,100,642.49184,state_verified
accepted,2,protected,measured,100,32,1566.0,,100,642.49184,state_verified
accepted,2,protected,measured,100,33,1241.0,,100,642.49184,state_verified
accepted,2,protected,measured,100,34,1782.0,,100,642.49184,state_verified
accepted,2,protected,measured,100,35,1641.0,,100,642.49184,state_verified
accepted,2,protected,measured,100,36,1552.0,,100,642.49184,state_verified
accepted,2,protected,measured,100,37,1517.0,,100,642.49184,state_verified
accepted,2,protected,measured,100,38,1518.0,,100,642.49184,state_verified
accepted,2,protected,measured,100,39,1715.0,,100,642.49184,state_verified
accepted,2,protected,measured,100,40,1506.0,,100,642.49184,state_verified
accepted,2,protected,measured,100,41,2026.0,,100,642.49184,state_verified
accepted,2,protected,measured,100,42,1804.0,,100,642.49184,state_verified
accepted,2,protected,measured,100,43,1652.0,,100,642.49184,state_verified
accepted,2,protected,measured,100,44,1683.0,,100,642.49184,state_verified
accepted,2,protected,measured,100,45,1730.0,,100,642.49184,state_verified
accepted,2,protected,measured,100,46,1516.0,,100,642.49184,state_verified
accepted,2,protected,measured,100,47,1599.0,,100,642.49184,state_verified
accepted,2,protected,measured,100,48,1446.0,,100,642.49184,state_verified
accepted,2,protected,measured,100,49,1484.0,,100,642.49184,state_verified
accepted,2,protected,measured,100,50,1184.0,,100,642.49184,state_verified
accepted,2,protected,measured,100,51,1746.0,,100,642.49184,state_verified
accepted,2,protected,measured,100,52,1407.0,,100,642.49184,state_verified
accepted,2,protected,measured,100,53,1603.0,,100,642.49184,state_verified
accepted,2,protected,measured,100,54,1527.0,,100,642.49184,state_verified
accepted,2,protected,measured,100,55,1657.0,,100,642.49184,state_verified
accepted,2,protected,measured,100,56,1407.0,,100,642.49184,state_verified
accepted,2,protected,measured,100,57,1503.0,,100,642.49184,state_verified
accepted,2,protected,measured,100,58,1993.0,,100,642.49184,state_verified
accepted,2,protected,measured,100,59,1355.0,,100,642.49184,state_verified
accepted,2,protected,measured,100,60,1523.0,,100,642.49184,state_verified
accepted,2,protected,measured,100,61,1458.0,,100,642.49184,state_verified
accepted,2,protected,measured,100,62,1389.0,,100,642.49184,state_verified
accepted,2,protected,measured,100,63,1350.0,,100,642.49184,state_verified
accepted,2,protected,measured,100,64,1804.0,,100,642.49184,state_verified
accepted,2,protected,measured,100,65,1427.0,,100,642.49184,state_verified
accepted,2,protected,measured,100,66,1602.0,,100,642.49184,state_verified
accepted,2,protected,measured,100,67,1316.0,,100,642.49184,state_verified
accepted,2,protected,measured,100,68,1659.0,,100,642.49184,state_verified
accepted,2,protected,measured,100,69,1444.0,,100,642.49184,state_verified
accepted,2,protected,measured,100,70,1491.0,,100,642.49184,state_verified
accepted,2,protected,measured,100,71,1400.0,,100,642.49184,state_verified
accepted,2,protected,measured,100,72,1544.0,,100,642.49184,state_verified
accepted,2,protected,measured,100,73,1513.0,,100,642.49184,state_verified
accepted,2,protected,measured,100,74,1632.0,,100,642.49184,state_verified
accepted,2,protected,measured,100,75,1908.0,,100,642.49184,state_verified
accepted,2,protected,measured,100,76,1684.0,,100,642.49184,state_verified
accepted,2,protected,measured,100,77,1751.0,,100,642.49184,state_verified
accepted,2,protected,measured,100,78,1529.0,,100,642.49184,state_verified
accepted,2,protected,measured,100,79,1556.0,,100,642.49184,state_verified
accepted,2,protected,measured,100,80,1568.0,,100,642.49184,state_verified
accepted,2,protected,measured,100,81,1303.0,,100,642.49184,state_verified
accepted,2,protected,measured,100,82,1232.0,,100,642.49184,state_verified
accepted,2,protected,measured,100,83,1424.0,,100,642.49184,state_verified
accepted,2,protected,measured,100,84,1700.0,,100,642.49184,state_verified
accepted,2,protected,measured,100,85,1532.0,,100,642.49184,state_verified
accepted,2,protected,measured,100,86,1690.0,,100,642.49184,state_verified
accepted,2,protected,measured,100,87,1424.0,,100,642.49184,state_verified
accepted,2,protected,measured,100,88,1368.0,,100,642.49184,state_verified
accepted,2,protected,measured,100,89,1521.0,,100,642.49184,state_verified
accepted,2,protected,measured,100,90,1846.0,,100,642.49184,state_verified
accepted,2,protected,measured,100,91,1402.0,,100,642.49184,state_verified
accepted,2,protected,measured,100,92,1273.0,,100,642.49184,state_verified
accepted,2,protected,measured,100,93,1517.0,,100,642.49184,state_verified
accepted,2,protected,measured,100,94,1489.0,,100,642.49184,state_verified
accepted,2,protected,measured,100,95,1680.0,,100,642.49184,state_verified
accepted,2,protected,measured,100,96,1713.0,,100,642.49184,state_verified
accepted,2,protected,measured,100,97,1565.0,,100,642.49184,state_verified
accepted,2,protected,measured,100,98,1335.0,,100,642.49184,state_verified
accepted,2,protected,measured,100,99,1360.0,,100,642.49184,state_verified
accepted,2,protected,measured,100,100,1694.0,,100,642.49184,state_verified
accepted,2,protected,measured,100,101,1706.0,,100,642.49184,state_verified
accepted,2,protected,measured,100,102,2173.0,,100,642.49184,state_verified
accepted,2,protected,measured,100,103,1579.0,,100,642.49184,state_verified
accepted,2,protected,measured,100,104,1460.0,,100,642.49184,state_verified
accepted,2,protected,measured,100,105,1469.0,,100,642.49184,state_verified
accepted,2,protected,measured,100,106,1313.0,,100,642.49184,state_verified
accepted,2,protected,measured,100,107,1364.0,,100,642.49184,state_verified
accepted,2,protected,measured,100,108,1653.0,,100,642.49184,state_verified
accepted,2,protected,measured,100,109,1624.0,,100,642.49184,state_verified
accepted,2,protected,measured,100,110,1387.0,,100,642.49184,state_verified
accepted,2,protected,measured,100,111,1476.0,,100,642.49184,state_verified
accepted,2,protected,measured,100,112,1583.0,,100,642.49184,state_verified
accepted,2,protected,measured,100,113,1644.0,,100,642.49184,state_verified
accepted,2,protected,measured,100,114,1784.0,,100,642.49184,state_verified
accepted,2,protected,measured,100,115,1637.0,,100,642.49184,state_verified
accepted,2,protected,measured,100,116,1584.0,,100,642.49184,state_verified
accepted,2,protected,measured,100,117,1644.0,,100,642.49184,state_verified
accepted,2,protected,measured,100,118,1691.0,,100,642.49184,state_verified
accepted,2,protected,measured,100,119,1610.0,,100,642.49184,state_verified
accepted,2,protected,measured,100,120,1381.0,,100,642.49184,state_verified
accepted,2,protected,measured,100,121,1396.0,,100,642.49184,state_verified
accepted,2,protected,measured,100,122,1602.0,,100,642.49184,state_verified
accepted,2,protected,measured,100,123,1456.0,,100,642.49184,state_verified
accepted,2,protected,measured,100,124,1439.0,,100,642.49184,state_verified
accepted,2,protected,measured,100,125,1295.0,,100,642.49184,state_verified
accepted,2,protected,measured,100,126,1444.0,,100,642.49184,state_verified
accepted,2,protected,measured,100,127,1313.0,,100,642.49184,state_verified
accepted,2,protected,measured,100,128,1483.0,,100,642.49184,state_verified
accepted,2,protected,measured,100,129,1598.0,,100,642.49184,state_verified
accepted,2,protected,measured,100,130,1434.0,,100,642.49184,state_verified
accepted,2,protected,measured,100,131,1500.0,,100,642.49184,state_verified
accepted,2,protected,measured,100,132,1738.0,,100,642.49184,state_verified
accepted,2,protected,measured,100,133,1445.0,,100,642.49184,state_verified
accepted,2,protected,measured,100,134,1340.0,,100,642.49184,state_verified
accepted,2,protected,measured,100,135,1403.0,,100,642.49184,state_verified
accepted,2,protected,measured,100,136,1334.0,,100,642.49184,state_verified
accepted,2,protected,measured,100,137,1441.0,,100,642.49184,state_verified
accepted,2,protected,measured,100,138,1572.0,,100,642.49184,state_verified
accepted,2,protected,measured,100,139,1735.0,,100,642.49184,state_verified
accepted,2,protected,measured,100,140,1845.0,,100,642.49184,state_verified
accepted,2,protected,measured,100,141,1814.0,,100,642.49184,state_verified
accepted,2,protected,measured,100,142,1570.0,,100,642.49184,state_verified
accepted,2,protected,measured,100,143,1601.0,,100,642.49184,state_verified
accepted,2,protected,measured,100,144,1538.0,,100,642.49184,state_verified
accepted,2,protected,measured,100,145,1638.0,,100,642.49184,state_verified
accepted,2,protected,measured,100,146,1616.0,,100,642.49184,state_verified
accepted,2,protected,measured,100,147,1458.0,,100,642.49184,state_verified
accepted,2,protected,measured,100,148,1333.0,,100,642.49184,state_verified
accepted,2,protected,measured,100,149,1466.0,,100,642.49184,state_verified
accepted,2,protected,measured,100,150,1456.0,,100,642.49184,state_verified
accepted,2,protected,measured,100,151,1636.0,,100,642.49184,state_verified
accepted,2,protected,measured,100,152,1568.0,,100,642.49184,state_verified
accepted,2,protected,measured,100,153,1367.0,,100,642.49184,state_verified
accepted,2,protected,measured,100,154,1617.0,,100,642.49184,state_verified
accepted,2,protected,measured,100,155,1409.0,,100,642.49184,state_verified
accepted,2,protected,measured,100,156,1569.0,,100,642.49184,state_verified
accepted,2,protected,measured,100,157,1729.0,,100,642.49184,state_verified
accepted,2,protected,measured,100,158,1257.0,,100,642.49184,state_verified
accepted,2,protected,measured,100,159,1557.0,,100,642.49184,state_verified
accepted,2,protected,measured,100,160,1397.0,,100,642.49184,state_verified
accepted,2,protected,measured,100,161,1465.0,,100,642.49184,state_verified
accepted,2,protected,measured,100,162,1565.0,,100,642.49184,state_verified
accepted,2,protected,measured,100,163,1378.0,,100,642.49184,state_verified
accepted,2,protected,measured,100,164,1646.0,,100,642.49184,state_verified
accepted,2,protected,measured,100,165,1637.0,,100,642.49184,state_verified
accepted,2,protected,measured,100,166,1523.0,,100,642.49184,state_verified
accepted,2,protected,measured,100,167,1325.0,,100,642.49184,state_verified
accepted,2,protected,measured,100,168,1691.0,,100,642.49184,state_verified
accepted,2,protected,measured,100,169,1665.0,,100,642.49184,state_verified
accepted,2,protected,measured,100,170,1371.0,,100,642.49184,state_verified
accepted,2,protected,measured,100,171,1593.0,,100,642.49184,state_verified
accepted,2,protected,measured,100,172,1373.0,,100,642.49184,state_verified
accepted,2,protected,measured,100,173,1303.0,,100,642.49184,state_verified
accepted,2,protected,measured,100,174,1556.0,,100,642.49184,state_verified
accepted,2,protected,measured,100,175,1376.0,,100,642.49184,state_verified
accepted,2,protected,measured,100,176,1318.0,,100,642.49184,state_verified
accepted,2,protected,measured,100,177,1382.0,,100,642.49184,state_verified
accepted,2,protected,measured,100,178,1794.0,,100,642.49184,state_verified
accepted,2,protected,measured,100,179,1795.0,,100,642.49184,state_verified
accepted,2,protected,measured,100,180,1252.0,,100,642.49184,state_verified
accepted,2,protected,measured,100,181,1242.0,,100,642.49184,state_verified
accepted,2,protected,measured,100,182,1386.0,,100,642.49184,state_verified
accepted,2,protected,measured,100,183,1400.0,,100,642.49184,state_verified
accepted,2,protected,measured,100,184,1368.0,,100,642.49184,state_verified
accepted,2,protected,measured,100,185,1538.0,,100,642.49184,state_verified
accepted,2,protected,measured,100,186,1501.0,,100,642.49184,state_verified
accepted,2,protected,measured,100,187,1380.0,,100,642.49184,state_verified
accepted,2,protected,measured,100,188,1340.0,,100,642.49184,state_verified
accepted,2,protected,measured,100,189,1618.0,,100,642.49184,state_verified
accepted,2,protected,measured,100,190,1357.0,,100,642.49184,state_verified
accepted,2,protected,measured,100,191,1256.0,,100,642.49184,state_verified
accepted,2,protected,measured,100,192,1349.0,,100,642.49184,state_verified
accepted,2,protected,measured,100,193,1431.0,,100,642.49184,state_verified
accepted,2,protected,measured,100,194,1396.0,,100,642.49184,state_verified
accepted,2,protected,measured,100,195,1482.0,,100,642.49184,state_verified
accepted,2,protected,measured,100,196,1477.0,,100,642.49184,state_verified
accepted,2,protected,measured,100,197,1247.0,,100,642.49184,state_verified
accepted,2,protected,measured,100,198,1410.0,,100,642.49184,state_verified
accepted,2,protected,measured,100,199,1320.0,,100,642.49184,state_verified
accepted,2,protected,measured,100,200,1652.0,,100,642.49184,state_verified
accepted,2,baseline,measured,100,1,4059.0,,100,948.784607,state_verified
accepted,2,baseline,measured,100,2,1231.0,,100,948.784607,state_verified
accepted,2,baseline,measured,100,3,1088.0,,100,948.784607,state_verified
accepted,2,baseline,measured,100,4,970.0,,100,948.784607,state_verified
accepted,2,baseline,measured,100,5,1208.0,,100,948.784607,state_verified
accepted,2,baseline,measured,100,6,962.0,,100,948.784607,state_verified
accepted,2,baseline,measured,100,7,890.0,,100,948.784607,state_verified
accepted,2,baseline,measured,100,8,790.0,,100,948.784607,state_verified
accepted,2,baseline,measured,100,9,1315.0,,100,948.784607,state_verified
accepted,2,baseline,measured,100,10,1582.0,,100,948.784607,state_verified
accepted,2,baseline,measured,100,11,1351.0,,100,948.784607,state_verified
accepted,2,baseline,measured,100,12,1226.0,,100,948.784607,state_verified
accepted,2,baseline,measured,100,13,1165.0,,100,948.784607,state_verified
accepted,2,baseline,measured,100,14,1313.0,,100,948.784607,state_verified
accepted,2,baseline,measured,100,15,1289.0,,100,948.784607,state_verified
accepted,2,baseline,measured,100,16,1055.0,,100,948.784607,state_verified
accepted,2,baseline,measured,100,17,1345.0,,100,948.784607,state_verified
accepted,2,baseline,measured,100,18,970.0,,100,948.784607,state_verified
accepted,2,baseline,measured,100,19,925.0,,100,948.784607,state_verified
accepted,2,baseline,measured,100,20,781.0,,100,948.784607,state_verified
accepted,2,baseline,measured,100,21,800.0,,100,948.784607,state_verified
accepted,2,baseline,measured,100,22,831.0,,100,948.784607,state_verified
accepted,2,baseline,measured,100,23,911.0,,100,948.784607,state_verified
accepted,2,baseline,measured,100,24,715.0,,100,948.784607,state_verified
accepted,2,baseline,measured,100,25,779.0,,100,948.784607,state_verified
accepted,2,baseline,measured,100,26,870.0,,100,948.784607,state_verified
accepted,2,baseline,measured,100,27,703.0,,100,948.784607,state_verified
accepted,2,baseline,measured,100,28,943.0,,100,948.784607,state_verified
accepted,2,baseline,measured,100,29,919.0,,100,948.784607,state_verified
accepted,2,baseline,measured,100,30,843.0,,100,948.784607,state_verified
accepted,2,baseline,measured,100,31,1099.0,,100,948.784607,state_verified
accepted,2,baseline,measured,100,32,878.0,,100,948.784607,state_verified
accepted,2,baseline,measured,100,33,743.0,,100,948.784607,state_verified
accepted,2,baseline,measured,100,34,851.0,,100,948.784607,state_verified
accepted,2,baseline,measured,100,35,824.0,,100,948.784607,state_verified
accepted,2,baseline,measured,100,36,784.0,,100,948.784607,state_verified
accepted,2,baseline,measured,100,37,779.0,,100,948.784607,state_verified
accepted,2,baseline,measured,100,38,784.0,,100,948.784607,state_verified
accepted,2,baseline,measured,100,39,805.0,,100,948.784607,state_verified
accepted,2,baseline,measured,100,40,678.0,,100,948.784607,state_verified
accepted,2,baseline,measured,100,41,1083.0,,100,948.784607,state_verified
accepted,2,baseline,measured,100,42,730.0,,100,948.784607,state_verified
accepted,2,baseline,measured,100,43,762.0,,100,948.784607,state_verified
accepted,2,baseline,measured,100,44,751.0,,100,948.784607,state_verified
accepted,2,baseline,measured,100,45,867.0,,100,948.784607,state_verified
accepted,2,baseline,measured,100,46,751.0,,100,948.784607,state_verified
accepted,2,baseline,measured,100,47,817.0,,100,948.784607,state_verified
accepted,2,baseline,measured,100,48,20220.0,,100,948.784607,state_verified
accepted,2,baseline,measured,100,49,975.0,,100,948.784607,state_verified
accepted,2,baseline,measured,100,50,757.0,,100,948.784607,state_verified
accepted,2,baseline,measured,100,51,1186.0,,100,948.784607,state_verified
accepted,2,baseline,measured,100,52,851.0,,100,948.784607,state_verified
accepted,2,baseline,measured,100,53,1075.0,,100,948.784607,state_verified
accepted,2,baseline,measured,100,54,1263.0,,100,948.784607,state_verified
accepted,2,baseline,measured,100,55,1529.0,,100,948.784607,state_verified
accepted,2,baseline,measured,100,56,1281.0,,100,948.784607,state_verified
accepted,2,baseline,measured,100,57,1271.0,,100,948.784607,state_verified
accepted,2,baseline,measured,100,58,1594.0,,100,948.784607,state_verified
accepted,2,baseline,measured,100,59,1354.0,,100,948.784607,state_verified
accepted,2,baseline,measured,100,60,877.0,,100,948.784607,state_verified
accepted,2,baseline,measured,100,61,987.0,,100,948.784607,state_verified
accepted,2,baseline,measured,100,62,877.0,,100,948.784607,state_verified
accepted,2,baseline,measured,100,63,849.0,,100,948.784607,state_verified
accepted,2,baseline,measured,100,64,1439.0,,100,948.784607,state_verified
accepted,2,baseline,measured,100,65,1097.0,,100,948.784607,state_verified
accepted,2,baseline,measured,100,66,1049.0,,100,948.784607,state_verified
accepted,2,baseline,measured,100,67,858.0,,100,948.784607,state_verified
accepted,2,baseline,measured,100,68,989.0,,100,948.784607,state_verified
accepted,2,baseline,measured,100,69,926.0,,100,948.784607,state_verified
accepted,2,baseline,measured,100,70,845.0,,100,948.784607,state_verified
accepted,2,baseline,measured,100,71,855.0,,100,948.784607,state_verified
accepted,2,baseline,measured,100,72,1004.0,,100,948.784607,state_verified
accepted,2,baseline,measured,100,73,843.0,,100,948.784607,state_verified
accepted,2,baseline,measured,100,74,827.0,,100,948.784607,state_verified
accepted,2,baseline,measured,100,75,881.0,,100,948.784607,state_verified
accepted,2,baseline,measured,100,76,711.0,,100,948.784607,state_verified
accepted,2,baseline,measured,100,77,796.0,,100,948.784607,state_verified
accepted,2,baseline,measured,100,78,921.0,,100,948.784607,state_verified
accepted,2,baseline,measured,100,79,1108.0,,100,948.784607,state_verified
accepted,2,baseline,measured,100,80,1272.0,,100,948.784607,state_verified
accepted,2,baseline,measured,100,81,921.0,,100,948.784607,state_verified
accepted,2,baseline,measured,100,82,881.0,,100,948.784607,state_verified
accepted,2,baseline,measured,100,83,832.0,,100,948.784607,state_verified
accepted,2,baseline,measured,100,84,913.0,,100,948.784607,state_verified
accepted,2,baseline,measured,100,85,823.0,,100,948.784607,state_verified
accepted,2,baseline,measured,100,86,1156.0,,100,948.784607,state_verified
accepted,2,baseline,measured,100,87,1177.0,,100,948.784607,state_verified
accepted,2,baseline,measured,100,88,807.0,,100,948.784607,state_verified
accepted,2,baseline,measured,100,89,859.0,,100,948.784607,state_verified
accepted,2,baseline,measured,100,90,803.0,,100,948.784607,state_verified
accepted,2,baseline,measured,100,91,788.0,,100,948.784607,state_verified
accepted,2,baseline,measured,100,92,823.0,,100,948.784607,state_verified
accepted,2,baseline,measured,100,93,933.0,,100,948.784607,state_verified
accepted,2,baseline,measured,100,94,770.0,,100,948.784607,state_verified
accepted,2,baseline,measured,100,95,946.0,,100,948.784607,state_verified
accepted,2,baseline,measured,100,96,872.0,,100,948.784607,state_verified
accepted,2,baseline,measured,100,97,851.0,,100,948.784607,state_verified
accepted,2,baseline,measured,100,98,773.0,,100,948.784607,state_verified
accepted,2,baseline,measured,100,99,797.0,,100,948.784607,state_verified
accepted,2,baseline,measured,100,100,844.0,,100,948.784607,state_verified
accepted,2,baseline,measured,100,101,791.0,,100,948.784607,state_verified
accepted,2,baseline,measured,100,102,956.0,,100,948.784607,state_verified
accepted,2,baseline,measured,100,103,845.0,,100,948.784607,state_verified
accepted,2,baseline,measured,100,104,863.0,,100,948.784607,state_verified
accepted,2,baseline,measured,100,105,743.0,,100,948.784607,state_verified
accepted,2,baseline,measured,100,106,735.0,,100,948.784607,state_verified
accepted,2,baseline,measured,100,107,924.0,,100,948.784607,state_verified
accepted,2,baseline,measured,100,108,857.0,,100,948.784607,state_verified
accepted,2,baseline,measured,100,109,909.0,,100,948.784607,state_verified
accepted,2,baseline,measured,100,110,729.0,,100,948.784607,state_verified
accepted,2,baseline,measured,100,111,863.0,,100,948.784607,state_verified
accepted,2,baseline,measured,100,112,863.0,,100,948.784607,state_verified
accepted,2,baseline,measured,100,113,858.0,,100,948.784607,state_verified
accepted,2,baseline,measured,100,114,889.0,,100,948.784607,state_verified
accepted,2,baseline,measured,100,115,812.0,,100,948.784607,state_verified
accepted,2,baseline,measured,100,116,774.0,,100,948.784607,state_verified
accepted,2,baseline,measured,100,117,934.0,,100,948.784607,state_verified
accepted,2,baseline,measured,100,118,1153.0,,100,948.784607,state_verified
accepted,2,baseline,measured,100,119,1116.0,,100,948.784607,state_verified
accepted,2,baseline,measured,100,120,1041.0,,100,948.784607,state_verified
accepted,2,baseline,measured,100,121,1106.0,,100,948.784607,state_verified
accepted,2,baseline,measured,100,122,811.0,,100,948.784607,state_verified
accepted,2,baseline,measured,100,123,862.0,,100,948.784607,state_verified
accepted,2,baseline,measured,100,124,882.0,,100,948.784607,state_verified
accepted,2,baseline,measured,100,125,967.0,,100,948.784607,state_verified
accepted,2,baseline,measured,100,126,935.0,,100,948.784607,state_verified
accepted,2,baseline,measured,100,127,993.0,,100,948.784607,state_verified
accepted,2,baseline,measured,100,128,1004.0,,100,948.784607,state_verified
accepted,2,baseline,measured,100,129,1259.0,,100,948.784607,state_verified
accepted,2,baseline,measured,100,130,891.0,,100,948.784607,state_verified
accepted,2,baseline,measured,100,131,922.0,,100,948.784607,state_verified
accepted,2,baseline,measured,100,132,1519.0,,100,948.784607,state_verified
accepted,2,baseline,measured,100,133,946.0,,100,948.784607,state_verified
accepted,2,baseline,measured,100,134,899.0,,100,948.784607,state_verified
accepted,2,baseline,measured,100,135,922.0,,100,948.784607,state_verified
accepted,2,baseline,measured,100,136,894.0,,100,948.784607,state_verified
accepted,2,baseline,measured,100,137,804.0,,100,948.784607,state_verified
accepted,2,baseline,measured,100,138,766.0,,100,948.784607,state_verified
accepted,2,baseline,measured,100,139,931.0,,100,948.784607,state_verified
accepted,2,baseline,measured,100,140,756.0,,100,948.784607,state_verified
accepted,2,baseline,measured,100,141,841.0,,100,948.784607,state_verified
accepted,2,baseline,measured,100,142,837.0,,100,948.784607,state_verified
accepted,2,baseline,measured,100,143,896.0,,100,948.784607,state_verified
accepted,2,baseline,measured,100,144,907.0,,100,948.784607,state_verified
accepted,2,baseline,measured,100,145,839.0,,100,948.784607,state_verified
accepted,2,baseline,measured,100,146,998.0,,100,948.784607,state_verified
accepted,2,baseline,measured,100,147,937.0,,100,948.784607,state_verified
accepted,2,baseline,measured,100,148,1041.0,,100,948.784607,state_verified
accepted,2,baseline,measured,100,149,918.0,,100,948.784607,state_verified
accepted,2,baseline,measured,100,150,1284.0,,100,948.784607,state_verified
accepted,2,baseline,measured,100,151,1000.0,,100,948.784607,state_verified
accepted,2,baseline,measured,100,152,971.0,,100,948.784607,state_verified
accepted,2,baseline,measured,100,153,831.0,,100,948.784607,state_verified
accepted,2,baseline,measured,100,154,849.0,,100,948.784607,state_verified
accepted,2,baseline,measured,100,155,809.0,,100,948.784607,state_verified
accepted,2,baseline,measured,100,156,847.0,,100,948.784607,state_verified
accepted,2,baseline,measured,100,157,883.0,,100,948.784607,state_verified
accepted,2,baseline,measured,100,158,839.0,,100,948.784607,state_verified
accepted,2,baseline,measured,100,159,946.0,,100,948.784607,state_verified
accepted,2,baseline,measured,100,160,717.0,,100,948.784607,state_verified
accepted,2,baseline,measured,100,161,773.0,,100,948.784607,state_verified
accepted,2,baseline,measured,100,162,862.0,,100,948.784607,state_verified
accepted,2,baseline,measured,100,163,769.0,,100,948.784607,state_verified
accepted,2,baseline,measured,100,164,853.0,,100,948.784607,state_verified
accepted,2,baseline,measured,100,165,913.0,,100,948.784607,state_verified
accepted,2,baseline,measured,100,166,895.0,,100,948.784607,state_verified
accepted,2,baseline,measured,100,167,854.0,,100,948.784607,state_verified
accepted,2,baseline,measured,100,168,1007.0,,100,948.784607,state_verified
accepted,2,baseline,measured,100,169,857.0,,100,948.784607,state_verified
accepted,2,baseline,measured,100,170,791.0,,100,948.784607,state_verified
accepted,2,baseline,measured,100,171,787.0,,100,948.784607,state_verified
accepted,2,baseline,measured,100,172,742.0,,100,948.784607,state_verified
accepted,2,baseline,measured,100,173,764.0,,100,948.784607,state_verified
accepted,2,baseline,measured,100,174,1095.0,,100,948.784607,state_verified
accepted,2,baseline,measured,100,175,941.0,,100,948.784607,state_verified
accepted,2,baseline,measured,100,176,1023.0,,100,948.784607,state_verified
accepted,2,baseline,measured,100,177,973.0,,100,948.784607,state_verified
accepted,2,baseline,measured,100,178,953.0,,100,948.784607,state_verified
accepted,2,baseline,measured,100,179,808.0,,100,948.784607,state_verified
accepted,2,baseline,measured,100,180,1028.0,,100,948.784607,state_verified
accepted,2,baseline,measured,100,181,984.0,,100,948.784607,state_verified
accepted,2,baseline,measured,100,182,1129.0,,100,948.784607,state_verified
accepted,2,baseline,measured,100,183,1062.0,,100,948.784607,state_verified
accepted,2,baseline,measured,100,184,1198.0,,100,948.784607,state_verified
accepted,2,baseline,measured,100,185,1277.0,,100,948.784607,state_verified
accepted,2,baseline,measured,100,186,847.0,,100,948.784607,state_verified
accepted,2,baseline,measured,100,187,815.0,,100,948.784607,state_verified
accepted,2,baseline,measured,100,188,715.0,,100,948.784607,state_verified
accepted,2,baseline,measured,100,189,913.0,,100,948.784607,state_verified
accepted,2,baseline,measured,100,190,811.0,,100,948.784607,state_verified
accepted,2,baseline,measured,100,191,818.0,,100,948.784607,state_verified
accepted,2,baseline,measured,100,192,804.0,,100,948.784607,state_verified
accepted,2,baseline,measured,100,193,703.0,,100,948.784607,state_verified
accepted,2,baseline,measured,100,194,727.0,,100,948.784607,state_verified
accepted,2,baseline,measured,100,195,780.0,,100,948.784607,state_verified
accepted,2,baseline,measured,100,196,778.0,,100,948.784607,state_verified
accepted,2,baseline,measured,100,197,1053.0,,100,948.784607,state_verified
accepted,2,baseline,measured,100,198,737.0,,100,948.784607,state_verified
accepted,2,baseline,measured,100,199,782.0,,100,948.784607,state_verified
accepted,2,baseline,measured,100,200,884.0,,100,948.784607,state_verified
accepted,2,protected,measured,users,1,3182.0,,1,1352.941972,state_verified
accepted,2,protected,measured,users,2,807.0,,1,1352.941972,state_verified
accepted,2,protected,measured,users,3,790.0,,1,1352.941972,state_verified
accepted,2,protected,measured,users,4,730.0,,1,1352.941972,state_verified
accepted,2,protected,measured,users,5,694.0,,1,1352.941972,state_verified
accepted,2,protected,measured,users,6,672.0,,1,1352.941972,state_verified
accepted,2,protected,measured,users,7,614.0,,1,1352.941972,state_verified
accepted,2,protected,measured,users,8,699.0,,1,1352.941972,state_verified
accepted,2,protected,measured,users,9,713.0,,1,1352.941972,state_verified
accepted,2,protected,measured,users,10,693.0,,1,1352.941972,state_verified
accepted,2,protected,measured,users,11,674.0,,1,1352.941972,state_verified
accepted,2,protected,measured,users,12,674.0,,1,1352.941972,state_verified
accepted,2,protected,measured,users,13,686.0,,1,1352.941972,state_verified
accepted,2,protected,measured,users,14,645.0,,1,1352.941972,state_verified
accepted,2,protected,measured,users,15,647.0,,1,1352.941972,state_verified
accepted,2,protected,measured,users,16,671.0,,1,1352.941972,state_verified
accepted,2,protected,measured,users,17,675.0,,1,1352.941972,state_verified
accepted,2,protected,measured,users,18,644.0,,1,1352.941972,state_verified
accepted,2,protected,measured,users,19,725.0,,1,1352.941972,state_verified
accepted,2,protected,measured,users,20,718.0,,1,1352.941972,state_verified
accepted,2,protected,measured,users,21,801.0,,1,1352.941972,state_verified
accepted,2,protected,measured,users,22,612.0,,1,1352.941972,state_verified
accepted,2,protected,measured,users,23,655.0,,1,1352.941972,state_verified
accepted,2,protected,measured,users,24,695.0,,1,1352.941972,state_verified
accepted,2,protected,measured,users,25,705.0,,1,1352.941972,state_verified
accepted,2,protected,measured,users,26,658.0,,1,1352.941972,state_verified
accepted,2,protected,measured,users,27,656.0,,1,1352.941972,state_verified
accepted,2,protected,measured,users,28,665.0,,1,1352.941972,state_verified
accepted,2,protected,measured,users,29,678.0,,1,1352.941972,state_verified
accepted,2,protected,measured,users,30,675.0,,1,1352.941972,state_verified
accepted,2,protected,measured,users,31,708.0,,1,1352.941972,state_verified
accepted,2,protected,measured,users,32,660.0,,1,1352.941972,state_verified
accepted,2,protected,measured,users,33,1150.0,,1,1352.941972,state_verified
accepted,2,protected,measured,users,34,1090.0,,1,1352.941972,state_verified
accepted,2,protected,measured,users,35,1057.0,,1,1352.941972,state_verified
accepted,2,protected,measured,users,36,1044.0,,1,1352.941972,state_verified
accepted,2,protected,measured,users,37,653.0,,1,1352.941972,state_verified
accepted,2,protected,measured,users,38,707.0,,1,1352.941972,state_verified
accepted,2,protected,measured,users,39,648.0,,1,1352.941972,state_verified
accepted,2,protected,measured,users,40,655.0,,1,1352.941972,state_verified
accepted,2,protected,measured,users,41,740.0,,1,1352.941972,state_verified
accepted,2,protected,measured,users,42,971.0,,1,1352.941972,state_verified
accepted,2,protected,measured,users,43,610.0,,1,1352.941972,state_verified
accepted,2,protected,measured,users,44,739.0,,1,1352.941972,state_verified
accepted,2,protected,measured,users,45,687.0,,1,1352.941972,state_verified
accepted,2,protected,measured,users,46,733.0,,1,1352.941972,state_verified
accepted,2,protected,measured,users,47,665.0,,1,1352.941972,state_verified
accepted,2,protected,measured,users,48,662.0,,1,1352.941972,state_verified
accepted,2,protected,measured,users,49,665.0,,1,1352.941972,state_verified
accepted,2,protected,measured,users,50,660.0,,1,1352.941972,state_verified
accepted,2,protected,measured,users,51,642.0,,1,1352.941972,state_verified
accepted,2,protected,measured,users,52,652.0,,1,1352.941972,state_verified
accepted,2,protected,measured,users,53,630.0,,1,1352.941972,state_verified
accepted,2,protected,measured,users,54,721.0,,1,1352.941972,state_verified
accepted,2,protected,measured,users,55,677.0,,1,1352.941972,state_verified
accepted,2,protected,measured,users,56,640.0,,1,1352.941972,state_verified
accepted,2,protected,measured,users,57,676.0,,1,1352.941972,state_verified
accepted,2,protected,measured,users,58,670.0,,1,1352.941972,state_verified
accepted,2,protected,measured,users,59,646.0,,1,1352.941972,state_verified
accepted,2,protected,measured,users,60,623.0,,1,1352.941972,state_verified
accepted,2,protected,measured,users,61,678.0,,1,1352.941972,state_verified
accepted,2,protected,measured,users,62,631.0,,1,1352.941972,state_verified
accepted,2,protected,measured,users,63,666.0,,1,1352.941972,state_verified
accepted,2,protected,measured,users,64,840.0,,1,1352.941972,state_verified
accepted,2,protected,measured,users,65,609.0,,1,1352.941972,state_verified
accepted,2,protected,measured,users,66,632.0,,1,1352.941972,state_verified
accepted,2,protected,measured,users,67,639.0,,1,1352.941972,state_verified
accepted,2,protected,measured,users,68,655.0,,1,1352.941972,state_verified
accepted,2,protected,measured,users,69,656.0,,1,1352.941972,state_verified
accepted,2,protected,measured,users,70,661.0,,1,1352.941972,state_verified
accepted,2,protected,measured,users,71,637.0,,1,1352.941972,state_verified
accepted,2,protected,measured,users,72,667.0,,1,1352.941972,state_verified
accepted,2,protected,measured,users,73,655.0,,1,1352.941972,state_verified
accepted,2,protected,measured,users,74,668.0,,1,1352.941972,state_verified
accepted,2,protected,measured,users,75,671.0,,1,1352.941972,state_verified
accepted,2,protected,measured,users,76,680.0,,1,1352.941972,state_verified
accepted,2,protected,measured,users,77,664.0,,1,1352.941972,state_verified
accepted,2,protected,measured,users,78,631.0,,1,1352.941972,state_verified
accepted,2,protected,measured,users,79,667.0,,1,1352.941972,state_verified
accepted,2,protected,measured,users,80,657.0,,1,1352.941972,state_verified
accepted,2,protected,measured,users,81,759.0,,1,1352.941972,state_verified
accepted,2,protected,measured,users,82,693.0,,1,1352.941972,state_verified
accepted,2,protected,measured,users,83,698.0,,1,1352.941972,state_verified
accepted,2,protected,measured,users,84,628.0,,1,1352.941972,state_verified
accepted,2,protected,measured,users,85,634.0,,1,1352.941972,state_verified
accepted,2,protected,measured,users,86,621.0,,1,1352.941972,state_verified
accepted,2,protected,measured,users,87,650.0,,1,1352.941972,state_verified
accepted,2,protected,measured,users,88,681.0,,1,1352.941972,state_verified
accepted,2,protected,measured,users,89,670.0,,1,1352.941972,state_verified
accepted,2,protected,measured,users,90,667.0,,1,1352.941972,state_verified
accepted,2,protected,measured,users,91,690.0,,1,1352.941972,state_verified
accepted,2,protected,measured,users,92,694.0,,1,1352.941972,state_verified
accepted,2,protected,measured,users,93,677.0,,1,1352.941972,state_verified
accepted,2,protected,measured,users,94,720.0,,1,1352.941972,state_verified
accepted,2,protected,measured,users,95,642.0,,1,1352.941972,state_verified
accepted,2,protected,measured,users,96,649.0,,1,1352.941972,state_verified
accepted,2,protected,measured,users,97,986.0,,1,1352.941972,state_verified
accepted,2,protected,measured,users,98,957.0,,1,1352.941972,state_verified
accepted,2,protected,measured,users,99,1002.0,,1,1352.941972,state_verified
accepted,2,protected,measured,users,100,990.0,,1,1352.941972,state_verified
accepted,2,protected,measured,users,101,718.0,,1,1352.941972,state_verified
accepted,2,protected,measured,users,102,817.0,,1,1352.941972,state_verified
accepted,2,protected,measured,users,103,681.0,,1,1352.941972,state_verified
accepted,2,protected,measured,users,104,654.0,,1,1352.941972,state_verified
accepted,2,protected,measured,users,105,656.0,,1,1352.941972,state_verified
accepted,2,protected,measured,users,106,660.0,,1,1352.941972,state_verified
accepted,2,protected,measured,users,107,662.0,,1,1352.941972,state_verified
accepted,2,protected,measured,users,108,668.0,,1,1352.941972,state_verified
accepted,2,protected,measured,users,109,656.0,,1,1352.941972,state_verified
accepted,2,protected,measured,users,110,655.0,,1,1352.941972,state_verified
accepted,2,protected,measured,users,111,655.0,,1,1352.941972,state_verified
accepted,2,protected,measured,users,112,639.0,,1,1352.941972,state_verified
accepted,2,protected,measured,users,113,682.0,,1,1352.941972,state_verified
accepted,2,protected,measured,users,114,640.0,,1,1352.941972,state_verified
accepted,2,protected,measured,users,115,646.0,,1,1352.941972,state_verified
accepted,2,protected,measured,users,116,706.0,,1,1352.941972,state_verified
accepted,2,protected,measured,users,117,692.0,,1,1352.941972,state_verified
accepted,2,protected,measured,users,118,657.0,,1,1352.941972,state_verified
accepted,2,protected,measured,users,119,653.0,,1,1352.941972,state_verified
accepted,2,protected,measured,users,120,661.0,,1,1352.941972,state_verified
accepted,2,protected,measured,users,121,634.0,,1,1352.941972,state_verified
accepted,2,protected,measured,users,122,656.0,,1,1352.941972,state_verified
accepted,2,protected,measured,users,123,680.0,,1,1352.941972,state_verified
accepted,2,protected,measured,users,124,653.0,,1,1352.941972,state_verified
accepted,2,protected,measured,users,125,653.0,,1,1352.941972,state_verified
accepted,2,protected,measured,users,126,673.0,,1,1352.941972,state_verified
accepted,2,protected,measured,users,127,690.0,,1,1352.941972,state_verified
accepted,2,protected,measured,users,128,675.0,,1,1352.941972,state_verified
accepted,2,protected,measured,users,129,664.0,,1,1352.941972,state_verified
accepted,2,protected,measured,users,130,675.0,,1,1352.941972,state_verified
accepted,2,protected,measured,users,131,680.0,,1,1352.941972,state_verified
accepted,2,protected,measured,users,132,684.0,,1,1352.941972,state_verified
accepted,2,protected,measured,users,133,676.0,,1,1352.941972,state_verified
accepted,2,protected,measured,users,134,818.0,,1,1352.941972,state_verified
accepted,2,protected,measured,users,135,737.0,,1,1352.941972,state_verified
accepted,2,protected,measured,users,136,675.0,,1,1352.941972,state_verified
accepted,2,protected,measured,users,137,666.0,,1,1352.941972,state_verified
accepted,2,protected,measured,users,138,703.0,,1,1352.941972,state_verified
accepted,2,protected,measured,users,139,789.0,,1,1352.941972,state_verified
accepted,2,protected,measured,users,140,703.0,,1,1352.941972,state_verified
accepted,2,protected,measured,users,141,700.0,,1,1352.941972,state_verified
accepted,2,protected,measured,users,142,883.0,,1,1352.941972,state_verified
accepted,2,protected,measured,users,143,768.0,,1,1352.941972,state_verified
accepted,2,protected,measured,users,144,651.0,,1,1352.941972,state_verified
accepted,2,protected,measured,users,145,720.0,,1,1352.941972,state_verified
accepted,2,protected,measured,users,146,628.0,,1,1352.941972,state_verified
accepted,2,protected,measured,users,147,634.0,,1,1352.941972,state_verified
accepted,2,protected,measured,users,148,647.0,,1,1352.941972,state_verified
accepted,2,protected,measured,users,149,595.0,,1,1352.941972,state_verified
accepted,2,protected,measured,users,150,631.0,,1,1352.941972,state_verified
accepted,2,protected,measured,users,151,614.0,,1,1352.941972,state_verified
accepted,2,protected,measured,users,152,637.0,,1,1352.941972,state_verified
accepted,2,protected,measured,users,153,719.0,,1,1352.941972,state_verified
accepted,2,protected,measured,users,154,661.0,,1,1352.941972,state_verified
accepted,2,protected,measured,users,155,623.0,,1,1352.941972,state_verified
accepted,2,protected,measured,users,156,763.0,,1,1352.941972,state_verified
accepted,2,protected,measured,users,157,941.0,,1,1352.941972,state_verified
accepted,2,protected,measured,users,158,844.0,,1,1352.941972,state_verified
accepted,2,protected,measured,users,159,937.0,,1,1352.941972,state_verified
accepted,2,protected,measured,users,160,843.0,,1,1352.941972,state_verified
accepted,2,protected,measured,users,161,1192.0,,1,1352.941972,state_verified
accepted,2,protected,measured,users,162,1259.0,,1,1352.941972,state_verified
accepted,2,protected,measured,users,163,1191.0,,1,1352.941972,state_verified
accepted,2,protected,measured,users,164,1285.0,,1,1352.941972,state_verified
accepted,2,protected,measured,users,165,837.0,,1,1352.941972,state_verified
accepted,2,protected,measured,users,166,695.0,,1,1352.941972,state_verified
accepted,2,protected,measured,users,167,705.0,,1,1352.941972,state_verified
accepted,2,protected,measured,users,168,666.0,,1,1352.941972,state_verified
accepted,2,protected,measured,users,169,671.0,,1,1352.941972,state_verified
accepted,2,protected,measured,users,170,654.0,,1,1352.941972,state_verified
accepted,2,protected,measured,users,171,646.0,,1,1352.941972,state_verified
accepted,2,protected,measured,users,172,639.0,,1,1352.941972,state_verified
accepted,2,protected,measured,users,173,643.0,,1,1352.941972,state_verified
accepted,2,protected,measured,users,174,604.0,,1,1352.941972,state_verified
accepted,2,protected,measured,users,175,636.0,,1,1352.941972,state_verified
accepted,2,protected,measured,users,176,881.0,,1,1352.941972,state_verified
accepted,2,protected,measured,users,177,791.0,,1,1352.941972,state_verified
accepted,2,protected,measured,users,178,771.0,,1,1352.941972,state_verified
accepted,2,protected,measured,users,179,812.0,,1,1352.941972,state_verified
accepted,2,protected,measured,users,180,815.0,,1,1352.941972,state_verified
accepted,2,protected,measured,users,181,760.0,,1,1352.941972,state_verified
accepted,2,protected,measured,users,182,764.0,,1,1352.941972,state_verified
accepted,2,protected,measured,users,183,680.0,,1,1352.941972,state_verified
accepted,2,protected,measured,users,184,622.0,,1,1352.941972,state_verified
accepted,2,protected,measured,users,185,662.0,,1,1352.941972,state_verified
accepted,2,protected,measured,users,186,610.0,,1,1352.941972,state_verified
accepted,2,protected,measured,users,187,625.0,,1,1352.941972,state_verified
accepted,2,protected,measured,users,188,635.0,,1,1352.941972,state_verified
accepted,2,protected,measured,users,189,630.0,,1,1352.941972,state_verified
accepted,2,protected,measured,users,190,678.0,,1,1352.941972,state_verified
accepted,2,protected,measured,users,191,789.0,,1,1352.941972,state_verified
accepted,2,protected,measured,users,192,799.0,,1,1352.941972,state_verified
accepted,2,protected,measured,users,193,788.0,,1,1352.941972,state_verified
accepted,2,protected,measured,users,194,748.0,,1,1352.941972,state_verified
accepted,2,protected,measured,users,195,727.0,,1,1352.941972,state_verified
accepted,2,protected,measured,users,196,668.0,,1,1352.941972,state_verified
accepted,2,protected,measured,users,197,769.0,,1,1352.941972,state_verified
accepted,2,protected,measured,users,198,1024.0,,1,1352.941972,state_verified
accepted,2,protected,measured,users,199,796.0,,1,1352.941972,state_verified
accepted,2,protected,measured,users,200,868.0,,1,1352.941972,state_verified
accepted,2,baseline,measured,users,1,2776.0,,1,1560.184102,state_verified
accepted,2,baseline,measured,users,2,603.0,,1,1560.184102,state_verified
accepted,2,baseline,measured,users,3,613.0,,1,1560.184102,state_verified
accepted,2,baseline,measured,users,4,647.0,,1,1560.184102,state_verified
accepted,2,baseline,measured,users,5,565.0,,1,1560.184102,state_verified
accepted,2,baseline,measured,users,6,560.0,,1,1560.184102,state_verified
accepted,2,baseline,measured,users,7,536.0,,1,1560.184102,state_verified
accepted,2,baseline,measured,users,8,533.0,,1,1560.184102,state_verified
accepted,2,baseline,measured,users,9,555.0,,1,1560.184102,state_verified
accepted,2,baseline,measured,users,10,571.0,,1,1560.184102,state_verified
accepted,2,baseline,measured,users,11,527.0,,1,1560.184102,state_verified
accepted,2,baseline,measured,users,12,519.0,,1,1560.184102,state_verified
accepted,2,baseline,measured,users,13,905.0,,1,1560.184102,state_verified
accepted,2,baseline,measured,users,14,1002.0,,1,1560.184102,state_verified
accepted,2,baseline,measured,users,15,961.0,,1,1560.184102,state_verified
accepted,2,baseline,measured,users,16,1048.0,,1,1560.184102,state_verified
accepted,2,baseline,measured,users,17,680.0,,1,1560.184102,state_verified
accepted,2,baseline,measured,users,18,760.0,,1,1560.184102,state_verified
accepted,2,baseline,measured,users,19,619.0,,1,1560.184102,state_verified
accepted,2,baseline,measured,users,20,545.0,,1,1560.184102,state_verified
accepted,2,baseline,measured,users,21,528.0,,1,1560.184102,state_verified
accepted,2,baseline,measured,users,22,511.0,,1,1560.184102,state_verified
accepted,2,baseline,measured,users,23,518.0,,1,1560.184102,state_verified
accepted,2,baseline,measured,users,24,516.0,,1,1560.184102,state_verified
accepted,2,baseline,measured,users,25,533.0,,1,1560.184102,state_verified
accepted,2,baseline,measured,users,26,508.0,,1,1560.184102,state_verified
accepted,2,baseline,measured,users,27,510.0,,1,1560.184102,state_verified
accepted,2,baseline,measured,users,28,519.0,,1,1560.184102,state_verified
accepted,2,baseline,measured,users,29,507.0,,1,1560.184102,state_verified
accepted,2,baseline,measured,users,30,503.0,,1,1560.184102,state_verified
accepted,2,baseline,measured,users,31,508.0,,1,1560.184102,state_verified
accepted,2,baseline,measured,users,32,495.0,,1,1560.184102,state_verified
accepted,2,baseline,measured,users,33,501.0,,1,1560.184102,state_verified
accepted,2,baseline,measured,users,34,520.0,,1,1560.184102,state_verified
accepted,2,baseline,measured,users,35,501.0,,1,1560.184102,state_verified
accepted,2,baseline,measured,users,36,505.0,,1,1560.184102,state_verified
accepted,2,baseline,measured,users,37,503.0,,1,1560.184102,state_verified
accepted,2,baseline,measured,users,38,511.0,,1,1560.184102,state_verified
accepted,2,baseline,measured,users,39,531.0,,1,1560.184102,state_verified
accepted,2,baseline,measured,users,40,694.0,,1,1560.184102,state_verified
accepted,2,baseline,measured,users,41,628.0,,1,1560.184102,state_verified
accepted,2,baseline,measured,users,42,611.0,,1,1560.184102,state_verified
accepted,2,baseline,measured,users,43,552.0,,1,1560.184102,state_verified
accepted,2,baseline,measured,users,44,663.0,,1,1560.184102,state_verified
accepted,2,baseline,measured,users,45,673.0,,1,1560.184102,state_verified
accepted,2,baseline,measured,users,46,605.0,,1,1560.184102,state_verified
accepted,2,baseline,measured,users,47,632.0,,1,1560.184102,state_verified
accepted,2,baseline,measured,users,48,540.0,,1,1560.184102,state_verified
accepted,2,baseline,measured,users,49,533.0,,1,1560.184102,state_verified
accepted,2,baseline,measured,users,50,515.0,,1,1560.184102,state_verified
accepted,2,baseline,measured,users,51,503.0,,1,1560.184102,state_verified
accepted,2,baseline,measured,users,52,518.0,,1,1560.184102,state_verified
accepted,2,baseline,measured,users,53,554.0,,1,1560.184102,state_verified
accepted,2,baseline,measured,users,54,573.0,,1,1560.184102,state_verified
accepted,2,baseline,measured,users,55,612.0,,1,1560.184102,state_verified
accepted,2,baseline,measured,users,56,638.0,,1,1560.184102,state_verified
accepted,2,baseline,measured,users,57,557.0,,1,1560.184102,state_verified
accepted,2,baseline,measured,users,58,535.0,,1,1560.184102,state_verified
accepted,2,baseline,measured,users,59,532.0,,1,1560.184102,state_verified
accepted,2,baseline,measured,users,60,510.0,,1,1560.184102,state_verified
accepted,2,baseline,measured,users,61,524.0,,1,1560.184102,state_verified
accepted,2,baseline,measured,users,62,572.0,,1,1560.184102,state_verified
accepted,2,baseline,measured,users,63,567.0,,1,1560.184102,state_verified
accepted,2,baseline,measured,users,64,530.0,,1,1560.184102,state_verified
accepted,2,baseline,measured,users,65,527.0,,1,1560.184102,state_verified
accepted,2,baseline,measured,users,66,590.0,,1,1560.184102,state_verified
accepted,2,baseline,measured,users,67,577.0,,1,1560.184102,state_verified
accepted,2,baseline,measured,users,68,511.0,,1,1560.184102,state_verified
accepted,2,baseline,measured,users,69,523.0,,1,1560.184102,state_verified
accepted,2,baseline,measured,users,70,533.0,,1,1560.184102,state_verified
accepted,2,baseline,measured,users,71,537.0,,1,1560.184102,state_verified
accepted,2,baseline,measured,users,72,532.0,,1,1560.184102,state_verified
accepted,2,baseline,measured,users,73,524.0,,1,1560.184102,state_verified
accepted,2,baseline,measured,users,74,513.0,,1,1560.184102,state_verified
accepted,2,baseline,measured,users,75,520.0,,1,1560.184102,state_verified
accepted,2,baseline,measured,users,76,521.0,,1,1560.184102,state_verified
accepted,2,baseline,measured,users,77,841.0,,1,1560.184102,state_verified
accepted,2,baseline,measured,users,78,835.0,,1,1560.184102,state_verified
accepted,2,baseline,measured,users,79,858.0,,1,1560.184102,state_verified
accepted,2,baseline,measured,users,80,848.0,,1,1560.184102,state_verified
accepted,2,baseline,measured,users,81,521.0,,1,1560.184102,state_verified
accepted,2,baseline,measured,users,82,550.0,,1,1560.184102,state_verified
accepted,2,baseline,measured,users,83,650.0,,1,1560.184102,state_verified
accepted,2,baseline,measured,users,84,703.0,,1,1560.184102,state_verified
accepted,2,baseline,measured,users,85,662.0,,1,1560.184102,state_verified
accepted,2,baseline,measured,users,86,672.0,,1,1560.184102,state_verified
accepted,2,baseline,measured,users,87,588.0,,1,1560.184102,state_verified
accepted,2,baseline,measured,users,88,649.0,,1,1560.184102,state_verified
accepted,2,baseline,measured,users,89,680.0,,1,1560.184102,state_verified
accepted,2,baseline,measured,users,90,679.0,,1,1560.184102,state_verified
accepted,2,baseline,measured,users,91,696.0,,1,1560.184102,state_verified
accepted,2,baseline,measured,users,92,619.0,,1,1560.184102,state_verified
accepted,2,baseline,measured,users,93,522.0,,1,1560.184102,state_verified
accepted,2,baseline,measured,users,94,513.0,,1,1560.184102,state_verified
accepted,2,baseline,measured,users,95,523.0,,1,1560.184102,state_verified
accepted,2,baseline,measured,users,96,561.0,,1,1560.184102,state_verified
accepted,2,baseline,measured,users,97,538.0,,1,1560.184102,state_verified
accepted,2,baseline,measured,users,98,535.0,,1,1560.184102,state_verified
accepted,2,baseline,measured,users,99,530.0,,1,1560.184102,state_verified
accepted,2,baseline,measured,users,100,548.0,,1,1560.184102,state_verified
accepted,2,baseline,measured,users,101,540.0,,1,1560.184102,state_verified
accepted,2,baseline,measured,users,102,549.0,,1,1560.184102,state_verified
accepted,2,baseline,measured,users,103,524.0,,1,1560.184102,state_verified
accepted,2,baseline,measured,users,104,517.0,,1,1560.184102,state_verified
accepted,2,baseline,measured,users,105,527.0,,1,1560.184102,state_verified
accepted,2,baseline,measured,users,106,495.0,,1,1560.184102,state_verified
accepted,2,baseline,measured,users,107,510.0,,1,1560.184102,state_verified
accepted,2,baseline,measured,users,108,494.0,,1,1560.184102,state_verified
accepted,2,baseline,measured,users,109,512.0,,1,1560.184102,state_verified
accepted,2,baseline,measured,users,110,491.0,,1,1560.184102,state_verified
accepted,2,baseline,measured,users,111,608.0,,1,1560.184102,state_verified
accepted,2,baseline,measured,users,112,605.0,,1,1560.184102,state_verified
accepted,2,baseline,measured,users,113,622.0,,1,1560.184102,state_verified
accepted,2,baseline,measured,users,114,592.0,,1,1560.184102,state_verified
accepted,2,baseline,measured,users,115,612.0,,1,1560.184102,state_verified
accepted,2,baseline,measured,users,116,674.0,,1,1560.184102,state_verified
accepted,2,baseline,measured,users,117,615.0,,1,1560.184102,state_verified
accepted,2,baseline,measured,users,118,610.0,,1,1560.184102,state_verified
accepted,2,baseline,measured,users,119,601.0,,1,1560.184102,state_verified
accepted,2,baseline,measured,users,120,523.0,,1,1560.184102,state_verified
accepted,2,baseline,measured,users,121,521.0,,1,1560.184102,state_verified
accepted,2,baseline,measured,users,122,507.0,,1,1560.184102,state_verified
accepted,2,baseline,measured,users,123,522.0,,1,1560.184102,state_verified
accepted,2,baseline,measured,users,124,509.0,,1,1560.184102,state_verified
accepted,2,baseline,measured,users,125,519.0,,1,1560.184102,state_verified
accepted,2,baseline,measured,users,126,510.0,,1,1560.184102,state_verified
accepted,2,baseline,measured,users,127,514.0,,1,1560.184102,state_verified
accepted,2,baseline,measured,users,128,541.0,,1,1560.184102,state_verified
accepted,2,baseline,measured,users,129,595.0,,1,1560.184102,state_verified
accepted,2,baseline,measured,users,130,621.0,,1,1560.184102,state_verified
accepted,2,baseline,measured,users,131,562.0,,1,1560.184102,state_verified
accepted,2,baseline,measured,users,132,588.0,,1,1560.184102,state_verified
accepted,2,baseline,measured,users,133,551.0,,1,1560.184102,state_verified
accepted,2,baseline,measured,users,134,559.0,,1,1560.184102,state_verified
accepted,2,baseline,measured,users,135,537.0,,1,1560.184102,state_verified
accepted,2,baseline,measured,users,136,533.0,,1,1560.184102,state_verified
accepted,2,baseline,measured,users,137,588.0,,1,1560.184102,state_verified
accepted,2,baseline,measured,users,138,609.0,,1,1560.184102,state_verified
accepted,2,baseline,measured,users,139,740.0,,1,1560.184102,state_verified
accepted,2,baseline,measured,users,140,743.0,,1,1560.184102,state_verified
accepted,2,baseline,measured,users,141,1085.0,,1,1560.184102,state_verified
accepted,2,baseline,measured,users,142,1111.0,,1,1560.184102,state_verified
accepted,2,baseline,measured,users,143,1298.0,,1,1560.184102,state_verified
accepted,2,baseline,measured,users,144,1164.0,,1,1560.184102,state_verified
accepted,2,baseline,measured,users,145,781.0,,1,1560.184102,state_verified
accepted,2,baseline,measured,users,146,670.0,,1,1560.184102,state_verified
accepted,2,baseline,measured,users,147,620.0,,1,1560.184102,state_verified
accepted,2,baseline,measured,users,148,662.0,,1,1560.184102,state_verified
accepted,2,baseline,measured,users,149,649.0,,1,1560.184102,state_verified
accepted,2,baseline,measured,users,150,644.0,,1,1560.184102,state_verified
accepted,2,baseline,measured,users,151,645.0,,1,1560.184102,state_verified
accepted,2,baseline,measured,users,152,626.0,,1,1560.184102,state_verified
accepted,2,baseline,measured,users,153,622.0,,1,1560.184102,state_verified
accepted,2,baseline,measured,users,154,592.0,,1,1560.184102,state_verified
accepted,2,baseline,measured,users,155,635.0,,1,1560.184102,state_verified
accepted,2,baseline,measured,users,156,633.0,,1,1560.184102,state_verified
accepted,2,baseline,measured,users,157,633.0,,1,1560.184102,state_verified
accepted,2,baseline,measured,users,158,649.0,,1,1560.184102,state_verified
accepted,2,baseline,measured,users,159,631.0,,1,1560.184102,state_verified
accepted,2,baseline,measured,users,160,749.0,,1,1560.184102,state_verified
accepted,2,baseline,measured,users,161,631.0,,1,1560.184102,state_verified
accepted,2,baseline,measured,users,162,661.0,,1,1560.184102,state_verified
accepted,2,baseline,measured,users,163,733.0,,1,1560.184102,state_verified
accepted,2,baseline,measured,users,164,817.0,,1,1560.184102,state_verified
accepted,2,baseline,measured,users,165,759.0,,1,1560.184102,state_verified
accepted,2,baseline,measured,users,166,741.0,,1,1560.184102,state_verified
accepted,2,baseline,measured,users,167,749.0,,1,1560.184102,state_verified
accepted,2,baseline,measured,users,168,719.0,,1,1560.184102,state_verified
accepted,2,baseline,measured,users,169,593.0,,1,1560.184102,state_verified
accepted,2,baseline,measured,users,170,636.0,,1,1560.184102,state_verified
accepted,2,baseline,measured,users,171,692.0,,1,1560.184102,state_verified
accepted,2,baseline,measured,users,172,747.0,,1,1560.184102,state_verified
accepted,2,baseline,measured,users,173,631.0,,1,1560.184102,state_verified
accepted,2,baseline,measured,users,174,660.0,,1,1560.184102,state_verified
accepted,2,baseline,measured,users,175,615.0,,1,1560.184102,state_verified
accepted,2,baseline,measured,users,176,618.0,,1,1560.184102,state_verified
accepted,2,baseline,measured,users,177,632.0,,1,1560.184102,state_verified
accepted,2,baseline,measured,users,178,622.0,,1,1560.184102,state_verified
accepted,2,baseline,measured,users,179,636.0,,1,1560.184102,state_verified
accepted,2,baseline,measured,users,180,662.0,,1,1560.184102,state_verified
accepted,2,baseline,measured,users,181,598.0,,1,1560.184102,state_verified
accepted,2,baseline,measured,users,182,635.0,,1,1560.184102,state_verified
accepted,2,baseline,measured,users,183,678.0,,1,1560.184102,state_verified
accepted,2,baseline,measured,users,184,680.0,,1,1560.184102,state_verified
accepted,2,baseline,measured,users,185,653.0,,1,1560.184102,state_verified
accepted,2,baseline,measured,users,186,700.0,,1,1560.184102,state_verified
accepted,2,baseline,measured,users,187,727.0,,1,1560.184102,state_verified
accepted,2,baseline,measured,users,188,815.0,,1,1560.184102,state_verified
accepted,2,baseline,measured,users,189,735.0,,1,1560.184102,state_verified
accepted,2,baseline,measured,users,190,785.0,,1,1560.184102,state_verified
accepted,2,baseline,measured,users,191,738.0,,1,1560.184102,state_verified
accepted,2,baseline,measured,users,192,692.0,,1,1560.184102,state_verified
accepted,2,baseline,measured,users,193,732.0,,1,1560.184102,state_verified
accepted,2,baseline,measured,users,194,736.0,,1,1560.184102,state_verified
accepted,2,baseline,measured,users,195,694.0,,1,1560.184102,state_verified
accepted,2,baseline,measured,users,196,771.0,,1,1560.184102,state_verified
accepted,2,baseline,measured,users,197,697.0,,1,1560.184102,state_verified
accepted,2,baseline,measured,users,198,707.0,,1,1560.184102,state_verified
accepted,2,baseline,measured,users,199,707.0,,1,1560.184102,state_verified
accepted,2,baseline,measured,users,200,733.0,,1,1560.184102,state_verified
accepted,2,protected,measured,refunds,1,3322.0,,1,1388.300789,state_verified
accepted,2,protected,measured,refunds,2,811.0,,1,1388.300789,state_verified
accepted,2,protected,measured,refunds,3,839.0,,1,1388.300789,state_verified
accepted,2,protected,measured,refunds,4,805.0,,1,1388.300789,state_verified
accepted,2,protected,measured,refunds,5,754.0,,1,1388.300789,state_verified
accepted,2,protected,measured,refunds,6,675.0,,1,1388.300789,state_verified
accepted,2,protected,measured,refunds,7,688.0,,1,1388.300789,state_verified
accepted,2,protected,measured,refunds,8,644.0,,1,1388.300789,state_verified
accepted,2,protected,measured,refunds,9,703.0,,1,1388.300789,state_verified
accepted,2,protected,measured,refunds,10,630.0,,1,1388.300789,state_verified
accepted,2,protected,measured,refunds,11,629.0,,1,1388.300789,state_verified
accepted,2,protected,measured,refunds,12,599.0,,1,1388.300789,state_verified
accepted,2,protected,measured,refunds,13,587.0,,1,1388.300789,state_verified
accepted,2,protected,measured,refunds,14,660.0,,1,1388.300789,state_verified
accepted,2,protected,measured,refunds,15,639.0,,1,1388.300789,state_verified
accepted,2,protected,measured,refunds,16,610.0,,1,1388.300789,state_verified
accepted,2,protected,measured,refunds,17,616.0,,1,1388.300789,state_verified
accepted,2,protected,measured,refunds,18,647.0,,1,1388.300789,state_verified
accepted,2,protected,measured,refunds,19,657.0,,1,1388.300789,state_verified
accepted,2,protected,measured,refunds,20,635.0,,1,1388.300789,state_verified
accepted,2,protected,measured,refunds,21,640.0,,1,1388.300789,state_verified
accepted,2,protected,measured,refunds,22,689.0,,1,1388.300789,state_verified
accepted,2,protected,measured,refunds,23,645.0,,1,1388.300789,state_verified
accepted,2,protected,measured,refunds,24,665.0,,1,1388.300789,state_verified
accepted,2,protected,measured,refunds,25,646.0,,1,1388.300789,state_verified
accepted,2,protected,measured,refunds,26,619.0,,1,1388.300789,state_verified
accepted,2,protected,measured,refunds,27,608.0,,1,1388.300789,state_verified
accepted,2,protected,measured,refunds,28,692.0,,1,1388.300789,state_verified
accepted,2,protected,measured,refunds,29,855.0,,1,1388.300789,state_verified
accepted,2,protected,measured,refunds,30,680.0,,1,1388.300789,state_verified
accepted,2,protected,measured,refunds,31,628.0,,1,1388.300789,state_verified
accepted,2,protected,measured,refunds,32,672.0,,1,1388.300789,state_verified
accepted,2,protected,measured,refunds,33,642.0,,1,1388.300789,state_verified
accepted,2,protected,measured,refunds,34,613.0,,1,1388.300789,state_verified
accepted,2,protected,measured,refunds,35,648.0,,1,1388.300789,state_verified
accepted,2,protected,measured,refunds,36,665.0,,1,1388.300789,state_verified
accepted,2,protected,measured,refunds,37,741.0,,1,1388.300789,state_verified
accepted,2,protected,measured,refunds,38,749.0,,1,1388.300789,state_verified
accepted,2,protected,measured,refunds,39,713.0,,1,1388.300789,state_verified
accepted,2,protected,measured,refunds,40,687.0,,1,1388.300789,state_verified
accepted,2,protected,measured,refunds,41,701.0,,1,1388.300789,state_verified
accepted,2,protected,measured,refunds,42,638.0,,1,1388.300789,state_verified
accepted,2,protected,measured,refunds,43,788.0,,1,1388.300789,state_verified
accepted,2,protected,measured,refunds,44,775.0,,1,1388.300789,state_verified
accepted,2,protected,measured,refunds,45,681.0,,1,1388.300789,state_verified
accepted,2,protected,measured,refunds,46,629.0,,1,1388.300789,state_verified
accepted,2,protected,measured,refunds,47,690.0,,1,1388.300789,state_verified
accepted,2,protected,measured,refunds,48,680.0,,1,1388.300789,state_verified
accepted,2,protected,measured,refunds,49,675.0,,1,1388.300789,state_verified
accepted,2,protected,measured,refunds,50,764.0,,1,1388.300789,state_verified
accepted,2,protected,measured,refunds,51,784.0,,1,1388.300789,state_verified
accepted,2,protected,measured,refunds,52,654.0,,1,1388.300789,state_verified
accepted,2,protected,measured,refunds,53,651.0,,1,1388.300789,state_verified
accepted,2,protected,measured,refunds,54,636.0,,1,1388.300789,state_verified
accepted,2,protected,measured,refunds,55,638.0,,1,1388.300789,state_verified
accepted,2,protected,measured,refunds,56,614.0,,1,1388.300789,state_verified
accepted,2,protected,measured,refunds,57,971.0,,1,1388.300789,state_verified
accepted,2,protected,measured,refunds,58,958.0,,1,1388.300789,state_verified
accepted,2,protected,measured,refunds,59,971.0,,1,1388.300789,state_verified
accepted,2,protected,measured,refunds,60,1026.0,,1,1388.300789,state_verified
accepted,2,protected,measured,refunds,61,922.0,,1,1388.300789,state_verified
accepted,2,protected,measured,refunds,62,639.0,,1,1388.300789,state_verified
accepted,2,protected,measured,refunds,63,611.0,,1,1388.300789,state_verified
accepted,2,protected,measured,refunds,64,624.0,,1,1388.300789,state_verified
accepted,2,protected,measured,refunds,65,669.0,,1,1388.300789,state_verified
accepted,2,protected,measured,refunds,66,640.0,,1,1388.300789,state_verified
accepted,2,protected,measured,refunds,67,684.0,,1,1388.300789,state_verified
accepted,2,protected,measured,refunds,68,676.0,,1,1388.300789,state_verified
accepted,2,protected,measured,refunds,69,656.0,,1,1388.300789,state_verified
accepted,2,protected,measured,refunds,70,666.0,,1,1388.300789,state_verified
accepted,2,protected,measured,refunds,71,632.0,,1,1388.300789,state_verified
accepted,2,protected,measured,refunds,72,632.0,,1,1388.300789,state_verified
accepted,2,protected,measured,refunds,73,644.0,,1,1388.300789,state_verified
accepted,2,protected,measured,refunds,74,641.0,,1,1388.300789,state_verified
accepted,2,protected,measured,refunds,75,634.0,,1,1388.300789,state_verified
accepted,2,protected,measured,refunds,76,619.0,,1,1388.300789,state_verified
accepted,2,protected,measured,refunds,77,651.0,,1,1388.300789,state_verified
accepted,2,protected,measured,refunds,78,639.0,,1,1388.300789,state_verified
accepted,2,protected,measured,refunds,79,624.0,,1,1388.300789,state_verified
accepted,2,protected,measured,refunds,80,641.0,,1,1388.300789,state_verified
accepted,2,protected,measured,refunds,81,623.0,,1,1388.300789,state_verified
accepted,2,protected,measured,refunds,82,647.0,,1,1388.300789,state_verified
accepted,2,protected,measured,refunds,83,604.0,,1,1388.300789,state_verified
accepted,2,protected,measured,refunds,84,618.0,,1,1388.300789,state_verified
accepted,2,protected,measured,refunds,85,633.0,,1,1388.300789,state_verified
accepted,2,protected,measured,refunds,86,639.0,,1,1388.300789,state_verified
accepted,2,protected,measured,refunds,87,641.0,,1,1388.300789,state_verified
accepted,2,protected,measured,refunds,88,642.0,,1,1388.300789,state_verified
accepted,2,protected,measured,refunds,89,608.0,,1,1388.300789,state_verified
accepted,2,protected,measured,refunds,90,711.0,,1,1388.300789,state_verified
accepted,2,protected,measured,refunds,91,761.0,,1,1388.300789,state_verified
accepted,2,protected,measured,refunds,92,672.0,,1,1388.300789,state_verified
accepted,2,protected,measured,refunds,93,642.0,,1,1388.300789,state_verified
accepted,2,protected,measured,refunds,94,652.0,,1,1388.300789,state_verified
accepted,2,protected,measured,refunds,95,593.0,,1,1388.300789,state_verified
accepted,2,protected,measured,refunds,96,628.0,,1,1388.300789,state_verified
accepted,2,protected,measured,refunds,97,654.0,,1,1388.300789,state_verified
accepted,2,protected,measured,refunds,98,612.0,,1,1388.300789,state_verified
accepted,2,protected,measured,refunds,99,636.0,,1,1388.300789,state_verified
accepted,2,protected,measured,refunds,100,669.0,,1,1388.300789,state_verified
accepted,2,protected,measured,refunds,101,710.0,,1,1388.300789,state_verified
accepted,2,protected,measured,refunds,102,724.0,,1,1388.300789,state_verified
accepted,2,protected,measured,refunds,103,742.0,,1,1388.300789,state_verified
accepted,2,protected,measured,refunds,104,743.0,,1,1388.300789,state_verified
accepted,2,protected,measured,refunds,105,828.0,,1,1388.300789,state_verified
accepted,2,protected,measured,refunds,106,780.0,,1,1388.300789,state_verified
accepted,2,protected,measured,refunds,107,795.0,,1,1388.300789,state_verified
accepted,2,protected,measured,refunds,108,691.0,,1,1388.300789,state_verified
accepted,2,protected,measured,refunds,109,608.0,,1,1388.300789,state_verified
accepted,2,protected,measured,refunds,110,656.0,,1,1388.300789,state_verified
accepted,2,protected,measured,refunds,111,670.0,,1,1388.300789,state_verified
accepted,2,protected,measured,refunds,112,842.0,,1,1388.300789,state_verified
accepted,2,protected,measured,refunds,113,671.0,,1,1388.300789,state_verified
accepted,2,protected,measured,refunds,114,659.0,,1,1388.300789,state_verified
accepted,2,protected,measured,refunds,115,698.0,,1,1388.300789,state_verified
accepted,2,protected,measured,refunds,116,593.0,,1,1388.300789,state_verified
accepted,2,protected,measured,refunds,117,645.0,,1,1388.300789,state_verified
accepted,2,protected,measured,refunds,118,660.0,,1,1388.300789,state_verified
accepted,2,protected,measured,refunds,119,632.0,,1,1388.300789,state_verified
accepted,2,protected,measured,refunds,120,629.0,,1,1388.300789,state_verified
accepted,2,protected,measured,refunds,121,927.0,,1,1388.300789,state_verified
accepted,2,protected,measured,refunds,122,952.0,,1,1388.300789,state_verified
accepted,2,protected,measured,refunds,123,970.0,,1,1388.300789,state_verified
accepted,2,protected,measured,refunds,124,1136.0,,1,1388.300789,state_verified
accepted,2,protected,measured,refunds,125,832.0,,1,1388.300789,state_verified
accepted,2,protected,measured,refunds,126,727.0,,1,1388.300789,state_verified
accepted,2,protected,measured,refunds,127,713.0,,1,1388.300789,state_verified
accepted,2,protected,measured,refunds,128,719.0,,1,1388.300789,state_verified
accepted,2,protected,measured,refunds,129,757.0,,1,1388.300789,state_verified
accepted,2,protected,measured,refunds,130,744.0,,1,1388.300789,state_verified
accepted,2,protected,measured,refunds,131,673.0,,1,1388.300789,state_verified
accepted,2,protected,measured,refunds,132,695.0,,1,1388.300789,state_verified
accepted,2,protected,measured,refunds,133,693.0,,1,1388.300789,state_verified
accepted,2,protected,measured,refunds,134,649.0,,1,1388.300789,state_verified
accepted,2,protected,measured,refunds,135,709.0,,1,1388.300789,state_verified
accepted,2,protected,measured,refunds,136,653.0,,1,1388.300789,state_verified
accepted,2,protected,measured,refunds,137,684.0,,1,1388.300789,state_verified
accepted,2,protected,measured,refunds,138,714.0,,1,1388.300789,state_verified
accepted,2,protected,measured,refunds,139,664.0,,1,1388.300789,state_verified
accepted,2,protected,measured,refunds,140,653.0,,1,1388.300789,state_verified
accepted,2,protected,measured,refunds,141,670.0,,1,1388.300789,state_verified
accepted,2,protected,measured,refunds,142,643.0,,1,1388.300789,state_verified
accepted,2,protected,measured,refunds,143,633.0,,1,1388.300789,state_verified
accepted,2,protected,measured,refunds,144,651.0,,1,1388.300789,state_verified
accepted,2,protected,measured,refunds,145,625.0,,1,1388.300789,state_verified
accepted,2,protected,measured,refunds,146,636.0,,1,1388.300789,state_verified
accepted,2,protected,measured,refunds,147,657.0,,1,1388.300789,state_verified
accepted,2,protected,measured,refunds,148,657.0,,1,1388.300789,state_verified
accepted,2,protected,measured,refunds,149,642.0,,1,1388.300789,state_verified
accepted,2,protected,measured,refunds,150,651.0,,1,1388.300789,state_verified
accepted,2,protected,measured,refunds,151,613.0,,1,1388.300789,state_verified
accepted,2,protected,measured,refunds,152,663.0,,1,1388.300789,state_verified
accepted,2,protected,measured,refunds,153,661.0,,1,1388.300789,state_verified
accepted,2,protected,measured,refunds,154,638.0,,1,1388.300789,state_verified
accepted,2,protected,measured,refunds,155,660.0,,1,1388.300789,state_verified
accepted,2,protected,measured,refunds,156,720.0,,1,1388.300789,state_verified
accepted,2,protected,measured,refunds,157,621.0,,1,1388.300789,state_verified
accepted,2,protected,measured,refunds,158,632.0,,1,1388.300789,state_verified
accepted,2,protected,measured,refunds,159,614.0,,1,1388.300789,state_verified
accepted,2,protected,measured,refunds,160,605.0,,1,1388.300789,state_verified
accepted,2,protected,measured,refunds,161,628.0,,1,1388.300789,state_verified
accepted,2,protected,measured,refunds,162,658.0,,1,1388.300789,state_verified
accepted,2,protected,measured,refunds,163,672.0,,1,1388.300789,state_verified
accepted,2,protected,measured,refunds,164,708.0,,1,1388.300789,state_verified
accepted,2,protected,measured,refunds,165,844.0,,1,1388.300789,state_verified
accepted,2,protected,measured,refunds,166,642.0,,1,1388.300789,state_verified
accepted,2,protected,measured,refunds,167,627.0,,1,1388.300789,state_verified
accepted,2,protected,measured,refunds,168,683.0,,1,1388.300789,state_verified
accepted,2,protected,measured,refunds,169,633.0,,1,1388.300789,state_verified
accepted,2,protected,measured,refunds,170,678.0,,1,1388.300789,state_verified
accepted,2,protected,measured,refunds,171,695.0,,1,1388.300789,state_verified
accepted,2,protected,measured,refunds,172,690.0,,1,1388.300789,state_verified
accepted,2,protected,measured,refunds,173,709.0,,1,1388.300789,state_verified
accepted,2,protected,measured,refunds,174,995.0,,1,1388.300789,state_verified
accepted,2,protected,measured,refunds,175,710.0,,1,1388.300789,state_verified
accepted,2,protected,measured,refunds,176,727.0,,1,1388.300789,state_verified
accepted,2,protected,measured,refunds,177,677.0,,1,1388.300789,state_verified
accepted,2,protected,measured,refunds,178,677.0,,1,1388.300789,state_verified
accepted,2,protected,measured,refunds,179,667.0,,1,1388.300789,state_verified
accepted,2,protected,measured,refunds,180,657.0,,1,1388.300789,state_verified
accepted,2,protected,measured,refunds,181,655.0,,1,1388.300789,state_verified
accepted,2,protected,measured,refunds,182,658.0,,1,1388.300789,state_verified
accepted,2,protected,measured,refunds,183,648.0,,1,1388.300789,state_verified
accepted,2,protected,measured,refunds,184,666.0,,1,1388.300789,state_verified
accepted,2,protected,measured,refunds,185,1031.0,,1,1388.300789,state_verified
accepted,2,protected,measured,refunds,186,1207.0,,1,1388.300789,state_verified
accepted,2,protected,measured,refunds,187,1189.0,,1,1388.300789,state_verified
accepted,2,protected,measured,refunds,188,1178.0,,1,1388.300789,state_verified
accepted,2,protected,measured,refunds,189,754.0,,1,1388.300789,state_verified
accepted,2,protected,measured,refunds,190,778.0,,1,1388.300789,state_verified
accepted,2,protected,measured,refunds,191,717.0,,1,1388.300789,state_verified
accepted,2,protected,measured,refunds,192,730.0,,1,1388.300789,state_verified
accepted,2,protected,measured,refunds,193,658.0,,1,1388.300789,state_verified
accepted,2,protected,measured,refunds,194,650.0,,1,1388.300789,state_verified
accepted,2,protected,measured,refunds,195,658.0,,1,1388.300789,state_verified
accepted,2,protected,measured,refunds,196,678.0,,1,1388.300789,state_verified
accepted,2,protected,measured,refunds,197,671.0,,1,1388.300789,state_verified
accepted,2,protected,measured,refunds,198,646.0,,1,1388.300789,state_verified
accepted,2,protected,measured,refunds,199,636.0,,1,1388.300789,state_verified
accepted,2,protected,measured,refunds,200,639.0,,1,1388.300789,state_verified
accepted,2,baseline,measured,refunds,1,2858.0,,1,1467.071578,state_verified
accepted,2,baseline,measured,refunds,2,732.0,,1,1467.071578,state_verified
accepted,2,baseline,measured,refunds,3,706.0,,1,1467.071578,state_verified
accepted,2,baseline,measured,refunds,4,783.0,,1,1467.071578,state_verified
accepted,2,baseline,measured,refunds,5,656.0,,1,1467.071578,state_verified
accepted,2,baseline,measured,refunds,6,699.0,,1,1467.071578,state_verified
accepted,2,baseline,measured,refunds,7,641.0,,1,1467.071578,state_verified
accepted,2,baseline,measured,refunds,8,599.0,,1,1467.071578,state_verified
accepted,2,baseline,measured,refunds,9,616.0,,1,1467.071578,state_verified
accepted,2,baseline,measured,refunds,10,658.0,,1,1467.071578,state_verified
accepted,2,baseline,measured,refunds,11,585.0,,1,1467.071578,state_verified
accepted,2,baseline,measured,refunds,12,698.0,,1,1467.071578,state_verified
accepted,2,baseline,measured,refunds,13,637.0,,1,1467.071578,state_verified
accepted,2,baseline,measured,refunds,14,703.0,,1,1467.071578,state_verified
accepted,2,baseline,measured,refunds,15,680.0,,1,1467.071578,state_verified
accepted,2,baseline,measured,refunds,16,710.0,,1,1467.071578,state_verified
accepted,2,baseline,measured,refunds,17,793.0,,1,1467.071578,state_verified
accepted,2,baseline,measured,refunds,18,759.0,,1,1467.071578,state_verified
accepted,2,baseline,measured,refunds,19,729.0,,1,1467.071578,state_verified
accepted,2,baseline,measured,refunds,20,671.0,,1,1467.071578,state_verified
accepted,2,baseline,measured,refunds,21,723.0,,1,1467.071578,state_verified
accepted,2,baseline,measured,refunds,22,765.0,,1,1467.071578,state_verified
accepted,2,baseline,measured,refunds,23,602.0,,1,1467.071578,state_verified
accepted,2,baseline,measured,refunds,24,625.0,,1,1467.071578,state_verified
accepted,2,baseline,measured,refunds,25,963.0,,1,1467.071578,state_verified
accepted,2,baseline,measured,refunds,26,944.0,,1,1467.071578,state_verified
accepted,2,baseline,measured,refunds,27,943.0,,1,1467.071578,state_verified
accepted,2,baseline,measured,refunds,28,977.0,,1,1467.071578,state_verified
accepted,2,baseline,measured,refunds,29,627.0,,1,1467.071578,state_verified
accepted,2,baseline,measured,refunds,30,611.0,,1,1467.071578,state_verified
accepted,2,baseline,measured,refunds,31,615.0,,1,1467.071578,state_verified
accepted,2,baseline,measured,refunds,32,627.0,,1,1467.071578,state_verified
accepted,2,baseline,measured,refunds,33,601.0,,1,1467.071578,state_verified
accepted,2,baseline,measured,refunds,34,633.0,,1,1467.071578,state_verified
accepted,2,baseline,measured,refunds,35,640.0,,1,1467.071578,state_verified
accepted,2,baseline,measured,refunds,36,621.0,,1,1467.071578,state_verified
accepted,2,baseline,measured,refunds,37,635.0,,1,1467.071578,state_verified
accepted,2,baseline,measured,refunds,38,625.0,,1,1467.071578,state_verified
accepted,2,baseline,measured,refunds,39,581.0,,1,1467.071578,state_verified
accepted,2,baseline,measured,refunds,40,744.0,,1,1467.071578,state_verified
accepted,2,baseline,measured,refunds,41,679.0,,1,1467.071578,state_verified
accepted,2,baseline,measured,refunds,42,606.0,,1,1467.071578,state_verified
accepted,2,baseline,measured,refunds,43,630.0,,1,1467.071578,state_verified
accepted,2,baseline,measured,refunds,44,626.0,,1,1467.071578,state_verified
accepted,2,baseline,measured,refunds,45,603.0,,1,1467.071578,state_verified
accepted,2,baseline,measured,refunds,46,608.0,,1,1467.071578,state_verified
accepted,2,baseline,measured,refunds,47,647.0,,1,1467.071578,state_verified
accepted,2,baseline,measured,refunds,48,598.0,,1,1467.071578,state_verified
accepted,2,baseline,measured,refunds,49,626.0,,1,1467.071578,state_verified
accepted,2,baseline,measured,refunds,50,593.0,,1,1467.071578,state_verified
accepted,2,baseline,measured,refunds,51,652.0,,1,1467.071578,state_verified
accepted,2,baseline,measured,refunds,52,595.0,,1,1467.071578,state_verified
accepted,2,baseline,measured,refunds,53,592.0,,1,1467.071578,state_verified
accepted,2,baseline,measured,refunds,54,639.0,,1,1467.071578,state_verified
accepted,2,baseline,measured,refunds,55,622.0,,1,1467.071578,state_verified
accepted,2,baseline,measured,refunds,56,616.0,,1,1467.071578,state_verified
accepted,2,baseline,measured,refunds,57,602.0,,1,1467.071578,state_verified
accepted,2,baseline,measured,refunds,58,582.0,,1,1467.071578,state_verified
accepted,2,baseline,measured,refunds,59,619.0,,1,1467.071578,state_verified
accepted,2,baseline,measured,refunds,60,619.0,,1,1467.071578,state_verified
accepted,2,baseline,measured,refunds,61,600.0,,1,1467.071578,state_verified
accepted,2,baseline,measured,refunds,62,579.0,,1,1467.071578,state_verified
accepted,2,baseline,measured,refunds,63,571.0,,1,1467.071578,state_verified
accepted,2,baseline,measured,refunds,64,645.0,,1,1467.071578,state_verified
accepted,2,baseline,measured,refunds,65,632.0,,1,1467.071578,state_verified
accepted,2,baseline,measured,refunds,66,695.0,,1,1467.071578,state_verified
accepted,2,baseline,measured,refunds,67,603.0,,1,1467.071578,state_verified
accepted,2,baseline,measured,refunds,68,620.0,,1,1467.071578,state_verified
accepted,2,baseline,measured,refunds,69,619.0,,1,1467.071578,state_verified
accepted,2,baseline,measured,refunds,70,637.0,,1,1467.071578,state_verified
accepted,2,baseline,measured,refunds,71,606.0,,1,1467.071578,state_verified
accepted,2,baseline,measured,refunds,72,608.0,,1,1467.071578,state_verified
accepted,2,baseline,measured,refunds,73,609.0,,1,1467.071578,state_verified
accepted,2,baseline,measured,refunds,74,604.0,,1,1467.071578,state_verified
accepted,2,baseline,measured,refunds,75,609.0,,1,1467.071578,state_verified
accepted,2,baseline,measured,refunds,76,574.0,,1,1467.071578,state_verified
accepted,2,baseline,measured,refunds,77,689.0,,1,1467.071578,state_verified
accepted,2,baseline,measured,refunds,78,704.0,,1,1467.071578,state_verified
accepted,2,baseline,measured,refunds,79,694.0,,1,1467.071578,state_verified
accepted,2,baseline,measured,refunds,80,709.0,,1,1467.071578,state_verified
accepted,2,baseline,measured,refunds,81,696.0,,1,1467.071578,state_verified
accepted,2,baseline,measured,refunds,82,621.0,,1,1467.071578,state_verified
accepted,2,baseline,measured,refunds,83,757.0,,1,1467.071578,state_verified
accepted,2,baseline,measured,refunds,84,722.0,,1,1467.071578,state_verified
accepted,2,baseline,measured,refunds,85,655.0,,1,1467.071578,state_verified
accepted,2,baseline,measured,refunds,86,608.0,,1,1467.071578,state_verified
accepted,2,baseline,measured,refunds,87,616.0,,1,1467.071578,state_verified
accepted,2,baseline,measured,refunds,88,673.0,,1,1467.071578,state_verified
accepted,2,baseline,measured,refunds,89,957.0,,1,1467.071578,state_verified
accepted,2,baseline,measured,refunds,90,963.0,,1,1467.071578,state_verified
accepted,2,baseline,measured,refunds,91,935.0,,1,1467.071578,state_verified
accepted,2,baseline,measured,refunds,92,908.0,,1,1467.071578,state_verified
accepted,2,baseline,measured,refunds,93,607.0,,1,1467.071578,state_verified
accepted,2,baseline,measured,refunds,94,622.0,,1,1467.071578,state_verified
accepted,2,baseline,measured,refunds,95,606.0,,1,1467.071578,state_verified
accepted,2,baseline,measured,refunds,96,576.0,,1,1467.071578,state_verified
accepted,2,baseline,measured,refunds,97,571.0,,1,1467.071578,state_verified
accepted,2,baseline,measured,refunds,98,589.0,,1,1467.071578,state_verified
accepted,2,baseline,measured,refunds,99,627.0,,1,1467.071578,state_verified
accepted,2,baseline,measured,refunds,100,646.0,,1,1467.071578,state_verified
accepted,2,baseline,measured,refunds,101,657.0,,1,1467.071578,state_verified
accepted,2,baseline,measured,refunds,102,774.0,,1,1467.071578,state_verified
accepted,2,baseline,measured,refunds,103,807.0,,1,1467.071578,state_verified
accepted,2,baseline,measured,refunds,104,783.0,,1,1467.071578,state_verified
accepted,2,baseline,measured,refunds,105,716.0,,1,1467.071578,state_verified
accepted,2,baseline,measured,refunds,106,678.0,,1,1467.071578,state_verified
accepted,2,baseline,measured,refunds,107,726.0,,1,1467.071578,state_verified
accepted,2,baseline,measured,refunds,108,760.0,,1,1467.071578,state_verified
accepted,2,baseline,measured,refunds,109,632.0,,1,1467.071578,state_verified
accepted,2,baseline,measured,refunds,110,629.0,,1,1467.071578,state_verified
accepted,2,baseline,measured,refunds,111,626.0,,1,1467.071578,state_verified
accepted,2,baseline,measured,refunds,112,685.0,,1,1467.071578,state_verified
accepted,2,baseline,measured,refunds,113,804.0,,1,1467.071578,state_verified
accepted,2,baseline,measured,refunds,114,685.0,,1,1467.071578,state_verified
accepted,2,baseline,measured,refunds,115,691.0,,1,1467.071578,state_verified
accepted,2,baseline,measured,refunds,116,662.0,,1,1467.071578,state_verified
accepted,2,baseline,measured,refunds,117,595.0,,1,1467.071578,state_verified
accepted,2,baseline,measured,refunds,118,637.0,,1,1467.071578,state_verified
accepted,2,baseline,measured,refunds,119,626.0,,1,1467.071578,state_verified
accepted,2,baseline,measured,refunds,120,628.0,,1,1467.071578,state_verified
accepted,2,baseline,measured,refunds,121,708.0,,1,1467.071578,state_verified
accepted,2,baseline,measured,refunds,122,628.0,,1,1467.071578,state_verified
accepted,2,baseline,measured,refunds,123,618.0,,1,1467.071578,state_verified
accepted,2,baseline,measured,refunds,124,608.0,,1,1467.071578,state_verified
accepted,2,baseline,measured,refunds,125,629.0,,1,1467.071578,state_verified
accepted,2,baseline,measured,refunds,126,622.0,,1,1467.071578,state_verified
accepted,2,baseline,measured,refunds,127,646.0,,1,1467.071578,state_verified
accepted,2,baseline,measured,refunds,128,595.0,,1,1467.071578,state_verified
accepted,2,baseline,measured,refunds,129,619.0,,1,1467.071578,state_verified
accepted,2,baseline,measured,refunds,130,575.0,,1,1467.071578,state_verified
accepted,2,baseline,measured,refunds,131,585.0,,1,1467.071578,state_verified
accepted,2,baseline,measured,refunds,132,631.0,,1,1467.071578,state_verified
accepted,2,baseline,measured,refunds,133,583.0,,1,1467.071578,state_verified
accepted,2,baseline,measured,refunds,134,619.0,,1,1467.071578,state_verified
accepted,2,baseline,measured,refunds,135,615.0,,1,1467.071578,state_verified
accepted,2,baseline,measured,refunds,136,698.0,,1,1467.071578,state_verified
accepted,2,baseline,measured,refunds,137,648.0,,1,1467.071578,state_verified
accepted,2,baseline,measured,refunds,138,608.0,,1,1467.071578,state_verified
accepted,2,baseline,measured,refunds,139,580.0,,1,1467.071578,state_verified
accepted,2,baseline,measured,refunds,140,608.0,,1,1467.071578,state_verified
accepted,2,baseline,measured,refunds,141,584.0,,1,1467.071578,state_verified
accepted,2,baseline,measured,refunds,142,584.0,,1,1467.071578,state_verified
accepted,2,baseline,measured,refunds,143,619.0,,1,1467.071578,state_verified
accepted,2,baseline,measured,refunds,144,693.0,,1,1467.071578,state_verified
accepted,2,baseline,measured,refunds,145,699.0,,1,1467.071578,state_verified
accepted,2,baseline,measured,refunds,146,692.0,,1,1467.071578,state_verified
accepted,2,baseline,measured,refunds,147,677.0,,1,1467.071578,state_verified
accepted,2,baseline,measured,refunds,148,665.0,,1,1467.071578,state_verified
accepted,2,baseline,measured,refunds,149,725.0,,1,1467.071578,state_verified
accepted,2,baseline,measured,refunds,150,718.0,,1,1467.071578,state_verified
accepted,2,baseline,measured,refunds,151,683.0,,1,1467.071578,state_verified
accepted,2,baseline,measured,refunds,152,639.0,,1,1467.071578,state_verified
accepted,2,baseline,measured,refunds,153,1001.0,,1,1467.071578,state_verified
accepted,2,baseline,measured,refunds,154,1044.0,,1,1467.071578,state_verified
accepted,2,baseline,measured,refunds,155,1022.0,,1,1467.071578,state_verified
accepted,2,baseline,measured,refunds,156,1108.0,,1,1467.071578,state_verified
accepted,2,baseline,measured,refunds,157,680.0,,1,1467.071578,state_verified
accepted,2,baseline,measured,refunds,158,641.0,,1,1467.071578,state_verified
accepted,2,baseline,measured,refunds,159,608.0,,1,1467.071578,state_verified
accepted,2,baseline,measured,refunds,160,652.0,,1,1467.071578,state_verified
accepted,2,baseline,measured,refunds,161,595.0,,1,1467.071578,state_verified
accepted,2,baseline,measured,refunds,162,638.0,,1,1467.071578,state_verified
accepted,2,baseline,measured,refunds,163,658.0,,1,1467.071578,state_verified
accepted,2,baseline,measured,refunds,164,625.0,,1,1467.071578,state_verified
accepted,2,baseline,measured,refunds,165,616.0,,1,1467.071578,state_verified
accepted,2,baseline,measured,refunds,166,638.0,,1,1467.071578,state_verified
accepted,2,baseline,measured,refunds,167,589.0,,1,1467.071578,state_verified
accepted,2,baseline,measured,refunds,168,639.0,,1,1467.071578,state_verified
accepted,2,baseline,measured,refunds,169,603.0,,1,1467.071578,state_verified
accepted,2,baseline,measured,refunds,170,614.0,,1,1467.071578,state_verified
accepted,2,baseline,measured,refunds,171,575.0,,1,1467.071578,state_verified
accepted,2,baseline,measured,refunds,172,588.0,,1,1467.071578,state_verified
accepted,2,baseline,measured,refunds,173,638.0,,1,1467.071578,state_verified
accepted,2,baseline,measured,refunds,174,592.0,,1,1467.071578,state_verified
accepted,2,baseline,measured,refunds,175,612.0,,1,1467.071578,state_verified
accepted,2,baseline,measured,refunds,176,627.0,,1,1467.071578,state_verified
accepted,2,baseline,measured,refunds,177,855.0,,1,1467.071578,state_verified
accepted,2,baseline,measured,refunds,178,693.0,,1,1467.071578,state_verified
accepted,2,baseline,measured,refunds,179,598.0,,1,1467.071578,state_verified
accepted,2,baseline,measured,refunds,180,605.0,,1,1467.071578,state_verified
accepted,2,baseline,measured,refunds,181,599.0,,1,1467.071578,state_verified
accepted,2,baseline,measured,refunds,182,582.0,,1,1467.071578,state_verified
accepted,2,baseline,measured,refunds,183,625.0,,1,1467.071578,state_verified
accepted,2,baseline,measured,refunds,184,611.0,,1,1467.071578,state_verified
accepted,2,baseline,measured,refunds,185,617.0,,1,1467.071578,state_verified
accepted,2,baseline,measured,refunds,186,609.0,,1,1467.071578,state_verified
accepted,2,baseline,measured,refunds,187,627.0,,1,1467.071578,state_verified
accepted,2,baseline,measured,refunds,188,630.0,,1,1467.071578,state_verified
accepted,2,baseline,measured,refunds,189,609.0,,1,1467.071578,state_verified
accepted,2,baseline,measured,refunds,190,627.0,,1,1467.071578,state_verified
accepted,2,baseline,measured,refunds,191,618.0,,1,1467.071578,state_verified
accepted,2,baseline,measured,refunds,192,564.0,,1,1467.071578,state_verified
accepted,2,baseline,measured,refunds,193,589.0,,1,1467.071578,state_verified
accepted,2,baseline,measured,refunds,194,611.0,,1,1467.071578,state_verified
accepted,2,baseline,measured,refunds,195,579.0,,1,1467.071578,state_verified
accepted,2,baseline,measured,refunds,196,603.0,,1,1467.071578,state_verified
accepted,2,baseline,measured,refunds,197,617.0,,1,1467.071578,state_verified
accepted,2,baseline,measured,refunds,198,602.0,,1,1467.071578,state_verified
accepted,2,baseline,measured,refunds,199,630.0,,1,1467.071578,state_verified
accepted,2,baseline,measured,refunds,200,634.0,,1,1467.071578,state_verified
accepted,2,protected,measured,mixed,1,4521.0,,7,935.554339,state_verified
accepted,2,protected,measured,mixed,2,1112.0,,7,935.554339,state_verified
accepted,2,protected,measured,mixed,3,1144.0,,7,935.554339,state_verified
accepted,2,protected,measured,mixed,4,1751.0,,7,935.554339,state_verified
accepted,2,protected,measured,mixed,5,1496.0,,7,935.554339,state_verified
accepted,2,protected,measured,mixed,6,1769.0,,7,935.554339,state_verified
accepted,2,protected,measured,mixed,7,1532.0,,7,935.554339,state_verified
accepted,2,protected,measured,mixed,8,1321.0,,7,935.554339,state_verified
accepted,2,protected,measured,mixed,9,1350.0,,7,935.554339,state_verified
accepted,2,protected,measured,mixed,10,927.0,,7,935.554339,state_verified
accepted,2,protected,measured,mixed,11,1019.0,,7,935.554339,state_verified
accepted,2,protected,measured,mixed,12,968.0,,7,935.554339,state_verified
accepted,2,protected,measured,mixed,13,942.0,,7,935.554339,state_verified
accepted,2,protected,measured,mixed,14,938.0,,7,935.554339,state_verified
accepted,2,protected,measured,mixed,15,953.0,,7,935.554339,state_verified
accepted,2,protected,measured,mixed,16,920.0,,7,935.554339,state_verified
accepted,2,protected,measured,mixed,17,1204.0,,7,935.554339,state_verified
accepted,2,protected,measured,mixed,18,1261.0,,7,935.554339,state_verified
accepted,2,protected,measured,mixed,19,1307.0,,7,935.554339,state_verified
accepted,2,protected,measured,mixed,20,1249.0,,7,935.554339,state_verified
accepted,2,protected,measured,mixed,21,1233.0,,7,935.554339,state_verified
accepted,2,protected,measured,mixed,22,1180.0,,7,935.554339,state_verified
accepted,2,protected,measured,mixed,23,1084.0,,7,935.554339,state_verified
accepted,2,protected,measured,mixed,24,1039.0,,7,935.554339,state_verified
accepted,2,protected,measured,mixed,25,935.0,,7,935.554339,state_verified
accepted,2,protected,measured,mixed,26,873.0,,7,935.554339,state_verified
accepted,2,protected,measured,mixed,27,924.0,,7,935.554339,state_verified
accepted,2,protected,measured,mixed,28,939.0,,7,935.554339,state_verified
accepted,2,protected,measured,mixed,29,935.0,,7,935.554339,state_verified
accepted,2,protected,measured,mixed,30,979.0,,7,935.554339,state_verified
accepted,2,protected,measured,mixed,31,941.0,,7,935.554339,state_verified
accepted,2,protected,measured,mixed,32,1145.0,,7,935.554339,state_verified
accepted,2,protected,measured,mixed,33,1086.0,,7,935.554339,state_verified
accepted,2,protected,measured,mixed,34,993.0,,7,935.554339,state_verified
accepted,2,protected,measured,mixed,35,970.0,,7,935.554339,state_verified
accepted,2,protected,measured,mixed,36,927.0,,7,935.554339,state_verified
accepted,2,protected,measured,mixed,37,877.0,,7,935.554339,state_verified
accepted,2,protected,measured,mixed,38,899.0,,7,935.554339,state_verified
accepted,2,protected,measured,mixed,39,927.0,,7,935.554339,state_verified
accepted,2,protected,measured,mixed,40,977.0,,7,935.554339,state_verified
accepted,2,protected,measured,mixed,41,928.0,,7,935.554339,state_verified
accepted,2,protected,measured,mixed,42,946.0,,7,935.554339,state_verified
accepted,2,protected,measured,mixed,43,1136.0,,7,935.554339,state_verified
accepted,2,protected,measured,mixed,44,1212.0,,7,935.554339,state_verified
accepted,2,protected,measured,mixed,45,932.0,,7,935.554339,state_verified
accepted,2,protected,measured,mixed,46,1080.0,,7,935.554339,state_verified
accepted,2,protected,measured,mixed,47,962.0,,7,935.554339,state_verified
accepted,2,protected,measured,mixed,48,924.0,,7,935.554339,state_verified
accepted,2,protected,measured,mixed,49,1148.0,,7,935.554339,state_verified
accepted,2,protected,measured,mixed,50,1048.0,,7,935.554339,state_verified
accepted,2,protected,measured,mixed,51,1113.0,,7,935.554339,state_verified
accepted,2,protected,measured,mixed,52,979.0,,7,935.554339,state_verified
accepted,2,protected,measured,mixed,53,914.0,,7,935.554339,state_verified
accepted,2,protected,measured,mixed,54,871.0,,7,935.554339,state_verified
accepted,2,protected,measured,mixed,55,976.0,,7,935.554339,state_verified
accepted,2,protected,measured,mixed,56,973.0,,7,935.554339,state_verified
accepted,2,protected,measured,mixed,57,958.0,,7,935.554339,state_verified
accepted,2,protected,measured,mixed,58,927.0,,7,935.554339,state_verified
accepted,2,protected,measured,mixed,59,1030.0,,7,935.554339,state_verified
accepted,2,protected,measured,mixed,60,1041.0,,7,935.554339,state_verified
accepted,2,protected,measured,mixed,61,1053.0,,7,935.554339,state_verified
accepted,2,protected,measured,mixed,62,973.0,,7,935.554339,state_verified
accepted,2,protected,measured,mixed,63,963.0,,7,935.554339,state_verified
accepted,2,protected,measured,mixed,64,1964.0,,7,935.554339,state_verified
accepted,2,protected,measured,mixed,65,1460.0,,7,935.554339,state_verified
accepted,2,protected,measured,mixed,66,1329.0,,7,935.554339,state_verified
accepted,2,protected,measured,mixed,67,1299.0,,7,935.554339,state_verified
accepted,2,protected,measured,mixed,68,931.0,,7,935.554339,state_verified
accepted,2,protected,measured,mixed,69,944.0,,7,935.554339,state_verified
accepted,2,protected,measured,mixed,70,943.0,,7,935.554339,state_verified
accepted,2,protected,measured,mixed,71,989.0,,7,935.554339,state_verified
accepted,2,protected,measured,mixed,72,1001.0,,7,935.554339,state_verified
accepted,2,protected,measured,mixed,73,967.0,,7,935.554339,state_verified
accepted,2,protected,measured,mixed,74,922.0,,7,935.554339,state_verified
accepted,2,protected,measured,mixed,75,1014.0,,7,935.554339,state_verified
accepted,2,protected,measured,mixed,76,988.0,,7,935.554339,state_verified
accepted,2,protected,measured,mixed,77,956.0,,7,935.554339,state_verified
accepted,2,protected,measured,mixed,78,943.0,,7,935.554339,state_verified
accepted,2,protected,measured,mixed,79,1003.0,,7,935.554339,state_verified
accepted,2,protected,measured,mixed,80,952.0,,7,935.554339,state_verified
accepted,2,protected,measured,mixed,81,974.0,,7,935.554339,state_verified
accepted,2,protected,measured,mixed,82,1002.0,,7,935.554339,state_verified
accepted,2,protected,measured,mixed,83,976.0,,7,935.554339,state_verified
accepted,2,protected,measured,mixed,84,1005.0,,7,935.554339,state_verified
accepted,2,protected,measured,mixed,85,974.0,,7,935.554339,state_verified
accepted,2,protected,measured,mixed,86,941.0,,7,935.554339,state_verified
accepted,2,protected,measured,mixed,87,1006.0,,7,935.554339,state_verified
accepted,2,protected,measured,mixed,88,980.0,,7,935.554339,state_verified
accepted,2,protected,measured,mixed,89,1066.0,,7,935.554339,state_verified
accepted,2,protected,measured,mixed,90,1366.0,,7,935.554339,state_verified
accepted,2,protected,measured,mixed,91,1191.0,,7,935.554339,state_verified
accepted,2,protected,measured,mixed,92,1035.0,,7,935.554339,state_verified
accepted,2,protected,measured,mixed,93,980.0,,7,935.554339,state_verified
accepted,2,protected,measured,mixed,94,971.0,,7,935.554339,state_verified
accepted,2,protected,measured,mixed,95,982.0,,7,935.554339,state_verified
accepted,2,protected,measured,mixed,96,953.0,,7,935.554339,state_verified
accepted,2,protected,measured,mixed,97,1008.0,,7,935.554339,state_verified
accepted,2,protected,measured,mixed,98,960.0,,7,935.554339,state_verified
accepted,2,protected,measured,mixed,99,1032.0,,7,935.554339,state_verified
accepted,2,protected,measured,mixed,100,942.0,,7,935.554339,state_verified
accepted,2,protected,measured,mixed,101,1022.0,,7,935.554339,state_verified
accepted,2,protected,measured,mixed,102,958.0,,7,935.554339,state_verified
accepted,2,protected,measured,mixed,103,956.0,,7,935.554339,state_verified
accepted,2,protected,measured,mixed,104,931.0,,7,935.554339,state_verified
accepted,2,protected,measured,mixed,105,980.0,,7,935.554339,state_verified
accepted,2,protected,measured,mixed,106,957.0,,7,935.554339,state_verified
accepted,2,protected,measured,mixed,107,983.0,,7,935.554339,state_verified
accepted,2,protected,measured,mixed,108,966.0,,7,935.554339,state_verified
accepted,2,protected,measured,mixed,109,972.0,,7,935.554339,state_verified
accepted,2,protected,measured,mixed,110,942.0,,7,935.554339,state_verified
accepted,2,protected,measured,mixed,111,931.0,,7,935.554339,state_verified
accepted,2,protected,measured,mixed,112,971.0,,7,935.554339,state_verified
accepted,2,protected,measured,mixed,113,928.0,,7,935.554339,state_verified
accepted,2,protected,measured,mixed,114,1028.0,,7,935.554339,state_verified
accepted,2,protected,measured,mixed,115,947.0,,7,935.554339,state_verified
accepted,2,protected,measured,mixed,116,999.0,,7,935.554339,state_verified
accepted,2,protected,measured,mixed,117,971.0,,7,935.554339,state_verified
accepted,2,protected,measured,mixed,118,986.0,,7,935.554339,state_verified
accepted,2,protected,measured,mixed,119,967.0,,7,935.554339,state_verified
accepted,2,protected,measured,mixed,120,985.0,,7,935.554339,state_verified
accepted,2,protected,measured,mixed,121,950.0,,7,935.554339,state_verified
accepted,2,protected,measured,mixed,122,959.0,,7,935.554339,state_verified
accepted,2,protected,measured,mixed,123,947.0,,7,935.554339,state_verified
accepted,2,protected,measured,mixed,124,942.0,,7,935.554339,state_verified
accepted,2,protected,measured,mixed,125,946.0,,7,935.554339,state_verified
accepted,2,protected,measured,mixed,126,957.0,,7,935.554339,state_verified
accepted,2,protected,measured,mixed,127,987.0,,7,935.554339,state_verified
accepted,2,protected,measured,mixed,128,1298.0,,7,935.554339,state_verified
accepted,2,protected,measured,mixed,129,1225.0,,7,935.554339,state_verified
accepted,2,protected,measured,mixed,130,1271.0,,7,935.554339,state_verified
accepted,2,protected,measured,mixed,131,1302.0,,7,935.554339,state_verified
accepted,2,protected,measured,mixed,132,1021.0,,7,935.554339,state_verified
accepted,2,protected,measured,mixed,133,1610.0,,7,935.554339,state_verified
accepted,2,protected,measured,mixed,134,1068.0,,7,935.554339,state_verified
accepted,2,protected,measured,mixed,135,907.0,,7,935.554339,state_verified
accepted,2,protected,measured,mixed,136,888.0,,7,935.554339,state_verified
accepted,2,protected,measured,mixed,137,922.0,,7,935.554339,state_verified
accepted,2,protected,measured,mixed,138,908.0,,7,935.554339,state_verified
accepted,2,protected,measured,mixed,139,906.0,,7,935.554339,state_verified
accepted,2,protected,measured,mixed,140,959.0,,7,935.554339,state_verified
accepted,2,protected,measured,mixed,141,899.0,,7,935.554339,state_verified
accepted,2,protected,measured,mixed,142,1177.0,,7,935.554339,state_verified
accepted,2,protected,measured,mixed,143,1362.0,,7,935.554339,state_verified
accepted,2,protected,measured,mixed,144,1375.0,,7,935.554339,state_verified
accepted,2,protected,measured,mixed,145,1313.0,,7,935.554339,state_verified
accepted,2,protected,measured,mixed,146,1274.0,,7,935.554339,state_verified
accepted,2,protected,measured,mixed,147,1191.0,,7,935.554339,state_verified
accepted,2,protected,measured,mixed,148,1032.0,,7,935.554339,state_verified
accepted,2,protected,measured,mixed,149,1060.0,,7,935.554339,state_verified
accepted,2,protected,measured,mixed,150,918.0,,7,935.554339,state_verified
accepted,2,protected,measured,mixed,151,1005.0,,7,935.554339,state_verified
accepted,2,protected,measured,mixed,152,949.0,,7,935.554339,state_verified
accepted,2,protected,measured,mixed,153,962.0,,7,935.554339,state_verified
accepted,2,protected,measured,mixed,154,932.0,,7,935.554339,state_verified
accepted,2,protected,measured,mixed,155,971.0,,7,935.554339,state_verified
accepted,2,protected,measured,mixed,156,910.0,,7,935.554339,state_verified
accepted,2,protected,measured,mixed,157,1259.0,,7,935.554339,state_verified
accepted,2,protected,measured,mixed,158,1311.0,,7,935.554339,state_verified
accepted,2,protected,measured,mixed,159,1014.0,,7,935.554339,state_verified
accepted,2,protected,measured,mixed,160,948.0,,7,935.554339,state_verified
accepted,2,protected,measured,mixed,161,939.0,,7,935.554339,state_verified
accepted,2,protected,measured,mixed,162,888.0,,7,935.554339,state_verified
accepted,2,protected,measured,mixed,163,967.0,,7,935.554339,state_verified
accepted,2,protected,measured,mixed,164,1115.0,,7,935.554339,state_verified
accepted,2,protected,measured,mixed,165,891.0,,7,935.554339,state_verified
accepted,2,protected,measured,mixed,166,893.0,,7,935.554339,state_verified
accepted,2,protected,measured,mixed,167,918.0,,7,935.554339,state_verified
accepted,2,protected,measured,mixed,168,914.0,,7,935.554339,state_verified
accepted,2,protected,measured,mixed,169,1001.0,,7,935.554339,state_verified
accepted,2,protected,measured,mixed,170,1116.0,,7,935.554339,state_verified
accepted,2,protected,measured,mixed,171,1057.0,,7,935.554339,state_verified
accepted,2,protected,measured,mixed,172,1055.0,,7,935.554339,state_verified
accepted,2,protected,measured,mixed,173,1486.0,,7,935.554339,state_verified
accepted,2,protected,measured,mixed,174,1140.0,,7,935.554339,state_verified
accepted,2,protected,measured,mixed,175,964.0,,7,935.554339,state_verified
accepted,2,protected,measured,mixed,176,1008.0,,7,935.554339,state_verified
accepted,2,protected,measured,mixed,177,1030.0,,7,935.554339,state_verified
accepted,2,protected,measured,mixed,178,986.0,,7,935.554339,state_verified
accepted,2,protected,measured,mixed,179,921.0,,7,935.554339,state_verified
accepted,2,protected,measured,mixed,180,922.0,,7,935.554339,state_verified
accepted,2,protected,measured,mixed,181,961.0,,7,935.554339,state_verified
accepted,2,protected,measured,mixed,182,877.0,,7,935.554339,state_verified
accepted,2,protected,measured,mixed,183,886.0,,7,935.554339,state_verified
accepted,2,protected,measured,mixed,184,871.0,,7,935.554339,state_verified
accepted,2,protected,measured,mixed,185,905.0,,7,935.554339,state_verified
accepted,2,protected,measured,mixed,186,872.0,,7,935.554339,state_verified
accepted,2,protected,measured,mixed,187,902.0,,7,935.554339,state_verified
accepted,2,protected,measured,mixed,188,919.0,,7,935.554339,state_verified
accepted,2,protected,measured,mixed,189,1073.0,,7,935.554339,state_verified
accepted,2,protected,measured,mixed,190,1073.0,,7,935.554339,state_verified
accepted,2,protected,measured,mixed,191,1010.0,,7,935.554339,state_verified
accepted,2,protected,measured,mixed,192,1243.0,,7,935.554339,state_verified
accepted,2,protected,measured,mixed,193,1181.0,,7,935.554339,state_verified
accepted,2,protected,measured,mixed,194,1222.0,,7,935.554339,state_verified
accepted,2,protected,measured,mixed,195,1317.0,,7,935.554339,state_verified
accepted,2,protected,measured,mixed,196,928.0,,7,935.554339,state_verified
accepted,2,protected,measured,mixed,197,924.0,,7,935.554339,state_verified
accepted,2,protected,measured,mixed,198,942.0,,7,935.554339,state_verified
accepted,2,protected,measured,mixed,199,923.0,,7,935.554339,state_verified
accepted,2,protected,measured,mixed,200,880.0,,7,935.554339,state_verified
accepted,2,baseline,measured,mixed,1,3930.0,,7,1048.349897,state_verified
accepted,2,baseline,measured,mixed,2,913.0,,7,1048.349897,state_verified
accepted,2,baseline,measured,mixed,3,950.0,,7,1048.349897,state_verified
accepted,2,baseline,measured,mixed,4,972.0,,7,1048.349897,state_verified
accepted,2,baseline,measured,mixed,5,1059.0,,7,1048.349897,state_verified
accepted,2,baseline,measured,mixed,6,1045.0,,7,1048.349897,state_verified
accepted,2,baseline,measured,mixed,7,837.0,,7,1048.349897,state_verified
accepted,2,baseline,measured,mixed,8,857.0,,7,1048.349897,state_verified
accepted,2,baseline,measured,mixed,9,913.0,,7,1048.349897,state_verified
accepted,2,baseline,measured,mixed,10,889.0,,7,1048.349897,state_verified
accepted,2,baseline,measured,mixed,11,913.0,,7,1048.349897,state_verified
accepted,2,baseline,measured,mixed,12,853.0,,7,1048.349897,state_verified
accepted,2,baseline,measured,mixed,13,825.0,,7,1048.349897,state_verified
accepted,2,baseline,measured,mixed,14,838.0,,7,1048.349897,state_verified
accepted,2,baseline,measured,mixed,15,877.0,,7,1048.349897,state_verified
accepted,2,baseline,measured,mixed,16,857.0,,7,1048.349897,state_verified
accepted,2,baseline,measured,mixed,17,891.0,,7,1048.349897,state_verified
accepted,2,baseline,measured,mixed,18,870.0,,7,1048.349897,state_verified
accepted,2,baseline,measured,mixed,19,847.0,,7,1048.349897,state_verified
accepted,2,baseline,measured,mixed,20,843.0,,7,1048.349897,state_verified
accepted,2,baseline,measured,mixed,21,880.0,,7,1048.349897,state_verified
accepted,2,baseline,measured,mixed,22,827.0,,7,1048.349897,state_verified
accepted,2,baseline,measured,mixed,23,890.0,,7,1048.349897,state_verified
accepted,2,baseline,measured,mixed,24,885.0,,7,1048.349897,state_verified
accepted,2,baseline,measured,mixed,25,838.0,,7,1048.349897,state_verified
accepted,2,baseline,measured,mixed,26,882.0,,7,1048.349897,state_verified
accepted,2,baseline,measured,mixed,27,1220.0,,7,1048.349897,state_verified
accepted,2,baseline,measured,mixed,28,1181.0,,7,1048.349897,state_verified
accepted,2,baseline,measured,mixed,29,1211.0,,7,1048.349897,state_verified
accepted,2,baseline,measured,mixed,30,1316.0,,7,1048.349897,state_verified
accepted,2,baseline,measured,mixed,31,1540.0,,7,1048.349897,state_verified
accepted,2,baseline,measured,mixed,32,770.0,,7,1048.349897,state_verified
accepted,2,baseline,measured,mixed,33,877.0,,7,1048.349897,state_verified
accepted,2,baseline,measured,mixed,34,918.0,,7,1048.349897,state_verified
accepted,2,baseline,measured,mixed,35,955.0,,7,1048.349897,state_verified
accepted,2,baseline,measured,mixed,36,883.0,,7,1048.349897,state_verified
accepted,2,baseline,measured,mixed,37,853.0,,7,1048.349897,state_verified
accepted,2,baseline,measured,mixed,38,993.0,,7,1048.349897,state_verified
accepted,2,baseline,measured,mixed,39,869.0,,7,1048.349897,state_verified
accepted,2,baseline,measured,mixed,40,875.0,,7,1048.349897,state_verified
accepted,2,baseline,measured,mixed,41,877.0,,7,1048.349897,state_verified
accepted,2,baseline,measured,mixed,42,837.0,,7,1048.349897,state_verified
accepted,2,baseline,measured,mixed,43,878.0,,7,1048.349897,state_verified
accepted,2,baseline,measured,mixed,44,869.0,,7,1048.349897,state_verified
accepted,2,baseline,measured,mixed,45,905.0,,7,1048.349897,state_verified
accepted,2,baseline,measured,mixed,46,857.0,,7,1048.349897,state_verified
accepted,2,baseline,measured,mixed,47,867.0,,7,1048.349897,state_verified
accepted,2,baseline,measured,mixed,48,887.0,,7,1048.349897,state_verified
accepted,2,baseline,measured,mixed,49,854.0,,7,1048.349897,state_verified
accepted,2,baseline,measured,mixed,50,892.0,,7,1048.349897,state_verified
accepted,2,baseline,measured,mixed,51,1186.0,,7,1048.349897,state_verified
accepted,2,baseline,measured,mixed,52,1009.0,,7,1048.349897,state_verified
accepted,2,baseline,measured,mixed,53,975.0,,7,1048.349897,state_verified
accepted,2,baseline,measured,mixed,54,961.0,,7,1048.349897,state_verified
accepted,2,baseline,measured,mixed,55,916.0,,7,1048.349897,state_verified
accepted,2,baseline,measured,mixed,56,854.0,,7,1048.349897,state_verified
accepted,2,baseline,measured,mixed,57,871.0,,7,1048.349897,state_verified
accepted,2,baseline,measured,mixed,58,966.0,,7,1048.349897,state_verified
accepted,2,baseline,measured,mixed,59,907.0,,7,1048.349897,state_verified
accepted,2,baseline,measured,mixed,60,907.0,,7,1048.349897,state_verified
accepted,2,baseline,measured,mixed,61,944.0,,7,1048.349897,state_verified
accepted,2,baseline,measured,mixed,62,919.0,,7,1048.349897,state_verified
accepted,2,baseline,measured,mixed,63,858.0,,7,1048.349897,state_verified
accepted,2,baseline,measured,mixed,64,880.0,,7,1048.349897,state_verified
accepted,2,baseline,measured,mixed,65,915.0,,7,1048.349897,state_verified
accepted,2,baseline,measured,mixed,66,1053.0,,7,1048.349897,state_verified
accepted,2,baseline,measured,mixed,67,1005.0,,7,1048.349897,state_verified
accepted,2,baseline,measured,mixed,68,849.0,,7,1048.349897,state_verified
accepted,2,baseline,measured,mixed,69,877.0,,7,1048.349897,state_verified
accepted,2,baseline,measured,mixed,70,900.0,,7,1048.349897,state_verified
accepted,2,baseline,measured,mixed,71,887.0,,7,1048.349897,state_verified
accepted,2,baseline,measured,mixed,72,880.0,,7,1048.349897,state_verified
accepted,2,baseline,measured,mixed,73,905.0,,7,1048.349897,state_verified
accepted,2,baseline,measured,mixed,74,867.0,,7,1048.349897,state_verified
accepted,2,baseline,measured,mixed,75,868.0,,7,1048.349897,state_verified
accepted,2,baseline,measured,mixed,76,885.0,,7,1048.349897,state_verified
accepted,2,baseline,measured,mixed,77,928.0,,7,1048.349897,state_verified
accepted,2,baseline,measured,mixed,78,970.0,,7,1048.349897,state_verified
accepted,2,baseline,measured,mixed,79,1003.0,,7,1048.349897,state_verified
accepted,2,baseline,measured,mixed,80,1285.0,,7,1048.349897,state_verified
accepted,2,baseline,measured,mixed,81,933.0,,7,1048.349897,state_verified
accepted,2,baseline,measured,mixed,82,875.0,,7,1048.349897,state_verified
accepted,2,baseline,measured,mixed,83,961.0,,7,1048.349897,state_verified
accepted,2,baseline,measured,mixed,84,899.0,,7,1048.349897,state_verified
accepted,2,baseline,measured,mixed,85,846.0,,7,1048.349897,state_verified
accepted,2,baseline,measured,mixed,86,885.0,,7,1048.349897,state_verified
accepted,2,baseline,measured,mixed,87,914.0,,7,1048.349897,state_verified
accepted,2,baseline,measured,mixed,88,899.0,,7,1048.349897,state_verified
accepted,2,baseline,measured,mixed,89,922.0,,7,1048.349897,state_verified
accepted,2,baseline,measured,mixed,90,864.0,,7,1048.349897,state_verified
accepted,2,baseline,measured,mixed,91,1226.0,,7,1048.349897,state_verified
accepted,2,baseline,measured,mixed,92,1192.0,,7,1048.349897,state_verified
accepted,2,baseline,measured,mixed,93,1297.0,,7,1048.349897,state_verified
accepted,2,baseline,measured,mixed,94,1191.0,,7,1048.349897,state_verified
accepted,2,baseline,measured,mixed,95,872.0,,7,1048.349897,state_verified
accepted,2,baseline,measured,mixed,96,893.0,,7,1048.349897,state_verified
accepted,2,baseline,measured,mixed,97,935.0,,7,1048.349897,state_verified
accepted,2,baseline,measured,mixed,98,897.0,,7,1048.349897,state_verified
accepted,2,baseline,measured,mixed,99,895.0,,7,1048.349897,state_verified
accepted,2,baseline,measured,mixed,100,943.0,,7,1048.349897,state_verified
accepted,2,baseline,measured,mixed,101,976.0,,7,1048.349897,state_verified
accepted,2,baseline,measured,mixed,102,926.0,,7,1048.349897,state_verified
accepted,2,baseline,measured,mixed,103,901.0,,7,1048.349897,state_verified
accepted,2,baseline,measured,mixed,104,946.0,,7,1048.349897,state_verified
accepted,2,baseline,measured,mixed,105,899.0,,7,1048.349897,state_verified
accepted,2,baseline,measured,mixed,106,948.0,,7,1048.349897,state_verified
accepted,2,baseline,measured,mixed,107,965.0,,7,1048.349897,state_verified
accepted,2,baseline,measured,mixed,108,922.0,,7,1048.349897,state_verified
accepted,2,baseline,measured,mixed,109,910.0,,7,1048.349897,state_verified
accepted,2,baseline,measured,mixed,110,926.0,,7,1048.349897,state_verified
accepted,2,baseline,measured,mixed,111,893.0,,7,1048.349897,state_verified
accepted,2,baseline,measured,mixed,112,886.0,,7,1048.349897,state_verified
accepted,2,baseline,measured,mixed,113,840.0,,7,1048.349897,state_verified
accepted,2,baseline,measured,mixed,114,888.0,,7,1048.349897,state_verified
accepted,2,baseline,measured,mixed,115,887.0,,7,1048.349897,state_verified
accepted,2,baseline,measured,mixed,116,858.0,,7,1048.349897,state_verified
accepted,2,baseline,measured,mixed,117,906.0,,7,1048.349897,state_verified
accepted,2,baseline,measured,mixed,118,853.0,,7,1048.349897,state_verified
accepted,2,baseline,measured,mixed,119,869.0,,7,1048.349897,state_verified
accepted,2,baseline,measured,mixed,120,859.0,,7,1048.349897,state_verified
accepted,2,baseline,measured,mixed,121,834.0,,7,1048.349897,state_verified
accepted,2,baseline,measured,mixed,122,899.0,,7,1048.349897,state_verified
accepted,2,baseline,measured,mixed,123,934.0,,7,1048.349897,state_verified
accepted,2,baseline,measured,mixed,124,964.0,,7,1048.349897,state_verified
accepted,2,baseline,measured,mixed,125,1273.0,,7,1048.349897,state_verified
accepted,2,baseline,measured,mixed,126,966.0,,7,1048.349897,state_verified
accepted,2,baseline,measured,mixed,127,927.0,,7,1048.349897,state_verified
accepted,2,baseline,measured,mixed,128,938.0,,7,1048.349897,state_verified
accepted,2,baseline,measured,mixed,129,889.0,,7,1048.349897,state_verified
accepted,2,baseline,measured,mixed,130,895.0,,7,1048.349897,state_verified
accepted,2,baseline,measured,mixed,131,925.0,,7,1048.349897,state_verified
accepted,2,baseline,measured,mixed,132,878.0,,7,1048.349897,state_verified
accepted,2,baseline,measured,mixed,133,879.0,,7,1048.349897,state_verified
accepted,2,baseline,measured,mixed,134,859.0,,7,1048.349897,state_verified
accepted,2,baseline,measured,mixed,135,920.0,,7,1048.349897,state_verified
accepted,2,baseline,measured,mixed,136,903.0,,7,1048.349897,state_verified
accepted,2,baseline,measured,mixed,137,890.0,,7,1048.349897,state_verified
accepted,2,baseline,measured,mixed,138,856.0,,7,1048.349897,state_verified
accepted,2,baseline,measured,mixed,139,902.0,,7,1048.349897,state_verified
accepted,2,baseline,measured,mixed,140,881.0,,7,1048.349897,state_verified
accepted,2,baseline,measured,mixed,141,926.0,,7,1048.349897,state_verified
accepted,2,baseline,measured,mixed,142,867.0,,7,1048.349897,state_verified
accepted,2,baseline,measured,mixed,143,878.0,,7,1048.349897,state_verified
accepted,2,baseline,measured,mixed,144,994.0,,7,1048.349897,state_verified
accepted,2,baseline,measured,mixed,145,874.0,,7,1048.349897,state_verified
accepted,2,baseline,measured,mixed,146,1154.0,,7,1048.349897,state_verified
accepted,2,baseline,measured,mixed,147,946.0,,7,1048.349897,state_verified
accepted,2,baseline,measured,mixed,148,921.0,,7,1048.349897,state_verified
accepted,2,baseline,measured,mixed,149,894.0,,7,1048.349897,state_verified
accepted,2,baseline,measured,mixed,150,911.0,,7,1048.349897,state_verified
accepted,2,baseline,measured,mixed,151,889.0,,7,1048.349897,state_verified
accepted,2,baseline,measured,mixed,152,884.0,,7,1048.349897,state_verified
accepted,2,baseline,measured,mixed,153,900.0,,7,1048.349897,state_verified
accepted,2,baseline,measured,mixed,154,921.0,,7,1048.349897,state_verified
accepted,2,baseline,measured,mixed,155,1190.0,,7,1048.349897,state_verified
accepted,2,baseline,measured,mixed,156,1209.0,,7,1048.349897,state_verified
accepted,2,baseline,measured,mixed,157,1186.0,,7,1048.349897,state_verified
accepted,2,baseline,measured,mixed,158,1148.0,,7,1048.349897,state_verified
accepted,2,baseline,measured,mixed,159,884.0,,7,1048.349897,state_verified
accepted,2,baseline,measured,mixed,160,850.0,,7,1048.349897,state_verified
accepted,2,baseline,measured,mixed,161,1028.0,,7,1048.349897,state_verified
accepted,2,baseline,measured,mixed,162,1065.0,,7,1048.349897,state_verified
accepted,2,baseline,measured,mixed,163,875.0,,7,1048.349897,state_verified
accepted,2,baseline,measured,mixed,164,876.0,,7,1048.349897,state_verified
accepted,2,baseline,measured,mixed,165,859.0,,7,1048.349897,state_verified
accepted,2,baseline,measured,mixed,166,854.0,,7,1048.349897,state_verified
accepted,2,baseline,measured,mixed,167,861.0,,7,1048.349897,state_verified
accepted,2,baseline,measured,mixed,168,894.0,,7,1048.349897,state_verified
accepted,2,baseline,measured,mixed,169,910.0,,7,1048.349897,state_verified
accepted,2,baseline,measured,mixed,170,954.0,,7,1048.349897,state_verified
accepted,2,baseline,measured,mixed,171,871.0,,7,1048.349897,state_verified
accepted,2,baseline,measured,mixed,172,1072.0,,7,1048.349897,state_verified
accepted,2,baseline,measured,mixed,173,902.0,,7,1048.349897,state_verified
accepted,2,baseline,measured,mixed,174,904.0,,7,1048.349897,state_verified
accepted,2,baseline,measured,mixed,175,1213.0,,7,1048.349897,state_verified
accepted,2,baseline,measured,mixed,176,954.0,,7,1048.349897,state_verified
accepted,2,baseline,measured,mixed,177,988.0,,7,1048.349897,state_verified
accepted,2,baseline,measured,mixed,178,973.0,,7,1048.349897,state_verified
accepted,2,baseline,measured,mixed,179,864.0,,7,1048.349897,state_verified
accepted,2,baseline,measured,mixed,180,855.0,,7,1048.349897,state_verified
accepted,2,baseline,measured,mixed,181,861.0,,7,1048.349897,state_verified
accepted,2,baseline,measured,mixed,182,877.0,,7,1048.349897,state_verified
accepted,2,baseline,measured,mixed,183,872.0,,7,1048.349897,state_verified
accepted,2,baseline,measured,mixed,184,896.0,,7,1048.349897,state_verified
accepted,2,baseline,measured,mixed,185,886.0,,7,1048.349897,state_verified
accepted,2,baseline,measured,mixed,186,865.0,,7,1048.349897,state_verified
accepted,2,baseline,measured,mixed,187,879.0,,7,1048.349897,state_verified
accepted,2,baseline,measured,mixed,188,854.0,,7,1048.349897,state_verified
accepted,2,baseline,measured,mixed,189,872.0,,7,1048.349897,state_verified
accepted,2,baseline,measured,mixed,190,879.0,,7,1048.349897,state_verified
accepted,2,baseline,measured,mixed,191,869.0,,7,1048.349897,state_verified
accepted,2,baseline,measured,mixed,192,902.0,,7,1048.349897,state_verified
accepted,2,baseline,measured,mixed,193,851.0,,7,1048.349897,state_verified
accepted,2,baseline,measured,mixed,194,923.0,,7,1048.349897,state_verified
accepted,2,baseline,measured,mixed,195,858.0,,7,1048.349897,state_verified
accepted,2,baseline,measured,mixed,196,913.0,,7,1048.349897,state_verified
accepted,2,baseline,measured,mixed,197,881.0,,7,1048.349897,state_verified
accepted,2,baseline,measured,mixed,198,857.0,,7,1048.349897,state_verified
accepted,2,baseline,measured,mixed,199,827.0,,7,1048.349897,state_verified
accepted,2,baseline,measured,mixed,200,864.0,,7,1048.349897,state_verified
accepted,3,baseline,measured,1,1,3796.0,,1,1390.250176,state_verified
accepted,3,baseline,measured,1,2,774.0,,1,1390.250176,state_verified
accepted,3,baseline,measured,1,3,642.0,,1,1390.250176,state_verified
accepted,3,baseline,measured,1,4,671.0,,1,1390.250176,state_verified
accepted,3,baseline,measured,1,5,637.0,,1,1390.250176,state_verified
accepted,3,baseline,measured,1,6,757.0,,1,1390.250176,state_verified
accepted,3,baseline,measured,1,7,951.0,,1,1390.250176,state_verified
accepted,3,baseline,measured,1,8,825.0,,1,1390.250176,state_verified
accepted,3,baseline,measured,1,9,959.0,,1,1390.250176,state_verified
accepted,3,baseline,measured,1,10,808.0,,1,1390.250176,state_verified
accepted,3,baseline,measured,1,11,803.0,,1,1390.250176,state_verified
accepted,3,baseline,measured,1,12,1011.0,,1,1390.250176,state_verified
accepted,3,baseline,measured,1,13,870.0,,1,1390.250176,state_verified
accepted,3,baseline,measured,1,14,717.0,,1,1390.250176,state_verified
accepted,3,baseline,measured,1,15,712.0,,1,1390.250176,state_verified
accepted,3,baseline,measured,1,16,661.0,,1,1390.250176,state_verified
accepted,3,baseline,measured,1,17,653.0,,1,1390.250176,state_verified
accepted,3,baseline,measured,1,18,628.0,,1,1390.250176,state_verified
accepted,3,baseline,measured,1,19,673.0,,1,1390.250176,state_verified
accepted,3,baseline,measured,1,20,587.0,,1,1390.250176,state_verified
accepted,3,baseline,measured,1,21,619.0,,1,1390.250176,state_verified
accepted,3,baseline,measured,1,22,633.0,,1,1390.250176,state_verified
accepted,3,baseline,measured,1,23,647.0,,1,1390.250176,state_verified
accepted,3,baseline,measured,1,24,585.0,,1,1390.250176,state_verified
accepted,3,baseline,measured,1,25,576.0,,1,1390.250176,state_verified
accepted,3,baseline,measured,1,26,640.0,,1,1390.250176,state_verified
accepted,3,baseline,measured,1,27,586.0,,1,1390.250176,state_verified
accepted,3,baseline,measured,1,28,1200.0,,1,1390.250176,state_verified
accepted,3,baseline,measured,1,29,913.0,,1,1390.250176,state_verified
accepted,3,baseline,measured,1,30,873.0,,1,1390.250176,state_verified
accepted,3,baseline,measured,1,31,813.0,,1,1390.250176,state_verified
accepted,3,baseline,measured,1,32,806.0,,1,1390.250176,state_verified
accepted,3,baseline,measured,1,33,763.0,,1,1390.250176,state_verified
accepted,3,baseline,measured,1,34,774.0,,1,1390.250176,state_verified
accepted,3,baseline,measured,1,35,834.0,,1,1390.250176,state_verified
accepted,3,baseline,measured,1,36,697.0,,1,1390.250176,state_verified
accepted,3,baseline,measured,1,37,655.0,,1,1390.250176,state_verified
accepted,3,baseline,measured,1,38,634.0,,1,1390.250176,state_verified
accepted,3,baseline,measured,1,39,645.0,,1,1390.250176,state_verified
accepted,3,baseline,measured,1,40,620.0,,1,1390.250176,state_verified
accepted,3,baseline,measured,1,41,599.0,,1,1390.250176,state_verified
accepted,3,baseline,measured,1,42,636.0,,1,1390.250176,state_verified
accepted,3,baseline,measured,1,43,605.0,,1,1390.250176,state_verified
accepted,3,baseline,measured,1,44,598.0,,1,1390.250176,state_verified
accepted,3,baseline,measured,1,45,640.0,,1,1390.250176,state_verified
accepted,3,baseline,measured,1,46,612.0,,1,1390.250176,state_verified
accepted,3,baseline,measured,1,47,604.0,,1,1390.250176,state_verified
accepted,3,baseline,measured,1,48,584.0,,1,1390.250176,state_verified
accepted,3,baseline,measured,1,49,609.0,,1,1390.250176,state_verified
accepted,3,baseline,measured,1,50,652.0,,1,1390.250176,state_verified
accepted,3,baseline,measured,1,51,844.0,,1,1390.250176,state_verified
accepted,3,baseline,measured,1,52,816.0,,1,1390.250176,state_verified
accepted,3,baseline,measured,1,53,765.0,,1,1390.250176,state_verified
accepted,3,baseline,measured,1,54,761.0,,1,1390.250176,state_verified
accepted,3,baseline,measured,1,55,800.0,,1,1390.250176,state_verified
accepted,3,baseline,measured,1,56,696.0,,1,1390.250176,state_verified
accepted,3,baseline,measured,1,57,754.0,,1,1390.250176,state_verified
accepted,3,baseline,measured,1,58,686.0,,1,1390.250176,state_verified
accepted,3,baseline,measured,1,59,651.0,,1,1390.250176,state_verified
accepted,3,baseline,measured,1,60,941.0,,1,1390.250176,state_verified
accepted,3,baseline,measured,1,61,1096.0,,1,1390.250176,state_verified
accepted,3,baseline,measured,1,62,1016.0,,1,1390.250176,state_verified
accepted,3,baseline,measured,1,63,909.0,,1,1390.250176,state_verified
accepted,3,baseline,measured,1,64,631.0,,1,1390.250176,state_verified
accepted,3,baseline,measured,1,65,638.0,,1,1390.250176,state_verified
accepted,3,baseline,measured,1,66,628.0,,1,1390.250176,state_verified
accepted,3,baseline,measured,1,67,607.0,,1,1390.250176,state_verified
accepted,3,baseline,measured,1,68,635.0,,1,1390.250176,state_verified
accepted,3,baseline,measured,1,69,591.0,,1,1390.250176,state_verified
accepted,3,baseline,measured,1,70,597.0,,1,1390.250176,state_verified
accepted,3,baseline,measured,1,71,733.0,,1,1390.250176,state_verified
accepted,3,baseline,measured,1,72,1109.0,,1,1390.250176,state_verified
accepted,3,baseline,measured,1,73,696.0,,1,1390.250176,state_verified
accepted,3,baseline,measured,1,74,633.0,,1,1390.250176,state_verified
accepted,3,baseline,measured,1,75,873.0,,1,1390.250176,state_verified
accepted,3,baseline,measured,1,76,798.0,,1,1390.250176,state_verified
accepted,3,baseline,measured,1,77,805.0,,1,1390.250176,state_verified
accepted,3,baseline,measured,1,78,711.0,,1,1390.250176,state_verified
accepted,3,baseline,measured,1,79,709.0,,1,1390.250176,state_verified
accepted,3,baseline,measured,1,80,693.0,,1,1390.250176,state_verified
accepted,3,baseline,measured,1,81,631.0,,1,1390.250176,state_verified
accepted,3,baseline,measured,1,82,652.0,,1,1390.250176,state_verified
accepted,3,baseline,measured,1,83,701.0,,1,1390.250176,state_verified
accepted,3,baseline,measured,1,84,800.0,,1,1390.250176,state_verified
accepted,3,baseline,measured,1,85,736.0,,1,1390.250176,state_verified
accepted,3,baseline,measured,1,86,731.0,,1,1390.250176,state_verified
accepted,3,baseline,measured,1,87,719.0,,1,1390.250176,state_verified
accepted,3,baseline,measured,1,88,754.0,,1,1390.250176,state_verified
accepted,3,baseline,measured,1,89,623.0,,1,1390.250176,state_verified
accepted,3,baseline,measured,1,90,592.0,,1,1390.250176,state_verified
accepted,3,baseline,measured,1,91,619.0,,1,1390.250176,state_verified
accepted,3,baseline,measured,1,92,633.0,,1,1390.250176,state_verified
accepted,3,baseline,measured,1,93,649.0,,1,1390.250176,state_verified
accepted,3,baseline,measured,1,94,682.0,,1,1390.250176,state_verified
accepted,3,baseline,measured,1,95,708.0,,1,1390.250176,state_verified
accepted,3,baseline,measured,1,96,776.0,,1,1390.250176,state_verified
accepted,3,baseline,measured,1,97,627.0,,1,1390.250176,state_verified
accepted,3,baseline,measured,1,98,660.0,,1,1390.250176,state_verified
accepted,3,baseline,measured,1,99,938.0,,1,1390.250176,state_verified
accepted,3,baseline,measured,1,100,744.0,,1,1390.250176,state_verified
accepted,3,baseline,measured,1,101,873.0,,1,1390.250176,state_verified
accepted,3,baseline,measured,1,102,738.0,,1,1390.250176,state_verified
accepted,3,baseline,measured,1,103,800.0,,1,1390.250176,state_verified
accepted,3,baseline,measured,1,104,717.0,,1,1390.250176,state_verified
accepted,3,baseline,measured,1,105,741.0,,1,1390.250176,state_verified
accepted,3,baseline,measured,1,106,834.0,,1,1390.250176,state_verified
accepted,3,baseline,measured,1,107,783.0,,1,1390.250176,state_verified
accepted,3,baseline,measured,1,108,802.0,,1,1390.250176,state_verified
accepted,3,baseline,measured,1,109,763.0,,1,1390.250176,state_verified
accepted,3,baseline,measured,1,110,728.0,,1,1390.250176,state_verified
accepted,3,baseline,measured,1,111,651.0,,1,1390.250176,state_verified
accepted,3,baseline,measured,1,112,623.0,,1,1390.250176,state_verified
accepted,3,baseline,measured,1,113,634.0,,1,1390.250176,state_verified
accepted,3,baseline,measured,1,114,587.0,,1,1390.250176,state_verified
accepted,3,baseline,measured,1,115,564.0,,1,1390.250176,state_verified
accepted,3,baseline,measured,1,116,628.0,,1,1390.250176,state_verified
accepted,3,baseline,measured,1,117,665.0,,1,1390.250176,state_verified
accepted,3,baseline,measured,1,118,599.0,,1,1390.250176,state_verified
accepted,3,baseline,measured,1,119,773.0,,1,1390.250176,state_verified
accepted,3,baseline,measured,1,120,695.0,,1,1390.250176,state_verified
accepted,3,baseline,measured,1,121,605.0,,1,1390.250176,state_verified
accepted,3,baseline,measured,1,122,582.0,,1,1390.250176,state_verified
accepted,3,baseline,measured,1,123,615.0,,1,1390.250176,state_verified
accepted,3,baseline,measured,1,124,937.0,,1,1390.250176,state_verified
accepted,3,baseline,measured,1,125,935.0,,1,1390.250176,state_verified
accepted,3,baseline,measured,1,126,936.0,,1,1390.250176,state_verified
accepted,3,baseline,measured,1,127,963.0,,1,1390.250176,state_verified
accepted,3,baseline,measured,1,128,610.0,,1,1390.250176,state_verified
accepted,3,baseline,measured,1,129,646.0,,1,1390.250176,state_verified
accepted,3,baseline,measured,1,130,628.0,,1,1390.250176,state_verified
accepted,3,baseline,measured,1,131,605.0,,1,1390.250176,state_verified
accepted,3,baseline,measured,1,132,638.0,,1,1390.250176,state_verified
accepted,3,baseline,measured,1,133,625.0,,1,1390.250176,state_verified
accepted,3,baseline,measured,1,134,591.0,,1,1390.250176,state_verified
accepted,3,baseline,measured,1,135,677.0,,1,1390.250176,state_verified
accepted,3,baseline,measured,1,136,680.0,,1,1390.250176,state_verified
accepted,3,baseline,measured,1,137,608.0,,1,1390.250176,state_verified
accepted,3,baseline,measured,1,138,664.0,,1,1390.250176,state_verified
accepted,3,baseline,measured,1,139,641.0,,1,1390.250176,state_verified
accepted,3,baseline,measured,1,140,636.0,,1,1390.250176,state_verified
accepted,3,baseline,measured,1,141,621.0,,1,1390.250176,state_verified
accepted,3,baseline,measured,1,142,607.0,,1,1390.250176,state_verified
accepted,3,baseline,measured,1,143,621.0,,1,1390.250176,state_verified
accepted,3,baseline,measured,1,144,598.0,,1,1390.250176,state_verified
accepted,3,baseline,measured,1,145,612.0,,1,1390.250176,state_verified
accepted,3,baseline,measured,1,146,622.0,,1,1390.250176,state_verified
accepted,3,baseline,measured,1,147,601.0,,1,1390.250176,state_verified
accepted,3,baseline,measured,1,148,612.0,,1,1390.250176,state_verified
accepted,3,baseline,measured,1,149,598.0,,1,1390.250176,state_verified
accepted,3,baseline,measured,1,150,614.0,,1,1390.250176,state_verified
accepted,3,baseline,measured,1,151,610.0,,1,1390.250176,state_verified
accepted,3,baseline,measured,1,152,618.0,,1,1390.250176,state_verified
accepted,3,baseline,measured,1,153,603.0,,1,1390.250176,state_verified
accepted,3,baseline,measured,1,154,625.0,,1,1390.250176,state_verified
accepted,3,baseline,measured,1,155,627.0,,1,1390.250176,state_verified
accepted,3,baseline,measured,1,156,627.0,,1,1390.250176,state_verified
accepted,3,baseline,measured,1,157,608.0,,1,1390.250176,state_verified
accepted,3,baseline,measured,1,158,615.0,,1,1390.250176,state_verified
accepted,3,baseline,measured,1,159,615.0,,1,1390.250176,state_verified
accepted,3,baseline,measured,1,160,635.0,,1,1390.250176,state_verified
accepted,3,baseline,measured,1,161,609.0,,1,1390.250176,state_verified
accepted,3,baseline,measured,1,162,602.0,,1,1390.250176,state_verified
accepted,3,baseline,measured,1,163,631.0,,1,1390.250176,state_verified
accepted,3,baseline,measured,1,164,555.0,,1,1390.250176,state_verified
accepted,3,baseline,measured,1,165,620.0,,1,1390.250176,state_verified
accepted,3,baseline,measured,1,166,632.0,,1,1390.250176,state_verified
accepted,3,baseline,measured,1,167,582.0,,1,1390.250176,state_verified
accepted,3,baseline,measured,1,168,632.0,,1,1390.250176,state_verified
accepted,3,baseline,measured,1,169,615.0,,1,1390.250176,state_verified
accepted,3,baseline,measured,1,170,606.0,,1,1390.250176,state_verified
accepted,3,baseline,measured,1,171,684.0,,1,1390.250176,state_verified
accepted,3,baseline,measured,1,172,630.0,,1,1390.250176,state_verified
accepted,3,baseline,measured,1,173,598.0,,1,1390.250176,state_verified
accepted,3,baseline,measured,1,174,632.0,,1,1390.250176,state_verified
accepted,3,baseline,measured,1,175,636.0,,1,1390.250176,state_verified
accepted,3,baseline,measured,1,176,635.0,,1,1390.250176,state_verified
accepted,3,baseline,measured,1,177,614.0,,1,1390.250176,state_verified
accepted,3,baseline,measured,1,178,646.0,,1,1390.250176,state_verified
accepted,3,baseline,measured,1,179,616.0,,1,1390.250176,state_verified
accepted,3,baseline,measured,1,180,603.0,,1,1390.250176,state_verified
accepted,3,baseline,measured,1,181,622.0,,1,1390.250176,state_verified
accepted,3,baseline,measured,1,182,636.0,,1,1390.250176,state_verified
accepted,3,baseline,measured,1,183,610.0,,1,1390.250176,state_verified
accepted,3,baseline,measured,1,184,639.0,,1,1390.250176,state_verified
accepted,3,baseline,measured,1,185,601.0,,1,1390.250176,state_verified
accepted,3,baseline,measured,1,186,617.0,,1,1390.250176,state_verified
accepted,3,baseline,measured,1,187,606.0,,1,1390.250176,state_verified
accepted,3,baseline,measured,1,188,910.0,,1,1390.250176,state_verified
accepted,3,baseline,measured,1,189,904.0,,1,1390.250176,state_verified
accepted,3,baseline,measured,1,190,971.0,,1,1390.250176,state_verified
accepted,3,baseline,measured,1,191,943.0,,1,1390.250176,state_verified
accepted,3,baseline,measured,1,192,656.0,,1,1390.250176,state_verified
accepted,3,baseline,measured,1,193,640.0,,1,1390.250176,state_verified
accepted,3,baseline,measured,1,194,629.0,,1,1390.250176,state_verified
accepted,3,baseline,measured,1,195,633.0,,1,1390.250176,state_verified
accepted,3,baseline,measured,1,196,648.0,,1,1390.250176,state_verified
accepted,3,baseline,measured,1,197,643.0,,1,1390.250176,state_verified
accepted,3,baseline,measured,1,198,644.0,,1,1390.250176,state_verified
accepted,3,baseline,measured,1,199,719.0,,1,1390.250176,state_verified
accepted,3,baseline,measured,1,200,629.0,,1,1390.250176,state_verified
accepted,3,protected,measured,1,1,2988.0,,1,1404.188695,state_verified
accepted,3,protected,measured,1,2,718.0,,1,1404.188695,state_verified
accepted,3,protected,measured,1,3,635.0,,1,1404.188695,state_verified
accepted,3,protected,measured,1,4,660.0,,1,1404.188695,state_verified
accepted,3,protected,measured,1,5,642.0,,1,1404.188695,state_verified
accepted,3,protected,measured,1,6,710.0,,1,1404.188695,state_verified
accepted,3,protected,measured,1,7,728.0,,1,1404.188695,state_verified
accepted,3,protected,measured,1,8,691.0,,1,1404.188695,state_verified
accepted,3,protected,measured,1,9,692.0,,1,1404.188695,state_verified
accepted,3,protected,measured,1,10,672.0,,1,1404.188695,state_verified
accepted,3,protected,measured,1,11,667.0,,1,1404.188695,state_verified
accepted,3,protected,measured,1,12,714.0,,1,1404.188695,state_verified
accepted,3,protected,measured,1,13,676.0,,1,1404.188695,state_verified
accepted,3,protected,measured,1,14,681.0,,1,1404.188695,state_verified
accepted,3,protected,measured,1,15,688.0,,1,1404.188695,state_verified
accepted,3,protected,measured,1,16,649.0,,1,1404.188695,state_verified
accepted,3,protected,measured,1,17,668.0,,1,1404.188695,state_verified
accepted,3,protected,measured,1,18,683.0,,1,1404.188695,state_verified
accepted,3,protected,measured,1,19,696.0,,1,1404.188695,state_verified
accepted,3,protected,measured,1,20,768.0,,1,1404.188695,state_verified
accepted,3,protected,measured,1,21,690.0,,1,1404.188695,state_verified
accepted,3,protected,measured,1,22,933.0,,1,1404.188695,state_verified
accepted,3,protected,measured,1,23,872.0,,1,1404.188695,state_verified
accepted,3,protected,measured,1,24,874.0,,1,1404.188695,state_verified
accepted,3,protected,measured,1,25,901.0,,1,1404.188695,state_verified
accepted,3,protected,measured,1,26,651.0,,1,1404.188695,state_verified
accepted,3,protected,measured,1,27,691.0,,1,1404.188695,state_verified
accepted,3,protected,measured,1,28,720.0,,1,1404.188695,state_verified
accepted,3,protected,measured,1,29,719.0,,1,1404.188695,state_verified
accepted,3,protected,measured,1,30,684.0,,1,1404.188695,state_verified
accepted,3,protected,measured,1,31,753.0,,1,1404.188695,state_verified
accepted,3,protected,measured,1,32,697.0,,1,1404.188695,state_verified
accepted,3,protected,measured,1,33,766.0,,1,1404.188695,state_verified
accepted,3,protected,measured,1,34,756.0,,1,1404.188695,state_verified
accepted,3,protected,measured,1,35,670.0,,1,1404.188695,state_verified
accepted,3,protected,measured,1,36,663.0,,1,1404.188695,state_verified
accepted,3,protected,measured,1,37,619.0,,1,1404.188695,state_verified
accepted,3,protected,measured,1,38,665.0,,1,1404.188695,state_verified
accepted,3,protected,measured,1,39,697.0,,1,1404.188695,state_verified
accepted,3,protected,measured,1,40,616.0,,1,1404.188695,state_verified
accepted,3,protected,measured,1,41,652.0,,1,1404.188695,state_verified
accepted,3,protected,measured,1,42,636.0,,1,1404.188695,state_verified
accepted,3,protected,measured,1,43,648.0,,1,1404.188695,state_verified
accepted,3,protected,measured,1,44,644.0,,1,1404.188695,state_verified
accepted,3,protected,measured,1,45,627.0,,1,1404.188695,state_verified
accepted,3,protected,measured,1,46,642.0,,1,1404.188695,state_verified
accepted,3,protected,measured,1,47,670.0,,1,1404.188695,state_verified
accepted,3,protected,measured,1,48,675.0,,1,1404.188695,state_verified
accepted,3,protected,measured,1,49,626.0,,1,1404.188695,state_verified
accepted,3,protected,measured,1,50,631.0,,1,1404.188695,state_verified
accepted,3,protected,measured,1,51,696.0,,1,1404.188695,state_verified
accepted,3,protected,measured,1,52,722.0,,1,1404.188695,state_verified
accepted,3,protected,measured,1,53,761.0,,1,1404.188695,state_verified
accepted,3,protected,measured,1,54,739.0,,1,1404.188695,state_verified
accepted,3,protected,measured,1,55,715.0,,1,1404.188695,state_verified
accepted,3,protected,measured,1,56,704.0,,1,1404.188695,state_verified
accepted,3,protected,measured,1,57,673.0,,1,1404.188695,state_verified
accepted,3,protected,measured,1,58,759.0,,1,1404.188695,state_verified
accepted,3,protected,measured,1,59,750.0,,1,1404.188695,state_verified
accepted,3,protected,measured,1,60,663.0,,1,1404.188695,state_verified
accepted,3,protected,measured,1,61,677.0,,1,1404.188695,state_verified
accepted,3,protected,measured,1,62,651.0,,1,1404.188695,state_verified
accepted,3,protected,measured,1,63,611.0,,1,1404.188695,state_verified
accepted,3,protected,measured,1,64,636.0,,1,1404.188695,state_verified
accepted,3,protected,measured,1,65,668.0,,1,1404.188695,state_verified
accepted,3,protected,measured,1,66,629.0,,1,1404.188695,state_verified
accepted,3,protected,measured,1,67,616.0,,1,1404.188695,state_verified
accepted,3,protected,measured,1,68,629.0,,1,1404.188695,state_verified
accepted,3,protected,measured,1,69,660.0,,1,1404.188695,state_verified
accepted,3,protected,measured,1,70,621.0,,1,1404.188695,state_verified
accepted,3,protected,measured,1,71,651.0,,1,1404.188695,state_verified
accepted,3,protected,measured,1,72,650.0,,1,1404.188695,state_verified
accepted,3,protected,measured,1,73,603.0,,1,1404.188695,state_verified
accepted,3,protected,measured,1,74,619.0,,1,1404.188695,state_verified
accepted,3,protected,measured,1,75,601.0,,1,1404.188695,state_verified
accepted,3,protected,measured,1,76,659.0,,1,1404.188695,state_verified
accepted,3,protected,measured,1,77,628.0,,1,1404.188695,state_verified
accepted,3,protected,measured,1,78,640.0,,1,1404.188695,state_verified
accepted,3,protected,measured,1,79,643.0,,1,1404.188695,state_verified
accepted,3,protected,measured,1,80,608.0,,1,1404.188695,state_verified
accepted,3,protected,measured,1,81,615.0,,1,1404.188695,state_verified
accepted,3,protected,measured,1,82,621.0,,1,1404.188695,state_verified
accepted,3,protected,measured,1,83,602.0,,1,1404.188695,state_verified
accepted,3,protected,measured,1,84,681.0,,1,1404.188695,state_verified
accepted,3,protected,measured,1,85,677.0,,1,1404.188695,state_verified
accepted,3,protected,measured,1,86,959.0,,1,1404.188695,state_verified
accepted,3,protected,measured,1,87,862.0,,1,1404.188695,state_verified
accepted,3,protected,measured,1,88,864.0,,1,1404.188695,state_verified
accepted,3,protected,measured,1,89,906.0,,1,1404.188695,state_verified
accepted,3,protected,measured,1,90,631.0,,1,1404.188695,state_verified
accepted,3,protected,measured,1,91,636.0,,1,1404.188695,state_verified
accepted,3,protected,measured,1,92,629.0,,1,1404.188695,state_verified
accepted,3,protected,measured,1,93,654.0,,1,1404.188695,state_verified
accepted,3,protected,measured,1,94,685.0,,1,1404.188695,state_verified
accepted,3,protected,measured,1,95,765.0,,1,1404.188695,state_verified
accepted,3,protected,measured,1,96,721.0,,1,1404.188695,state_verified
accepted,3,protected,measured,1,97,705.0,,1,1404.188695,state_verified
accepted,3,protected,measured,1,98,657.0,,1,1404.188695,state_verified
accepted,3,protected,measured,1,99,734.0,,1,1404.188695,state_verified
accepted,3,protected,measured,1,100,828.0,,1,1404.188695,state_verified
accepted,3,protected,measured,1,101,726.0,,1,1404.188695,state_verified
accepted,3,protected,measured,1,102,674.0,,1,1404.188695,state_verified
accepted,3,protected,measured,1,103,629.0,,1,1404.188695,state_verified
accepted,3,protected,measured,1,104,620.0,,1,1404.188695,state_verified
accepted,3,protected,measured,1,105,789.0,,1,1404.188695,state_verified
accepted,3,protected,measured,1,106,656.0,,1,1404.188695,state_verified
accepted,3,protected,measured,1,107,707.0,,1,1404.188695,state_verified
accepted,3,protected,measured,1,108,606.0,,1,1404.188695,state_verified
accepted,3,protected,measured,1,109,583.0,,1,1404.188695,state_verified
accepted,3,protected,measured,1,110,607.0,,1,1404.188695,state_verified
accepted,3,protected,measured,1,111,637.0,,1,1404.188695,state_verified
accepted,3,protected,measured,1,112,628.0,,1,1404.188695,state_verified
accepted,3,protected,measured,1,113,603.0,,1,1404.188695,state_verified
accepted,3,protected,measured,1,114,597.0,,1,1404.188695,state_verified
accepted,3,protected,measured,1,115,614.0,,1,1404.188695,state_verified
accepted,3,protected,measured,1,116,670.0,,1,1404.188695,state_verified
accepted,3,protected,measured,1,117,631.0,,1,1404.188695,state_verified
accepted,3,protected,measured,1,118,620.0,,1,1404.188695,state_verified
accepted,3,protected,measured,1,119,651.0,,1,1404.188695,state_verified
accepted,3,protected,measured,1,120,594.0,,1,1404.188695,state_verified
accepted,3,protected,measured,1,121,617.0,,1,1404.188695,state_verified
accepted,3,protected,measured,1,122,586.0,,1,1404.188695,state_verified
accepted,3,protected,measured,1,123,647.0,,1,1404.188695,state_verified
accepted,3,protected,measured,1,124,632.0,,1,1404.188695,state_verified
accepted,3,protected,measured,1,125,613.0,,1,1404.188695,state_verified
accepted,3,protected,measured,1,126,623.0,,1,1404.188695,state_verified
accepted,3,protected,measured,1,127,670.0,,1,1404.188695,state_verified
accepted,3,protected,measured,1,128,689.0,,1,1404.188695,state_verified
accepted,3,protected,measured,1,129,756.0,,1,1404.188695,state_verified
accepted,3,protected,measured,1,130,629.0,,1,1404.188695,state_verified
accepted,3,protected,measured,1,131,636.0,,1,1404.188695,state_verified
accepted,3,protected,measured,1,132,640.0,,1,1404.188695,state_verified
accepted,3,protected,measured,1,133,655.0,,1,1404.188695,state_verified
accepted,3,protected,measured,1,134,641.0,,1,1404.188695,state_verified
accepted,3,protected,measured,1,135,671.0,,1,1404.188695,state_verified
accepted,3,protected,measured,1,136,704.0,,1,1404.188695,state_verified
accepted,3,protected,measured,1,137,617.0,,1,1404.188695,state_verified
accepted,3,protected,measured,1,138,620.0,,1,1404.188695,state_verified
accepted,3,protected,measured,1,139,673.0,,1,1404.188695,state_verified
accepted,3,protected,measured,1,140,640.0,,1,1404.188695,state_verified
accepted,3,protected,measured,1,141,632.0,,1,1404.188695,state_verified
accepted,3,protected,measured,1,142,669.0,,1,1404.188695,state_verified
accepted,3,protected,measured,1,143,626.0,,1,1404.188695,state_verified
accepted,3,protected,measured,1,144,665.0,,1,1404.188695,state_verified
accepted,3,protected,measured,1,145,669.0,,1,1404.188695,state_verified
accepted,3,protected,measured,1,146,643.0,,1,1404.188695,state_verified
accepted,3,protected,measured,1,147,679.0,,1,1404.188695,state_verified
accepted,3,protected,measured,1,148,684.0,,1,1404.188695,state_verified
accepted,3,protected,measured,1,149,782.0,,1,1404.188695,state_verified
accepted,3,protected,measured,1,150,1051.0,,1,1404.188695,state_verified
accepted,3,protected,measured,1,151,988.0,,1,1404.188695,state_verified
accepted,3,protected,measured,1,152,979.0,,1,1404.188695,state_verified
accepted,3,protected,measured,1,153,986.0,,1,1404.188695,state_verified
accepted,3,protected,measured,1,154,672.0,,1,1404.188695,state_verified
accepted,3,protected,measured,1,155,701.0,,1,1404.188695,state_verified
accepted,3,protected,measured,1,156,734.0,,1,1404.188695,state_verified
accepted,3,protected,measured,1,157,690.0,,1,1404.188695,state_verified
accepted,3,protected,measured,1,158,763.0,,1,1404.188695,state_verified
accepted,3,protected,measured,1,159,773.0,,1,1404.188695,state_verified
accepted,3,protected,measured,1,160,772.0,,1,1404.188695,state_verified
accepted,3,protected,measured,1,161,712.0,,1,1404.188695,state_verified
accepted,3,protected,measured,1,162,733.0,,1,1404.188695,state_verified
accepted,3,protected,measured,1,163,810.0,,1,1404.188695,state_verified
accepted,3,protected,measured,1,164,732.0,,1,1404.188695,state_verified
accepted,3,protected,measured,1,165,705.0,,1,1404.188695,state_verified
accepted,3,protected,measured,1,166,660.0,,1,1404.188695,state_verified
accepted,3,protected,measured,1,167,694.0,,1,1404.188695,state_verified
accepted,3,protected,measured,1,168,650.0,,1,1404.188695,state_verified
accepted,3,protected,measured,1,169,662.0,,1,1404.188695,state_verified
accepted,3,protected,measured,1,170,716.0,,1,1404.188695,state_verified
accepted,3,protected,measured,1,171,631.0,,1,1404.188695,state_verified
accepted,3,protected,measured,1,172,704.0,,1,1404.188695,state_verified
accepted,3,protected,measured,1,173,647.0,,1,1404.188695,state_verified
accepted,3,protected,measured,1,174,668.0,,1,1404.188695,state_verified
accepted,3,protected,measured,1,175,705.0,,1,1404.188695,state_verified
accepted,3,protected,measured,1,176,695.0,,1,1404.188695,state_verified
accepted,3,protected,measured,1,177,720.0,,1,1404.188695,state_verified
accepted,3,protected,measured,1,178,699.0,,1,1404.188695,state_verified
accepted,3,protected,measured,1,179,690.0,,1,1404.188695,state_verified
accepted,3,protected,measured,1,180,716.0,,1,1404.188695,state_verified
accepted,3,protected,measured,1,181,758.0,,1,1404.188695,state_verified
accepted,3,protected,measured,1,182,803.0,,1,1404.188695,state_verified
accepted,3,protected,measured,1,183,759.0,,1,1404.188695,state_verified
accepted,3,protected,measured,1,184,774.0,,1,1404.188695,state_verified
accepted,3,protected,measured,1,185,740.0,,1,1404.188695,state_verified
accepted,3,protected,measured,1,186,724.0,,1,1404.188695,state_verified
accepted,3,protected,measured,1,187,855.0,,1,1404.188695,state_verified
accepted,3,protected,measured,1,188,731.0,,1,1404.188695,state_verified
accepted,3,protected,measured,1,189,711.0,,1,1404.188695,state_verified
accepted,3,protected,measured,1,190,640.0,,1,1404.188695,state_verified
accepted,3,protected,measured,1,191,665.0,,1,1404.188695,state_verified
accepted,3,protected,measured,1,192,712.0,,1,1404.188695,state_verified
accepted,3,protected,measured,1,193,793.0,,1,1404.188695,state_verified
accepted,3,protected,measured,1,194,694.0,,1,1404.188695,state_verified
accepted,3,protected,measured,1,195,659.0,,1,1404.188695,state_verified
accepted,3,protected,measured,1,196,649.0,,1,1404.188695,state_verified
accepted,3,protected,measured,1,197,673.0,,1,1404.188695,state_verified
accepted,3,protected,measured,1,198,659.0,,1,1404.188695,state_verified
accepted,3,protected,measured,1,199,685.0,,1,1404.188695,state_verified
accepted,3,protected,measured,1,200,692.0,,1,1404.188695,state_verified
accepted,3,baseline,measured,5,1,2961.0,,5,1427.500803,state_verified
accepted,3,baseline,measured,5,2,767.0,,5,1427.500803,state_verified
accepted,3,baseline,measured,5,3,686.0,,5,1427.500803,state_verified
accepted,3,baseline,measured,5,4,750.0,,5,1427.500803,state_verified
accepted,3,baseline,measured,5,5,708.0,,5,1427.500803,state_verified
accepted,3,baseline,measured,5,6,695.0,,5,1427.500803,state_verified
accepted,3,baseline,measured,5,7,663.0,,5,1427.500803,state_verified
accepted,3,baseline,measured,5,8,658.0,,5,1427.500803,state_verified
accepted,3,baseline,measured,5,9,671.0,,5,1427.500803,state_verified
accepted,3,baseline,measured,5,10,645.0,,5,1427.500803,state_verified
accepted,3,baseline,measured,5,11,603.0,,5,1427.500803,state_verified
accepted,3,baseline,measured,5,12,626.0,,5,1427.500803,state_verified
accepted,3,baseline,measured,5,13,651.0,,5,1427.500803,state_verified
accepted,3,baseline,measured,5,14,633.0,,5,1427.500803,state_verified
accepted,3,baseline,measured,5,15,666.0,,5,1427.500803,state_verified
accepted,3,baseline,measured,5,16,649.0,,5,1427.500803,state_verified
accepted,3,baseline,measured,5,17,631.0,,5,1427.500803,state_verified
accepted,3,baseline,measured,5,18,625.0,,5,1427.500803,state_verified
accepted,3,baseline,measured,5,19,687.0,,5,1427.500803,state_verified
accepted,3,baseline,measured,5,20,648.0,,5,1427.500803,state_verified
accepted,3,baseline,measured,5,21,630.0,,5,1427.500803,state_verified
accepted,3,baseline,measured,5,22,634.0,,5,1427.500803,state_verified
accepted,3,baseline,measured,5,23,631.0,,5,1427.500803,state_verified
accepted,3,baseline,measured,5,24,654.0,,5,1427.500803,state_verified
accepted,3,baseline,measured,5,25,670.0,,5,1427.500803,state_verified
accepted,3,baseline,measured,5,26,705.0,,5,1427.500803,state_verified
accepted,3,baseline,measured,5,27,640.0,,5,1427.500803,state_verified
accepted,3,baseline,measured,5,28,690.0,,5,1427.500803,state_verified
accepted,3,baseline,measured,5,29,959.0,,5,1427.500803,state_verified
accepted,3,baseline,measured,5,30,762.0,,5,1427.500803,state_verified
accepted,3,baseline,measured,5,31,779.0,,5,1427.500803,state_verified
accepted,3,baseline,measured,5,32,684.0,,5,1427.500803,state_verified
accepted,3,baseline,measured,5,33,645.0,,5,1427.500803,state_verified
accepted,3,baseline,measured,5,34,604.0,,5,1427.500803,state_verified
accepted,3,baseline,measured,5,35,637.0,,5,1427.500803,state_verified
accepted,3,baseline,measured,5,36,664.0,,5,1427.500803,state_verified
accepted,3,baseline,measured,5,37,784.0,,5,1427.500803,state_verified
accepted,3,baseline,measured,5,38,701.0,,5,1427.500803,state_verified
accepted,3,baseline,measured,5,39,704.0,,5,1427.500803,state_verified
accepted,3,baseline,measured,5,40,630.0,,5,1427.500803,state_verified
accepted,3,baseline,measured,5,41,639.0,,5,1427.500803,state_verified
accepted,3,baseline,measured,5,42,621.0,,5,1427.500803,state_verified
accepted,3,baseline,measured,5,43,628.0,,5,1427.500803,state_verified
accepted,3,baseline,measured,5,44,667.0,,5,1427.500803,state_verified
accepted,3,baseline,measured,5,45,719.0,,5,1427.500803,state_verified
accepted,3,baseline,measured,5,46,635.0,,5,1427.500803,state_verified
accepted,3,baseline,measured,5,47,608.0,,5,1427.500803,state_verified
accepted,3,baseline,measured,5,48,586.0,,5,1427.500803,state_verified
accepted,3,baseline,measured,5,49,666.0,,5,1427.500803,state_verified
accepted,3,baseline,measured,5,50,700.0,,5,1427.500803,state_verified
accepted,3,baseline,measured,5,51,670.0,,5,1427.500803,state_verified
accepted,3,baseline,measured,5,52,697.0,,5,1427.500803,state_verified
accepted,3,baseline,measured,5,53,726.0,,5,1427.500803,state_verified
accepted,3,baseline,measured,5,54,918.0,,5,1427.500803,state_verified
accepted,3,baseline,measured,5,55,648.0,,5,1427.500803,state_verified
accepted,3,baseline,measured,5,56,811.0,,5,1427.500803,state_verified
accepted,3,baseline,measured,5,57,625.0,,5,1427.500803,state_verified
accepted,3,baseline,measured,5,58,661.0,,5,1427.500803,state_verified
accepted,3,baseline,measured,5,59,645.0,,5,1427.500803,state_verified
accepted,3,baseline,measured,5,60,627.0,,5,1427.500803,state_verified
accepted,3,baseline,measured,5,61,975.0,,5,1427.500803,state_verified
accepted,3,baseline,measured,5,62,1003.0,,5,1427.500803,state_verified
accepted,3,baseline,measured,5,63,961.0,,5,1427.500803,state_verified
accepted,3,baseline,measured,5,64,1027.0,,5,1427.500803,state_verified
accepted,3,baseline,measured,5,65,683.0,,5,1427.500803,state_verified
accepted,3,baseline,measured,5,66,654.0,,5,1427.500803,state_verified
accepted,3,baseline,measured,5,67,639.0,,5,1427.500803,state_verified
accepted,3,baseline,measured,5,68,635.0,,5,1427.500803,state_verified
accepted,3,baseline,measured,5,69,632.0,,5,1427.500803,state_verified
accepted,3,baseline,measured,5,70,632.0,,5,1427.500803,state_verified
accepted,3,baseline,measured,5,71,653.0,,5,1427.500803,state_verified
accepted,3,baseline,measured,5,72,617.0,,5,1427.500803,state_verified
accepted,3,baseline,measured,5,73,624.0,,5,1427.500803,state_verified
accepted,3,baseline,measured,5,74,685.0,,5,1427.500803,state_verified
accepted,3,baseline,measured,5,75,734.0,,5,1427.500803,state_verified
accepted,3,baseline,measured,5,76,759.0,,5,1427.500803,state_verified
accepted,3,baseline,measured,5,77,710.0,,5,1427.500803,state_verified
accepted,3,baseline,measured,5,78,628.0,,5,1427.500803,state_verified
accepted,3,baseline,measured,5,79,628.0,,5,1427.500803,state_verified
accepted,3,baseline,measured,5,80,688.0,,5,1427.500803,state_verified
accepted,3,baseline,measured,5,81,634.0,,5,1427.500803,state_verified
accepted,3,baseline,measured,5,82,621.0,,5,1427.500803,state_verified
accepted,3,baseline,measured,5,83,629.0,,5,1427.500803,state_verified
accepted,3,baseline,measured,5,84,643.0,,5,1427.500803,state_verified
accepted,3,baseline,measured,5,85,684.0,,5,1427.500803,state_verified
accepted,3,baseline,measured,5,86,630.0,,5,1427.500803,state_verified
accepted,3,baseline,measured,5,87,623.0,,5,1427.500803,state_verified
accepted,3,baseline,measured,5,88,696.0,,5,1427.500803,state_verified
accepted,3,baseline,measured,5,89,646.0,,5,1427.500803,state_verified
accepted,3,baseline,measured,5,90,613.0,,5,1427.500803,state_verified
accepted,3,baseline,measured,5,91,673.0,,5,1427.500803,state_verified
accepted,3,baseline,measured,5,92,596.0,,5,1427.500803,state_verified
accepted,3,baseline,measured,5,93,703.0,,5,1427.500803,state_verified
accepted,3,baseline,measured,5,94,745.0,,5,1427.500803,state_verified
accepted,3,baseline,measured,5,95,608.0,,5,1427.500803,state_verified
accepted,3,baseline,measured,5,96,697.0,,5,1427.500803,state_verified
accepted,3,baseline,measured,5,97,721.0,,5,1427.500803,state_verified
accepted,3,baseline,measured,5,98,653.0,,5,1427.500803,state_verified
accepted,3,baseline,measured,5,99,640.0,,5,1427.500803,state_verified
accepted,3,baseline,measured,5,100,692.0,,5,1427.500803,state_verified
accepted,3,baseline,measured,5,101,738.0,,5,1427.500803,state_verified
accepted,3,baseline,measured,5,102,691.0,,5,1427.500803,state_verified
accepted,3,baseline,measured,5,103,638.0,,5,1427.500803,state_verified
accepted,3,baseline,measured,5,104,672.0,,5,1427.500803,state_verified
accepted,3,baseline,measured,5,105,641.0,,5,1427.500803,state_verified
accepted,3,baseline,measured,5,106,625.0,,5,1427.500803,state_verified
accepted,3,baseline,measured,5,107,651.0,,5,1427.500803,state_verified
accepted,3,baseline,measured,5,108,661.0,,5,1427.500803,state_verified
accepted,3,baseline,measured,5,109,624.0,,5,1427.500803,state_verified
accepted,3,baseline,measured,5,110,630.0,,5,1427.500803,state_verified
accepted,3,baseline,measured,5,111,646.0,,5,1427.500803,state_verified
accepted,3,baseline,measured,5,112,640.0,,5,1427.500803,state_verified
accepted,3,baseline,measured,5,113,632.0,,5,1427.500803,state_verified
accepted,3,baseline,measured,5,114,661.0,,5,1427.500803,state_verified
accepted,3,baseline,measured,5,115,690.0,,5,1427.500803,state_verified
accepted,3,baseline,measured,5,116,646.0,,5,1427.500803,state_verified
accepted,3,baseline,measured,5,117,670.0,,5,1427.500803,state_verified
accepted,3,baseline,measured,5,118,668.0,,5,1427.500803,state_verified
accepted,3,baseline,measured,5,119,606.0,,5,1427.500803,state_verified
accepted,3,baseline,measured,5,120,628.0,,5,1427.500803,state_verified
accepted,3,baseline,measured,5,121,653.0,,5,1427.500803,state_verified
accepted,3,baseline,measured,5,122,663.0,,5,1427.500803,state_verified
accepted,3,baseline,measured,5,123,610.0,,5,1427.500803,state_verified
accepted,3,baseline,measured,5,124,645.0,,5,1427.500803,state_verified
accepted,3,baseline,measured,5,125,929.0,,5,1427.500803,state_verified
accepted,3,baseline,measured,5,126,948.0,,5,1427.500803,state_verified
accepted,3,baseline,measured,5,127,974.0,,5,1427.500803,state_verified
accepted,3,baseline,measured,5,128,975.0,,5,1427.500803,state_verified
accepted,3,baseline,measured,5,129,672.0,,5,1427.500803,state_verified
accepted,3,baseline,measured,5,130,639.0,,5,1427.500803,state_verified
accepted,3,baseline,measured,5,131,654.0,,5,1427.500803,state_verified
accepted,3,baseline,measured,5,132,639.0,,5,1427.500803,state_verified
accepted,3,baseline,measured,5,133,632.0,,5,1427.500803,state_verified
accepted,3,baseline,measured,5,134,657.0,,5,1427.500803,state_verified
accepted,3,baseline,measured,5,135,610.0,,5,1427.500803,state_verified
accepted,3,baseline,measured,5,136,704.0,,5,1427.500803,state_verified
accepted,3,baseline,measured,5,137,716.0,,5,1427.500803,state_verified
accepted,3,baseline,measured,5,138,613.0,,5,1427.500803,state_verified
accepted,3,baseline,measured,5,139,677.0,,5,1427.500803,state_verified
accepted,3,baseline,measured,5,140,628.0,,5,1427.500803,state_verified
accepted,3,baseline,measured,5,141,630.0,,5,1427.500803,state_verified
accepted,3,baseline,measured,5,142,670.0,,5,1427.500803,state_verified
accepted,3,baseline,measured,5,143,643.0,,5,1427.500803,state_verified
accepted,3,baseline,measured,5,144,662.0,,5,1427.500803,state_verified
accepted,3,baseline,measured,5,145,613.0,,5,1427.500803,state_verified
accepted,3,baseline,measured,5,146,630.0,,5,1427.500803,state_verified
accepted,3,baseline,measured,5,147,648.0,,5,1427.500803,state_verified
accepted,3,baseline,measured,5,148,643.0,,5,1427.500803,state_verified
accepted,3,baseline,measured,5,149,645.0,,5,1427.500803,state_verified
accepted,3,baseline,measured,5,150,655.0,,5,1427.500803,state_verified
accepted,3,baseline,measured,5,151,661.0,,5,1427.500803,state_verified
accepted,3,baseline,measured,5,152,625.0,,5,1427.500803,state_verified
accepted,3,baseline,measured,5,153,664.0,,5,1427.500803,state_verified
accepted,3,baseline,measured,5,154,651.0,,5,1427.500803,state_verified
accepted,3,baseline,measured,5,155,631.0,,5,1427.500803,state_verified
accepted,3,baseline,measured,5,156,647.0,,5,1427.500803,state_verified
accepted,3,baseline,measured,5,157,681.0,,5,1427.500803,state_verified
accepted,3,baseline,measured,5,158,783.0,,5,1427.500803,state_verified
accepted,3,baseline,measured,5,159,662.0,,5,1427.500803,state_verified
accepted,3,baseline,measured,5,160,695.0,,5,1427.500803,state_verified
accepted,3,baseline,measured,5,161,681.0,,5,1427.500803,state_verified
accepted,3,baseline,measured,5,162,636.0,,5,1427.500803,state_verified
accepted,3,baseline,measured,5,163,665.0,,5,1427.500803,state_verified
accepted,3,baseline,measured,5,164,604.0,,5,1427.500803,state_verified
accepted,3,baseline,measured,5,165,641.0,,5,1427.500803,state_verified
accepted,3,baseline,measured,5,166,666.0,,5,1427.500803,state_verified
accepted,3,baseline,measured,5,167,635.0,,5,1427.500803,state_verified
accepted,3,baseline,measured,5,168,611.0,,5,1427.500803,state_verified
accepted,3,baseline,measured,5,169,641.0,,5,1427.500803,state_verified
accepted,3,baseline,measured,5,170,639.0,,5,1427.500803,state_verified
accepted,3,baseline,measured,5,171,653.0,,5,1427.500803,state_verified
accepted,3,baseline,measured,5,172,627.0,,5,1427.500803,state_verified
accepted,3,baseline,measured,5,173,661.0,,5,1427.500803,state_verified
accepted,3,baseline,measured,5,174,663.0,,5,1427.500803,state_verified
accepted,3,baseline,measured,5,175,641.0,,5,1427.500803,state_verified
accepted,3,baseline,measured,5,176,687.0,,5,1427.500803,state_verified
accepted,3,baseline,measured,5,177,655.0,,5,1427.500803,state_verified
accepted,3,baseline,measured,5,178,639.0,,5,1427.500803,state_verified
accepted,3,baseline,measured,5,179,625.0,,5,1427.500803,state_verified
accepted,3,baseline,measured,5,180,662.0,,5,1427.500803,state_verified
accepted,3,baseline,measured,5,181,644.0,,5,1427.500803,state_verified
accepted,3,baseline,measured,5,182,611.0,,5,1427.500803,state_verified
accepted,3,baseline,measured,5,183,643.0,,5,1427.500803,state_verified
accepted,3,baseline,measured,5,184,657.0,,5,1427.500803,state_verified
accepted,3,baseline,measured,5,185,766.0,,5,1427.500803,state_verified
accepted,3,baseline,measured,5,186,874.0,,5,1427.500803,state_verified
accepted,3,baseline,measured,5,187,633.0,,5,1427.500803,state_verified
accepted,3,baseline,measured,5,188,638.0,,5,1427.500803,state_verified
accepted,3,baseline,measured,5,189,978.0,,5,1427.500803,state_verified
accepted,3,baseline,measured,5,190,938.0,,5,1427.500803,state_verified
accepted,3,baseline,measured,5,191,967.0,,5,1427.500803,state_verified
accepted,3,baseline,measured,5,192,983.0,,5,1427.500803,state_verified
accepted,3,baseline,measured,5,193,609.0,,5,1427.500803,state_verified
accepted,3,baseline,measured,5,194,609.0,,5,1427.500803,state_verified
accepted,3,baseline,measured,5,195,634.0,,5,1427.500803,state_verified
accepted,3,baseline,measured,5,196,663.0,,5,1427.500803,state_verified
accepted,3,baseline,measured,5,197,638.0,,5,1427.500803,state_verified
accepted,3,baseline,measured,5,198,663.0,,5,1427.500803,state_verified
accepted,3,baseline,measured,5,199,672.0,,5,1427.500803,state_verified
accepted,3,baseline,measured,5,200,675.0,,5,1427.500803,state_verified
accepted,3,protected,measured,5,1,3282.0,,5,1250.875613,state_verified
accepted,3,protected,measured,5,2,848.0,,5,1250.875613,state_verified
accepted,3,protected,measured,5,3,924.0,,5,1250.875613,state_verified
accepted,3,protected,measured,5,4,957.0,,5,1250.875613,state_verified
accepted,3,protected,measured,5,5,917.0,,5,1250.875613,state_verified
accepted,3,protected,measured,5,6,906.0,,5,1250.875613,state_verified
accepted,3,protected,measured,5,7,845.0,,5,1250.875613,state_verified
accepted,3,protected,measured,5,8,810.0,,5,1250.875613,state_verified
accepted,3,protected,measured,5,9,822.0,,5,1250.875613,state_verified
accepted,3,protected,measured,5,10,740.0,,5,1250.875613,state_verified
accepted,3,protected,measured,5,11,690.0,,5,1250.875613,state_verified
accepted,3,protected,measured,5,12,648.0,,5,1250.875613,state_verified
accepted,3,protected,measured,5,13,630.0,,5,1250.875613,state_verified
accepted,3,protected,measured,5,14,652.0,,5,1250.875613,state_verified
accepted,3,protected,measured,5,15,669.0,,5,1250.875613,state_verified
accepted,3,protected,measured,5,16,685.0,,5,1250.875613,state_verified
accepted,3,protected,measured,5,17,709.0,,5,1250.875613,state_verified
accepted,3,protected,measured,5,18,652.0,,5,1250.875613,state_verified
accepted,3,protected,measured,5,19,654.0,,5,1250.875613,state_verified
accepted,3,protected,measured,5,20,667.0,,5,1250.875613,state_verified
accepted,3,protected,measured,5,21,644.0,,5,1250.875613,state_verified
accepted,3,protected,measured,5,22,888.0,,5,1250.875613,state_verified
accepted,3,protected,measured,5,23,793.0,,5,1250.875613,state_verified
accepted,3,protected,measured,5,24,890.0,,5,1250.875613,state_verified
accepted,3,protected,measured,5,25,930.0,,5,1250.875613,state_verified
accepted,3,protected,measured,5,26,878.0,,5,1250.875613,state_verified
accepted,3,protected,measured,5,27,887.0,,5,1250.875613,state_verified
accepted,3,protected,measured,5,28,881.0,,5,1250.875613,state_verified
accepted,3,protected,measured,5,29,861.0,,5,1250.875613,state_verified
accepted,3,protected,measured,5,30,811.0,,5,1250.875613,state_verified
accepted,3,protected,measured,5,31,727.0,,5,1250.875613,state_verified
accepted,3,protected,measured,5,32,729.0,,5,1250.875613,state_verified
accepted,3,protected,measured,5,33,704.0,,5,1250.875613,state_verified
accepted,3,protected,measured,5,34,700.0,,5,1250.875613,state_verified
accepted,3,protected,measured,5,35,762.0,,5,1250.875613,state_verified
accepted,3,protected,measured,5,36,838.0,,5,1250.875613,state_verified
accepted,3,protected,measured,5,37,736.0,,5,1250.875613,state_verified
accepted,3,protected,measured,5,38,719.0,,5,1250.875613,state_verified
accepted,3,protected,measured,5,39,713.0,,5,1250.875613,state_verified
accepted,3,protected,measured,5,40,727.0,,5,1250.875613,state_verified
accepted,3,protected,measured,5,41,1009.0,,5,1250.875613,state_verified
accepted,3,protected,measured,5,42,1045.0,,5,1250.875613,state_verified
accepted,3,protected,measured,5,43,1051.0,,5,1250.875613,state_verified
accepted,3,protected,measured,5,44,1108.0,,5,1250.875613,state_verified
accepted,3,protected,measured,5,45,840.0,,5,1250.875613,state_verified
accepted,3,protected,measured,5,46,733.0,,5,1250.875613,state_verified
accepted,3,protected,measured,5,47,743.0,,5,1250.875613,state_verified
accepted,3,protected,measured,5,48,712.0,,5,1250.875613,state_verified
accepted,3,protected,measured,5,49,710.0,,5,1250.875613,state_verified
accepted,3,protected,measured,5,50,750.0,,5,1250.875613,state_verified
accepted,3,protected,measured,5,51,738.0,,5,1250.875613,state_verified
accepted,3,protected,measured,5,52,749.0,,5,1250.875613,state_verified
accepted,3,protected,measured,5,53,767.0,,5,1250.875613,state_verified
accepted,3,protected,measured,5,54,748.0,,5,1250.875613,state_verified
accepted,3,protected,measured,5,55,740.0,,5,1250.875613,state_verified
accepted,3,protected,measured,5,56,717.0,,5,1250.875613,state_verified
accepted,3,protected,measured,5,57,741.0,,5,1250.875613,state_verified
accepted,3,protected,measured,5,58,706.0,,5,1250.875613,state_verified
accepted,3,protected,measured,5,59,710.0,,5,1250.875613,state_verified
accepted,3,protected,measured,5,60,740.0,,5,1250.875613,state_verified
accepted,3,protected,measured,5,61,701.0,,5,1250.875613,state_verified
accepted,3,protected,measured,5,62,730.0,,5,1250.875613,state_verified
accepted,3,protected,measured,5,63,705.0,,5,1250.875613,state_verified
accepted,3,protected,measured,5,64,880.0,,5,1250.875613,state_verified
accepted,3,protected,measured,5,65,764.0,,5,1250.875613,state_verified
accepted,3,protected,measured,5,66,676.0,,5,1250.875613,state_verified
accepted,3,protected,measured,5,67,812.0,,5,1250.875613,state_verified
accepted,3,protected,measured,5,68,714.0,,5,1250.875613,state_verified
accepted,3,protected,measured,5,69,732.0,,5,1250.875613,state_verified
accepted,3,protected,measured,5,70,710.0,,5,1250.875613,state_verified
accepted,3,protected,measured,5,71,724.0,,5,1250.875613,state_verified
accepted,3,protected,measured,5,72,752.0,,5,1250.875613,state_verified
accepted,3,protected,measured,5,73,763.0,,5,1250.875613,state_verified
accepted,3,protected,measured,5,74,706.0,,5,1250.875613,state_verified
accepted,3,protected,measured,5,75,733.0,,5,1250.875613,state_verified
accepted,3,protected,measured,5,76,757.0,,5,1250.875613,state_verified
accepted,3,protected,measured,5,77,812.0,,5,1250.875613,state_verified
accepted,3,protected,measured,5,78,843.0,,5,1250.875613,state_verified
accepted,3,protected,measured,5,79,788.0,,5,1250.875613,state_verified
accepted,3,protected,measured,5,80,729.0,,5,1250.875613,state_verified
accepted,3,protected,measured,5,81,732.0,,5,1250.875613,state_verified
accepted,3,protected,measured,5,82,718.0,,5,1250.875613,state_verified
accepted,3,protected,measured,5,83,693.0,,5,1250.875613,state_verified
accepted,3,protected,measured,5,84,662.0,,5,1250.875613,state_verified
accepted,3,protected,measured,5,85,763.0,,5,1250.875613,state_verified
accepted,3,protected,measured,5,86,755.0,,5,1250.875613,state_verified
accepted,3,protected,measured,5,87,890.0,,5,1250.875613,state_verified
accepted,3,protected,measured,5,88,672.0,,5,1250.875613,state_verified
accepted,3,protected,measured,5,89,738.0,,5,1250.875613,state_verified
accepted,3,protected,measured,5,90,706.0,,5,1250.875613,state_verified
accepted,3,protected,measured,5,91,706.0,,5,1250.875613,state_verified
accepted,3,protected,measured,5,92,714.0,,5,1250.875613,state_verified
accepted,3,protected,measured,5,93,722.0,,5,1250.875613,state_verified
accepted,3,protected,measured,5,94,694.0,,5,1250.875613,state_verified
accepted,3,protected,measured,5,95,710.0,,5,1250.875613,state_verified
accepted,3,protected,measured,5,96,710.0,,5,1250.875613,state_verified
accepted,3,protected,measured,5,97,721.0,,5,1250.875613,state_verified
accepted,3,protected,measured,5,98,756.0,,5,1250.875613,state_verified
accepted,3,protected,measured,5,99,724.0,,5,1250.875613,state_verified
accepted,3,protected,measured,5,100,756.0,,5,1250.875613,state_verified
accepted,3,protected,measured,5,101,736.0,,5,1250.875613,state_verified
accepted,3,protected,measured,5,102,719.0,,5,1250.875613,state_verified
accepted,3,protected,measured,5,103,705.0,,5,1250.875613,state_verified
accepted,3,protected,measured,5,104,710.0,,5,1250.875613,state_verified
accepted,3,protected,measured,5,105,1043.0,,5,1250.875613,state_verified
accepted,3,protected,measured,5,106,1101.0,,5,1250.875613,state_verified
accepted,3,protected,measured,5,107,1132.0,,5,1250.875613,state_verified
accepted,3,protected,measured,5,108,1078.0,,5,1250.875613,state_verified
accepted,3,protected,measured,5,109,745.0,,5,1250.875613,state_verified
accepted,3,protected,measured,5,110,753.0,,5,1250.875613,state_verified
accepted,3,protected,measured,5,111,717.0,,5,1250.875613,state_verified
accepted,3,protected,measured,5,112,747.0,,5,1250.875613,state_verified
accepted,3,protected,measured,5,113,745.0,,5,1250.875613,state_verified
accepted,3,protected,measured,5,114,787.0,,5,1250.875613,state_verified
accepted,3,protected,measured,5,115,691.0,,5,1250.875613,state_verified
accepted,3,protected,measured,5,116,697.0,,5,1250.875613,state_verified
accepted,3,protected,measured,5,117,707.0,,5,1250.875613,state_verified
accepted,3,protected,measured,5,118,749.0,,5,1250.875613,state_verified
accepted,3,protected,measured,5,119,714.0,,5,1250.875613,state_verified
accepted,3,protected,measured,5,120,698.0,,5,1250.875613,state_verified
accepted,3,protected,measured,5,121,746.0,,5,1250.875613,state_verified
accepted,3,protected,measured,5,122,789.0,,5,1250.875613,state_verified
accepted,3,protected,measured,5,123,690.0,,5,1250.875613,state_verified
accepted,3,protected,measured,5,124,863.0,,5,1250.875613,state_verified
accepted,3,protected,measured,5,125,792.0,,5,1250.875613,state_verified
accepted,3,protected,measured,5,126,782.0,,5,1250.875613,state_verified
accepted,3,protected,measured,5,127,703.0,,5,1250.875613,state_verified
accepted,3,protected,measured,5,128,760.0,,5,1250.875613,state_verified
accepted,3,protected,measured,5,129,764.0,,5,1250.875613,state_verified
accepted,3,protected,measured,5,130,741.0,,5,1250.875613,state_verified
accepted,3,protected,measured,5,131,711.0,,5,1250.875613,state_verified
accepted,3,protected,measured,5,132,730.0,,5,1250.875613,state_verified
accepted,3,protected,measured,5,133,739.0,,5,1250.875613,state_verified
accepted,3,protected,measured,5,134,687.0,,5,1250.875613,state_verified
accepted,3,protected,measured,5,135,693.0,,5,1250.875613,state_verified
accepted,3,protected,measured,5,136,722.0,,5,1250.875613,state_verified
accepted,3,protected,measured,5,137,731.0,,5,1250.875613,state_verified
accepted,3,protected,measured,5,138,719.0,,5,1250.875613,state_verified
accepted,3,protected,measured,5,139,717.0,,5,1250.875613,state_verified
accepted,3,protected,measured,5,140,722.0,,5,1250.875613,state_verified
accepted,3,protected,measured,5,141,704.0,,5,1250.875613,state_verified
accepted,3,protected,measured,5,142,676.0,,5,1250.875613,state_verified
accepted,3,protected,measured,5,143,724.0,,5,1250.875613,state_verified
accepted,3,protected,measured,5,144,715.0,,5,1250.875613,state_verified
accepted,3,protected,measured,5,145,676.0,,5,1250.875613,state_verified
accepted,3,protected,measured,5,146,704.0,,5,1250.875613,state_verified
accepted,3,protected,measured,5,147,726.0,,5,1250.875613,state_verified
accepted,3,protected,measured,5,148,730.0,,5,1250.875613,state_verified
accepted,3,protected,measured,5,149,721.0,,5,1250.875613,state_verified
accepted,3,protected,measured,5,150,728.0,,5,1250.875613,state_verified
accepted,3,protected,measured,5,151,736.0,,5,1250.875613,state_verified
accepted,3,protected,measured,5,152,695.0,,5,1250.875613,state_verified
accepted,3,protected,measured,5,153,721.0,,5,1250.875613,state_verified
accepted,3,protected,measured,5,154,698.0,,5,1250.875613,state_verified
accepted,3,protected,measured,5,155,701.0,,5,1250.875613,state_verified
accepted,3,protected,measured,5,156,729.0,,5,1250.875613,state_verified
accepted,3,protected,measured,5,157,676.0,,5,1250.875613,state_verified
accepted,3,protected,measured,5,158,717.0,,5,1250.875613,state_verified
accepted,3,protected,measured,5,159,700.0,,5,1250.875613,state_verified
accepted,3,protected,measured,5,160,722.0,,5,1250.875613,state_verified
accepted,3,protected,measured,5,161,715.0,,5,1250.875613,state_verified
accepted,3,protected,measured,5,162,719.0,,5,1250.875613,state_verified
accepted,3,protected,measured,5,163,711.0,,5,1250.875613,state_verified
accepted,3,protected,measured,5,164,719.0,,5,1250.875613,state_verified
accepted,3,protected,measured,5,165,730.0,,5,1250.875613,state_verified
accepted,3,protected,measured,5,166,727.0,,5,1250.875613,state_verified
accepted,3,protected,measured,5,167,704.0,,5,1250.875613,state_verified
accepted,3,protected,measured,5,168,727.0,,5,1250.875613,state_verified
accepted,3,protected,measured,5,169,1037.0,,5,1250.875613,state_verified
accepted,3,protected,measured,5,170,1051.0,,5,1250.875613,state_verified
accepted,3,protected,measured,5,171,1032.0,,5,1250.875613,state_verified
accepted,3,protected,measured,5,172,1064.0,,5,1250.875613,state_verified
accepted,3,protected,measured,5,173,755.0,,5,1250.875613,state_verified
accepted,3,protected,measured,5,174,780.0,,5,1250.875613,state_verified
accepted,3,protected,measured,5,175,743.0,,5,1250.875613,state_verified
accepted,3,protected,measured,5,176,769.0,,5,1250.875613,state_verified
accepted,3,protected,measured,5,177,686.0,,5,1250.875613,state_verified
accepted,3,protected,measured,5,178,739.0,,5,1250.875613,state_verified
accepted,3,protected,measured,5,179,680.0,,5,1250.875613,state_verified
accepted,3,protected,measured,5,180,707.0,,5,1250.875613,state_verified
accepted,3,protected,measured,5,181,705.0,,5,1250.875613,state_verified
accepted,3,protected,measured,5,182,714.0,,5,1250.875613,state_verified
accepted,3,protected,measured,5,183,815.0,,5,1250.875613,state_verified
accepted,3,protected,measured,5,184,760.0,,5,1250.875613,state_verified
accepted,3,protected,measured,5,185,1012.0,,5,1250.875613,state_verified
accepted,3,protected,measured,5,186,930.0,,5,1250.875613,state_verified
accepted,3,protected,measured,5,187,962.0,,5,1250.875613,state_verified
accepted,3,protected,measured,5,188,893.0,,5,1250.875613,state_verified
accepted,3,protected,measured,5,189,907.0,,5,1250.875613,state_verified
accepted,3,protected,measured,5,190,915.0,,5,1250.875613,state_verified
accepted,3,protected,measured,5,191,908.0,,5,1250.875613,state_verified
accepted,3,protected,measured,5,192,906.0,,5,1250.875613,state_verified
accepted,3,protected,measured,5,193,968.0,,5,1250.875613,state_verified
accepted,3,protected,measured,5,194,1052.0,,5,1250.875613,state_verified
accepted,3,protected,measured,5,195,984.0,,5,1250.875613,state_verified
accepted,3,protected,measured,5,196,934.0,,5,1250.875613,state_verified
accepted,3,protected,measured,5,197,891.0,,5,1250.875613,state_verified
accepted,3,protected,measured,5,198,887.0,,5,1250.875613,state_verified
accepted,3,protected,measured,5,199,898.0,,5,1250.875613,state_verified
accepted,3,protected,measured,5,200,1001.0,,5,1250.875613,state_verified
accepted,3,baseline,measured,100,1,3536.0,,100,1021.946297,state_verified
accepted,3,baseline,measured,100,2,1219.0,,100,1021.946297,state_verified
accepted,3,baseline,measured,100,3,929.0,,100,1021.946297,state_verified
accepted,3,baseline,measured,100,4,915.0,,100,1021.946297,state_verified
accepted,3,baseline,measured,100,5,1004.0,,100,1021.946297,state_verified
accepted,3,baseline,measured,100,6,1057.0,,100,1021.946297,state_verified
accepted,3,baseline,measured,100,7,995.0,,100,1021.946297,state_verified
accepted,3,baseline,measured,100,8,1267.0,,100,1021.946297,state_verified
accepted,3,baseline,measured,100,9,1231.0,,100,1021.946297,state_verified
accepted,3,baseline,measured,100,10,1438.0,,100,1021.946297,state_verified
accepted,3,baseline,measured,100,11,1223.0,,100,1021.946297,state_verified
accepted,3,baseline,measured,100,12,932.0,,100,1021.946297,state_verified
accepted,3,baseline,measured,100,13,969.0,,100,1021.946297,state_verified
accepted,3,baseline,measured,100,14,1026.0,,100,1021.946297,state_verified
accepted,3,baseline,measured,100,15,971.0,,100,1021.946297,state_verified
accepted,3,baseline,measured,100,16,886.0,,100,1021.946297,state_verified
accepted,3,baseline,measured,100,17,1164.0,,100,1021.946297,state_verified
accepted,3,baseline,measured,100,18,970.0,,100,1021.946297,state_verified
accepted,3,baseline,measured,100,19,924.0,,100,1021.946297,state_verified
accepted,3,baseline,measured,100,20,821.0,,100,1021.946297,state_verified
accepted,3,baseline,measured,100,21,869.0,,100,1021.946297,state_verified
accepted,3,baseline,measured,100,22,889.0,,100,1021.946297,state_verified
accepted,3,baseline,measured,100,23,967.0,,100,1021.946297,state_verified
accepted,3,baseline,measured,100,24,807.0,,100,1021.946297,state_verified
accepted,3,baseline,measured,100,25,831.0,,100,1021.946297,state_verified
accepted,3,baseline,measured,100,26,950.0,,100,1021.946297,state_verified
accepted,3,baseline,measured,100,27,948.0,,100,1021.946297,state_verified
accepted,3,baseline,measured,100,28,1234.0,,100,1021.946297,state_verified
accepted,3,baseline,measured,100,29,1114.0,,100,1021.946297,state_verified
accepted,3,baseline,measured,100,30,875.0,,100,1021.946297,state_verified
accepted,3,baseline,measured,100,31,930.0,,100,1021.946297,state_verified
accepted,3,baseline,measured,100,32,858.0,,100,1021.946297,state_verified
accepted,3,baseline,measured,100,33,820.0,,100,1021.946297,state_verified
accepted,3,baseline,measured,100,34,977.0,,100,1021.946297,state_verified
accepted,3,baseline,measured,100,35,889.0,,100,1021.946297,state_verified
accepted,3,baseline,measured,100,36,916.0,,100,1021.946297,state_verified
accepted,3,baseline,measured,100,37,880.0,,100,1021.946297,state_verified
accepted,3,baseline,measured,100,38,849.0,,100,1021.946297,state_verified
accepted,3,baseline,measured,100,39,930.0,,100,1021.946297,state_verified
accepted,3,baseline,measured,100,40,806.0,,100,1021.946297,state_verified
accepted,3,baseline,measured,100,41,1253.0,,100,1021.946297,state_verified
accepted,3,baseline,measured,100,42,920.0,,100,1021.946297,state_verified
accepted,3,baseline,measured,100,43,973.0,,100,1021.946297,state_verified
accepted,3,baseline,measured,100,44,990.0,,100,1021.946297,state_verified
accepted,3,baseline,measured,100,45,1053.0,,100,1021.946297,state_verified
accepted,3,baseline,measured,100,46,928.0,,100,1021.946297,state_verified
accepted,3,baseline,measured,100,47,1028.0,,100,1021.946297,state_verified
accepted,3,baseline,measured,100,48,953.0,,100,1021.946297,state_verified
accepted,3,baseline,measured,100,49,959.0,,100,1021.946297,state_verified
accepted,3,baseline,measured,100,50,790.0,,100,1021.946297,state_verified
accepted,3,baseline,measured,100,51,1375.0,,100,1021.946297,state_verified
accepted,3,baseline,measured,100,52,1008.0,,100,1021.946297,state_verified
accepted,3,baseline,measured,100,53,1306.0,,100,1021.946297,state_verified
accepted,3,baseline,measured,100,54,1037.0,,100,1021.946297,state_verified
accepted,3,baseline,measured,100,55,952.0,,100,1021.946297,state_verified
accepted,3,baseline,measured,100,56,867.0,,100,1021.946297,state_verified
accepted,3,baseline,measured,100,57,1183.0,,100,1021.946297,state_verified
accepted,3,baseline,measured,100,58,1250.0,,100,1021.946297,state_verified
accepted,3,baseline,measured,100,59,864.0,,100,1021.946297,state_verified
accepted,3,baseline,measured,100,60,809.0,,100,1021.946297,state_verified
accepted,3,baseline,measured,100,61,1111.0,,100,1021.946297,state_verified
accepted,3,baseline,measured,100,62,880.0,,100,1021.946297,state_verified
accepted,3,baseline,measured,100,63,958.0,,100,1021.946297,state_verified
accepted,3,baseline,measured,100,64,1306.0,,100,1021.946297,state_verified
accepted,3,baseline,measured,100,65,982.0,,100,1021.946297,state_verified
accepted,3,baseline,measured,100,66,930.0,,100,1021.946297,state_verified
accepted,3,baseline,measured,100,67,834.0,,100,1021.946297,state_verified
accepted,3,baseline,measured,100,68,1015.0,,100,1021.946297,state_verified
accepted,3,baseline,measured,100,69,939.0,,100,1021.946297,state_verified
accepted,3,baseline,measured,100,70,869.0,,100,1021.946297,state_verified
accepted,3,baseline,measured,100,71,930.0,,100,1021.946297,state_verified
accepted,3,baseline,measured,100,72,1364.0,,100,1021.946297,state_verified
accepted,3,baseline,measured,100,73,1190.0,,100,1021.946297,state_verified
accepted,3,baseline,measured,100,74,1231.0,,100,1021.946297,state_verified
accepted,3,baseline,measured,100,75,1274.0,,100,1021.946297,state_verified
accepted,3,baseline,measured,100,76,803.0,,100,1021.946297,state_verified
accepted,3,baseline,measured,100,77,833.0,,100,1021.946297,state_verified
accepted,3,baseline,measured,100,78,1456.0,,100,1021.946297,state_verified
accepted,3,baseline,measured,100,79,950.0,,100,1021.946297,state_verified
accepted,3,baseline,measured,100,80,946.0,,100,1021.946297,state_verified
accepted,3,baseline,measured,100,81,910.0,,100,1021.946297,state_verified
accepted,3,baseline,measured,100,82,818.0,,100,1021.946297,state_verified
accepted,3,baseline,measured,100,83,802.0,,100,1021.946297,state_verified
accepted,3,baseline,measured,100,84,954.0,,100,1021.946297,state_verified
accepted,3,baseline,measured,100,85,855.0,,100,1021.946297,state_verified
accepted,3,baseline,measured,100,86,974.0,,100,1021.946297,state_verified
accepted,3,baseline,measured,100,87,910.0,,100,1021.946297,state_verified
accepted,3,baseline,measured,100,88,999.0,,100,1021.946297,state_verified
accepted,3,baseline,measured,100,89,974.0,,100,1021.946297,state_verified
accepted,3,baseline,measured,100,90,797.0,,100,1021.946297,state_verified
accepted,3,baseline,measured,100,91,889.0,,100,1021.946297,state_verified
accepted,3,baseline,measured,100,92,857.0,,100,1021.946297,state_verified
accepted,3,baseline,measured,100,93,1039.0,,100,1021.946297,state_verified
accepted,3,baseline,measured,100,94,801.0,,100,1021.946297,state_verified
accepted,3,baseline,measured,100,95,983.0,,100,1021.946297,state_verified
accepted,3,baseline,measured,100,96,897.0,,100,1021.946297,state_verified
accepted,3,baseline,measured,100,97,883.0,,100,1021.946297,state_verified
accepted,3,baseline,measured,100,98,813.0,,100,1021.946297,state_verified
accepted,3,baseline,measured,100,99,863.0,,100,1021.946297,state_verified
accepted,3,baseline,measured,100,100,949.0,,100,1021.946297,state_verified
accepted,3,baseline,measured,100,101,902.0,,100,1021.946297,state_verified
accepted,3,baseline,measured,100,102,961.0,,100,1021.946297,state_verified
accepted,3,baseline,measured,100,103,849.0,,100,1021.946297,state_verified
accepted,3,baseline,measured,100,104,912.0,,100,1021.946297,state_verified
accepted,3,baseline,measured,100,105,815.0,,100,1021.946297,state_verified
accepted,3,baseline,measured,100,106,1070.0,,100,1021.946297,state_verified
accepted,3,baseline,measured,100,107,794.0,,100,1021.946297,state_verified
accepted,3,baseline,measured,100,108,915.0,,100,1021.946297,state_verified
accepted,3,baseline,measured,100,109,993.0,,100,1021.946297,state_verified
accepted,3,baseline,measured,100,110,779.0,,100,1021.946297,state_verified
accepted,3,baseline,measured,100,111,938.0,,100,1021.946297,state_verified
accepted,3,baseline,measured,100,112,913.0,,100,1021.946297,state_verified
accepted,3,baseline,measured,100,113,856.0,,100,1021.946297,state_verified
accepted,3,baseline,measured,100,114,911.0,,100,1021.946297,state_verified
accepted,3,baseline,measured,100,115,855.0,,100,1021.946297,state_verified
accepted,3,baseline,measured,100,116,843.0,,100,1021.946297,state_verified
accepted,3,baseline,measured,100,117,1028.0,,100,1021.946297,state_verified
accepted,3,baseline,measured,100,118,932.0,,100,1021.946297,state_verified
accepted,3,baseline,measured,100,119,886.0,,100,1021.946297,state_verified
accepted,3,baseline,measured,100,120,800.0,,100,1021.946297,state_verified
accepted,3,baseline,measured,100,121,825.0,,100,1021.946297,state_verified
accepted,3,baseline,measured,100,122,1220.0,,100,1021.946297,state_verified
accepted,3,baseline,measured,100,123,1235.0,,100,1021.946297,state_verified
accepted,3,baseline,measured,100,124,1114.0,,100,1021.946297,state_verified
accepted,3,baseline,measured,100,125,1146.0,,100,1021.946297,state_verified
accepted,3,baseline,measured,100,126,934.0,,100,1021.946297,state_verified
accepted,3,baseline,measured,100,127,841.0,,100,1021.946297,state_verified
accepted,3,baseline,measured,100,128,909.0,,100,1021.946297,state_verified
accepted,3,baseline,measured,100,129,1208.0,,100,1021.946297,state_verified
accepted,3,baseline,measured,100,130,825.0,,100,1021.946297,state_verified
accepted,3,baseline,measured,100,131,857.0,,100,1021.946297,state_verified
accepted,3,baseline,measured,100,132,1202.0,,100,1021.946297,state_verified
accepted,3,baseline,measured,100,133,869.0,,100,1021.946297,state_verified
accepted,3,baseline,measured,100,134,889.0,,100,1021.946297,state_verified
accepted,3,baseline,measured,100,135,880.0,,100,1021.946297,state_verified
accepted,3,baseline,measured,100,136,1302.0,,100,1021.946297,state_verified
accepted,3,baseline,measured,100,137,900.0,,100,1021.946297,state_verified
accepted,3,baseline,measured,100,138,839.0,,100,1021.946297,state_verified
accepted,3,baseline,measured,100,139,955.0,,100,1021.946297,state_verified
accepted,3,baseline,measured,100,140,848.0,,100,1021.946297,state_verified
accepted,3,baseline,measured,100,141,895.0,,100,1021.946297,state_verified
accepted,3,baseline,measured,100,142,830.0,,100,1021.946297,state_verified
accepted,3,baseline,measured,100,143,795.0,,100,1021.946297,state_verified
accepted,3,baseline,measured,100,144,855.0,,100,1021.946297,state_verified
accepted,3,baseline,measured,100,145,811.0,,100,1021.946297,state_verified
accepted,3,baseline,measured,100,146,869.0,,100,1021.946297,state_verified
accepted,3,baseline,measured,100,147,962.0,,100,1021.946297,state_verified
accepted,3,baseline,measured,100,148,977.0,,100,1021.946297,state_verified
accepted,3,baseline,measured,100,149,911.0,,100,1021.946297,state_verified
accepted,3,baseline,measured,100,150,972.0,,100,1021.946297,state_verified
accepted,3,baseline,measured,100,151,916.0,,100,1021.946297,state_verified
accepted,3,baseline,measured,100,152,1004.0,,100,1021.946297,state_verified
accepted,3,baseline,measured,100,153,943.0,,100,1021.946297,state_verified
accepted,3,baseline,measured,100,154,925.0,,100,1021.946297,state_verified
accepted,3,baseline,measured,100,155,831.0,,100,1021.946297,state_verified
accepted,3,baseline,measured,100,156,978.0,,100,1021.946297,state_verified
accepted,3,baseline,measured,100,157,971.0,,100,1021.946297,state_verified
accepted,3,baseline,measured,100,158,935.0,,100,1021.946297,state_verified
accepted,3,baseline,measured,100,159,1002.0,,100,1021.946297,state_verified
accepted,3,baseline,measured,100,160,823.0,,100,1021.946297,state_verified
accepted,3,baseline,measured,100,161,847.0,,100,1021.946297,state_verified
accepted,3,baseline,measured,100,162,876.0,,100,1021.946297,state_verified
accepted,3,baseline,measured,100,163,865.0,,100,1021.946297,state_verified
accepted,3,baseline,measured,100,164,899.0,,100,1021.946297,state_verified
accepted,3,baseline,measured,100,165,993.0,,100,1021.946297,state_verified
accepted,3,baseline,measured,100,166,1016.0,,100,1021.946297,state_verified
accepted,3,baseline,measured,100,167,878.0,,100,1021.946297,state_verified
accepted,3,baseline,measured,100,168,1022.0,,100,1021.946297,state_verified
accepted,3,baseline,measured,100,169,929.0,,100,1021.946297,state_verified
accepted,3,baseline,measured,100,170,820.0,,100,1021.946297,state_verified
accepted,3,baseline,measured,100,171,884.0,,100,1021.946297,state_verified
accepted,3,baseline,measured,100,172,844.0,,100,1021.946297,state_verified
accepted,3,baseline,measured,100,173,995.0,,100,1021.946297,state_verified
accepted,3,baseline,measured,100,174,948.0,,100,1021.946297,state_verified
accepted,3,baseline,measured,100,175,866.0,,100,1021.946297,state_verified
accepted,3,baseline,measured,100,176,931.0,,100,1021.946297,state_verified
accepted,3,baseline,measured,100,177,892.0,,100,1021.946297,state_verified
accepted,3,baseline,measured,100,178,834.0,,100,1021.946297,state_verified
accepted,3,baseline,measured,100,179,827.0,,100,1021.946297,state_verified
accepted,3,baseline,measured,100,180,843.0,,100,1021.946297,state_verified
accepted,3,baseline,measured,100,181,1003.0,,100,1021.946297,state_verified
accepted,3,baseline,measured,100,182,934.0,,100,1021.946297,state_verified
accepted,3,baseline,measured,100,183,978.0,,100,1021.946297,state_verified
accepted,3,baseline,measured,100,184,892.0,,100,1021.946297,state_verified
accepted,3,baseline,measured,100,185,944.0,,100,1021.946297,state_verified
accepted,3,baseline,measured,100,186,1174.0,,100,1021.946297,state_verified
accepted,3,baseline,measured,100,187,1201.0,,100,1021.946297,state_verified
accepted,3,baseline,measured,100,188,1202.0,,100,1021.946297,state_verified
accepted,3,baseline,measured,100,189,1367.0,,100,1021.946297,state_verified
accepted,3,baseline,measured,100,190,914.0,,100,1021.946297,state_verified
accepted,3,baseline,measured,100,191,859.0,,100,1021.946297,state_verified
accepted,3,baseline,measured,100,192,878.0,,100,1021.946297,state_verified
accepted,3,baseline,measured,100,193,765.0,,100,1021.946297,state_verified
accepted,3,baseline,measured,100,194,825.0,,100,1021.946297,state_verified
accepted,3,baseline,measured,100,195,844.0,,100,1021.946297,state_verified
accepted,3,baseline,measured,100,196,876.0,,100,1021.946297,state_verified
accepted,3,baseline,measured,100,197,786.0,,100,1021.946297,state_verified
accepted,3,baseline,measured,100,198,804.0,,100,1021.946297,state_verified
accepted,3,baseline,measured,100,199,847.0,,100,1021.946297,state_verified
accepted,3,baseline,measured,100,200,885.0,,100,1021.946297,state_verified
accepted,3,protected,measured,100,1,3873.0,,100,651.340622,state_verified
accepted,3,protected,measured,100,2,1538.0,,100,651.340622,state_verified
accepted,3,protected,measured,100,3,1481.0,,100,651.340622,state_verified
accepted,3,protected,measured,100,4,1537.0,,100,651.340622,state_verified
accepted,3,protected,measured,100,5,1554.0,,100,651.340622,state_verified
accepted,3,protected,measured,100,6,1553.0,,100,651.340622,state_verified
accepted,3,protected,measured,100,7,1547.0,,100,651.340622,state_verified
accepted,3,protected,measured,100,8,1684.0,,100,651.340622,state_verified
accepted,3,protected,measured,100,9,1605.0,,100,651.340622,state_verified
accepted,3,protected,measured,100,10,1950.0,,100,651.340622,state_verified
accepted,3,protected,measured,100,11,1656.0,,100,651.340622,state_verified
accepted,3,protected,measured,100,12,1334.0,,100,651.340622,state_verified
accepted,3,protected,measured,100,13,1673.0,,100,651.340622,state_verified
accepted,3,protected,measured,100,14,1705.0,,100,651.340622,state_verified
accepted,3,protected,measured,100,15,1765.0,,100,651.340622,state_verified
accepted,3,protected,measured,100,16,1517.0,,100,651.340622,state_verified
accepted,3,protected,measured,100,17,1780.0,,100,651.340622,state_verified
accepted,3,protected,measured,100,18,1523.0,,100,651.340622,state_verified
accepted,3,protected,measured,100,19,1378.0,,100,651.340622,state_verified
accepted,3,protected,measured,100,20,1553.0,,100,651.340622,state_verified
accepted,3,protected,measured,100,21,1534.0,,100,651.340622,state_verified
accepted,3,protected,measured,100,22,1568.0,,100,651.340622,state_verified
accepted,3,protected,measured,100,23,1572.0,,100,651.340622,state_verified
accepted,3,protected,measured,100,24,1288.0,,100,651.340622,state_verified
accepted,3,protected,measured,100,25,1276.0,,100,651.340622,state_verified
accepted,3,protected,measured,100,26,1362.0,,100,651.340622,state_verified
accepted,3,protected,measured,100,27,1303.0,,100,651.340622,state_verified
accepted,3,protected,measured,100,28,1757.0,,100,651.340622,state_verified
accepted,3,protected,measured,100,29,1518.0,,100,651.340622,state_verified
accepted,3,protected,measured,100,30,1302.0,,100,651.340622,state_verified
accepted,3,protected,measured,100,31,1338.0,,100,651.340622,state_verified
accepted,3,protected,measured,100,32,1286.0,,100,651.340622,state_verified
accepted,3,protected,measured,100,33,1245.0,,100,651.340622,state_verified
accepted,3,protected,measured,100,34,1507.0,,100,651.340622,state_verified
accepted,3,protected,measured,100,35,1357.0,,100,651.340622,state_verified
accepted,3,protected,measured,100,36,1318.0,,100,651.340622,state_verified
accepted,3,protected,measured,100,37,1489.0,,100,651.340622,state_verified
accepted,3,protected,measured,100,38,1817.0,,100,651.340622,state_verified
accepted,3,protected,measured,100,39,1965.0,,100,651.340622,state_verified
accepted,3,protected,measured,100,40,2118.0,,100,651.340622,state_verified
accepted,3,protected,measured,100,41,2307.0,,100,651.340622,state_verified
accepted,3,protected,measured,100,42,1524.0,,100,651.340622,state_verified
accepted,3,protected,measured,100,43,1255.0,,100,651.340622,state_verified
accepted,3,protected,measured,100,44,1402.0,,100,651.340622,state_verified
accepted,3,protected,measured,100,45,1640.0,,100,651.340622,state_verified
accepted,3,protected,measured,100,46,1537.0,,100,651.340622,state_verified
accepted,3,protected,measured,100,47,1690.0,,100,651.340622,state_verified
accepted,3,protected,measured,100,48,1690.0,,100,651.340622,state_verified
accepted,3,protected,measured,100,49,1641.0,,100,651.340622,state_verified
accepted,3,protected,measured,100,50,1353.0,,100,651.340622,state_verified
accepted,3,protected,measured,100,51,2283.0,,100,651.340622,state_verified
accepted,3,protected,measured,100,52,1468.0,,100,651.340622,state_verified
accepted,3,protected,measured,100,53,1827.0,,100,651.340622,state_verified
accepted,3,protected,measured,100,54,1457.0,,100,651.340622,state_verified
accepted,3,protected,measured,100,55,1343.0,,100,651.340622,state_verified
accepted,3,protected,measured,100,56,1275.0,,100,651.340622,state_verified
accepted,3,protected,measured,100,57,1337.0,,100,651.340622,state_verified
accepted,3,protected,measured,100,58,1739.0,,100,651.340622,state_verified
accepted,3,protected,measured,100,59,1496.0,,100,651.340622,state_verified
accepted,3,protected,measured,100,60,1271.0,,100,651.340622,state_verified
accepted,3,protected,measured,100,61,1446.0,,100,651.340622,state_verified
accepted,3,protected,measured,100,62,1463.0,,100,651.340622,state_verified
accepted,3,protected,measured,100,63,1427.0,,100,651.340622,state_verified
accepted,3,protected,measured,100,64,1720.0,,100,651.340622,state_verified
accepted,3,protected,measured,100,65,1541.0,,100,651.340622,state_verified
accepted,3,protected,measured,100,66,1641.0,,100,651.340622,state_verified
accepted,3,protected,measured,100,67,1689.0,,100,651.340622,state_verified
accepted,3,protected,measured,100,68,1817.0,,100,651.340622,state_verified
accepted,3,protected,measured,100,69,1543.0,,100,651.340622,state_verified
accepted,3,protected,measured,100,70,1381.0,,100,651.340622,state_verified
accepted,3,protected,measured,100,71,1696.0,,100,651.340622,state_verified
accepted,3,protected,measured,100,72,1554.0,,100,651.340622,state_verified
accepted,3,protected,measured,100,73,1550.0,,100,651.340622,state_verified
accepted,3,protected,measured,100,74,1324.0,,100,651.340622,state_verified
accepted,3,protected,measured,100,75,1571.0,,100,651.340622,state_verified
accepted,3,protected,measured,100,76,1378.0,,100,651.340622,state_verified
accepted,3,protected,measured,100,77,1427.0,,100,651.340622,state_verified
accepted,3,protected,measured,100,78,1355.0,,100,651.340622,state_verified
accepted,3,protected,measured,100,79,1487.0,,100,651.340622,state_verified
accepted,3,protected,measured,100,80,1525.0,,100,651.340622,state_verified
accepted,3,protected,measured,100,81,1289.0,,100,651.340622,state_verified
accepted,3,protected,measured,100,82,1354.0,,100,651.340622,state_verified
accepted,3,protected,measured,100,83,1422.0,,100,651.340622,state_verified
accepted,3,protected,measured,100,84,1570.0,,100,651.340622,state_verified
accepted,3,protected,measured,100,85,1262.0,,100,651.340622,state_verified
accepted,3,protected,measured,100,86,1392.0,,100,651.340622,state_verified
accepted,3,protected,measured,100,87,1320.0,,100,651.340622,state_verified
accepted,3,protected,measured,100,88,1245.0,,100,651.340622,state_verified
accepted,3,protected,measured,100,89,1494.0,,100,651.340622,state_verified
accepted,3,protected,measured,100,90,1417.0,,100,651.340622,state_verified
accepted,3,protected,measured,100,91,1366.0,,100,651.340622,state_verified
accepted,3,protected,measured,100,92,1469.0,,100,651.340622,state_verified
accepted,3,protected,measured,100,93,1438.0,,100,651.340622,state_verified
accepted,3,protected,measured,100,94,1411.0,,100,651.340622,state_verified
accepted,3,protected,measured,100,95,1523.0,,100,651.340622,state_verified
accepted,3,protected,measured,100,96,1639.0,,100,651.340622,state_verified
accepted,3,protected,measured,100,97,1662.0,,100,651.340622,state_verified
accepted,3,protected,measured,100,98,1484.0,,100,651.340622,state_verified
accepted,3,protected,measured,100,99,1636.0,,100,651.340622,state_verified
accepted,3,protected,measured,100,100,1629.0,,100,651.340622,state_verified
accepted,3,protected,measured,100,101,1640.0,,100,651.340622,state_verified
accepted,3,protected,measured,100,102,1779.0,,100,651.340622,state_verified
accepted,3,protected,measured,100,103,1575.0,,100,651.340622,state_verified
accepted,3,protected,measured,100,104,1647.0,,100,651.340622,state_verified
accepted,3,protected,measured,100,105,1710.0,,100,651.340622,state_verified
accepted,3,protected,measured,100,106,1531.0,,100,651.340622,state_verified
accepted,3,protected,measured,100,107,1492.0,,100,651.340622,state_verified
accepted,3,protected,measured,100,108,1533.0,,100,651.340622,state_verified
accepted,3,protected,measured,100,109,1489.0,,100,651.340622,state_verified
accepted,3,protected,measured,100,110,1726.0,,100,651.340622,state_verified
accepted,3,protected,measured,100,111,2147.0,,100,651.340622,state_verified
accepted,3,protected,measured,100,112,1553.0,,100,651.340622,state_verified
accepted,3,protected,measured,100,113,1298.0,,100,651.340622,state_verified
accepted,3,protected,measured,100,114,1640.0,,100,651.340622,state_verified
accepted,3,protected,measured,100,115,1320.0,,100,651.340622,state_verified
accepted,3,protected,measured,100,116,1252.0,,100,651.340622,state_verified
accepted,3,protected,measured,100,117,1546.0,,100,651.340622,state_verified
accepted,3,protected,measured,100,118,1296.0,,100,651.340622,state_verified
accepted,3,protected,measured,100,119,1463.0,,100,651.340622,state_verified
accepted,3,protected,measured,100,120,1396.0,,100,651.340622,state_verified
accepted,3,protected,measured,100,121,1249.0,,100,651.340622,state_verified
accepted,3,protected,measured,100,122,1517.0,,100,651.340622,state_verified
accepted,3,protected,measured,100,123,1546.0,,100,651.340622,state_verified
accepted,3,protected,measured,100,124,1425.0,,100,651.340622,state_verified
accepted,3,protected,measured,100,125,1371.0,,100,651.340622,state_verified
accepted,3,protected,measured,100,126,1269.0,,100,651.340622,state_verified
accepted,3,protected,measured,100,127,1283.0,,100,651.340622,state_verified
accepted,3,protected,measured,100,128,1475.0,,100,651.340622,state_verified
accepted,3,protected,measured,100,129,1666.0,,100,651.340622,state_verified
accepted,3,protected,measured,100,130,1251.0,,100,651.340622,state_verified
accepted,3,protected,measured,100,131,1530.0,,100,651.340622,state_verified
accepted,3,protected,measured,100,132,1688.0,,100,651.340622,state_verified
accepted,3,protected,measured,100,133,1274.0,,100,651.340622,state_verified
accepted,3,protected,measured,100,134,1465.0,,100,651.340622,state_verified
accepted,3,protected,measured,100,135,1337.0,,100,651.340622,state_verified
accepted,3,protected,measured,100,136,1556.0,,100,651.340622,state_verified
accepted,3,protected,measured,100,137,1410.0,,100,651.340622,state_verified
accepted,3,protected,measured,100,138,1524.0,,100,651.340622,state_verified
accepted,3,protected,measured,100,139,1715.0,,100,651.340622,state_verified
accepted,3,protected,measured,100,140,1457.0,,100,651.340622,state_verified
accepted,3,protected,measured,100,141,1547.0,,100,651.340622,state_verified
accepted,3,protected,measured,100,142,1302.0,,100,651.340622,state_verified
accepted,3,protected,measured,100,143,1294.0,,100,651.340622,state_verified
accepted,3,protected,measured,100,144,1291.0,,100,651.340622,state_verified
accepted,3,protected,measured,100,145,1363.0,,100,651.340622,state_verified
accepted,3,protected,measured,100,146,1431.0,,100,651.340622,state_verified
accepted,3,protected,measured,100,147,1431.0,,100,651.340622,state_verified
accepted,3,protected,measured,100,148,1278.0,,100,651.340622,state_verified
accepted,3,protected,measured,100,149,1540.0,,100,651.340622,state_verified
accepted,3,protected,measured,100,150,1594.0,,100,651.340622,state_verified
accepted,3,protected,measured,100,151,1361.0,,100,651.340622,state_verified
accepted,3,protected,measured,100,152,1574.0,,100,651.340622,state_verified
accepted,3,protected,measured,100,153,1452.0,,100,651.340622,state_verified
accepted,3,protected,measured,100,154,1336.0,,100,651.340622,state_verified
accepted,3,protected,measured,100,155,1570.0,,100,651.340622,state_verified
accepted,3,protected,measured,100,156,1466.0,,100,651.340622,state_verified
accepted,3,protected,measured,100,157,1482.0,,100,651.340622,state_verified
accepted,3,protected,measured,100,158,1603.0,,100,651.340622,state_verified
accepted,3,protected,measured,100,159,1786.0,,100,651.340622,state_verified
accepted,3,protected,measured,100,160,1641.0,,100,651.340622,state_verified
accepted,3,protected,measured,100,161,1525.0,,100,651.340622,state_verified
accepted,3,protected,measured,100,162,1375.0,,100,651.340622,state_verified
accepted,3,protected,measured,100,163,1220.0,,100,651.340622,state_verified
accepted,3,protected,measured,100,164,1278.0,,100,651.340622,state_verified
accepted,3,protected,measured,100,165,1401.0,,100,651.340622,state_verified
accepted,3,protected,measured,100,166,1905.0,,100,651.340622,state_verified
accepted,3,protected,measured,100,167,2011.0,,100,651.340622,state_verified
accepted,3,protected,measured,100,168,1982.0,,100,651.340622,state_verified
accepted,3,protected,measured,100,169,1708.0,,100,651.340622,state_verified
accepted,3,protected,measured,100,170,1617.0,,100,651.340622,state_verified
accepted,3,protected,measured,100,171,1409.0,,100,651.340622,state_verified
accepted,3,protected,measured,100,172,2285.0,,100,651.340622,state_verified
accepted,3,protected,measured,100,173,1208.0,,100,651.340622,state_verified
accepted,3,protected,measured,100,174,1300.0,,100,651.340622,state_verified
accepted,3,protected,measured,100,175,1351.0,,100,651.340622,state_verified
accepted,3,protected,measured,100,176,1431.0,,100,651.340622,state_verified
accepted,3,protected,measured,100,177,1454.0,,100,651.340622,state_verified
accepted,3,protected,measured,100,178,1215.0,,100,651.340622,state_verified
accepted,3,protected,measured,100,179,1190.0,,100,651.340622,state_verified
accepted,3,protected,measured,100,180,1522.0,,100,651.340622,state_verified
accepted,3,protected,measured,100,181,2271.0,,100,651.340622,state_verified
accepted,3,protected,measured,100,182,1586.0,,100,651.340622,state_verified
accepted,3,protected,measured,100,183,1565.0,,100,651.340622,state_verified
accepted,3,protected,measured,100,184,1640.0,,100,651.340622,state_verified
accepted,3,protected,measured,100,185,1846.0,,100,651.340622,state_verified
accepted,3,protected,measured,100,186,1432.0,,100,651.340622,state_verified
accepted,3,protected,measured,100,187,1850.0,,100,651.340622,state_verified
accepted,3,protected,measured,100,188,1948.0,,100,651.340622,state_verified
accepted,3,protected,measured,100,189,1747.0,,100,651.340622,state_verified
accepted,3,protected,measured,100,190,1371.0,,100,651.340622,state_verified
accepted,3,protected,measured,100,191,1295.0,,100,651.340622,state_verified
accepted,3,protected,measured,100,192,1406.0,,100,651.340622,state_verified
accepted,3,protected,measured,100,193,1240.0,,100,651.340622,state_verified
accepted,3,protected,measured,100,194,1259.0,,100,651.340622,state_verified
accepted,3,protected,measured,100,195,1317.0,,100,651.340622,state_verified
accepted,3,protected,measured,100,196,1286.0,,100,651.340622,state_verified
accepted,3,protected,measured,100,197,1255.0,,100,651.340622,state_verified
accepted,3,protected,measured,100,198,1223.0,,100,651.340622,state_verified
accepted,3,protected,measured,100,199,1251.0,,100,651.340622,state_verified
accepted,3,protected,measured,100,200,1333.0,,100,651.340622,state_verified
accepted,3,baseline,measured,users,1,3236.0,,1,1395.235272,state_verified
accepted,3,baseline,measured,users,2,821.0,,1,1395.235272,state_verified
accepted,3,baseline,measured,users,3,1159.0,,1,1395.235272,state_verified
accepted,3,baseline,measured,users,4,1081.0,,1,1395.235272,state_verified
accepted,3,baseline,measured,users,5,941.0,,1,1395.235272,state_verified
accepted,3,baseline,measured,users,6,1104.0,,1,1395.235272,state_verified
accepted,3,baseline,measured,users,7,786.0,,1,1395.235272,state_verified
accepted,3,baseline,measured,users,8,659.0,,1,1395.235272,state_verified
accepted,3,baseline,measured,users,9,639.0,,1,1395.235272,state_verified
accepted,3,baseline,measured,users,10,631.0,,1,1395.235272,state_verified
accepted,3,baseline,measured,users,11,593.0,,1,1395.235272,state_verified
accepted,3,baseline,measured,users,12,643.0,,1,1395.235272,state_verified
accepted,3,baseline,measured,users,13,609.0,,1,1395.235272,state_verified
accepted,3,baseline,measured,users,14,654.0,,1,1395.235272,state_verified
accepted,3,baseline,measured,users,15,662.0,,1,1395.235272,state_verified
accepted,3,baseline,measured,users,16,619.0,,1,1395.235272,state_verified
accepted,3,baseline,measured,users,17,620.0,,1,1395.235272,state_verified
accepted,3,baseline,measured,users,18,663.0,,1,1395.235272,state_verified
accepted,3,baseline,measured,users,19,775.0,,1,1395.235272,state_verified
accepted,3,baseline,measured,users,20,799.0,,1,1395.235272,state_verified
accepted,3,baseline,measured,users,21,847.0,,1,1395.235272,state_verified
accepted,3,baseline,measured,users,22,740.0,,1,1395.235272,state_verified
accepted,3,baseline,measured,users,23,676.0,,1,1395.235272,state_verified
accepted,3,baseline,measured,users,24,649.0,,1,1395.235272,state_verified
accepted,3,baseline,measured,users,25,690.0,,1,1395.235272,state_verified
accepted,3,baseline,measured,users,26,673.0,,1,1395.235272,state_verified
accepted,3,baseline,measured,users,27,581.0,,1,1395.235272,state_verified
accepted,3,baseline,measured,users,28,619.0,,1,1395.235272,state_verified
accepted,3,baseline,measured,users,29,607.0,,1,1395.235272,state_verified
accepted,3,baseline,measured,users,30,604.0,,1,1395.235272,state_verified
accepted,3,baseline,measured,users,31,683.0,,1,1395.235272,state_verified
accepted,3,baseline,measured,users,32,777.0,,1,1395.235272,state_verified
accepted,3,baseline,measured,users,33,741.0,,1,1395.235272,state_verified
accepted,3,baseline,measured,users,34,647.0,,1,1395.235272,state_verified
accepted,3,baseline,measured,users,35,716.0,,1,1395.235272,state_verified
accepted,3,baseline,measured,users,36,715.0,,1,1395.235272,state_verified
accepted,3,baseline,measured,users,37,750.0,,1,1395.235272,state_verified
accepted,3,baseline,measured,users,38,775.0,,1,1395.235272,state_verified
accepted,3,baseline,measured,users,39,767.0,,1,1395.235272,state_verified
accepted,3,baseline,measured,users,40,736.0,,1,1395.235272,state_verified
accepted,3,baseline,measured,users,41,731.0,,1,1395.235272,state_verified
accepted,3,baseline,measured,users,42,627.0,,1,1395.235272,state_verified
accepted,3,baseline,measured,users,43,660.0,,1,1395.235272,state_verified
accepted,3,baseline,measured,users,44,995.0,,1,1395.235272,state_verified
accepted,3,baseline,measured,users,45,790.0,,1,1395.235272,state_verified
accepted,3,baseline,measured,users,46,705.0,,1,1395.235272,state_verified
accepted,3,baseline,measured,users,47,706.0,,1,1395.235272,state_verified
accepted,3,baseline,measured,users,48,624.0,,1,1395.235272,state_verified
accepted,3,baseline,measured,users,49,621.0,,1,1395.235272,state_verified
accepted,3,baseline,measured,users,50,598.0,,1,1395.235272,state_verified
accepted,3,baseline,measured,users,51,620.0,,1,1395.235272,state_verified
accepted,3,baseline,measured,users,52,589.0,,1,1395.235272,state_verified
accepted,3,baseline,measured,users,53,614.0,,1,1395.235272,state_verified
accepted,3,baseline,measured,users,54,603.0,,1,1395.235272,state_verified
accepted,3,baseline,measured,users,55,712.0,,1,1395.235272,state_verified
accepted,3,baseline,measured,users,56,666.0,,1,1395.235272,state_verified
accepted,3,baseline,measured,users,57,623.0,,1,1395.235272,state_verified
accepted,3,baseline,measured,users,58,589.0,,1,1395.235272,state_verified
accepted,3,baseline,measured,users,59,622.0,,1,1395.235272,state_verified
accepted,3,baseline,measured,users,60,644.0,,1,1395.235272,state_verified
accepted,3,baseline,measured,users,61,605.0,,1,1395.235272,state_verified
accepted,3,baseline,measured,users,62,617.0,,1,1395.235272,state_verified
accepted,3,baseline,measured,users,63,602.0,,1,1395.235272,state_verified
accepted,3,baseline,measured,users,64,623.0,,1,1395.235272,state_verified
accepted,3,baseline,measured,users,65,581.0,,1,1395.235272,state_verified
accepted,3,baseline,measured,users,66,575.0,,1,1395.235272,state_verified
accepted,3,baseline,measured,users,67,1013.0,,1,1395.235272,state_verified
accepted,3,baseline,measured,users,68,908.0,,1,1395.235272,state_verified
accepted,3,baseline,measured,users,69,928.0,,1,1395.235272,state_verified
accepted,3,baseline,measured,users,70,903.0,,1,1395.235272,state_verified
accepted,3,baseline,measured,users,71,626.0,,1,1395.235272,state_verified
accepted,3,baseline,measured,users,72,625.0,,1,1395.235272,state_verified
accepted,3,baseline,measured,users,73,604.0,,1,1395.235272,state_verified
accepted,3,baseline,measured,users,74,582.0,,1,1395.235272,state_verified
accepted,3,baseline,measured,users,75,581.0,,1,1395.235272,state_verified
accepted,3,baseline,measured,users,76,597.0,,1,1395.235272,state_verified
accepted,3,baseline,measured,users,77,615.0,,1,1395.235272,state_verified
accepted,3,baseline,measured,users,78,616.0,,1,1395.235272,state_verified
accepted,3,baseline,measured,users,79,1247.0,,1,1395.235272,state_verified
accepted,3,baseline,measured,users,80,643.0,,1,1395.235272,state_verified
accepted,3,baseline,measured,users,81,676.0,,1,1395.235272,state_verified
accepted,3,baseline,measured,users,82,606.0,,1,1395.235272,state_verified
accepted,3,baseline,measured,users,83,617.0,,1,1395.235272,state_verified
accepted,3,baseline,measured,users,84,684.0,,1,1395.235272,state_verified
accepted,3,baseline,measured,users,85,1036.0,,1,1395.235272,state_verified
accepted,3,baseline,measured,users,86,771.0,,1,1395.235272,state_verified
accepted,3,baseline,measured,users,87,743.0,,1,1395.235272,state_verified
accepted,3,baseline,measured,users,88,632.0,,1,1395.235272,state_verified
accepted,3,baseline,measured,users,89,617.0,,1,1395.235272,state_verified
accepted,3,baseline,measured,users,90,615.0,,1,1395.235272,state_verified
accepted,3,baseline,measured,users,91,578.0,,1,1395.235272,state_verified
accepted,3,baseline,measured,users,92,606.0,,1,1395.235272,state_verified
accepted,3,baseline,measured,users,93,603.0,,1,1395.235272,state_verified
accepted,3,baseline,measured,users,94,624.0,,1,1395.235272,state_verified
accepted,3,baseline,measured,users,95,587.0,,1,1395.235272,state_verified
accepted,3,baseline,measured,users,96,665.0,,1,1395.235272,state_verified
accepted,3,baseline,measured,users,97,607.0,,1,1395.235272,state_verified
accepted,3,baseline,measured,users,98,610.0,,1,1395.235272,state_verified
accepted,3,baseline,measured,users,99,586.0,,1,1395.235272,state_verified
accepted,3,baseline,measured,users,100,610.0,,1,1395.235272,state_verified
accepted,3,baseline,measured,users,101,640.0,,1,1395.235272,state_verified
accepted,3,baseline,measured,users,102,641.0,,1,1395.235272,state_verified
accepted,3,baseline,measured,users,103,660.0,,1,1395.235272,state_verified
accepted,3,baseline,measured,users,104,657.0,,1,1395.235272,state_verified
accepted,3,baseline,measured,users,105,626.0,,1,1395.235272,state_verified
accepted,3,baseline,measured,users,106,628.0,,1,1395.235272,state_verified
accepted,3,baseline,measured,users,107,674.0,,1,1395.235272,state_verified
accepted,3,baseline,measured,users,108,653.0,,1,1395.235272,state_verified
accepted,3,baseline,measured,users,109,617.0,,1,1395.235272,state_verified
accepted,3,baseline,measured,users,110,673.0,,1,1395.235272,state_verified
accepted,3,baseline,measured,users,111,646.0,,1,1395.235272,state_verified
accepted,3,baseline,measured,users,112,629.0,,1,1395.235272,state_verified
accepted,3,baseline,measured,users,113,627.0,,1,1395.235272,state_verified
accepted,3,baseline,measured,users,114,611.0,,1,1395.235272,state_verified
accepted,3,baseline,measured,users,115,610.0,,1,1395.235272,state_verified
accepted,3,baseline,measured,users,116,615.0,,1,1395.235272,state_verified
accepted,3,baseline,measured,users,117,598.0,,1,1395.235272,state_verified
accepted,3,baseline,measured,users,118,614.0,,1,1395.235272,state_verified
accepted,3,baseline,measured,users,119,592.0,,1,1395.235272,state_verified
accepted,3,baseline,measured,users,120,622.0,,1,1395.235272,state_verified
accepted,3,baseline,measured,users,121,617.0,,1,1395.235272,state_verified
accepted,3,baseline,measured,users,122,616.0,,1,1395.235272,state_verified
accepted,3,baseline,measured,users,123,601.0,,1,1395.235272,state_verified
accepted,3,baseline,measured,users,124,625.0,,1,1395.235272,state_verified
accepted,3,baseline,measured,users,125,588.0,,1,1395.235272,state_verified
accepted,3,baseline,measured,users,126,614.0,,1,1395.235272,state_verified
accepted,3,baseline,measured,users,127,604.0,,1,1395.235272,state_verified
accepted,3,baseline,measured,users,128,611.0,,1,1395.235272,state_verified
accepted,3,baseline,measured,users,129,627.0,,1,1395.235272,state_verified
accepted,3,baseline,measured,users,130,652.0,,1,1395.235272,state_verified
accepted,3,baseline,measured,users,131,939.0,,1,1395.235272,state_verified
accepted,3,baseline,measured,users,132,1117.0,,1,1395.235272,state_verified
accepted,3,baseline,measured,users,133,1172.0,,1,1395.235272,state_verified
accepted,3,baseline,measured,users,134,1036.0,,1,1395.235272,state_verified
accepted,3,baseline,measured,users,135,713.0,,1,1395.235272,state_verified
accepted,3,baseline,measured,users,136,677.0,,1,1395.235272,state_verified
accepted,3,baseline,measured,users,137,686.0,,1,1395.235272,state_verified
accepted,3,baseline,measured,users,138,696.0,,1,1395.235272,state_verified
accepted,3,baseline,measured,users,139,616.0,,1,1395.235272,state_verified
accepted,3,baseline,measured,users,140,567.0,,1,1395.235272,state_verified
accepted,3,baseline,measured,users,141,543.0,,1,1395.235272,state_verified
accepted,3,baseline,measured,users,142,560.0,,1,1395.235272,state_verified
accepted,3,baseline,measured,users,143,593.0,,1,1395.235272,state_verified
accepted,3,baseline,measured,users,144,719.0,,1,1395.235272,state_verified
accepted,3,baseline,measured,users,145,768.0,,1,1395.235272,state_verified
accepted,3,baseline,measured,users,146,618.0,,1,1395.235272,state_verified
accepted,3,baseline,measured,users,147,681.0,,1,1395.235272,state_verified
accepted,3,baseline,measured,users,148,618.0,,1,1395.235272,state_verified
accepted,3,baseline,measured,users,149,641.0,,1,1395.235272,state_verified
accepted,3,baseline,measured,users,150,578.0,,1,1395.235272,state_verified
accepted,3,baseline,measured,users,151,526.0,,1,1395.235272,state_verified
accepted,3,baseline,measured,users,152,524.0,,1,1395.235272,state_verified
accepted,3,baseline,measured,users,153,529.0,,1,1395.235272,state_verified
accepted,3,baseline,measured,users,154,556.0,,1,1395.235272,state_verified
accepted,3,baseline,measured,users,155,513.0,,1,1395.235272,state_verified
accepted,3,baseline,measured,users,156,497.0,,1,1395.235272,state_verified
accepted,3,baseline,measured,users,157,553.0,,1,1395.235272,state_verified
accepted,3,baseline,measured,users,158,635.0,,1,1395.235272,state_verified
accepted,3,baseline,measured,users,159,2342.0,,1,1395.235272,state_verified
accepted,3,baseline,measured,users,160,751.0,,1,1395.235272,state_verified
accepted,3,baseline,measured,users,161,717.0,,1,1395.235272,state_verified
accepted,3,baseline,measured,users,162,661.0,,1,1395.235272,state_verified
accepted,3,baseline,measured,users,163,606.0,,1,1395.235272,state_verified
accepted,3,baseline,measured,users,164,625.0,,1,1395.235272,state_verified
accepted,3,baseline,measured,users,165,672.0,,1,1395.235272,state_verified
accepted,3,baseline,measured,users,166,625.0,,1,1395.235272,state_verified
accepted,3,baseline,measured,users,167,776.0,,1,1395.235272,state_verified
accepted,3,baseline,measured,users,168,1009.0,,1,1395.235272,state_verified
accepted,3,baseline,measured,users,169,950.0,,1,1395.235272,state_verified
accepted,3,baseline,measured,users,170,926.0,,1,1395.235272,state_verified
accepted,3,baseline,measured,users,171,748.0,,1,1395.235272,state_verified
accepted,3,baseline,measured,users,172,731.0,,1,1395.235272,state_verified
accepted,3,baseline,measured,users,173,713.0,,1,1395.235272,state_verified
accepted,3,baseline,measured,users,174,679.0,,1,1395.235272,state_verified
accepted,3,baseline,measured,users,175,677.0,,1,1395.235272,state_verified
accepted,3,baseline,measured,users,176,652.0,,1,1395.235272,state_verified
accepted,3,baseline,measured,users,177,549.0,,1,1395.235272,state_verified
accepted,3,baseline,measured,users,178,534.0,,1,1395.235272,state_verified
accepted,3,baseline,measured,users,179,536.0,,1,1395.235272,state_verified
accepted,3,baseline,measured,users,180,549.0,,1,1395.235272,state_verified
accepted,3,baseline,measured,users,181,562.0,,1,1395.235272,state_verified
accepted,3,baseline,measured,users,182,699.0,,1,1395.235272,state_verified
accepted,3,baseline,measured,users,183,652.0,,1,1395.235272,state_verified
accepted,3,baseline,measured,users,184,561.0,,1,1395.235272,state_verified
accepted,3,baseline,measured,users,185,889.0,,1,1395.235272,state_verified
accepted,3,baseline,measured,users,186,722.0,,1,1395.235272,state_verified
accepted,3,baseline,measured,users,187,554.0,,1,1395.235272,state_verified
accepted,3,baseline,measured,users,188,572.0,,1,1395.235272,state_verified
accepted,3,baseline,measured,users,189,551.0,,1,1395.235272,state_verified
accepted,3,baseline,measured,users,190,557.0,,1,1395.235272,state_verified
accepted,3,baseline,measured,users,191,858.0,,1,1395.235272,state_verified
accepted,3,baseline,measured,users,192,883.0,,1,1395.235272,state_verified
accepted,3,baseline,measured,users,193,738.0,,1,1395.235272,state_verified
accepted,3,baseline,measured,users,194,807.0,,1,1395.235272,state_verified
accepted,3,baseline,measured,users,195,1227.0,,1,1395.235272,state_verified
accepted,3,baseline,measured,users,196,1093.0,,1,1395.235272,state_verified
accepted,3,baseline,measured,users,197,969.0,,1,1395.235272,state_verified
accepted,3,baseline,measured,users,198,934.0,,1,1395.235272,state_verified
accepted,3,baseline,measured,users,199,524.0,,1,1395.235272,state_verified
accepted,3,baseline,measured,users,200,525.0,,1,1395.235272,state_verified
accepted,3,protected,measured,users,1,3075.0,,1,1349.218128,state_verified
accepted,3,protected,measured,users,2,981.0,,1,1349.218128,state_verified
accepted,3,protected,measured,users,3,742.0,,1,1349.218128,state_verified
accepted,3,protected,measured,users,4,734.0,,1,1349.218128,state_verified
accepted,3,protected,measured,users,5,723.0,,1,1349.218128,state_verified
accepted,3,protected,measured,users,6,727.0,,1,1349.218128,state_verified
accepted,3,protected,measured,users,7,600.0,,1,1349.218128,state_verified
accepted,3,protected,measured,users,8,677.0,,1,1349.218128,state_verified
accepted,3,protected,measured,users,9,647.0,,1,1349.218128,state_verified
accepted,3,protected,measured,users,10,702.0,,1,1349.218128,state_verified
accepted,3,protected,measured,users,11,651.0,,1,1349.218128,state_verified
accepted,3,protected,measured,users,12,686.0,,1,1349.218128,state_verified
accepted,3,protected,measured,users,13,678.0,,1,1349.218128,state_verified
accepted,3,protected,measured,users,14,734.0,,1,1349.218128,state_verified
accepted,3,protected,measured,users,15,840.0,,1,1349.218128,state_verified
accepted,3,protected,measured,users,16,818.0,,1,1349.218128,state_verified
accepted,3,protected,measured,users,17,808.0,,1,1349.218128,state_verified
accepted,3,protected,measured,users,18,757.0,,1,1349.218128,state_verified
accepted,3,protected,measured,users,19,685.0,,1,1349.218128,state_verified
accepted,3,protected,measured,users,20,687.0,,1,1349.218128,state_verified
accepted,3,protected,measured,users,21,648.0,,1,1349.218128,state_verified
accepted,3,protected,measured,users,22,658.0,,1,1349.218128,state_verified
accepted,3,protected,measured,users,23,688.0,,1,1349.218128,state_verified
accepted,3,protected,measured,users,24,672.0,,1,1349.218128,state_verified
accepted,3,protected,measured,users,25,707.0,,1,1349.218128,state_verified
accepted,3,protected,measured,users,26,767.0,,1,1349.218128,state_verified
accepted,3,protected,measured,users,27,739.0,,1,1349.218128,state_verified
accepted,3,protected,measured,users,28,734.0,,1,1349.218128,state_verified
accepted,3,protected,measured,users,29,745.0,,1,1349.218128,state_verified
accepted,3,protected,measured,users,30,662.0,,1,1349.218128,state_verified
accepted,3,protected,measured,users,31,814.0,,1,1349.218128,state_verified
accepted,3,protected,measured,users,32,744.0,,1,1349.218128,state_verified
accepted,3,protected,measured,users,33,1080.0,,1,1349.218128,state_verified
accepted,3,protected,measured,users,34,676.0,,1,1349.218128,state_verified
accepted,3,protected,measured,users,35,662.0,,1,1349.218128,state_verified
accepted,3,protected,measured,users,36,759.0,,1,1349.218128,state_verified
accepted,3,protected,measured,users,37,586.0,,1,1349.218128,state_verified
accepted,3,protected,measured,users,38,718.0,,1,1349.218128,state_verified
accepted,3,protected,measured,users,39,757.0,,1,1349.218128,state_verified
accepted,3,protected,measured,users,40,653.0,,1,1349.218128,state_verified
accepted,3,protected,measured,users,41,678.0,,1,1349.218128,state_verified
accepted,3,protected,measured,users,42,645.0,,1,1349.218128,state_verified
accepted,3,protected,measured,users,43,586.0,,1,1349.218128,state_verified
accepted,3,protected,measured,users,44,619.0,,1,1349.218128,state_verified
accepted,3,protected,measured,users,45,647.0,,1,1349.218128,state_verified
accepted,3,protected,measured,users,46,642.0,,1,1349.218128,state_verified
accepted,3,protected,measured,users,47,955.0,,1,1349.218128,state_verified
accepted,3,protected,measured,users,48,1040.0,,1,1349.218128,state_verified
accepted,3,protected,measured,users,49,1146.0,,1,1349.218128,state_verified
accepted,3,protected,measured,users,50,1178.0,,1,1349.218128,state_verified
accepted,3,protected,measured,users,51,775.0,,1,1349.218128,state_verified
accepted,3,protected,measured,users,52,763.0,,1,1349.218128,state_verified
accepted,3,protected,measured,users,53,814.0,,1,1349.218128,state_verified
accepted,3,protected,measured,users,54,710.0,,1,1349.218128,state_verified
accepted,3,protected,measured,users,55,663.0,,1,1349.218128,state_verified
accepted,3,protected,measured,users,56,736.0,,1,1349.218128,state_verified
accepted,3,protected,measured,users,57,759.0,,1,1349.218128,state_verified
accepted,3,protected,measured,users,58,627.0,,1,1349.218128,state_verified
accepted,3,protected,measured,users,59,593.0,,1,1349.218128,state_verified
accepted,3,protected,measured,users,60,634.0,,1,1349.218128,state_verified
accepted,3,protected,measured,users,61,615.0,,1,1349.218128,state_verified
accepted,3,protected,measured,users,62,663.0,,1,1349.218128,state_verified
accepted,3,protected,measured,users,63,663.0,,1,1349.218128,state_verified
accepted,3,protected,measured,users,64,702.0,,1,1349.218128,state_verified
accepted,3,protected,measured,users,65,652.0,,1,1349.218128,state_verified
accepted,3,protected,measured,users,66,655.0,,1,1349.218128,state_verified
accepted,3,protected,measured,users,67,651.0,,1,1349.218128,state_verified
accepted,3,protected,measured,users,68,704.0,,1,1349.218128,state_verified
accepted,3,protected,measured,users,69,680.0,,1,1349.218128,state_verified
accepted,3,protected,measured,users,70,683.0,,1,1349.218128,state_verified
accepted,3,protected,measured,users,71,672.0,,1,1349.218128,state_verified
accepted,3,protected,measured,users,72,699.0,,1,1349.218128,state_verified
accepted,3,protected,measured,users,73,688.0,,1,1349.218128,state_verified
accepted,3,protected,measured,users,74,649.0,,1,1349.218128,state_verified
accepted,3,protected,measured,users,75,648.0,,1,1349.218128,state_verified
accepted,3,protected,measured,users,76,636.0,,1,1349.218128,state_verified
accepted,3,protected,measured,users,77,641.0,,1,1349.218128,state_verified
accepted,3,protected,measured,users,78,662.0,,1,1349.218128,state_verified
accepted,3,protected,measured,users,79,665.0,,1,1349.218128,state_verified
accepted,3,protected,measured,users,80,783.0,,1,1349.218128,state_verified
accepted,3,protected,measured,users,81,667.0,,1,1349.218128,state_verified
accepted,3,protected,measured,users,82,633.0,,1,1349.218128,state_verified
accepted,3,protected,measured,users,83,613.0,,1,1349.218128,state_verified
accepted,3,protected,measured,users,84,662.0,,1,1349.218128,state_verified
accepted,3,protected,measured,users,85,655.0,,1,1349.218128,state_verified
accepted,3,protected,measured,users,86,696.0,,1,1349.218128,state_verified
accepted,3,protected,measured,users,87,746.0,,1,1349.218128,state_verified
accepted,3,protected,measured,users,88,873.0,,1,1349.218128,state_verified
accepted,3,protected,measured,users,89,872.0,,1,1349.218128,state_verified
accepted,3,protected,measured,users,90,796.0,,1,1349.218128,state_verified
accepted,3,protected,measured,users,91,715.0,,1,1349.218128,state_verified
accepted,3,protected,measured,users,92,688.0,,1,1349.218128,state_verified
accepted,3,protected,measured,users,93,774.0,,1,1349.218128,state_verified
accepted,3,protected,measured,users,94,777.0,,1,1349.218128,state_verified
accepted,3,protected,measured,users,95,649.0,,1,1349.218128,state_verified
accepted,3,protected,measured,users,96,619.0,,1,1349.218128,state_verified
accepted,3,protected,measured,users,97,616.0,,1,1349.218128,state_verified
accepted,3,protected,measured,users,98,667.0,,1,1349.218128,state_verified
accepted,3,protected,measured,users,99,820.0,,1,1349.218128,state_verified
accepted,3,protected,measured,users,100,749.0,,1,1349.218128,state_verified
accepted,3,protected,measured,users,101,753.0,,1,1349.218128,state_verified
accepted,3,protected,measured,users,102,630.0,,1,1349.218128,state_verified
accepted,3,protected,measured,users,103,704.0,,1,1349.218128,state_verified
accepted,3,protected,measured,users,104,757.0,,1,1349.218128,state_verified
accepted,3,protected,measured,users,105,748.0,,1,1349.218128,state_verified
accepted,3,protected,measured,users,106,727.0,,1,1349.218128,state_verified
accepted,3,protected,measured,users,107,646.0,,1,1349.218128,state_verified
accepted,3,protected,measured,users,108,655.0,,1,1349.218128,state_verified
accepted,3,protected,measured,users,109,605.0,,1,1349.218128,state_verified
accepted,3,protected,measured,users,110,631.0,,1,1349.218128,state_verified
accepted,3,protected,measured,users,111,938.0,,1,1349.218128,state_verified
accepted,3,protected,measured,users,112,937.0,,1,1349.218128,state_verified
accepted,3,protected,measured,users,113,969.0,,1,1349.218128,state_verified
accepted,3,protected,measured,users,114,984.0,,1,1349.218128,state_verified
accepted,3,protected,measured,users,115,667.0,,1,1349.218128,state_verified
accepted,3,protected,measured,users,116,603.0,,1,1349.218128,state_verified
accepted,3,protected,measured,users,117,595.0,,1,1349.218128,state_verified
accepted,3,protected,measured,users,118,586.0,,1,1349.218128,state_verified
accepted,3,protected,measured,users,119,693.0,,1,1349.218128,state_verified
accepted,3,protected,measured,users,120,741.0,,1,1349.218128,state_verified
accepted,3,protected,measured,users,121,618.0,,1,1349.218128,state_verified
accepted,3,protected,measured,users,122,608.0,,1,1349.218128,state_verified
accepted,3,protected,measured,users,123,683.0,,1,1349.218128,state_verified
accepted,3,protected,measured,users,124,689.0,,1,1349.218128,state_verified
accepted,3,protected,measured,users,125,606.0,,1,1349.218128,state_verified
accepted,3,protected,measured,users,126,596.0,,1,1349.218128,state_verified
accepted,3,protected,measured,users,127,623.0,,1,1349.218128,state_verified
accepted,3,protected,measured,users,128,600.0,,1,1349.218128,state_verified
accepted,3,protected,measured,users,129,581.0,,1,1349.218128,state_verified
accepted,3,protected,measured,users,130,566.0,,1,1349.218128,state_verified
accepted,3,protected,measured,users,131,668.0,,1,1349.218128,state_verified
accepted,3,protected,measured,users,132,631.0,,1,1349.218128,state_verified
accepted,3,protected,measured,users,133,619.0,,1,1349.218128,state_verified
accepted,3,protected,measured,users,134,635.0,,1,1349.218128,state_verified
accepted,3,protected,measured,users,135,654.0,,1,1349.218128,state_verified
accepted,3,protected,measured,users,136,600.0,,1,1349.218128,state_verified
accepted,3,protected,measured,users,137,590.0,,1,1349.218128,state_verified
accepted,3,protected,measured,users,138,612.0,,1,1349.218128,state_verified
accepted,3,protected,measured,users,139,696.0,,1,1349.218128,state_verified
accepted,3,protected,measured,users,140,768.0,,1,1349.218128,state_verified
accepted,3,protected,measured,users,141,703.0,,1,1349.218128,state_verified
accepted,3,protected,measured,users,142,593.0,,1,1349.218128,state_verified
accepted,3,protected,measured,users,143,588.0,,1,1349.218128,state_verified
accepted,3,protected,measured,users,144,661.0,,1,1349.218128,state_verified
accepted,3,protected,measured,users,145,739.0,,1,1349.218128,state_verified
accepted,3,protected,measured,users,146,637.0,,1,1349.218128,state_verified
accepted,3,protected,measured,users,147,632.0,,1,1349.218128,state_verified
accepted,3,protected,measured,users,148,631.0,,1,1349.218128,state_verified
accepted,3,protected,measured,users,149,599.0,,1,1349.218128,state_verified
accepted,3,protected,measured,users,150,650.0,,1,1349.218128,state_verified
accepted,3,protected,measured,users,151,727.0,,1,1349.218128,state_verified
accepted,3,protected,measured,users,152,714.0,,1,1349.218128,state_verified
accepted,3,protected,measured,users,153,621.0,,1,1349.218128,state_verified
accepted,3,protected,measured,users,154,695.0,,1,1349.218128,state_verified
accepted,3,protected,measured,users,155,859.0,,1,1349.218128,state_verified
accepted,3,protected,measured,users,156,910.0,,1,1349.218128,state_verified
accepted,3,protected,measured,users,157,947.0,,1,1349.218128,state_verified
accepted,3,protected,measured,users,158,924.0,,1,1349.218128,state_verified
accepted,3,protected,measured,users,159,982.0,,1,1349.218128,state_verified
accepted,3,protected,measured,users,160,872.0,,1,1349.218128,state_verified
accepted,3,protected,measured,users,161,1004.0,,1,1349.218128,state_verified
accepted,3,protected,measured,users,162,1160.0,,1,1349.218128,state_verified
accepted,3,protected,measured,users,163,878.0,,1,1349.218128,state_verified
accepted,3,protected,measured,users,164,795.0,,1,1349.218128,state_verified
accepted,3,protected,measured,users,165,730.0,,1,1349.218128,state_verified
accepted,3,protected,measured,users,166,682.0,,1,1349.218128,state_verified
accepted,3,protected,measured,users,167,684.0,,1,1349.218128,state_verified
accepted,3,protected,measured,users,168,674.0,,1,1349.218128,state_verified
accepted,3,protected,measured,users,169,692.0,,1,1349.218128,state_verified
accepted,3,protected,measured,users,170,661.0,,1,1349.218128,state_verified
accepted,3,protected,measured,users,171,704.0,,1,1349.218128,state_verified
accepted,3,protected,measured,users,172,639.0,,1,1349.218128,state_verified
accepted,3,protected,measured,users,173,666.0,,1,1349.218128,state_verified
accepted,3,protected,measured,users,174,671.0,,1,1349.218128,state_verified
accepted,3,protected,measured,users,175,1029.0,,1,1349.218128,state_verified
accepted,3,protected,measured,users,176,1203.0,,1,1349.218128,state_verified
accepted,3,protected,measured,users,177,1493.0,,1,1349.218128,state_verified
accepted,3,protected,measured,users,178,1341.0,,1,1349.218128,state_verified
accepted,3,protected,measured,users,179,762.0,,1,1349.218128,state_verified
accepted,3,protected,measured,users,180,746.0,,1,1349.218128,state_verified
accepted,3,protected,measured,users,181,728.0,,1,1349.218128,state_verified
accepted,3,protected,measured,users,182,779.0,,1,1349.218128,state_verified
accepted,3,protected,measured,users,183,655.0,,1,1349.218128,state_verified
accepted,3,protected,measured,users,184,602.0,,1,1349.218128,state_verified
accepted,3,protected,measured,users,185,646.0,,1,1349.218128,state_verified
accepted,3,protected,measured,users,186,603.0,,1,1349.218128,state_verified
accepted,3,protected,measured,users,187,756.0,,1,1349.218128,state_verified
accepted,3,protected,measured,users,188,597.0,,1,1349.218128,state_verified
accepted,3,protected,measured,users,189,605.0,,1,1349.218128,state_verified
accepted,3,protected,measured,users,190,681.0,,1,1349.218128,state_verified
accepted,3,protected,measured,users,191,660.0,,1,1349.218128,state_verified
accepted,3,protected,measured,users,192,620.0,,1,1349.218128,state_verified
accepted,3,protected,measured,users,193,635.0,,1,1349.218128,state_verified
accepted,3,protected,measured,users,194,609.0,,1,1349.218128,state_verified
accepted,3,protected,measured,users,195,585.0,,1,1349.218128,state_verified
accepted,3,protected,measured,users,196,601.0,,1,1349.218128,state_verified
accepted,3,protected,measured,users,197,590.0,,1,1349.218128,state_verified
accepted,3,protected,measured,users,198,649.0,,1,1349.218128,state_verified
accepted,3,protected,measured,users,199,666.0,,1,1349.218128,state_verified
accepted,3,protected,measured,users,200,587.0,,1,1349.218128,state_verified
accepted,3,baseline,measured,refunds,1,3367.0,,1,1429.899192,state_verified
accepted,3,baseline,measured,refunds,2,791.0,,1,1429.899192,state_verified
accepted,3,baseline,measured,refunds,3,769.0,,1,1429.899192,state_verified
accepted,3,baseline,measured,refunds,4,783.0,,1,1429.899192,state_verified
accepted,3,baseline,measured,refunds,5,776.0,,1,1429.899192,state_verified
accepted,3,baseline,measured,refunds,6,716.0,,1,1429.899192,state_verified
accepted,3,baseline,measured,refunds,7,631.0,,1,1429.899192,state_verified
accepted,3,baseline,measured,refunds,8,609.0,,1,1429.899192,state_verified
accepted,3,baseline,measured,refunds,9,622.0,,1,1429.899192,state_verified
accepted,3,baseline,measured,refunds,10,611.0,,1,1429.899192,state_verified
accepted,3,baseline,measured,refunds,11,616.0,,1,1429.899192,state_verified
accepted,3,baseline,measured,refunds,12,745.0,,1,1429.899192,state_verified
accepted,3,baseline,measured,refunds,13,721.0,,1,1429.899192,state_verified
accepted,3,baseline,measured,refunds,14,1028.0,,1,1429.899192,state_verified
accepted,3,baseline,measured,refunds,15,946.0,,1,1429.899192,state_verified
accepted,3,baseline,measured,refunds,16,947.0,,1,1429.899192,state_verified
accepted,3,baseline,measured,refunds,17,898.0,,1,1429.899192,state_verified
accepted,3,baseline,measured,refunds,18,647.0,,1,1429.899192,state_verified
accepted,3,baseline,measured,refunds,19,636.0,,1,1429.899192,state_verified
accepted,3,baseline,measured,refunds,20,635.0,,1,1429.899192,state_verified
accepted,3,baseline,measured,refunds,21,677.0,,1,1429.899192,state_verified
accepted,3,baseline,measured,refunds,22,736.0,,1,1429.899192,state_verified
accepted,3,baseline,measured,refunds,23,989.0,,1,1429.899192,state_verified
accepted,3,baseline,measured,refunds,24,664.0,,1,1429.899192,state_verified
accepted,3,baseline,measured,refunds,25,652.0,,1,1429.899192,state_verified
accepted,3,baseline,measured,refunds,26,667.0,,1,1429.899192,state_verified
accepted,3,baseline,measured,refunds,27,631.0,,1,1429.899192,state_verified
accepted,3,baseline,measured,refunds,28,626.0,,1,1429.899192,state_verified
accepted,3,baseline,measured,refunds,29,628.0,,1,1429.899192,state_verified
accepted,3,baseline,measured,refunds,30,594.0,,1,1429.899192,state_verified
accepted,3,baseline,measured,refunds,31,615.0,,1,1429.899192,state_verified
accepted,3,baseline,measured,refunds,32,600.0,,1,1429.899192,state_verified
accepted,3,baseline,measured,refunds,33,612.0,,1,1429.899192,state_verified
accepted,3,baseline,measured,refunds,34,602.0,,1,1429.899192,state_verified
accepted,3,baseline,measured,refunds,35,604.0,,1,1429.899192,state_verified
accepted,3,baseline,measured,refunds,36,701.0,,1,1429.899192,state_verified
accepted,3,baseline,measured,refunds,37,683.0,,1,1429.899192,state_verified
accepted,3,baseline,measured,refunds,38,653.0,,1,1429.899192,state_verified
accepted,3,baseline,measured,refunds,39,607.0,,1,1429.899192,state_verified
accepted,3,baseline,measured,refunds,40,612.0,,1,1429.899192,state_verified
accepted,3,baseline,measured,refunds,41,598.0,,1,1429.899192,state_verified
accepted,3,baseline,measured,refunds,42,590.0,,1,1429.899192,state_verified
accepted,3,baseline,measured,refunds,43,609.0,,1,1429.899192,state_verified
accepted,3,baseline,measured,refunds,44,577.0,,1,1429.899192,state_verified
accepted,3,baseline,measured,refunds,45,628.0,,1,1429.899192,state_verified
accepted,3,baseline,measured,refunds,46,649.0,,1,1429.899192,state_verified
accepted,3,baseline,measured,refunds,47,615.0,,1,1429.899192,state_verified
accepted,3,baseline,measured,refunds,48,615.0,,1,1429.899192,state_verified
accepted,3,baseline,measured,refunds,49,650.0,,1,1429.899192,state_verified
accepted,3,baseline,measured,refunds,50,610.0,,1,1429.899192,state_verified
accepted,3,baseline,measured,refunds,51,652.0,,1,1429.899192,state_verified
accepted,3,baseline,measured,refunds,52,624.0,,1,1429.899192,state_verified
accepted,3,baseline,measured,refunds,53,612.0,,1,1429.899192,state_verified
accepted,3,baseline,measured,refunds,54,621.0,,1,1429.899192,state_verified
accepted,3,baseline,measured,refunds,55,606.0,,1,1429.899192,state_verified
accepted,3,baseline,measured,refunds,56,603.0,,1,1429.899192,state_verified
accepted,3,baseline,measured,refunds,57,616.0,,1,1429.899192,state_verified
accepted,3,baseline,measured,refunds,58,600.0,,1,1429.899192,state_verified
accepted,3,baseline,measured,refunds,59,592.0,,1,1429.899192,state_verified
accepted,3,baseline,measured,refunds,60,595.0,,1,1429.899192,state_verified
accepted,3,baseline,measured,refunds,61,598.0,,1,1429.899192,state_verified
accepted,3,baseline,measured,refunds,62,634.0,,1,1429.899192,state_verified
accepted,3,baseline,measured,refunds,63,581.0,,1,1429.899192,state_verified
accepted,3,baseline,measured,refunds,64,615.0,,1,1429.899192,state_verified
accepted,3,baseline,measured,refunds,65,652.0,,1,1429.899192,state_verified
accepted,3,baseline,measured,refunds,66,621.0,,1,1429.899192,state_verified
accepted,3,baseline,measured,refunds,67,606.0,,1,1429.899192,state_verified
accepted,3,baseline,measured,refunds,68,605.0,,1,1429.899192,state_verified
accepted,3,baseline,measured,refunds,69,611.0,,1,1429.899192,state_verified
accepted,3,baseline,measured,refunds,70,617.0,,1,1429.899192,state_verified
accepted,3,baseline,measured,refunds,71,614.0,,1,1429.899192,state_verified
accepted,3,baseline,measured,refunds,72,616.0,,1,1429.899192,state_verified
accepted,3,baseline,measured,refunds,73,607.0,,1,1429.899192,state_verified
accepted,3,baseline,measured,refunds,74,594.0,,1,1429.899192,state_verified
accepted,3,baseline,measured,refunds,75,619.0,,1,1429.899192,state_verified
accepted,3,baseline,measured,refunds,76,623.0,,1,1429.899192,state_verified
accepted,3,baseline,measured,refunds,77,599.0,,1,1429.899192,state_verified
accepted,3,baseline,measured,refunds,78,935.0,,1,1429.899192,state_verified
accepted,3,baseline,measured,refunds,79,948.0,,1,1429.899192,state_verified
accepted,3,baseline,measured,refunds,80,935.0,,1,1429.899192,state_verified
accepted,3,baseline,measured,refunds,81,928.0,,1,1429.899192,state_verified
accepted,3,baseline,measured,refunds,82,626.0,,1,1429.899192,state_verified
accepted,3,baseline,measured,refunds,83,659.0,,1,1429.899192,state_verified
accepted,3,baseline,measured,refunds,84,602.0,,1,1429.899192,state_verified
accepted,3,baseline,measured,refunds,85,638.0,,1,1429.899192,state_verified
accepted,3,baseline,measured,refunds,86,632.0,,1,1429.899192,state_verified
accepted,3,baseline,measured,refunds,87,633.0,,1,1429.899192,state_verified
accepted,3,baseline,measured,refunds,88,693.0,,1,1429.899192,state_verified
accepted,3,baseline,measured,refunds,89,665.0,,1,1429.899192,state_verified
accepted,3,baseline,measured,refunds,90,641.0,,1,1429.899192,state_verified
accepted,3,baseline,measured,refunds,91,754.0,,1,1429.899192,state_verified
accepted,3,baseline,measured,refunds,92,1064.0,,1,1429.899192,state_verified
accepted,3,baseline,measured,refunds,93,837.0,,1,1429.899192,state_verified
accepted,3,baseline,measured,refunds,94,811.0,,1,1429.899192,state_verified
accepted,3,baseline,measured,refunds,95,747.0,,1,1429.899192,state_verified
accepted,3,baseline,measured,refunds,96,693.0,,1,1429.899192,state_verified
accepted,3,baseline,measured,refunds,97,636.0,,1,1429.899192,state_verified
accepted,3,baseline,measured,refunds,98,625.0,,1,1429.899192,state_verified
accepted,3,baseline,measured,refunds,99,640.0,,1,1429.899192,state_verified
accepted,3,baseline,measured,refunds,100,671.0,,1,1429.899192,state_verified
accepted,3,baseline,measured,refunds,101,691.0,,1,1429.899192,state_verified
accepted,3,baseline,measured,refunds,102,645.0,,1,1429.899192,state_verified
accepted,3,baseline,measured,refunds,103,629.0,,1,1429.899192,state_verified
accepted,3,baseline,measured,refunds,104,687.0,,1,1429.899192,state_verified
accepted,3,baseline,measured,refunds,105,631.0,,1,1429.899192,state_verified
accepted,3,baseline,measured,refunds,106,633.0,,1,1429.899192,state_verified
accepted,3,baseline,measured,refunds,107,634.0,,1,1429.899192,state_verified
accepted,3,baseline,measured,refunds,108,687.0,,1,1429.899192,state_verified
accepted,3,baseline,measured,refunds,109,654.0,,1,1429.899192,state_verified
accepted,3,baseline,measured,refunds,110,693.0,,1,1429.899192,state_verified
accepted,3,baseline,measured,refunds,111,606.0,,1,1429.899192,state_verified
accepted,3,baseline,measured,refunds,112,633.0,,1,1429.899192,state_verified
accepted,3,baseline,measured,refunds,113,643.0,,1,1429.899192,state_verified
accepted,3,baseline,measured,refunds,114,583.0,,1,1429.899192,state_verified
accepted,3,baseline,measured,refunds,115,594.0,,1,1429.899192,state_verified
accepted,3,baseline,measured,refunds,116,626.0,,1,1429.899192,state_verified
accepted,3,baseline,measured,refunds,117,592.0,,1,1429.899192,state_verified
accepted,3,baseline,measured,refunds,118,654.0,,1,1429.899192,state_verified
accepted,3,baseline,measured,refunds,119,606.0,,1,1429.899192,state_verified
accepted,3,baseline,measured,refunds,120,633.0,,1,1429.899192,state_verified
accepted,3,baseline,measured,refunds,121,622.0,,1,1429.899192,state_verified
accepted,3,baseline,measured,refunds,122,690.0,,1,1429.899192,state_verified
accepted,3,baseline,measured,refunds,123,627.0,,1,1429.899192,state_verified
accepted,3,baseline,measured,refunds,124,641.0,,1,1429.899192,state_verified
accepted,3,baseline,measured,refunds,125,602.0,,1,1429.899192,state_verified
accepted,3,baseline,measured,refunds,126,629.0,,1,1429.899192,state_verified
accepted,3,baseline,measured,refunds,127,750.0,,1,1429.899192,state_verified
accepted,3,baseline,measured,refunds,128,1022.0,,1,1429.899192,state_verified
accepted,3,baseline,measured,refunds,129,649.0,,1,1429.899192,state_verified
accepted,3,baseline,measured,refunds,130,696.0,,1,1429.899192,state_verified
accepted,3,baseline,measured,refunds,131,654.0,,1,1429.899192,state_verified
accepted,3,baseline,measured,refunds,132,686.0,,1,1429.899192,state_verified
accepted,3,baseline,measured,refunds,133,623.0,,1,1429.899192,state_verified
accepted,3,baseline,measured,refunds,134,646.0,,1,1429.899192,state_verified
accepted,3,baseline,measured,refunds,135,633.0,,1,1429.899192,state_verified
accepted,3,baseline,measured,refunds,136,647.0,,1,1429.899192,state_verified
accepted,3,baseline,measured,refunds,137,652.0,,1,1429.899192,state_verified
accepted,3,baseline,measured,refunds,138,594.0,,1,1429.899192,state_verified
accepted,3,baseline,measured,refunds,139,645.0,,1,1429.899192,state_verified
accepted,3,baseline,measured,refunds,140,617.0,,1,1429.899192,state_verified
accepted,3,baseline,measured,refunds,141,624.0,,1,1429.899192,state_verified
accepted,3,baseline,measured,refunds,142,910.0,,1,1429.899192,state_verified
accepted,3,baseline,measured,refunds,143,975.0,,1,1429.899192,state_verified
accepted,3,baseline,measured,refunds,144,1064.0,,1,1429.899192,state_verified
accepted,3,baseline,measured,refunds,145,1200.0,,1,1429.899192,state_verified
accepted,3,baseline,measured,refunds,146,698.0,,1,1429.899192,state_verified
accepted,3,baseline,measured,refunds,147,649.0,,1,1429.899192,state_verified
accepted,3,baseline,measured,refunds,148,622.0,,1,1429.899192,state_verified
accepted,3,baseline,measured,refunds,149,712.0,,1,1429.899192,state_verified
accepted,3,baseline,measured,refunds,150,708.0,,1,1429.899192,state_verified
accepted,3,baseline,measured,refunds,151,721.0,,1,1429.899192,state_verified
accepted,3,baseline,measured,refunds,152,827.0,,1,1429.899192,state_verified
accepted,3,baseline,measured,refunds,153,871.0,,1,1429.899192,state_verified
accepted,3,baseline,measured,refunds,154,873.0,,1,1429.899192,state_verified
accepted,3,baseline,measured,refunds,155,1282.0,,1,1429.899192,state_verified
accepted,3,baseline,measured,refunds,156,1020.0,,1,1429.899192,state_verified
accepted,3,baseline,measured,refunds,157,698.0,,1,1429.899192,state_verified
accepted,3,baseline,measured,refunds,158,675.0,,1,1429.899192,state_verified
accepted,3,baseline,measured,refunds,159,741.0,,1,1429.899192,state_verified
accepted,3,baseline,measured,refunds,160,658.0,,1,1429.899192,state_verified
accepted,3,baseline,measured,refunds,161,639.0,,1,1429.899192,state_verified
accepted,3,baseline,measured,refunds,162,618.0,,1,1429.899192,state_verified
accepted,3,baseline,measured,refunds,163,600.0,,1,1429.899192,state_verified
accepted,3,baseline,measured,refunds,164,615.0,,1,1429.899192,state_verified
accepted,3,baseline,measured,refunds,165,609.0,,1,1429.899192,state_verified
accepted,3,baseline,measured,refunds,166,632.0,,1,1429.899192,state_verified
accepted,3,baseline,measured,refunds,167,614.0,,1,1429.899192,state_verified
accepted,3,baseline,measured,refunds,168,633.0,,1,1429.899192,state_verified
accepted,3,baseline,measured,refunds,169,630.0,,1,1429.899192,state_verified
accepted,3,baseline,measured,refunds,170,663.0,,1,1429.899192,state_verified
accepted,3,baseline,measured,refunds,171,611.0,,1,1429.899192,state_verified
accepted,3,baseline,measured,refunds,172,687.0,,1,1429.899192,state_verified
accepted,3,baseline,measured,refunds,173,673.0,,1,1429.899192,state_verified
accepted,3,baseline,measured,refunds,174,640.0,,1,1429.899192,state_verified
accepted,3,baseline,measured,refunds,175,614.0,,1,1429.899192,state_verified
accepted,3,baseline,measured,refunds,176,644.0,,1,1429.899192,state_verified
accepted,3,baseline,measured,refunds,177,668.0,,1,1429.899192,state_verified
accepted,3,baseline,measured,refunds,178,665.0,,1,1429.899192,state_verified
accepted,3,baseline,measured,refunds,179,659.0,,1,1429.899192,state_verified
accepted,3,baseline,measured,refunds,180,671.0,,1,1429.899192,state_verified
accepted,3,baseline,measured,refunds,181,658.0,,1,1429.899192,state_verified
accepted,3,baseline,measured,refunds,182,692.0,,1,1429.899192,state_verified
accepted,3,baseline,measured,refunds,183,647.0,,1,1429.899192,state_verified
accepted,3,baseline,measured,refunds,184,600.0,,1,1429.899192,state_verified
accepted,3,baseline,measured,refunds,185,609.0,,1,1429.899192,state_verified
accepted,3,baseline,measured,refunds,186,626.0,,1,1429.899192,state_verified
accepted,3,baseline,measured,refunds,187,633.0,,1,1429.899192,state_verified
accepted,3,baseline,measured,refunds,188,634.0,,1,1429.899192,state_verified
accepted,3,baseline,measured,refunds,189,608.0,,1,1429.899192,state_verified
accepted,3,baseline,measured,refunds,190,619.0,,1,1429.899192,state_verified
accepted,3,baseline,measured,refunds,191,613.0,,1,1429.899192,state_verified
accepted,3,baseline,measured,refunds,192,611.0,,1,1429.899192,state_verified
accepted,3,baseline,measured,refunds,193,609.0,,1,1429.899192,state_verified
accepted,3,baseline,measured,refunds,194,636.0,,1,1429.899192,state_verified
accepted,3,baseline,measured,refunds,195,603.0,,1,1429.899192,state_verified
accepted,3,baseline,measured,refunds,196,617.0,,1,1429.899192,state_verified
accepted,3,baseline,measured,refunds,197,593.0,,1,1429.899192,state_verified
accepted,3,baseline,measured,refunds,198,622.0,,1,1429.899192,state_verified
accepted,3,baseline,measured,refunds,199,586.0,,1,1429.899192,state_verified
accepted,3,baseline,measured,refunds,200,615.0,,1,1429.899192,state_verified
accepted,3,protected,measured,refunds,1,3350.0,,1,1375.269897,state_verified
accepted,3,protected,measured,refunds,2,813.0,,1,1375.269897,state_verified
accepted,3,protected,measured,refunds,3,709.0,,1,1375.269897,state_verified
accepted,3,protected,measured,refunds,4,845.0,,1,1375.269897,state_verified
accepted,3,protected,measured,refunds,5,753.0,,1,1375.269897,state_verified
accepted,3,protected,measured,refunds,6,787.0,,1,1375.269897,state_verified
accepted,3,protected,measured,refunds,7,660.0,,1,1375.269897,state_verified
accepted,3,protected,measured,refunds,8,657.0,,1,1375.269897,state_verified
accepted,3,protected,measured,refunds,9,681.0,,1,1375.269897,state_verified
accepted,3,protected,measured,refunds,10,736.0,,1,1375.269897,state_verified
accepted,3,protected,measured,refunds,11,784.0,,1,1375.269897,state_verified
accepted,3,protected,measured,refunds,12,788.0,,1,1375.269897,state_verified
accepted,3,protected,measured,refunds,13,699.0,,1,1375.269897,state_verified
accepted,3,protected,measured,refunds,14,683.0,,1,1375.269897,state_verified
accepted,3,protected,measured,refunds,15,696.0,,1,1375.269897,state_verified
accepted,3,protected,measured,refunds,16,623.0,,1,1375.269897,state_verified
accepted,3,protected,measured,refunds,17,623.0,,1,1375.269897,state_verified
accepted,3,protected,measured,refunds,18,665.0,,1,1375.269897,state_verified
accepted,3,protected,measured,refunds,19,651.0,,1,1375.269897,state_verified
accepted,3,protected,measured,refunds,20,685.0,,1,1375.269897,state_verified
accepted,3,protected,measured,refunds,21,701.0,,1,1375.269897,state_verified
accepted,3,protected,measured,refunds,22,717.0,,1,1375.269897,state_verified
accepted,3,protected,measured,refunds,23,745.0,,1,1375.269897,state_verified
accepted,3,protected,measured,refunds,24,676.0,,1,1375.269897,state_verified
accepted,3,protected,measured,refunds,25,658.0,,1,1375.269897,state_verified
accepted,3,protected,measured,refunds,26,675.0,,1,1375.269897,state_verified
accepted,3,protected,measured,refunds,27,657.0,,1,1375.269897,state_verified
accepted,3,protected,measured,refunds,28,687.0,,1,1375.269897,state_verified
accepted,3,protected,measured,refunds,29,759.0,,1,1375.269897,state_verified
accepted,3,protected,measured,refunds,30,658.0,,1,1375.269897,state_verified
accepted,3,protected,measured,refunds,31,671.0,,1,1375.269897,state_verified
accepted,3,protected,measured,refunds,32,639.0,,1,1375.269897,state_verified
accepted,3,protected,measured,refunds,33,637.0,,1,1375.269897,state_verified
accepted,3,protected,measured,refunds,34,650.0,,1,1375.269897,state_verified
accepted,3,protected,measured,refunds,35,652.0,,1,1375.269897,state_verified
accepted,3,protected,measured,refunds,36,655.0,,1,1375.269897,state_verified
accepted,3,protected,measured,refunds,37,659.0,,1,1375.269897,state_verified
accepted,3,protected,measured,refunds,38,657.0,,1,1375.269897,state_verified
accepted,3,protected,measured,refunds,39,639.0,,1,1375.269897,state_verified
accepted,3,protected,measured,refunds,40,653.0,,1,1375.269897,state_verified
accepted,3,protected,measured,refunds,41,663.0,,1,1375.269897,state_verified
accepted,3,protected,measured,refunds,42,604.0,,1,1375.269897,state_verified
accepted,3,protected,measured,refunds,43,645.0,,1,1375.269897,state_verified
accepted,3,protected,measured,refunds,44,644.0,,1,1375.269897,state_verified
accepted,3,protected,measured,refunds,45,641.0,,1,1375.269897,state_verified
accepted,3,protected,measured,refunds,46,630.0,,1,1375.269897,state_verified
accepted,3,protected,measured,refunds,47,653.0,,1,1375.269897,state_verified
accepted,3,protected,measured,refunds,48,712.0,,1,1375.269897,state_verified
accepted,3,protected,measured,refunds,49,764.0,,1,1375.269897,state_verified
accepted,3,protected,measured,refunds,50,703.0,,1,1375.269897,state_verified
accepted,3,protected,measured,refunds,51,708.0,,1,1375.269897,state_verified
accepted,3,protected,measured,refunds,52,658.0,,1,1375.269897,state_verified
accepted,3,protected,measured,refunds,53,634.0,,1,1375.269897,state_verified
accepted,3,protected,measured,refunds,54,659.0,,1,1375.269897,state_verified
accepted,3,protected,measured,refunds,55,677.0,,1,1375.269897,state_verified
accepted,3,protected,measured,refunds,56,674.0,,1,1375.269897,state_verified
accepted,3,protected,measured,refunds,57,1018.0,,1,1375.269897,state_verified
accepted,3,protected,measured,refunds,58,994.0,,1,1375.269897,state_verified
accepted,3,protected,measured,refunds,59,1054.0,,1,1375.269897,state_verified
accepted,3,protected,measured,refunds,60,1006.0,,1,1375.269897,state_verified
accepted,3,protected,measured,refunds,61,674.0,,1,1375.269897,state_verified
accepted,3,protected,measured,refunds,62,659.0,,1,1375.269897,state_verified
accepted,3,protected,measured,refunds,63,629.0,,1,1375.269897,state_verified
accepted,3,protected,measured,refunds,64,675.0,,1,1375.269897,state_verified
accepted,3,protected,measured,refunds,65,649.0,,1,1375.269897,state_verified
accepted,3,protected,measured,refunds,66,622.0,,1,1375.269897,state_verified
accepted,3,protected,measured,refunds,67,652.0,,1,1375.269897,state_verified
accepted,3,protected,measured,refunds,68,649.0,,1,1375.269897,state_verified
accepted,3,protected,measured,refunds,69,616.0,,1,1375.269897,state_verified
accepted,3,protected,measured,refunds,70,656.0,,1,1375.269897,state_verified
accepted,3,protected,measured,refunds,71,610.0,,1,1375.269897,state_verified
accepted,3,protected,measured,refunds,72,629.0,,1,1375.269897,state_verified
accepted,3,protected,measured,refunds,73,615.0,,1,1375.269897,state_verified
accepted,3,protected,measured,refunds,74,618.0,,1,1375.269897,state_verified
accepted,3,protected,measured,refunds,75,635.0,,1,1375.269897,state_verified
accepted,3,protected,measured,refunds,76,599.0,,1,1375.269897,state_verified
accepted,3,protected,measured,refunds,77,650.0,,1,1375.269897,state_verified
accepted,3,protected,measured,refunds,78,692.0,,1,1375.269897,state_verified
accepted,3,protected,measured,refunds,79,682.0,,1,1375.269897,state_verified
accepted,3,protected,measured,refunds,80,709.0,,1,1375.269897,state_verified
accepted,3,protected,measured,refunds,81,701.0,,1,1375.269897,state_verified
accepted,3,protected,measured,refunds,82,621.0,,1,1375.269897,state_verified
accepted,3,protected,measured,refunds,83,639.0,,1,1375.269897,state_verified
accepted,3,protected,measured,refunds,84,668.0,,1,1375.269897,state_verified
accepted,3,protected,measured,refunds,85,653.0,,1,1375.269897,state_verified
accepted,3,protected,measured,refunds,86,644.0,,1,1375.269897,state_verified
accepted,3,protected,measured,refunds,87,673.0,,1,1375.269897,state_verified
accepted,3,protected,measured,refunds,88,675.0,,1,1375.269897,state_verified
accepted,3,protected,measured,refunds,89,657.0,,1,1375.269897,state_verified
accepted,3,protected,measured,refunds,90,646.0,,1,1375.269897,state_verified
accepted,3,protected,measured,refunds,91,636.0,,1,1375.269897,state_verified
accepted,3,protected,measured,refunds,92,636.0,,1,1375.269897,state_verified
accepted,3,protected,measured,refunds,93,645.0,,1,1375.269897,state_verified
accepted,3,protected,measured,refunds,94,622.0,,1,1375.269897,state_verified
accepted,3,protected,measured,refunds,95,663.0,,1,1375.269897,state_verified
accepted,3,protected,measured,refunds,96,731.0,,1,1375.269897,state_verified
accepted,3,protected,measured,refunds,97,715.0,,1,1375.269897,state_verified
accepted,3,protected,measured,refunds,98,762.0,,1,1375.269897,state_verified
accepted,3,protected,measured,refunds,99,727.0,,1,1375.269897,state_verified
accepted,3,protected,measured,refunds,100,735.0,,1,1375.269897,state_verified
accepted,3,protected,measured,refunds,101,732.0,,1,1375.269897,state_verified
accepted,3,protected,measured,refunds,102,784.0,,1,1375.269897,state_verified
accepted,3,protected,measured,refunds,103,822.0,,1,1375.269897,state_verified
accepted,3,protected,measured,refunds,104,713.0,,1,1375.269897,state_verified
accepted,3,protected,measured,refunds,105,646.0,,1,1375.269897,state_verified
accepted,3,protected,measured,refunds,106,665.0,,1,1375.269897,state_verified
accepted,3,protected,measured,refunds,107,738.0,,1,1375.269897,state_verified
accepted,3,protected,measured,refunds,108,756.0,,1,1375.269897,state_verified
accepted,3,protected,measured,refunds,109,671.0,,1,1375.269897,state_verified
accepted,3,protected,measured,refunds,110,699.0,,1,1375.269897,state_verified
accepted,3,protected,measured,refunds,111,645.0,,1,1375.269897,state_verified
accepted,3,protected,measured,refunds,112,647.0,,1,1375.269897,state_verified
accepted,3,protected,measured,refunds,113,620.0,,1,1375.269897,state_verified
accepted,3,protected,measured,refunds,114,632.0,,1,1375.269897,state_verified
accepted,3,protected,measured,refunds,115,619.0,,1,1375.269897,state_verified
accepted,3,protected,measured,refunds,116,636.0,,1,1375.269897,state_verified
accepted,3,protected,measured,refunds,117,655.0,,1,1375.269897,state_verified
accepted,3,protected,measured,refunds,118,646.0,,1,1375.269897,state_verified
accepted,3,protected,measured,refunds,119,612.0,,1,1375.269897,state_verified
accepted,3,protected,measured,refunds,120,627.0,,1,1375.269897,state_verified
accepted,3,protected,measured,refunds,121,992.0,,1,1375.269897,state_verified
accepted,3,protected,measured,refunds,122,973.0,,1,1375.269897,state_verified
accepted,3,protected,measured,refunds,123,957.0,,1,1375.269897,state_verified
accepted,3,protected,measured,refunds,124,958.0,,1,1375.269897,state_verified
accepted,3,protected,measured,refunds,125,806.0,,1,1375.269897,state_verified
accepted,3,protected,measured,refunds,126,738.0,,1,1375.269897,state_verified
accepted,3,protected,measured,refunds,127,740.0,,1,1375.269897,state_verified
accepted,3,protected,measured,refunds,128,704.0,,1,1375.269897,state_verified
accepted,3,protected,measured,refunds,129,730.0,,1,1375.269897,state_verified
accepted,3,protected,measured,refunds,130,806.0,,1,1375.269897,state_verified
accepted,3,protected,measured,refunds,131,730.0,,1,1375.269897,state_verified
accepted,3,protected,measured,refunds,132,612.0,,1,1375.269897,state_verified
accepted,3,protected,measured,refunds,133,668.0,,1,1375.269897,state_verified
accepted,3,protected,measured,refunds,134,677.0,,1,1375.269897,state_verified
accepted,3,protected,measured,refunds,135,797.0,,1,1375.269897,state_verified
accepted,3,protected,measured,refunds,136,635.0,,1,1375.269897,state_verified
accepted,3,protected,measured,refunds,137,712.0,,1,1375.269897,state_verified
accepted,3,protected,measured,refunds,138,660.0,,1,1375.269897,state_verified
accepted,3,protected,measured,refunds,139,663.0,,1,1375.269897,state_verified
accepted,3,protected,measured,refunds,140,640.0,,1,1375.269897,state_verified
accepted,3,protected,measured,refunds,141,645.0,,1,1375.269897,state_verified
accepted,3,protected,measured,refunds,142,641.0,,1,1375.269897,state_verified
accepted,3,protected,measured,refunds,143,639.0,,1,1375.269897,state_verified
accepted,3,protected,measured,refunds,144,654.0,,1,1375.269897,state_verified
accepted,3,protected,measured,refunds,145,633.0,,1,1375.269897,state_verified
accepted,3,protected,measured,refunds,146,676.0,,1,1375.269897,state_verified
accepted,3,protected,measured,refunds,147,679.0,,1,1375.269897,state_verified
accepted,3,protected,measured,refunds,148,678.0,,1,1375.269897,state_verified
accepted,3,protected,measured,refunds,149,666.0,,1,1375.269897,state_verified
accepted,3,protected,measured,refunds,150,645.0,,1,1375.269897,state_verified
accepted,3,protected,measured,refunds,151,658.0,,1,1375.269897,state_verified
accepted,3,protected,measured,refunds,152,685.0,,1,1375.269897,state_verified
accepted,3,protected,measured,refunds,153,659.0,,1,1375.269897,state_verified
accepted,3,protected,measured,refunds,154,640.0,,1,1375.269897,state_verified
accepted,3,protected,measured,refunds,155,678.0,,1,1375.269897,state_verified
accepted,3,protected,measured,refunds,156,651.0,,1,1375.269897,state_verified
accepted,3,protected,measured,refunds,157,636.0,,1,1375.269897,state_verified
accepted,3,protected,measured,refunds,158,841.0,,1,1375.269897,state_verified
accepted,3,protected,measured,refunds,159,690.0,,1,1375.269897,state_verified
accepted,3,protected,measured,refunds,160,705.0,,1,1375.269897,state_verified
accepted,3,protected,measured,refunds,161,710.0,,1,1375.269897,state_verified
accepted,3,protected,measured,refunds,162,709.0,,1,1375.269897,state_verified
accepted,3,protected,measured,refunds,163,678.0,,1,1375.269897,state_verified
accepted,3,protected,measured,refunds,164,712.0,,1,1375.269897,state_verified
accepted,3,protected,measured,refunds,165,696.0,,1,1375.269897,state_verified
accepted,3,protected,measured,refunds,166,745.0,,1,1375.269897,state_verified
accepted,3,protected,measured,refunds,167,705.0,,1,1375.269897,state_verified
accepted,3,protected,measured,refunds,168,659.0,,1,1375.269897,state_verified
accepted,3,protected,measured,refunds,169,702.0,,1,1375.269897,state_verified
accepted,3,protected,measured,refunds,170,744.0,,1,1375.269897,state_verified
accepted,3,protected,measured,refunds,171,670.0,,1,1375.269897,state_verified
accepted,3,protected,measured,refunds,172,907.0,,1,1375.269897,state_verified
accepted,3,protected,measured,refunds,173,830.0,,1,1375.269897,state_verified
accepted,3,protected,measured,refunds,174,915.0,,1,1375.269897,state_verified
accepted,3,protected,measured,refunds,175,978.0,,1,1375.269897,state_verified
accepted,3,protected,measured,refunds,176,776.0,,1,1375.269897,state_verified
accepted,3,protected,measured,refunds,177,707.0,,1,1375.269897,state_verified
accepted,3,protected,measured,refunds,178,659.0,,1,1375.269897,state_verified
accepted,3,protected,measured,refunds,179,657.0,,1,1375.269897,state_verified
accepted,3,protected,measured,refunds,180,699.0,,1,1375.269897,state_verified
accepted,3,protected,measured,refunds,181,648.0,,1,1375.269897,state_verified
accepted,3,protected,measured,refunds,182,668.0,,1,1375.269897,state_verified
accepted,3,protected,measured,refunds,183,632.0,,1,1375.269897,state_verified
accepted,3,protected,measured,refunds,184,894.0,,1,1375.269897,state_verified
accepted,3,protected,measured,refunds,185,1026.0,,1,1375.269897,state_verified
accepted,3,protected,measured,refunds,186,1038.0,,1,1375.269897,state_verified
accepted,3,protected,measured,refunds,187,1046.0,,1,1375.269897,state_verified
accepted,3,protected,measured,refunds,188,1088.0,,1,1375.269897,state_verified
accepted,3,protected,measured,refunds,189,836.0,,1,1375.269897,state_verified
accepted,3,protected,measured,refunds,190,714.0,,1,1375.269897,state_verified
accepted,3,protected,measured,refunds,191,698.0,,1,1375.269897,state_verified
accepted,3,protected,measured,refunds,192,676.0,,1,1375.269897,state_verified
accepted,3,protected,measured,refunds,193,650.0,,1,1375.269897,state_verified
accepted,3,protected,measured,refunds,194,599.0,,1,1375.269897,state_verified
accepted,3,protected,measured,refunds,195,618.0,,1,1375.269897,state_verified
accepted,3,protected,measured,refunds,196,629.0,,1,1375.269897,state_verified
accepted,3,protected,measured,refunds,197,653.0,,1,1375.269897,state_verified
accepted,3,protected,measured,refunds,198,650.0,,1,1375.269897,state_verified
accepted,3,protected,measured,refunds,199,668.0,,1,1375.269897,state_verified
accepted,3,protected,measured,refunds,200,659.0,,1,1375.269897,state_verified
accepted,3,baseline,measured,mixed,1,4265.0,,7,1181.216298,state_verified
accepted,3,baseline,measured,mixed,2,1225.0,,7,1181.216298,state_verified
accepted,3,baseline,measured,mixed,3,1139.0,,7,1181.216298,state_verified
accepted,3,baseline,measured,mixed,4,1167.0,,7,1181.216298,state_verified
accepted,3,baseline,measured,mixed,5,1307.0,,7,1181.216298,state_verified
accepted,3,baseline,measured,mixed,6,1183.0,,7,1181.216298,state_verified
accepted,3,baseline,measured,mixed,7,938.0,,7,1181.216298,state_verified
accepted,3,baseline,measured,mixed,8,909.0,,7,1181.216298,state_verified
accepted,3,baseline,measured,mixed,9,913.0,,7,1181.216298,state_verified
accepted,3,baseline,measured,mixed,10,1056.0,,7,1181.216298,state_verified
accepted,3,baseline,measured,mixed,11,886.0,,7,1181.216298,state_verified
accepted,3,baseline,measured,mixed,12,851.0,,7,1181.216298,state_verified
accepted,3,baseline,measured,mixed,13,937.0,,7,1181.216298,state_verified
accepted,3,baseline,measured,mixed,14,872.0,,7,1181.216298,state_verified
accepted,3,baseline,measured,mixed,15,926.0,,7,1181.216298,state_verified
accepted,3,baseline,measured,mixed,16,882.0,,7,1181.216298,state_verified
accepted,3,baseline,measured,mixed,17,850.0,,7,1181.216298,state_verified
accepted,3,baseline,measured,mixed,18,864.0,,7,1181.216298,state_verified
accepted,3,baseline,measured,mixed,19,829.0,,7,1181.216298,state_verified
accepted,3,baseline,measured,mixed,20,909.0,,7,1181.216298,state_verified
accepted,3,baseline,measured,mixed,21,925.0,,7,1181.216298,state_verified
accepted,3,baseline,measured,mixed,22,840.0,,7,1181.216298,state_verified
accepted,3,baseline,measured,mixed,23,857.0,,7,1181.216298,state_verified
accepted,3,baseline,measured,mixed,24,824.0,,7,1181.216298,state_verified
accepted,3,baseline,measured,mixed,25,1177.0,,7,1181.216298,state_verified
accepted,3,baseline,measured,mixed,26,1228.0,,7,1181.216298,state_verified
accepted,3,baseline,measured,mixed,27,1193.0,,7,1181.216298,state_verified
accepted,3,baseline,measured,mixed,28,1172.0,,7,1181.216298,state_verified
accepted,3,baseline,measured,mixed,29,853.0,,7,1181.216298,state_verified
accepted,3,baseline,measured,mixed,30,856.0,,7,1181.216298,state_verified
accepted,3,baseline,measured,mixed,31,858.0,,7,1181.216298,state_verified
accepted,3,baseline,measured,mixed,32,833.0,,7,1181.216298,state_verified
accepted,3,baseline,measured,mixed,33,875.0,,7,1181.216298,state_verified
accepted,3,baseline,measured,mixed,34,810.0,,7,1181.216298,state_verified
accepted,3,baseline,measured,mixed,35,833.0,,7,1181.216298,state_verified
accepted,3,baseline,measured,mixed,36,895.0,,7,1181.216298,state_verified
accepted,3,baseline,measured,mixed,37,821.0,,7,1181.216298,state_verified
accepted,3,baseline,measured,mixed,38,1000.0,,7,1181.216298,state_verified
accepted,3,baseline,measured,mixed,39,1001.0,,7,1181.216298,state_verified
accepted,3,baseline,measured,mixed,40,913.0,,7,1181.216298,state_verified
accepted,3,baseline,measured,mixed,41,795.0,,7,1181.216298,state_verified
accepted,3,baseline,measured,mixed,42,763.0,,7,1181.216298,state_verified
accepted,3,baseline,measured,mixed,43,871.0,,7,1181.216298,state_verified
accepted,3,baseline,measured,mixed,44,739.0,,7,1181.216298,state_verified
accepted,3,baseline,measured,mixed,45,830.0,,7,1181.216298,state_verified
accepted,3,baseline,measured,mixed,46,1072.0,,7,1181.216298,state_verified
accepted,3,baseline,measured,mixed,47,721.0,,7,1181.216298,state_verified
accepted,3,baseline,measured,mixed,48,767.0,,7,1181.216298,state_verified
accepted,3,baseline,measured,mixed,49,719.0,,7,1181.216298,state_verified
accepted,3,baseline,measured,mixed,50,700.0,,7,1181.216298,state_verified
accepted,3,baseline,measured,mixed,51,742.0,,7,1181.216298,state_verified
accepted,3,baseline,measured,mixed,52,691.0,,7,1181.216298,state_verified
accepted,3,baseline,measured,mixed,53,705.0,,7,1181.216298,state_verified
accepted,3,baseline,measured,mixed,54,690.0,,7,1181.216298,state_verified
accepted,3,baseline,measured,mixed,55,719.0,,7,1181.216298,state_verified
accepted,3,baseline,measured,mixed,56,699.0,,7,1181.216298,state_verified
accepted,3,baseline,measured,mixed,57,685.0,,7,1181.216298,state_verified
accepted,3,baseline,measured,mixed,58,708.0,,7,1181.216298,state_verified
accepted,3,baseline,measured,mixed,59,724.0,,7,1181.216298,state_verified
accepted,3,baseline,measured,mixed,60,903.0,,7,1181.216298,state_verified
accepted,3,baseline,measured,mixed,61,945.0,,7,1181.216298,state_verified
accepted,3,baseline,measured,mixed,62,920.0,,7,1181.216298,state_verified
accepted,3,baseline,measured,mixed,63,810.0,,7,1181.216298,state_verified
accepted,3,baseline,measured,mixed,64,844.0,,7,1181.216298,state_verified
accepted,3,baseline,measured,mixed,65,896.0,,7,1181.216298,state_verified
accepted,3,baseline,measured,mixed,66,753.0,,7,1181.216298,state_verified
accepted,3,baseline,measured,mixed,67,740.0,,7,1181.216298,state_verified
accepted,3,baseline,measured,mixed,68,735.0,,7,1181.216298,state_verified
accepted,3,baseline,measured,mixed,69,745.0,,7,1181.216298,state_verified
accepted,3,baseline,measured,mixed,70,770.0,,7,1181.216298,state_verified
accepted,3,baseline,measured,mixed,71,815.0,,7,1181.216298,state_verified
accepted,3,baseline,measured,mixed,72,791.0,,7,1181.216298,state_verified
accepted,3,baseline,measured,mixed,73,701.0,,7,1181.216298,state_verified
accepted,3,baseline,measured,mixed,74,733.0,,7,1181.216298,state_verified
accepted,3,baseline,measured,mixed,75,722.0,,7,1181.216298,state_verified
accepted,3,baseline,measured,mixed,76,716.0,,7,1181.216298,state_verified
accepted,3,baseline,measured,mixed,77,728.0,,7,1181.216298,state_verified
accepted,3,baseline,measured,mixed,78,748.0,,7,1181.216298,state_verified
accepted,3,baseline,measured,mixed,79,727.0,,7,1181.216298,state_verified
accepted,3,baseline,measured,mixed,80,806.0,,7,1181.216298,state_verified
accepted,3,baseline,measured,mixed,81,777.0,,7,1181.216298,state_verified
accepted,3,baseline,measured,mixed,82,814.0,,7,1181.216298,state_verified
accepted,3,baseline,measured,mixed,83,746.0,,7,1181.216298,state_verified
accepted,3,baseline,measured,mixed,84,724.0,,7,1181.216298,state_verified
accepted,3,baseline,measured,mixed,85,742.0,,7,1181.216298,state_verified
accepted,3,baseline,measured,mixed,86,719.0,,7,1181.216298,state_verified
accepted,3,baseline,measured,mixed,87,717.0,,7,1181.216298,state_verified
accepted,3,baseline,measured,mixed,88,737.0,,7,1181.216298,state_verified
accepted,3,baseline,measured,mixed,89,1038.0,,7,1181.216298,state_verified
accepted,3,baseline,measured,mixed,90,1008.0,,7,1181.216298,state_verified
accepted,3,baseline,measured,mixed,91,1017.0,,7,1181.216298,state_verified
accepted,3,baseline,measured,mixed,92,1025.0,,7,1181.216298,state_verified
accepted,3,baseline,measured,mixed,93,724.0,,7,1181.216298,state_verified
accepted,3,baseline,measured,mixed,94,735.0,,7,1181.216298,state_verified
accepted,3,baseline,measured,mixed,95,738.0,,7,1181.216298,state_verified
accepted,3,baseline,measured,mixed,96,769.0,,7,1181.216298,state_verified
accepted,3,baseline,measured,mixed,97,753.0,,7,1181.216298,state_verified
accepted,3,baseline,measured,mixed,98,770.0,,7,1181.216298,state_verified
accepted,3,baseline,measured,mixed,99,791.0,,7,1181.216298,state_verified
accepted,3,baseline,measured,mixed,100,873.0,,7,1181.216298,state_verified
accepted,3,baseline,measured,mixed,101,853.0,,7,1181.216298,state_verified
accepted,3,baseline,measured,mixed,102,798.0,,7,1181.216298,state_verified
accepted,3,baseline,measured,mixed,103,891.0,,7,1181.216298,state_verified
accepted,3,baseline,measured,mixed,104,753.0,,7,1181.216298,state_verified
accepted,3,baseline,measured,mixed,105,741.0,,7,1181.216298,state_verified
accepted,3,baseline,measured,mixed,106,750.0,,7,1181.216298,state_verified
accepted,3,baseline,measured,mixed,107,736.0,,7,1181.216298,state_verified
accepted,3,baseline,measured,mixed,108,733.0,,7,1181.216298,state_verified
accepted,3,baseline,measured,mixed,109,702.0,,7,1181.216298,state_verified
accepted,3,baseline,measured,mixed,110,696.0,,7,1181.216298,state_verified
accepted,3,baseline,measured,mixed,111,722.0,,7,1181.216298,state_verified
accepted,3,baseline,measured,mixed,112,728.0,,7,1181.216298,state_verified
accepted,3,baseline,measured,mixed,113,710.0,,7,1181.216298,state_verified
accepted,3,baseline,measured,mixed,114,725.0,,7,1181.216298,state_verified
accepted,3,baseline,measured,mixed,115,710.0,,7,1181.216298,state_verified
accepted,3,baseline,measured,mixed,116,712.0,,7,1181.216298,state_verified
accepted,3,baseline,measured,mixed,117,701.0,,7,1181.216298,state_verified
accepted,3,baseline,measured,mixed,118,698.0,,7,1181.216298,state_verified
accepted,3,baseline,measured,mixed,119,696.0,,7,1181.216298,state_verified
accepted,3,baseline,measured,mixed,120,704.0,,7,1181.216298,state_verified
accepted,3,baseline,measured,mixed,121,779.0,,7,1181.216298,state_verified
accepted,3,baseline,measured,mixed,122,804.0,,7,1181.216298,state_verified
accepted,3,baseline,measured,mixed,123,765.0,,7,1181.216298,state_verified
accepted,3,baseline,measured,mixed,124,750.0,,7,1181.216298,state_verified
accepted,3,baseline,measured,mixed,125,701.0,,7,1181.216298,state_verified
accepted,3,baseline,measured,mixed,126,702.0,,7,1181.216298,state_verified
accepted,3,baseline,measured,mixed,127,738.0,,7,1181.216298,state_verified
accepted,3,baseline,measured,mixed,128,723.0,,7,1181.216298,state_verified
accepted,3,baseline,measured,mixed,129,744.0,,7,1181.216298,state_verified
accepted,3,baseline,measured,mixed,130,698.0,,7,1181.216298,state_verified
accepted,3,baseline,measured,mixed,131,723.0,,7,1181.216298,state_verified
accepted,3,baseline,measured,mixed,132,744.0,,7,1181.216298,state_verified
accepted,3,baseline,measured,mixed,133,702.0,,7,1181.216298,state_verified
accepted,3,baseline,measured,mixed,134,699.0,,7,1181.216298,state_verified
accepted,3,baseline,measured,mixed,135,717.0,,7,1181.216298,state_verified
accepted,3,baseline,measured,mixed,136,723.0,,7,1181.216298,state_verified
accepted,3,baseline,measured,mixed,137,735.0,,7,1181.216298,state_verified
accepted,3,baseline,measured,mixed,138,707.0,,7,1181.216298,state_verified
accepted,3,baseline,measured,mixed,139,712.0,,7,1181.216298,state_verified
accepted,3,baseline,measured,mixed,140,731.0,,7,1181.216298,state_verified
accepted,3,baseline,measured,mixed,141,720.0,,7,1181.216298,state_verified
accepted,3,baseline,measured,mixed,142,719.0,,7,1181.216298,state_verified
accepted,3,baseline,measured,mixed,143,780.0,,7,1181.216298,state_verified
accepted,3,baseline,measured,mixed,144,744.0,,7,1181.216298,state_verified
accepted,3,baseline,measured,mixed,145,857.0,,7,1181.216298,state_verified
accepted,3,baseline,measured,mixed,146,727.0,,7,1181.216298,state_verified
accepted,3,baseline,measured,mixed,147,710.0,,7,1181.216298,state_verified
accepted,3,baseline,measured,mixed,148,722.0,,7,1181.216298,state_verified
accepted,3,baseline,measured,mixed,149,715.0,,7,1181.216298,state_verified
accepted,3,baseline,measured,mixed,150,727.0,,7,1181.216298,state_verified
accepted,3,baseline,measured,mixed,151,726.0,,7,1181.216298,state_verified
accepted,3,baseline,measured,mixed,152,695.0,,7,1181.216298,state_verified
accepted,3,baseline,measured,mixed,153,1014.0,,7,1181.216298,state_verified
accepted,3,baseline,measured,mixed,154,1025.0,,7,1181.216298,state_verified
accepted,3,baseline,measured,mixed,155,1060.0,,7,1181.216298,state_verified
accepted,3,baseline,measured,mixed,156,1117.0,,7,1181.216298,state_verified
accepted,3,baseline,measured,mixed,157,723.0,,7,1181.216298,state_verified
accepted,3,baseline,measured,mixed,158,762.0,,7,1181.216298,state_verified
accepted,3,baseline,measured,mixed,159,754.0,,7,1181.216298,state_verified
accepted,3,baseline,measured,mixed,160,796.0,,7,1181.216298,state_verified
accepted,3,baseline,measured,mixed,161,741.0,,7,1181.216298,state_verified
accepted,3,baseline,measured,mixed,162,737.0,,7,1181.216298,state_verified
accepted,3,baseline,measured,mixed,163,759.0,,7,1181.216298,state_verified
accepted,3,baseline,measured,mixed,164,755.0,,7,1181.216298,state_verified
accepted,3,baseline,measured,mixed,165,734.0,,7,1181.216298,state_verified
accepted,3,baseline,measured,mixed,166,711.0,,7,1181.216298,state_verified
accepted,3,baseline,measured,mixed,167,723.0,,7,1181.216298,state_verified
accepted,3,baseline,measured,mixed,168,722.0,,7,1181.216298,state_verified
accepted,3,baseline,measured,mixed,169,716.0,,7,1181.216298,state_verified
accepted,3,baseline,measured,mixed,170,753.0,,7,1181.216298,state_verified
accepted,3,baseline,measured,mixed,171,752.0,,7,1181.216298,state_verified
accepted,3,baseline,measured,mixed,172,697.0,,7,1181.216298,state_verified
accepted,3,baseline,measured,mixed,173,703.0,,7,1181.216298,state_verified
accepted,3,baseline,measured,mixed,174,740.0,,7,1181.216298,state_verified
accepted,3,baseline,measured,mixed,175,725.0,,7,1181.216298,state_verified
accepted,3,baseline,measured,mixed,176,732.0,,7,1181.216298,state_verified
accepted,3,baseline,measured,mixed,177,821.0,,7,1181.216298,state_verified
accepted,3,baseline,measured,mixed,178,885.0,,7,1181.216298,state_verified
accepted,3,baseline,measured,mixed,179,1016.0,,7,1181.216298,state_verified
accepted,3,baseline,measured,mixed,180,899.0,,7,1181.216298,state_verified
accepted,3,baseline,measured,mixed,181,913.0,,7,1181.216298,state_verified
accepted,3,baseline,measured,mixed,182,1135.0,,7,1181.216298,state_verified
accepted,3,baseline,measured,mixed,183,917.0,,7,1181.216298,state_verified
accepted,3,baseline,measured,mixed,184,1022.0,,7,1181.216298,state_verified
accepted,3,baseline,measured,mixed,185,982.0,,7,1181.216298,state_verified
accepted,3,baseline,measured,mixed,186,855.0,,7,1181.216298,state_verified
accepted,3,baseline,measured,mixed,187,816.0,,7,1181.216298,state_verified
accepted,3,baseline,measured,mixed,188,795.0,,7,1181.216298,state_verified
accepted,3,baseline,measured,mixed,189,810.0,,7,1181.216298,state_verified
accepted,3,baseline,measured,mixed,190,1350.0,,7,1181.216298,state_verified
accepted,3,baseline,measured,mixed,191,864.0,,7,1181.216298,state_verified
accepted,3,baseline,measured,mixed,192,779.0,,7,1181.216298,state_verified
accepted,3,baseline,measured,mixed,193,778.0,,7,1181.216298,state_verified
accepted,3,baseline,measured,mixed,194,958.0,,7,1181.216298,state_verified
accepted,3,baseline,measured,mixed,195,876.0,,7,1181.216298,state_verified
accepted,3,baseline,measured,mixed,196,902.0,,7,1181.216298,state_verified
accepted,3,baseline,measured,mixed,197,870.0,,7,1181.216298,state_verified
accepted,3,baseline,measured,mixed,198,764.0,,7,1181.216298,state_verified
accepted,3,baseline,measured,mixed,199,828.0,,7,1181.216298,state_verified
accepted,3,baseline,measured,mixed,200,885.0,,7,1181.216298,state_verified
accepted,3,protected,measured,mixed,1,10006.0,,7,811.816805,state_verified
accepted,3,protected,measured,mixed,2,5400.0,,7,811.816805,state_verified
accepted,3,protected,measured,mixed,3,2137.0,,7,811.816805,state_verified
accepted,3,protected,measured,mixed,4,1355.0,,7,811.816805,state_verified
accepted,3,protected,measured,mixed,5,1643.0,,7,811.816805,state_verified
accepted,3,protected,measured,mixed,6,1391.0,,7,811.816805,state_verified
accepted,3,protected,measured,mixed,7,1545.0,,7,811.816805,state_verified
accepted,3,protected,measured,mixed,8,1812.0,,7,811.816805,state_verified
accepted,3,protected,measured,mixed,9,1497.0,,7,811.816805,state_verified
accepted,3,protected,measured,mixed,10,1584.0,,7,811.816805,state_verified
accepted,3,protected,measured,mixed,11,1095.0,,7,811.816805,state_verified
accepted,3,protected,measured,mixed,12,1137.0,,7,811.816805,state_verified
accepted,3,protected,measured,mixed,13,1041.0,,7,811.816805,state_verified
accepted,3,protected,measured,mixed,14,1046.0,,7,811.816805,state_verified
accepted,3,protected,measured,mixed,15,1100.0,,7,811.816805,state_verified
accepted,3,protected,measured,mixed,16,1034.0,,7,811.816805,state_verified
accepted,3,protected,measured,mixed,17,1108.0,,7,811.816805,state_verified
accepted,3,protected,measured,mixed,18,1228.0,,7,811.816805,state_verified
accepted,3,protected,measured,mixed,19,1014.0,,7,811.816805,state_verified
accepted,3,protected,measured,mixed,20,1121.0,,7,811.816805,state_verified
accepted,3,protected,measured,mixed,21,2183.0,,7,811.816805,state_verified
accepted,3,protected,measured,mixed,22,1257.0,,7,811.816805,state_verified
accepted,3,protected,measured,mixed,23,1104.0,,7,811.816805,state_verified
accepted,3,protected,measured,mixed,24,1053.0,,7,811.816805,state_verified
accepted,3,protected,measured,mixed,25,1080.0,,7,811.816805,state_verified
accepted,3,protected,measured,mixed,26,1024.0,,7,811.816805,state_verified
accepted,3,protected,measured,mixed,27,1178.0,,7,811.816805,state_verified
accepted,3,protected,measured,mixed,28,943.0,,7,811.816805,state_verified
accepted,3,protected,measured,mixed,29,930.0,,7,811.816805,state_verified
accepted,3,protected,measured,mixed,30,1009.0,,7,811.816805,state_verified
accepted,3,protected,measured,mixed,31,978.0,,7,811.816805,state_verified
accepted,3,protected,measured,mixed,32,1267.0,,7,811.816805,state_verified
accepted,3,protected,measured,mixed,33,1030.0,,7,811.816805,state_verified
accepted,3,protected,measured,mixed,34,947.0,,7,811.816805,state_verified
accepted,3,protected,measured,mixed,35,1022.0,,7,811.816805,state_verified
accepted,3,protected,measured,mixed,36,993.0,,7,811.816805,state_verified
accepted,3,protected,measured,mixed,37,932.0,,7,811.816805,state_verified
accepted,3,protected,measured,mixed,38,1184.0,,7,811.816805,state_verified
accepted,3,protected,measured,mixed,39,955.0,,7,811.816805,state_verified
accepted,3,protected,measured,mixed,40,934.0,,7,811.816805,state_verified
accepted,3,protected,measured,mixed,41,968.0,,7,811.816805,state_verified
accepted,3,protected,measured,mixed,42,957.0,,7,811.816805,state_verified
accepted,3,protected,measured,mixed,43,914.0,,7,811.816805,state_verified
accepted,3,protected,measured,mixed,44,974.0,,7,811.816805,state_verified
accepted,3,protected,measured,mixed,45,1071.0,,7,811.816805,state_verified
accepted,3,protected,measured,mixed,46,1158.0,,7,811.816805,state_verified
accepted,3,protected,measured,mixed,47,1063.0,,7,811.816805,state_verified
accepted,3,protected,measured,mixed,48,1123.0,,7,811.816805,state_verified
accepted,3,protected,measured,mixed,49,1141.0,,7,811.816805,state_verified
accepted,3,protected,measured,mixed,50,1077.0,,7,811.816805,state_verified
accepted,3,protected,measured,mixed,51,1390.0,,7,811.816805,state_verified
accepted,3,protected,measured,mixed,52,1471.0,,7,811.816805,state_verified
accepted,3,protected,measured,mixed,53,1154.0,,7,811.816805,state_verified
accepted,3,protected,measured,mixed,54,1035.0,,7,811.816805,state_verified
accepted,3,protected,measured,mixed,55,1111.0,,7,811.816805,state_verified
accepted,3,protected,measured,mixed,56,1056.0,,7,811.816805,state_verified
accepted,3,protected,measured,mixed,57,1025.0,,7,811.816805,state_verified
accepted,3,protected,measured,mixed,58,1196.0,,7,811.816805,state_verified
accepted,3,protected,measured,mixed,59,1074.0,,7,811.816805,state_verified
accepted,3,protected,measured,mixed,60,1382.0,,7,811.816805,state_verified
accepted,3,protected,measured,mixed,61,1208.0,,7,811.816805,state_verified
accepted,3,protected,measured,mixed,62,1344.0,,7,811.816805,state_verified
accepted,3,protected,measured,mixed,63,1069.0,,7,811.816805,state_verified
accepted,3,protected,measured,mixed,64,1053.0,,7,811.816805,state_verified
accepted,3,protected,measured,mixed,65,1276.0,,7,811.816805,state_verified
accepted,3,protected,measured,mixed,66,1133.0,,7,811.816805,state_verified
accepted,3,protected,measured,mixed,67,1449.0,,7,811.816805,state_verified
accepted,3,protected,measured,mixed,68,998.0,,7,811.816805,state_verified
accepted,3,protected,measured,mixed,69,1341.0,,7,811.816805,state_verified
accepted,3,protected,measured,mixed,70,1329.0,,7,811.816805,state_verified
accepted,3,protected,measured,mixed,71,1281.0,,7,811.816805,state_verified
accepted,3,protected,measured,mixed,72,1292.0,,7,811.816805,state_verified
accepted,3,protected,measured,mixed,73,997.0,,7,811.816805,state_verified
accepted,3,protected,measured,mixed,74,949.0,,7,811.816805,state_verified
accepted,3,protected,measured,mixed,75,974.0,,7,811.816805,state_verified
accepted,3,protected,measured,mixed,76,1202.0,,7,811.816805,state_verified
accepted,3,protected,measured,mixed,77,1018.0,,7,811.816805,state_verified
accepted,3,protected,measured,mixed,78,920.0,,7,811.816805,state_verified
accepted,3,protected,measured,mixed,79,1159.0,,7,811.816805,state_verified
accepted,3,protected,measured,mixed,80,2124.0,,7,811.816805,state_verified
accepted,3,protected,measured,mixed,81,1204.0,,7,811.816805,state_verified
accepted,3,protected,measured,mixed,82,1111.0,,7,811.816805,state_verified
accepted,3,protected,measured,mixed,83,1042.0,,7,811.816805,state_verified
accepted,3,protected,measured,mixed,84,1018.0,,7,811.816805,state_verified
accepted,3,protected,measured,mixed,85,1007.0,,7,811.816805,state_verified
accepted,3,protected,measured,mixed,86,1038.0,,7,811.816805,state_verified
accepted,3,protected,measured,mixed,87,1064.0,,7,811.816805,state_verified
accepted,3,protected,measured,mixed,88,1015.0,,7,811.816805,state_verified
accepted,3,protected,measured,mixed,89,1101.0,,7,811.816805,state_verified
accepted,3,protected,measured,mixed,90,1098.0,,7,811.816805,state_verified
accepted,3,protected,measured,mixed,91,1239.0,,7,811.816805,state_verified
accepted,3,protected,measured,mixed,92,998.0,,7,811.816805,state_verified
accepted,3,protected,measured,mixed,93,1047.0,,7,811.816805,state_verified
accepted,3,protected,measured,mixed,94,1214.0,,7,811.816805,state_verified
accepted,3,protected,measured,mixed,95,1080.0,,7,811.816805,state_verified
accepted,3,protected,measured,mixed,96,982.0,,7,811.816805,state_verified
accepted,3,protected,measured,mixed,97,1034.0,,7,811.816805,state_verified
accepted,3,protected,measured,mixed,98,1032.0,,7,811.816805,state_verified
accepted,3,protected,measured,mixed,99,1030.0,,7,811.816805,state_verified
accepted,3,protected,measured,mixed,100,1213.0,,7,811.816805,state_verified
accepted,3,protected,measured,mixed,101,1127.0,,7,811.816805,state_verified
accepted,3,protected,measured,mixed,102,1102.0,,7,811.816805,state_verified
accepted,3,protected,measured,mixed,103,1074.0,,7,811.816805,state_verified
accepted,3,protected,measured,mixed,104,1053.0,,7,811.816805,state_verified
accepted,3,protected,measured,mixed,105,975.0,,7,811.816805,state_verified
accepted,3,protected,measured,mixed,106,1051.0,,7,811.816805,state_verified
accepted,3,protected,measured,mixed,107,957.0,,7,811.816805,state_verified
accepted,3,protected,measured,mixed,108,958.0,,7,811.816805,state_verified
accepted,3,protected,measured,mixed,109,1549.0,,7,811.816805,state_verified
accepted,3,protected,measured,mixed,110,1358.0,,7,811.816805,state_verified
accepted,3,protected,measured,mixed,111,1379.0,,7,811.816805,state_verified
accepted,3,protected,measured,mixed,112,1143.0,,7,811.816805,state_verified
accepted,3,protected,measured,mixed,113,1051.0,,7,811.816805,state_verified
accepted,3,protected,measured,mixed,114,1088.0,,7,811.816805,state_verified
accepted,3,protected,measured,mixed,115,1232.0,,7,811.816805,state_verified
accepted,3,protected,measured,mixed,116,1243.0,,7,811.816805,state_verified
accepted,3,protected,measured,mixed,117,1154.0,,7,811.816805,state_verified
accepted,3,protected,measured,mixed,118,1072.0,,7,811.816805,state_verified
accepted,3,protected,measured,mixed,119,1094.0,,7,811.816805,state_verified
accepted,3,protected,measured,mixed,120,1263.0,,7,811.816805,state_verified
accepted,3,protected,measured,mixed,121,1126.0,,7,811.816805,state_verified
accepted,3,protected,measured,mixed,122,1390.0,,7,811.816805,state_verified
accepted,3,protected,measured,mixed,123,1202.0,,7,811.816805,state_verified
accepted,3,protected,measured,mixed,124,1122.0,,7,811.816805,state_verified
accepted,3,protected,measured,mixed,125,1348.0,,7,811.816805,state_verified
accepted,3,protected,measured,mixed,126,1270.0,,7,811.816805,state_verified
accepted,3,protected,measured,mixed,127,1222.0,,7,811.816805,state_verified
accepted,3,protected,measured,mixed,128,1044.0,,7,811.816805,state_verified
accepted,3,protected,measured,mixed,129,1170.0,,7,811.816805,state_verified
accepted,3,protected,measured,mixed,130,1091.0,,7,811.816805,state_verified
accepted,3,protected,measured,mixed,131,1082.0,,7,811.816805,state_verified
accepted,3,protected,measured,mixed,132,1037.0,,7,811.816805,state_verified
accepted,3,protected,measured,mixed,133,1341.0,,7,811.816805,state_verified
accepted,3,protected,measured,mixed,134,1349.0,,7,811.816805,state_verified
accepted,3,protected,measured,mixed,135,1361.0,,7,811.816805,state_verified
accepted,3,protected,measured,mixed,136,2218.0,,7,811.816805,state_verified
accepted,3,protected,measured,mixed,137,1421.0,,7,811.816805,state_verified
accepted,3,protected,measured,mixed,138,1033.0,,7,811.816805,state_verified
accepted,3,protected,measured,mixed,139,1035.0,,7,811.816805,state_verified
accepted,3,protected,measured,mixed,140,1251.0,,7,811.816805,state_verified
accepted,3,protected,measured,mixed,141,1187.0,,7,811.816805,state_verified
accepted,3,protected,measured,mixed,142,1047.0,,7,811.816805,state_verified
accepted,3,protected,measured,mixed,143,1032.0,,7,811.816805,state_verified
accepted,3,protected,measured,mixed,144,1039.0,,7,811.816805,state_verified
accepted,3,protected,measured,mixed,145,961.0,,7,811.816805,state_verified
accepted,3,protected,measured,mixed,146,1006.0,,7,811.816805,state_verified
accepted,3,protected,measured,mixed,147,1005.0,,7,811.816805,state_verified
accepted,3,protected,measured,mixed,148,1189.0,,7,811.816805,state_verified
accepted,3,protected,measured,mixed,149,1171.0,,7,811.816805,state_verified
accepted,3,protected,measured,mixed,150,1069.0,,7,811.816805,state_verified
accepted,3,protected,measured,mixed,151,1113.0,,7,811.816805,state_verified
accepted,3,protected,measured,mixed,152,1125.0,,7,811.816805,state_verified
accepted,3,protected,measured,mixed,153,1109.0,,7,811.816805,state_verified
accepted,3,protected,measured,mixed,154,1079.0,,7,811.816805,state_verified
accepted,3,protected,measured,mixed,155,1239.0,,7,811.816805,state_verified
accepted,3,protected,measured,mixed,156,1212.0,,7,811.816805,state_verified
accepted,3,protected,measured,mixed,157,1281.0,,7,811.816805,state_verified
accepted,3,protected,measured,mixed,158,1285.0,,7,811.816805,state_verified
accepted,3,protected,measured,mixed,159,1374.0,,7,811.816805,state_verified
accepted,3,protected,measured,mixed,160,1040.0,,7,811.816805,state_verified
accepted,3,protected,measured,mixed,161,1070.0,,7,811.816805,state_verified
accepted,3,protected,measured,mixed,162,1053.0,,7,811.816805,state_verified
accepted,3,protected,measured,mixed,163,1060.0,,7,811.816805,state_verified
accepted,3,protected,measured,mixed,164,980.0,,7,811.816805,state_verified
accepted,3,protected,measured,mixed,165,1608.0,,7,811.816805,state_verified
accepted,3,protected,measured,mixed,166,1180.0,,7,811.816805,state_verified
accepted,3,protected,measured,mixed,167,1084.0,,7,811.816805,state_verified
accepted,3,protected,measured,mixed,168,993.0,,7,811.816805,state_verified
accepted,3,protected,measured,mixed,169,1051.0,,7,811.816805,state_verified
accepted,3,protected,measured,mixed,170,1066.0,,7,811.816805,state_verified
accepted,3,protected,measured,mixed,171,1030.0,,7,811.816805,state_verified
accepted,3,protected,measured,mixed,172,1088.0,,7,811.816805,state_verified
accepted,3,protected,measured,mixed,173,993.0,,7,811.816805,state_verified
accepted,3,protected,measured,mixed,174,960.0,,7,811.816805,state_verified
accepted,3,protected,measured,mixed,175,1011.0,,7,811.816805,state_verified
accepted,3,protected,measured,mixed,176,1152.0,,7,811.816805,state_verified
accepted,3,protected,measured,mixed,177,1001.0,,7,811.816805,state_verified
accepted,3,protected,measured,mixed,178,1016.0,,7,811.816805,state_verified
accepted,3,protected,measured,mixed,179,991.0,,7,811.816805,state_verified
accepted,3,protected,measured,mixed,180,1040.0,,7,811.816805,state_verified
accepted,3,protected,measured,mixed,181,1042.0,,7,811.816805,state_verified
accepted,3,protected,measured,mixed,182,1008.0,,7,811.816805,state_verified
accepted,3,protected,measured,mixed,183,989.0,,7,811.816805,state_verified
accepted,3,protected,measured,mixed,184,1068.0,,7,811.816805,state_verified
accepted,3,protected,measured,mixed,185,1120.0,,7,811.816805,state_verified
accepted,3,protected,measured,mixed,186,987.0,,7,811.816805,state_verified
accepted,3,protected,measured,mixed,187,955.0,,7,811.816805,state_verified
accepted,3,protected,measured,mixed,188,1000.0,,7,811.816805,state_verified
accepted,3,protected,measured,mixed,189,955.0,,7,811.816805,state_verified
accepted,3,protected,measured,mixed,190,965.0,,7,811.816805,state_verified
accepted,3,protected,measured,mixed,191,1065.0,,7,811.816805,state_verified
accepted,3,protected,measured,mixed,192,1180.0,,7,811.816805,state_verified
accepted,3,protected,measured,mixed,193,1055.0,,7,811.816805,state_verified
accepted,3,protected,measured,mixed,194,1151.0,,7,811.816805,state_verified
accepted,3,protected,measured,mixed,195,983.0,,7,811.816805,state_verified
accepted,3,protected,measured,mixed,196,1470.0,,7,811.816805,state_verified
accepted,3,protected,measured,mixed,197,1581.0,,7,811.816805,state_verified
accepted,3,protected,measured,mixed,198,1376.0,,7,811.816805,state_verified
accepted,3,protected,measured,mixed,199,1348.0,,7,811.816805,state_verified
accepted,3,protected,measured,mixed,200,1491.0,,7,811.816805,state_verified
denied,,protected,measured,row,1,3441.0,106.0,,,verified
denied,,protected,measured,row,2,1469.0,93.0,,,verified
denied,,protected,measured,row,3,1572.0,164.0,,,verified
denied,,protected,measured,row,4,1039.0,89.0,,,verified
denied,,protected,measured,row,5,1084.0,72.0,,,verified
denied,,protected,measured,row,6,980.0,76.0,,,verified
denied,,protected,measured,row,7,1145.0,115.0,,,verified
denied,,protected,measured,row,8,1112.0,80.0,,,verified
denied,,protected,measured,row,9,1086.0,81.0,,,verified
denied,,protected,measured,row,10,1064.0,87.0,,,verified
denied,,protected,measured,row,11,1190.0,118.0,,,verified
denied,,protected,measured,row,12,1090.0,80.0,,,verified
denied,,protected,measured,row,13,1082.0,81.0,,,verified
denied,,protected,measured,row,14,1028.0,78.0,,,verified
denied,,protected,measured,row,15,1036.0,75.0,,,verified
denied,,protected,measured,row,16,969.0,76.0,,,verified
denied,,protected,measured,row,17,980.0,73.0,,,verified
denied,,protected,measured,row,18,1118.0,82.0,,,verified
denied,,protected,measured,row,19,1051.0,77.0,,,verified
denied,,protected,measured,row,20,1012.0,117.0,,,verified
denied,,protected,measured,row,21,1426.0,99.0,,,verified
denied,,protected,measured,row,22,1505.0,210.0,,,verified
denied,,protected,measured,row,23,2040.0,370.0,,,verified
denied,,protected,measured,row,24,2204.0,133.0,,,verified
denied,,protected,measured,row,25,1505.0,100.0,,,verified
denied,,protected,measured,row,26,1335.0,88.0,,,verified
denied,,protected,measured,row,27,1134.0,117.0,,,verified
denied,,protected,measured,row,28,1274.0,139.0,,,verified
denied,,protected,measured,row,29,1204.0,93.0,,,verified
denied,,protected,measured,row,30,1000.9999999999999,122.0,,,verified
denied,,protected,measured,transition,1,1700.0,77.0,,,verified
denied,,protected,measured,transition,2,261.0,67.0,,,verified
denied,,protected,measured,transition,3,222.0,61.0,,,verified
denied,,protected,measured,transition,4,204.0,143.0,,,verified
denied,,protected,measured,transition,5,224.0,72.0,,,verified
denied,,protected,measured,transition,6,201.0,86.0,,,verified
denied,,protected,measured,transition,7,236.0,103.0,,,verified
denied,,protected,measured,transition,8,295.0,84.0,,,verified
denied,,protected,measured,transition,9,248.0,81.0,,,verified
denied,,protected,measured,transition,10,235.0,83.0,,,verified
denied,,protected,measured,transition,11,209.0,87.0,,,verified
denied,,protected,measured,transition,12,237.0,85.0,,,verified
denied,,protected,measured,transition,13,250.0,101.0,,,verified
denied,,protected,measured,transition,14,271.0,82.0,,,verified
denied,,protected,measured,transition,15,211.0,88.0,,,verified
denied,,protected,measured,transition,16,221.0,91.0,,,verified
denied,,protected,measured,transition,17,235.0,82.0,,,verified
denied,,protected,measured,transition,18,238.0,93.0,,,verified
denied,,protected,measured,transition,19,223.0,76.0,,,verified
denied,,protected,measured,transition,20,216.0,92.0,,,verified
denied,,protected,measured,transition,21,237.0,82.0,,,verified
denied,,protected,measured,transition,22,224.0,82.0,,,verified
denied,,protected,measured,transition,23,196.0,94.0,,,verified
denied,,protected,measured,transition,24,210.0,102.0,,,verified
denied,,protected,measured,transition,25,199.0,83.0,,,verified
denied,,protected,measured,transition,26,216.0,97.0,,,verified
denied,,protected,measured,transition,27,206.0,83.0,,,verified
denied,,protected,measured,transition,28,217.0,100.0,,,verified
denied,,protected,measured,transition,29,207.0,84.0,,,verified
denied,,protected,measured,transition,30,243.0,80.0,,,verified
denied,,protected,measured,numeric,1,1924.0,134.0,,,verified
denied,,protected,measured,numeric,2,356.0,66.0,,,verified
denied,,protected,measured,numeric,3,266.0,70.0,,,verified
denied,,protected,measured,numeric,4,339.0,128.0,,,verified
denied,,protected,measured,numeric,5,427.0,131.0,,,verified
denied,,protected,measured,numeric,6,344.0,96.0,,,verified
denied,,protected,measured,numeric,7,301.0,98.0,,,verified
denied,,protected,measured,numeric,8,273.0,101.0,,,verified
denied,,protected,measured,numeric,9,272.0,93.0,,,verified
denied,,protected,measured,numeric,10,327.0,93.0,,,verified
denied,,protected,measured,numeric,11,369.0,95.0,,,verified
denied,,protected,measured,numeric,12,255.0,95.0,,,verified
denied,,protected,measured,numeric,13,256.0,116.0,,,verified
denied,,protected,measured,numeric,14,272.0,97.0,,,verified
denied,,protected,measured,numeric,15,272.0,109.0,,,verified
denied,,protected,measured,numeric,16,246.0,85.0,,,verified
denied,,protected,measured,numeric,17,244.0,104.0,,,verified
denied,,protected,measured,numeric,18,218.0,118.0,,,verified
denied,,protected,measured,numeric,19,228.0,106.0,,,verified
denied,,protected,measured,numeric,20,216.0,102.0,,,verified
denied,,protected,measured,numeric,21,222.0,103.0,,,verified
denied,,protected,measured,numeric,22,212.0,101.0,,,verified
denied,,protected,measured,numeric,23,204.0,111.0,,,verified
denied,,protected,measured,numeric,24,208.0,133.0,,,verified
denied,,protected,measured,numeric,25,241.0,104.0,,,verified
denied,,protected,measured,numeric,26,218.0,119.0,,,verified
denied,,protected,measured,numeric,27,193.0,97.0,,,verified
denied,,protected,measured,numeric,28,213.0,132.0,,,verified
denied,,protected,measured,numeric,29,213.0,98.0,,,verified
denied,,protected,measured,numeric,30,199.0,125.0,,,verified
